-- phpMyAdmin SQL Dump
-- version 5.1.0
-- https://www.phpmyadmin.net/
--
-- Host: 127.0.0.1
-- Generation Time: Sep 29, 2021 at 04:54 AM
-- Server version: 10.4.19-MariaDB
-- PHP Version: 7.4.19

SET SQL_MODE = "NO_AUTO_VALUE_ON_ZERO";
START TRANSACTION;
SET time_zone = "+00:00";


/*!40101 SET @OLD_CHARACTER_SET_CLIENT=@@CHARACTER_SET_CLIENT */;
/*!40101 SET @OLD_CHARACTER_SET_RESULTS=@@CHARACTER_SET_RESULTS */;
/*!40101 SET @OLD_COLLATION_CONNECTION=@@COLLATION_CONNECTION */;
/*!40101 SET NAMES utf8mb4 */;

--
-- Database: `primtech_siklinik`
--

-- --------------------------------------------------------

--
-- Table structure for table `last_sync`
--

CREATE TABLE `last_sync` (
  `id` int(1) NOT NULL,
  `last_sync` datetime NOT NULL,
  `dtm_crt` datetime NOT NULL DEFAULT current_timestamp(),
  `dtm_upd` datetime NOT NULL DEFAULT current_timestamp()
) ENGINE=MyISAM DEFAULT CHARSET=latin1;

--
-- Dumping data for table `last_sync`
--

INSERT INTO `last_sync` (`id`, `last_sync`, `dtm_crt`, `dtm_upd`) VALUES
(1, '2018-05-19 21:33:18', '2018-03-27 11:37:36', '2018-05-19 21:33:18');

-- --------------------------------------------------------

--
-- Table structure for table `no_sync_table`
--

CREATE TABLE `no_sync_table` (
  `table_name` varchar(60) NOT NULL,
  `dtm_crt` datetime NOT NULL DEFAULT current_timestamp(),
  `dtm_upd` datetime NOT NULL DEFAULT current_timestamp()
) ENGINE=MyISAM DEFAULT CHARSET=latin1;

--
-- Dumping data for table `no_sync_table`
--

INSERT INTO `no_sync_table` (`table_name`, `dtm_crt`, `dtm_upd`) VALUES
('tbl_hak_akses', '2018-03-29 15:55:57', '2018-03-29 15:55:57'),
('tbl_master_sequence', '2018-03-29 15:55:57', '2018-03-29 15:55:57'),
('last_sync', '2018-04-02 14:31:16', '2018-04-02 14:31:16'),
('no_sync_table', '2018-03-29 15:57:27', '2018-03-29 15:57:27'),
('tbl_menu', '2018-03-29 16:33:21', '2018-03-29 16:33:21');

-- --------------------------------------------------------

--
-- Table structure for table `tbl_absensi_pegawai`
--

CREATE TABLE `tbl_absensi_pegawai` (
  `id_absensi` int(11) NOT NULL,
  `id_pegawai` int(11) NOT NULL,
  `jam_datang` time DEFAULT NULL,
  `jam_pulang` time DEFAULT NULL,
  `tanggal` date NOT NULL,
  `id_shift` int(11) NOT NULL,
  `durasi_lembur` int(11) NOT NULL,
  `dtm_crt` datetime NOT NULL DEFAULT current_timestamp(),
  `dtm_upd` datetime NOT NULL DEFAULT current_timestamp()
) ENGINE=InnoDB DEFAULT CHARSET=latin1;

--
-- Dumping data for table `tbl_absensi_pegawai`
--

INSERT INTO `tbl_absensi_pegawai` (`id_absensi`, `id_pegawai`, `jam_datang`, `jam_pulang`, `tanggal`, `id_shift`, `durasi_lembur`, `dtm_crt`, `dtm_upd`) VALUES
(1, 4, '18:46:00', '00:00:00', '2019-11-05', 0, 0, '2019-11-20 15:41:56', '2019-11-20 15:41:56'),
(2, 4, '16:24:00', '00:00:00', '2019-11-18', 0, 0, '2019-11-20 15:42:37', '2019-11-20 15:42:37'),
(3, 3, '14:14:00', '00:00:00', '2019-11-05', 0, 0, '2019-11-20 15:43:15', '2019-11-20 15:43:15'),
(4, 28, '09:05:00', '19:51:00', '2019-11-01', 2, 0, '2019-11-20 15:44:24', '2019-11-20 15:44:24'),
(5, 28, '09:03:00', '18:22:00', '2019-11-02', 2, 5, '2019-11-20 15:47:46', '2019-11-27 14:38:22'),
(6, 28, '10:16:00', '19:26:00', '2019-11-04', 2, 0, '2019-11-20 15:47:46', '2019-11-20 15:47:46'),
(7, 28, '09:39:00', '19:17:00', '2019-11-05', 2, 0, '2019-11-20 15:47:46', '2019-11-20 15:47:46'),
(8, 28, '09:54:00', '19:12:00', '2019-11-06', 2, 0, '2019-11-20 15:47:46', '2019-11-20 15:47:46'),
(9, 28, '10:04:00', '00:00:00', '2019-11-07', 2, 0, '2019-11-20 15:47:46', '2019-11-20 15:47:46'),
(10, 28, '10:22:00', '19:23:00', '2019-11-13', 2, 0, '2019-11-20 15:47:46', '2019-11-20 15:47:46'),
(11, 28, '09:40:00', '19:34:00', '2019-11-14', 2, 0, '2019-11-20 15:47:46', '2019-11-20 15:47:46'),
(12, 28, '10:05:00', '20:02:00', '2019-11-15', 2, 0, '2019-11-20 15:51:34', '2019-11-20 15:51:34'),
(13, 28, '09:33:00', '17:59:00', '2019-11-16', 2, 0, '2019-11-20 15:51:34', '2019-11-20 15:51:34'),
(14, 28, '09:21:00', '00:00:00', '2019-11-05', 2, 0, '2019-11-20 15:51:34', '2019-11-20 15:51:34'),
(15, 27, '06:29:00', '14:45:00', '2019-11-01', 0, 0, '2019-11-20 15:54:00', '2019-11-20 15:54:00'),
(16, 27, '05:32:00', '17:00:00', '2019-11-04', 0, 0, '2019-11-20 16:00:59', '2019-11-20 16:00:59'),
(17, 27, '05:27:00', '14:02:00', '2019-11-05', 0, 0, '2019-11-20 16:00:59', '2019-11-20 16:00:59'),
(18, 27, '10:08:00', '17:45:00', '2019-11-06', 0, 0, '2019-11-20 16:00:59', '2019-11-20 16:00:59'),
(19, 27, '07:20:00', '16:24:00', '2019-11-07', 0, 0, '2019-11-20 16:00:59', '2019-11-20 16:00:59'),
(20, 27, '11:19:00', '19:01:00', '2019-11-08', 0, 0, '2019-11-20 16:00:59', '2019-11-20 16:00:59'),
(21, 27, '08:38:00', '16:55:00', '2019-11-11', 0, 0, '2019-11-20 16:00:59', '2019-11-20 16:00:59'),
(22, 27, '11:05:00', '20:19:00', '2019-11-12', 0, 0, '2019-11-20 16:00:59', '2019-11-20 16:00:59'),
(23, 27, '08:32:00', '17:12:00', '2019-11-13', 0, 0, '2019-11-20 16:00:59', '2019-11-20 16:00:59'),
(24, 27, '06:40:00', '00:00:00', '2019-11-14', 0, 0, '2019-11-20 16:00:59', '2019-11-20 16:00:59'),
(25, 27, '11:15:00', '20:14:00', '2019-11-15', 0, 0, '2019-11-20 16:00:59', '2019-11-20 16:00:59'),
(26, 27, '06:51:00', '15:47:00', '2019-11-16', 0, 0, '2019-11-20 16:00:59', '2019-11-20 16:00:59'),
(27, 27, '11:18:00', '00:00:00', '2019-11-18', 0, 0, '2019-11-20 16:00:59', '2019-11-20 16:00:59'),
(28, 26, '06:47:00', '15:56:00', '2019-11-01', 0, 0, '2019-11-20 16:02:10', '2019-11-20 16:02:10'),
(29, 26, '06:34:00', '13:41:00', '2019-11-02', 0, 0, '2019-11-20 16:08:39', '2019-11-20 16:08:39'),
(30, 26, '06:44:00', '15:31:00', '2019-11-04', 0, 0, '2019-11-20 16:08:39', '2019-11-20 16:08:39'),
(31, 26, '05:56:00', '14:10:00', '2019-11-05', 0, 0, '2019-11-20 16:08:39', '2019-11-20 16:08:39'),
(32, 26, '06:32:00', '16:09:00', '2019-11-06', 0, 0, '2019-11-20 16:08:39', '2019-11-20 16:08:39'),
(33, 26, '06:35:00', '15:32:00', '2019-11-07', 0, 0, '2019-11-20 16:08:39', '2019-11-20 16:08:39'),
(34, 26, '06:28:00', '15:14:00', '2019-11-08', 0, 0, '2019-11-20 16:08:39', '2019-11-20 16:08:39'),
(35, 26, '06:36:00', '15:08:00', '2019-11-11', 0, 0, '2019-11-20 16:08:39', '2019-11-20 16:08:39'),
(36, 26, '06:31:00', '15:01:00', '2019-11-12', 0, 0, '2019-11-20 16:08:39', '2019-11-20 16:08:39'),
(37, 26, '06:32:00', '14:54:00', '2019-11-13', 0, 0, '2019-11-20 16:08:39', '2019-11-20 16:08:39'),
(38, 26, '06:44:00', '17:17:00', '2019-11-14', 0, 0, '2019-11-20 16:08:39', '2019-11-20 16:08:39'),
(39, 26, '06:26:00', '14:44:00', '2019-11-15', 0, 0, '2019-11-20 16:08:39', '2019-11-20 16:08:39'),
(40, 26, '06:24:00', '14:25:00', '2019-11-16', 0, 0, '2019-11-20 16:08:39', '2019-11-20 16:08:39'),
(41, 26, '06:35:00', '14:31:00', '2019-11-18', 0, 0, '2019-11-20 16:08:39', '2019-11-20 16:08:39'),
(42, 25, '11:52:00', '19:38:00', '2019-11-01', 0, 0, '2019-11-20 16:10:24', '2019-11-20 16:10:24'),
(43, 25, '10:13:00', '18:37:00', '2019-11-02', 0, 0, '2019-11-20 16:17:55', '2019-11-20 16:17:55'),
(44, 25, '06:54:00', '15:37:00', '2019-11-04', 0, 0, '2019-11-20 16:17:55', '2019-11-20 16:17:55'),
(45, 25, '11:37:00', '19:58:00', '2019-11-05', 0, 0, '2019-11-20 16:17:55', '2019-11-20 16:17:55'),
(46, 25, '06:58:00', '15:01:00', '2019-11-06', 0, 0, '2019-11-20 16:17:55', '2019-11-20 16:17:55'),
(47, 25, '11:24:00', '18:55:00', '2019-11-07', 0, 0, '2019-11-20 16:17:55', '2019-11-20 16:17:55'),
(48, 25, '07:36:00', '16:46:00', '2019-11-08', 0, 0, '2019-11-20 16:17:55', '2019-11-20 16:17:55'),
(49, 25, '07:05:00', '15:25:00', '2019-11-11', 0, 0, '2019-11-20 16:17:55', '2019-11-20 16:17:55'),
(50, 25, '12:16:00', '00:00:00', '2019-11-12', 0, 0, '2019-11-20 16:17:55', '2019-11-20 16:17:55'),
(51, 25, '07:04:00', '15:27:00', '2019-11-13', 0, 0, '2019-11-20 16:17:55', '2019-11-20 16:17:55'),
(52, 25, '11:36:00', '18:58:00', '2019-11-14', 0, 0, '2019-11-20 16:17:55', '2019-11-20 16:17:55'),
(53, 25, '12:00:00', '19:10:00', '2019-11-15', 0, 0, '2019-11-20 16:17:55', '2019-11-20 16:17:55'),
(54, 25, '07:28:00', '15:22:00', '2019-11-16', 0, 0, '2019-11-20 16:17:55', '2019-11-20 16:17:55'),
(55, 25, '06:58:00', '15:38:00', '2019-11-18', 0, 0, '2019-11-20 16:17:55', '2019-11-20 16:17:55'),
(56, 24, '08:35:00', '12:51:00', '2019-11-01', 0, 0, '2019-11-20 16:19:31', '2019-11-20 16:19:31'),
(57, 24, '07:16:00', '12:25:00', '2019-11-05', 0, 0, '2019-11-20 16:22:52', '2019-11-20 16:22:52'),
(58, 24, '07:47:00', '12:41:00', '2019-11-06', 0, 0, '2019-11-20 16:22:52', '2019-11-20 16:22:52'),
(59, 24, '07:58:00', '11:48:00', '2019-11-08', 0, 0, '2019-11-20 16:22:52', '2019-11-20 16:22:52'),
(60, 24, '08:00:00', '12:05:00', '2019-11-12', 0, 0, '2019-11-20 16:22:52', '2019-11-20 16:22:52'),
(61, 24, '08:04:00', '13:39:00', '2019-11-13', 0, 0, '2019-11-20 16:22:52', '2019-11-20 16:22:52'),
(62, 24, '08:02:00', '12:48:00', '2019-11-15', 0, 0, '2019-11-20 16:22:52', '2019-11-20 16:22:52'),
(63, 18, '07:09:00', '15:19:00', '2019-11-01', 0, 0, '2019-11-20 16:23:44', '2019-11-20 16:23:44'),
(64, 18, '09:39:00', '18:24:00', '2019-11-02', 0, 0, '2019-11-20 17:59:40', '2019-11-20 17:59:40'),
(65, 18, '10:45:00', '19:30:00', '2019-11-04', 0, 0, '2019-11-20 17:59:40', '2019-11-20 17:59:40'),
(66, 18, '07:05:00', '15:49:00', '2019-11-05', 0, 0, '2019-11-20 17:59:40', '2019-11-20 17:59:40'),
(67, 18, '07:03:00', '15:27:00', '2019-11-06', 0, 0, '2019-11-20 17:59:40', '2019-11-20 17:59:40'),
(68, 18, '09:41:00', '18:12:00', '2019-11-07', 0, 0, '2019-11-20 17:59:40', '2019-11-20 17:59:40'),
(69, 18, '07:04:00', '15:25:00', '2019-11-08', 0, 0, '2019-11-20 17:59:40', '2019-11-20 17:59:40'),
(70, 18, '08:01:00', '18:03:00', '2019-11-11', 0, 0, '2019-11-20 17:59:40', '2019-11-20 17:59:40'),
(71, 18, '07:09:00', '15:39:00', '2019-11-12', 0, 0, '2019-11-20 17:59:40', '2019-11-20 17:59:40'),
(72, 18, '06:55:00', '15:21:00', '2019-11-13', 0, 0, '2019-11-20 17:59:40', '2019-11-20 17:59:40'),
(73, 18, '09:27:00', '18:16:00', '2019-11-14', 0, 0, '2019-11-20 17:59:40', '2019-11-20 17:59:40'),
(74, 18, '06:52:00', '15:16:00', '2019-11-15', 0, 0, '2019-11-20 17:59:40', '2019-11-20 17:59:40'),
(75, 18, '10:46:00', '18:35:00', '2019-11-16', 0, 0, '2019-11-20 17:59:40', '2019-11-20 17:59:40'),
(76, 18, '11:01:00', '00:00:00', '2019-11-18', 0, 0, '2019-11-20 17:59:40', '2019-11-20 17:59:40'),
(77, 23, '16:56:00', '00:00:00', '2019-11-01', 0, 0, '2019-11-20 18:00:31', '2019-11-20 18:00:31'),
(78, 23, '04:34:00', '00:00:00', '2019-11-02', 0, 0, '2019-11-20 18:08:56', '2019-11-20 18:08:56'),
(79, 23, '16:39:00', '00:00:00', '2019-11-05', 0, 0, '2019-11-20 18:08:56', '2019-11-20 18:08:56'),
(80, 23, '04:25:00', '16:43:00', '2019-11-06', 0, 0, '2019-11-20 18:08:56', '2019-11-20 18:08:56'),
(81, 23, '03:34:00', '00:00:00', '2019-11-07', 0, 0, '2019-11-20 18:08:56', '2019-11-20 18:08:56'),
(82, 23, '16:48:00', '00:00:00', '2019-11-08', 0, 0, '2019-11-20 18:08:56', '2019-11-20 18:08:56'),
(83, 23, '05:48:00', '00:00:00', '2019-11-09', 0, 0, '2019-11-20 18:08:56', '2019-11-20 18:08:56'),
(84, 23, '17:23:00', '00:00:00', '2019-11-12', 0, 0, '2019-11-20 18:08:56', '2019-11-20 18:08:56'),
(85, 23, '04:02:00', '17:11:00', '2019-11-13', 0, 0, '2019-11-20 18:08:56', '2019-11-20 18:08:56'),
(86, 23, '04:16:00', '00:00:00', '2019-11-14', 0, 0, '2019-11-20 18:08:56', '2019-11-20 18:08:56'),
(87, 23, '16:53:00', '00:00:00', '2019-11-15', 0, 0, '2019-11-20 18:08:56', '2019-11-20 18:08:56'),
(88, 23, '03:45:00', '00:00:00', '2019-11-16', 0, 0, '2019-11-20 18:08:56', '2019-11-20 18:08:56'),
(89, 22, '10:22:00', '19:33:00', '2019-11-01', 0, 0, '2019-11-20 18:43:59', '2019-11-20 18:43:59'),
(90, 22, '05:47:00', '14:24:00', '2019-11-02', 0, 0, '2019-11-20 18:52:04', '2019-11-20 18:52:04'),
(91, 22, '07:06:00', '19:26:00', '2019-11-04', 0, 0, '2019-11-20 18:52:04', '2019-11-20 18:52:04'),
(92, 22, '05:44:00', '15:01:00', '2019-11-05', 0, 0, '2019-11-20 18:52:04', '2019-11-20 18:52:04'),
(93, 22, '10:22:00', '00:00:00', '2019-11-06', 0, 0, '2019-11-20 18:52:04', '2019-11-20 18:52:04'),
(94, 22, '05:43:00', '14:28:00', '2019-11-07', 0, 0, '2019-11-20 18:52:04', '2019-11-20 18:52:04'),
(95, 22, '05:39:00', '14:05:00', '2019-11-08', 0, 0, '2019-11-20 18:52:04', '2019-11-20 18:52:04'),
(96, 22, '10:41:00', '19:02:00', '2019-11-13', 0, 0, '2019-11-20 18:52:04', '2019-11-20 18:52:04'),
(97, 22, '05:43:00', '14:18:00', '2019-11-14', 0, 0, '2019-11-20 18:52:04', '2019-11-20 18:52:04'),
(98, 22, '09:29:00', '19:11:00', '2019-11-15', 0, 0, '2019-11-20 18:52:04', '2019-11-20 18:52:04'),
(99, 22, '05:45:00', '14:15:00', '2019-11-16', 0, 0, '2019-11-20 18:52:04', '2019-11-20 18:52:04'),
(100, 22, '10:29:00', '00:00:00', '2019-11-18', 0, 0, '2019-11-20 18:52:04', '2019-11-20 18:52:04'),
(101, 21, '06:04:00', '14:19:00', '2019-11-01', 0, 0, '2019-11-20 19:11:01', '2019-11-20 19:11:01'),
(102, 21, '08:13:00', '17:27:00', '2019-11-02', 0, 0, '2019-11-20 19:18:17', '2019-11-20 19:18:17'),
(103, 21, '05:47:00', '14:49:00', '2019-11-04', 0, 0, '2019-11-20 19:18:17', '2019-11-20 19:18:17'),
(104, 21, '10:02:00', '19:48:00', '2019-11-05', 0, 0, '2019-11-20 19:18:17', '2019-11-20 19:18:17'),
(105, 21, '05:52:00', '14:11:00', '2019-11-06', 0, 0, '2019-11-20 19:18:17', '2019-11-20 19:18:17'),
(106, 21, '07:52:00', '18:15:00', '2019-11-07', 0, 0, '2019-11-20 19:18:17', '2019-11-20 19:18:17'),
(107, 21, '10:14:00', '19:01:00', '2019-11-08', 0, 0, '2019-11-20 19:18:17', '2019-11-20 19:18:17'),
(108, 21, '05:53:00', '17:58:00', '2019-11-11', 0, 0, '2019-11-20 19:18:17', '2019-11-20 19:18:17'),
(109, 21, '05:57:00', '17:59:00', '2019-11-12', 0, 0, '2019-11-20 19:18:17', '2019-11-20 19:18:17'),
(110, 21, '05:53:00', '14:40:00', '2019-11-13', 0, 0, '2019-11-20 19:18:17', '2019-11-20 19:18:17'),
(111, 21, '08:18:00', '17:54:00', '2019-11-14', 0, 0, '2019-11-20 19:18:17', '2019-11-20 19:18:17'),
(112, 21, '05:48:00', '14:40:00', '2019-11-15', 0, 0, '2019-11-20 19:18:17', '2019-11-20 19:18:17'),
(113, 21, '09:33:00', '17:39:00', '2019-11-16', 0, 0, '2019-11-20 19:18:17', '2019-11-20 19:18:17'),
(114, 21, '05:40:00', '14:04:00', '2019-11-18', 0, 0, '2019-11-20 19:18:17', '2019-11-20 19:18:17'),
(115, 20, '10:43:00', '00:00:00', '2019-11-01', 0, 0, '2019-11-20 19:19:09', '2019-11-20 19:19:09'),
(116, 20, '08:17:00', '00:00:00', '2019-11-03', 0, 0, '2019-11-20 19:25:13', '2019-11-20 19:25:13'),
(117, 20, '08:46:00', '00:00:00', '2019-11-04', 0, 0, '2019-11-20 19:25:13', '2019-11-20 19:25:13'),
(118, 20, '07:59:00', '00:00:00', '2019-11-07', 0, 0, '2019-11-20 19:25:13', '2019-11-20 19:25:13'),
(119, 20, '08:15:00', '00:00:00', '2019-11-08', 0, 0, '2019-11-20 19:25:13', '2019-11-20 19:25:13'),
(120, 20, '07:18:00', '00:00:00', '2019-11-09', 0, 0, '2019-11-20 19:25:13', '2019-11-20 19:25:13'),
(121, 20, '07:34:00', '00:00:00', '2019-11-14', 0, 0, '2019-11-20 19:25:13', '2019-11-20 19:25:13'),
(122, 20, '06:52:00', '00:00:00', '2019-11-15', 0, 0, '2019-11-20 19:25:13', '2019-11-20 19:25:13'),
(123, 20, '08:14:00', '00:00:00', '2019-11-16', 0, 0, '2019-11-20 19:25:13', '2019-11-20 19:25:13'),
(124, 20, '07:18:00', '00:00:00', '2019-11-18', 0, 0, '2019-11-20 19:25:13', '2019-11-20 19:25:13'),
(125, 19, '07:38:00', '00:00:00', '2019-11-02', 0, 0, '2019-11-20 19:27:09', '2019-11-20 19:27:09'),
(126, 19, '07:41:00', '00:00:00', '2019-11-05', 0, 0, '2019-11-20 19:30:04', '2019-11-20 19:30:04'),
(127, 19, '07:57:00', '00:00:00', '2019-11-06', 0, 0, '2019-11-20 19:30:04', '2019-11-20 19:30:04'),
(128, 19, '07:46:00', '00:00:00', '2019-11-08', 0, 0, '2019-11-20 19:30:04', '2019-11-20 19:30:04'),
(129, 19, '07:53:00', '00:00:00', '2019-11-11', 0, 0, '2019-11-20 19:30:04', '2019-11-20 19:30:04'),
(130, 19, '07:40:00', '00:00:00', '2019-11-12', 0, 0, '2019-11-20 19:30:04', '2019-11-20 19:30:04'),
(131, 19, '07:25:00', '00:00:00', '2019-11-17', 0, 0, '2019-11-20 19:30:04', '2019-11-20 19:30:04'),
(132, 19, '08:00:00', '00:00:00', '2019-11-18', 0, 0, '2019-11-20 19:30:04', '2019-11-20 19:30:04'),
(133, 2, '08:36:00', '00:00:00', '2019-11-01', 0, 0, '2019-11-20 19:30:47', '2019-11-20 19:30:47'),
(134, 2, '08:05:00', '00:00:00', '2019-11-02', 0, 0, '2019-11-20 19:35:02', '2019-11-20 19:35:02'),
(135, 2, '07:54:00', '00:00:00', '2019-11-06', 0, 0, '2019-11-20 19:35:02', '2019-11-20 19:35:02'),
(136, 2, '08:06:00', '00:00:00', '2019-11-07', 0, 0, '2019-11-20 19:35:02', '2019-11-20 19:35:02'),
(137, 2, '08:57:00', '00:00:00', '2019-11-10', 0, 0, '2019-11-20 19:35:02', '2019-11-20 19:35:02'),
(138, 2, '08:11:00', '00:00:00', '2019-11-11', 0, 0, '2019-11-20 19:35:02', '2019-11-20 19:35:02'),
(139, 2, '07:32:00', '00:00:00', '2019-11-13', 0, 0, '2019-11-20 19:35:02', '2019-11-20 19:35:02'),
(140, 2, '09:06:00', '00:00:00', '2019-11-14', 0, 0, '2019-11-20 19:35:02', '2019-11-20 19:35:02'),
(141, 2, '07:59:00', '00:00:00', '2019-11-16', 0, 0, '2019-11-20 19:35:02', '2019-11-20 19:35:02'),
(142, 7, '05:54:00', '14:07:00', '2019-11-01', 0, 0, '2019-11-20 19:36:13', '2019-11-20 19:36:13'),
(143, 7, '05:50:00', '14:32:00', '2019-11-02', 0, 0, '2019-11-20 19:44:25', '2019-11-20 19:44:25'),
(144, 7, '05:55:00', '14:55:00', '2019-11-04', 0, 0, '2019-11-20 19:44:25', '2019-11-20 19:44:25'),
(145, 7, '04:27:00', '14:25:00', '2019-11-05', 0, 0, '2019-11-20 19:44:25', '2019-11-20 19:44:25'),
(146, 7, '05:52:00', '15:30:00', '2019-11-06', 0, 0, '2019-11-20 19:44:25', '2019-11-20 19:44:25'),
(147, 7, '05:55:00', '14:38:00', '2019-11-07', 0, 0, '2019-11-20 19:44:25', '2019-11-20 19:44:25'),
(148, 7, '06:10:00', '15:01:00', '2019-11-08', 0, 0, '2019-11-20 19:44:25', '2019-11-20 19:44:25'),
(149, 7, '05:51:00', '15:16:00', '2019-11-11', 0, 0, '2019-11-20 19:44:25', '2019-11-20 19:44:25'),
(150, 7, '05:58:00', '15:18:00', '2019-11-12', 0, 0, '2019-11-20 19:44:25', '2019-11-20 19:44:25'),
(151, 7, '05:42:00', '14:58:00', '2019-11-13', 0, 0, '2019-11-20 19:44:25', '2019-11-20 19:44:25'),
(152, 7, '05:52:00', '14:47:00', '2019-11-14', 0, 0, '2019-11-20 19:44:25', '2019-11-20 19:44:25'),
(153, 7, '06:04:00', '15:11:00', '2019-11-15', 0, 0, '2019-11-20 19:44:25', '2019-11-20 19:44:25'),
(154, 7, '05:55:00', '15:04:00', '2019-11-16', 0, 0, '2019-11-20 19:44:25', '2019-11-20 19:44:25'),
(155, 7, '05:55:00', '15:04:00', '2019-11-16', 0, 0, '2019-11-20 19:44:25', '2019-11-20 19:44:25'),
(156, 7, '05:47:00', '14:34:00', '2019-11-18', 0, 0, '2019-11-20 19:44:25', '2019-11-20 19:44:25'),
(157, 17, '10:57:00', '19:30:00', '2019-11-01', 0, 0, '2019-11-20 19:45:03', '2019-11-20 19:45:03'),
(158, 17, '10:44:00', '00:00:00', '2019-11-02', 0, 0, '2019-11-20 19:50:59', '2019-11-20 19:50:59'),
(159, 17, '11:07:00', '19:29:00', '2019-11-04', 0, 0, '2019-11-20 19:50:59', '2019-11-20 19:50:59'),
(160, 17, '10:40:00', '20:30:00', '2019-11-05', 0, 0, '2019-11-20 19:50:59', '2019-11-20 19:50:59'),
(161, 17, '10:45:00', '19:42:00', '2019-11-06', 0, 0, '2019-11-20 19:50:59', '2019-11-20 19:50:59'),
(162, 17, '11:13:00', '19:39:00', '2019-11-07', 0, 0, '2019-11-20 19:50:59', '2019-11-20 19:50:59'),
(163, 17, '10:43:00', '00:00:00', '2019-11-08', 0, 0, '2019-11-20 19:50:59', '2019-11-20 19:50:59'),
(164, 17, '11:04:00', '18:24:00', '2019-11-11', 0, 0, '2019-11-20 19:50:59', '2019-11-20 19:50:59'),
(165, 17, '10:41:00', '18:45:00', '2019-11-12', 0, 0, '2019-11-20 19:50:59', '2019-11-20 19:50:59'),
(166, 17, '11:07:00', '19:07:00', '2019-11-13', 0, 0, '2019-11-20 19:50:59', '2019-11-20 19:50:59'),
(167, 17, '10:54:00', '20:15:00', '2019-11-14', 0, 0, '2019-11-20 19:50:59', '2019-11-20 19:50:59'),
(168, 17, '10:34:00', '20:05:00', '2019-11-15', 0, 0, '2019-11-20 19:50:59', '2019-11-20 19:50:59'),
(169, 17, '10:42:00', '18:42:00', '2019-11-16', 0, 0, '2019-11-20 19:50:59', '2019-11-20 19:50:59'),
(170, 17, '09:27:00', '00:00:00', '2019-11-18', 0, 0, '2019-11-20 19:50:59', '2019-11-20 19:50:59'),
(171, 6, '05:39:00', '13:46:00', '2019-11-01', 0, 0, '2019-11-20 19:52:09', '2019-11-20 19:52:09'),
(172, 6, '05:39:00', '13:34:00', '2019-11-02', 0, 0, '2019-11-20 19:58:17', '2019-11-20 19:58:17'),
(173, 6, '09:53:00', '17:03:00', '2019-11-04', 0, 0, '2019-11-20 19:58:17', '2019-11-20 19:58:17'),
(174, 6, '09:43:00', '16:59:00', '2019-11-05', 0, 0, '2019-11-20 19:58:17', '2019-11-20 19:58:17'),
(175, 6, '09:32:00', '16:53:00', '2019-11-06', 0, 0, '2019-11-20 19:58:17', '2019-11-20 19:58:17'),
(176, 6, '09:35:00', '00:00:00', '2019-11-07', 0, 0, '2019-11-20 19:58:17', '2019-11-20 19:58:17'),
(177, 6, '05:43:00', '13:39:00', '2019-11-11', 0, 0, '2019-11-20 19:58:17', '2019-11-20 19:58:17'),
(178, 6, '05:40:00', '13:42:00', '2019-11-12', 0, 0, '2019-11-20 19:58:17', '2019-11-20 19:58:17'),
(179, 6, '05:39:00', '13:43:00', '2019-11-13', 0, 0, '2019-11-20 19:58:17', '2019-11-20 19:58:17'),
(180, 6, '05:40:00', '13:40:00', '2019-11-14', 0, 0, '2019-11-20 19:58:17', '2019-11-20 19:58:17'),
(181, 6, '05:40:00', '13:42:00', '2019-11-15', 0, 0, '2019-11-20 19:58:17', '2019-11-20 19:58:17'),
(182, 6, '05:40:00', '13:34:00', '2019-11-16', 0, 0, '2019-11-20 19:58:17', '2019-11-20 19:58:17'),
(183, 6, '09:43:00', '00:00:00', '2019-11-18', 0, 0, '2019-11-20 19:58:17', '2019-11-20 19:58:17'),
(184, 11, '10:13:00', '19:30:00', '2019-11-01', 0, 0, '2019-11-20 19:59:11', '2019-11-20 19:59:11'),
(185, 11, '09:37:00', '18:46:00', '2019-11-02', 0, 0, '2019-11-20 20:06:30', '2019-11-20 20:06:30'),
(186, 11, '09:23:00', '18:25:00', '2019-11-04', 0, 0, '2019-11-20 20:06:30', '2019-11-20 20:06:30'),
(187, 11, '09:56:00', '18:45:00', '2019-11-05', 0, 0, '2019-11-20 20:06:30', '2019-11-20 20:06:30'),
(188, 11, '09:40:00', '17:51:00', '2019-11-06', 0, 0, '2019-11-20 20:06:30', '2019-11-20 20:06:30'),
(189, 11, '10:09:00', '18:08:00', '2019-11-07', 0, 0, '2019-11-20 20:06:30', '2019-11-20 20:06:30'),
(190, 11, '18:38:00', '00:00:00', '2019-11-08', 0, 0, '2019-11-20 20:06:30', '2019-11-20 20:06:30'),
(191, 11, '18:19:00', '00:00:00', '2019-11-11', 0, 0, '2019-11-20 20:06:30', '2019-11-20 20:06:30'),
(192, 11, '09:27:00', '17:41:00', '2019-11-12', 0, 0, '2019-11-20 20:06:30', '2019-11-20 20:06:30'),
(193, 11, '09:13:00', '18:11:00', '2019-11-13', 0, 0, '2019-11-20 20:06:30', '2019-11-20 20:06:30'),
(194, 11, '09:47:00', '18:58:00', '2019-11-14', 0, 0, '2019-11-20 20:06:30', '2019-11-20 20:06:30'),
(195, 11, '18:51:00', '00:00:00', '2019-11-15', 0, 0, '2019-11-20 20:06:30', '2019-11-20 20:06:30'),
(196, 11, '09:52:00', '18:21:00', '2019-11-16', 0, 0, '2019-11-20 20:06:30', '2019-11-20 20:06:30'),
(197, 11, '09:23:00', '00:00:00', '2019-11-18', 0, 0, '2019-11-20 20:06:30', '2019-11-20 20:06:30'),
(198, 5, '10:50:00', '19:41:00', '2019-11-01', 0, 0, '2019-11-20 20:07:25', '2019-11-20 20:07:25'),
(199, 5, '19:00:00', '00:00:00', '2019-11-02', 0, 0, '2019-11-20 20:13:45', '2019-11-20 20:13:45'),
(200, 5, '05:27:00', '14:05:00', '2019-11-04', 0, 0, '2019-11-20 20:13:45', '2019-11-20 20:13:45'),
(201, 5, '06:19:00', '15:52:00', '2019-11-05', 0, 0, '2019-11-20 20:13:45', '2019-11-20 20:13:45'),
(202, 5, '05:19:00', '14:33:00', '2019-11-06', 0, 0, '2019-11-20 20:13:45', '2019-11-20 20:13:45'),
(203, 5, '05:31:00', '19:32:00', '2019-11-07', 0, 0, '2019-11-20 20:13:45', '2019-11-20 20:13:45'),
(204, 5, '18:56:00', '00:00:00', '2019-11-08', 0, 0, '2019-11-20 20:13:45', '2019-11-20 20:13:45'),
(205, 5, '11:02:00', '19:23:00', '2019-11-11', 0, 0, '2019-11-20 20:13:45', '2019-11-20 20:13:45'),
(206, 5, '11:27:00', '00:00:00', '2019-11-12', 0, 0, '2019-11-20 20:13:45', '2019-11-20 20:13:45'),
(207, 5, '10:46:00', '19:08:00', '2019-11-13', 0, 0, '2019-11-20 20:13:45', '2019-11-20 20:13:45'),
(208, 5, '10:56:00', '19:43:00', '2019-11-14', 0, 0, '2019-11-20 20:13:45', '2019-11-20 20:13:45'),
(209, 5, '11:42:00', '19:52:00', '2019-11-15', 0, 0, '2019-11-20 20:13:45', '2019-11-20 20:13:45'),
(210, 5, '11:21:00', '20:42:00', '2019-11-16', 0, 0, '2019-11-20 20:13:45', '2019-11-20 20:13:45'),
(211, 5, '05:32:00', '14:29:00', '2019-11-18', 0, 0, '2019-11-20 20:13:45', '2019-11-20 20:13:45'),
(212, 10, '10:32:00', '19:41:00', '2019-11-01', 0, 0, '2019-11-20 20:15:11', '2019-11-20 20:15:11'),
(213, 10, '06:23:00', '13:47:00', '2019-11-02', 0, 0, '2019-11-20 20:22:05', '2019-11-20 20:22:05'),
(214, 10, '06:24:00', '15:29:00', '2019-11-04', 0, 0, '2019-11-20 20:22:05', '2019-11-20 20:22:05'),
(215, 10, '05:25:00', '14:14:00', '2019-11-05', 0, 0, '2019-11-20 20:22:05', '2019-11-20 20:22:05'),
(216, 10, '06:09:00', '16:29:00', '2019-11-06', 0, 0, '2019-11-20 20:22:05', '2019-11-20 20:22:05'),
(217, 10, '06:54:00', '15:10:00', '2019-11-07', 0, 0, '2019-11-20 20:22:05', '2019-11-20 20:22:05'),
(218, 10, '06:02:00', '15:02:00', '2019-11-11', 0, 0, '2019-11-20 20:22:05', '2019-11-20 20:22:05'),
(219, 10, '06:12:00', '16:44:00', '2019-11-12', 0, 0, '2019-11-20 20:22:05', '2019-11-20 20:22:05'),
(220, 10, '06:26:00', '15:38:00', '2019-11-13', 0, 0, '2019-11-20 20:22:05', '2019-11-20 20:22:05'),
(221, 10, '06:27:00', '14:49:00', '2019-11-14', 0, 0, '2019-11-20 20:22:05', '2019-11-20 20:22:05'),
(222, 10, '06:38:00', '15:11:00', '2019-11-15', 0, 0, '2019-11-20 20:22:05', '2019-11-20 20:22:05'),
(223, 10, '06:11:00', '14:14:00', '2019-11-16', 0, 0, '2019-11-20 20:22:05', '2019-11-20 20:22:05'),
(224, 10, '06:12:00', '15:15:00', '2019-11-18', 0, 0, '2019-11-20 20:22:05', '2019-11-20 20:22:05'),
(225, 28, '00:00:00', '00:00:00', '2019-11-22', 2, 0, '2019-11-23 00:13:51', '2019-11-23 00:13:51'),
(226, 27, NULL, NULL, '2019-11-22', 0, 0, '2019-11-23 00:14:52', '2019-11-23 00:14:52'),
(227, 6, NULL, NULL, '0000-00-00', 0, 0, '2019-11-23 10:39:08', '2019-11-23 10:39:08'),
(228, 28, NULL, NULL, '0000-00-00', 2, 0, '2019-11-23 10:40:06', '2019-11-23 10:40:06'),
(229, 6, NULL, NULL, '2019-11-03', 0, 0, '2019-11-23 10:45:05', '2019-11-23 10:45:05'),
(230, 4, '23:00:00', '01:59:00', '2019-11-01', 0, 0, '2019-11-23 10:46:56', '2019-11-23 05:02:27'),
(231, 4, '00:00:00', '01:59:00', '2019-11-23', 0, 0, '2019-11-23 11:01:04', '2019-11-23 05:01:10'),
(232, 6, NULL, NULL, '2019-11-17', 0, 0, '2019-11-23 11:05:50', '2019-11-23 11:05:50'),
(233, 27, NULL, NULL, '2019-11-25', 0, 0, '2019-11-25 13:37:19', '2019-11-25 13:37:19'),
(234, 28, NULL, NULL, '2019-11-26', 0, 0, '2019-11-26 13:56:04', '2019-11-26 13:56:04'),
(294, 28, '00:00:00', '00:00:00', '0000-00-00', 0, 0, '2019-11-30 10:25:44', '2019-11-30 10:25:44'),
(295, 28, '00:00:00', '00:00:00', '0000-00-00', 0, 0, '2019-11-30 10:25:44', '2019-11-30 10:25:44'),
(296, 28, '00:00:00', '00:00:00', '0000-00-00', 0, 0, '2019-11-30 10:25:44', '2019-11-30 10:25:44'),
(327, 28, '00:00:00', '00:00:00', '0000-00-00', 0, 0, '2019-11-30 10:29:08', '2019-11-30 10:29:08'),
(358, 27, '00:00:00', '00:00:00', '0000-00-00', 0, 0, '2019-11-30 10:29:10', '2019-11-30 10:29:10'),
(389, 26, '00:00:00', '00:00:00', '0000-00-00', 0, 0, '2019-11-30 10:29:12', '2019-11-30 10:29:12'),
(420, 25, '00:00:00', '00:00:00', '0000-00-00', 0, 0, '2019-11-30 10:29:14', '2019-11-30 10:29:14'),
(451, 24, '00:00:00', '00:00:00', '0000-00-00', 0, 0, '2019-11-30 10:29:15', '2019-11-30 10:29:15'),
(482, 18, '00:00:00', '00:00:00', '0000-00-00', 0, 0, '2019-11-30 10:29:17', '2019-11-30 10:29:17'),
(513, 23, '00:00:00', '00:00:00', '0000-00-00', 0, 0, '2019-11-30 10:29:18', '2019-11-30 10:29:18'),
(544, 22, '00:00:00', '00:00:00', '0000-00-00', 0, 0, '2019-11-30 10:29:19', '2019-11-30 10:29:19'),
(575, 21, '00:00:00', '00:00:00', '0000-00-00', 0, 0, '2019-11-30 10:29:21', '2019-11-30 10:29:21'),
(606, 20, '00:00:00', '00:00:00', '0000-00-00', 0, 0, '2019-11-30 10:29:22', '2019-11-30 10:29:22'),
(637, 19, '00:00:00', '00:00:00', '0000-00-00', 0, 0, '2019-11-30 10:29:23', '2019-11-30 10:29:23'),
(668, 2, '00:00:00', '00:00:00', '0000-00-00', 0, 0, '2019-11-30 10:29:25', '2019-11-30 10:29:25'),
(699, 7, '00:00:00', '00:00:00', '0000-00-00', 0, 0, '2019-11-30 10:29:26', '2019-11-30 10:29:26'),
(730, 12, '00:00:00', '00:00:00', '0000-00-00', 0, 0, '2019-11-30 10:29:27', '2019-11-30 10:29:27'),
(761, 17, '00:00:00', '00:00:00', '0000-00-00', 0, 0, '2019-11-30 10:29:29', '2019-11-30 10:29:29'),
(792, 6, '00:00:00', '00:00:00', '0000-00-00', 0, 0, '2019-11-30 10:29:30', '2019-11-30 10:29:30'),
(823, 11, '00:00:00', '00:00:00', '0000-00-00', 0, 0, '2019-11-30 10:29:31', '2019-11-30 10:29:31'),
(854, 16, '00:00:00', '00:00:00', '0000-00-00', 0, 0, '2019-11-30 10:29:33', '2019-11-30 10:29:33'),
(885, 5, '00:00:00', '00:00:00', '0000-00-00', 0, 0, '2019-11-30 10:29:34', '2019-11-30 10:29:34'),
(916, 10, '00:00:00', '00:00:00', '0000-00-00', 0, 0, '2019-11-30 10:29:36', '2019-11-30 10:29:36'),
(947, 15, '00:00:00', '00:00:00', '0000-00-00', 0, 0, '2019-11-30 10:29:37', '2019-11-30 10:29:37'),
(948, 28, '09:05:00', '19:51:00', '2019-05-01', 0, 0, '2019-11-30 10:41:56', '2019-11-30 10:41:56'),
(949, 28, '09:03:00', '18:22:00', '2019-05-02', 0, 0, '2019-11-30 10:41:57', '2019-11-30 10:41:57'),
(950, 28, '00:00:00', '00:00:00', '2019-05-03', 0, 0, '2019-11-30 10:41:57', '2019-11-30 10:41:57'),
(951, 28, '10:16:00', '19:26:00', '2019-05-04', 0, 0, '2019-11-30 10:41:57', '2019-11-30 10:41:57'),
(952, 28, '09:39:00', '19:17:00', '2019-05-05', 0, 0, '2019-11-30 10:41:57', '2019-11-30 10:41:57'),
(953, 28, '09:54:00', '19:12:00', '2019-05-06', 0, 0, '2019-11-30 10:41:57', '2019-11-30 10:41:57'),
(954, 28, '10:04:00', '00:00:00', '2019-05-07', 0, 0, '2019-11-30 10:41:57', '2019-11-30 10:41:57'),
(955, 28, '00:00:00', '00:00:00', '2019-05-08', 0, 0, '2019-11-30 10:41:57', '2019-11-30 10:41:57'),
(956, 28, '00:00:00', '00:00:00', '2019-05-09', 0, 0, '2019-11-30 10:41:57', '2019-11-30 10:41:57'),
(957, 28, '00:00:00', '00:00:00', '2019-05-10', 0, 0, '2019-11-30 10:41:57', '2019-11-30 10:41:57'),
(958, 28, '00:00:00', '00:00:00', '2019-05-11', 0, 0, '2019-11-30 10:41:57', '2019-11-30 10:41:57'),
(959, 28, '00:00:00', '00:00:00', '2019-05-12', 0, 0, '2019-11-30 10:41:57', '2019-11-30 10:41:57'),
(960, 28, '10:22:00', '19:23:00', '2019-05-13', 0, 0, '2019-11-30 10:41:57', '2019-11-30 10:41:57'),
(961, 28, '09:40:00', '19:34:00', '2019-05-14', 0, 0, '2019-11-30 10:41:57', '2019-11-30 10:41:57'),
(962, 28, '10:05:00', '20:02:00', '2019-05-15', 0, 0, '2019-11-30 10:41:57', '2019-11-30 10:41:57'),
(963, 28, '09:33:00', '17:59:00', '2019-05-16', 0, 0, '2019-11-30 10:41:57', '2019-11-30 10:41:57'),
(964, 28, '00:00:00', '00:00:00', '2019-05-17', 0, 0, '2019-11-30 10:41:57', '2019-11-30 10:41:57'),
(965, 28, '09:21:00', '00:00:00', '2019-05-18', 0, 0, '2019-11-30 10:41:57', '2019-11-30 10:41:57'),
(966, 28, '00:00:00', '00:00:00', '2019-05-19', 0, 0, '2019-11-30 10:41:57', '2019-11-30 10:41:57'),
(967, 28, '00:00:00', '00:00:00', '2019-05-20', 0, 0, '2019-11-30 10:41:57', '2019-11-30 10:41:57'),
(968, 28, '00:00:00', '00:00:00', '2019-05-21', 0, 0, '2019-11-30 10:41:57', '2019-11-30 10:41:57'),
(969, 28, '00:00:00', '00:00:00', '2019-05-22', 0, 0, '2019-11-30 10:41:58', '2019-11-30 10:41:58'),
(970, 28, '00:00:00', '00:00:00', '2019-05-23', 0, 0, '2019-11-30 10:41:58', '2019-11-30 10:41:58'),
(971, 28, '00:00:00', '00:00:00', '2019-05-24', 0, 0, '2019-11-30 10:41:58', '2019-11-30 10:41:58'),
(972, 28, '00:00:00', '00:00:00', '2019-05-25', 0, 0, '2019-11-30 10:41:58', '2019-11-30 10:41:58'),
(973, 28, '00:00:00', '00:00:00', '2019-05-26', 0, 0, '2019-11-30 10:41:58', '2019-11-30 10:41:58'),
(974, 28, '00:00:00', '00:00:00', '2019-05-27', 0, 0, '2019-11-30 10:41:58', '2019-11-30 10:41:58'),
(975, 28, '00:00:00', '00:00:00', '2019-05-28', 0, 0, '2019-11-30 10:41:58', '2019-11-30 10:41:58'),
(976, 28, '00:00:00', '00:00:00', '2019-05-29', 0, 0, '2019-11-30 10:41:58', '2019-11-30 10:41:58'),
(977, 28, '00:00:00', '00:00:00', '2019-05-30', 0, 0, '2019-11-30 10:41:58', '2019-11-30 10:41:58'),
(978, 28, '00:00:00', '00:00:00', '2019-05-31', 0, 0, '2019-11-30 10:41:58', '2019-11-30 10:41:58'),
(979, 27, '06:29:00', '14:45:00', '2019-05-01', 0, 0, '2019-11-30 10:41:58', '2019-11-30 10:41:58'),
(980, 27, '00:00:00', '00:00:00', '2019-05-02', 0, 0, '2019-11-30 10:41:58', '2019-11-30 10:41:58'),
(981, 27, '00:00:00', '00:00:00', '2019-05-03', 0, 0, '2019-11-30 10:41:58', '2019-11-30 10:41:58'),
(982, 27, '05:32:00', '17:00:00', '2019-05-04', 0, 0, '2019-11-30 10:41:58', '2019-11-30 10:41:58'),
(983, 27, '05:27:00', '14:02:00', '2019-05-05', 0, 0, '2019-11-30 10:41:59', '2019-11-30 10:41:59'),
(984, 27, '10:08:00', '17:45:00', '2019-05-06', 0, 0, '2019-11-30 10:41:59', '2019-11-30 10:41:59'),
(985, 27, '07:20:00', '16:24:00', '2019-05-07', 0, 0, '2019-11-30 10:41:59', '2019-11-30 10:41:59'),
(986, 27, '11:19:00', '19:01:00', '2019-05-08', 0, 0, '2019-11-30 10:41:59', '2019-11-30 10:41:59'),
(987, 27, '00:00:00', '00:00:00', '2019-05-09', 0, 0, '2019-11-30 10:41:59', '2019-11-30 10:41:59'),
(988, 27, '00:00:00', '00:00:00', '2019-05-10', 0, 0, '2019-11-30 10:41:59', '2019-11-30 10:41:59'),
(989, 27, '08:38:00', '16:55:00', '2019-05-11', 0, 0, '2019-11-30 10:41:59', '2019-11-30 10:41:59'),
(990, 27, '11:05:00', '20:19:00', '2019-05-12', 0, 0, '2019-11-30 10:41:59', '2019-11-30 10:41:59'),
(991, 27, '08:32:00', '17:12:00', '2019-05-13', 0, 0, '2019-11-30 10:41:59', '2019-11-30 10:41:59'),
(992, 27, '06:40:00', '00:00:00', '2019-05-14', 0, 0, '2019-11-30 10:41:59', '2019-11-30 10:41:59'),
(993, 27, '11:15:00', '20:14:00', '2019-05-15', 0, 0, '2019-11-30 10:41:59', '2019-11-30 10:41:59'),
(994, 27, '06:51:00', '15:47:00', '2019-05-16', 0, 0, '2019-11-30 10:41:59', '2019-11-30 10:41:59'),
(995, 27, '00:00:00', '00:00:00', '2019-05-17', 0, 0, '2019-11-30 10:41:59', '2019-11-30 10:41:59'),
(996, 27, '11:18:00', '00:00:00', '2019-05-18', 0, 0, '2019-11-30 10:42:00', '2019-11-30 10:42:00'),
(997, 27, '00:00:00', '00:00:00', '2019-05-19', 0, 0, '2019-11-30 10:42:00', '2019-11-30 10:42:00'),
(998, 27, '00:00:00', '00:00:00', '2019-05-20', 0, 0, '2019-11-30 10:42:00', '2019-11-30 10:42:00'),
(999, 27, '00:00:00', '00:00:00', '2019-05-21', 0, 0, '2019-11-30 10:42:00', '2019-11-30 10:42:00'),
(1000, 27, '00:00:00', '00:00:00', '2019-05-22', 0, 0, '2019-11-30 10:42:00', '2019-11-30 10:42:00'),
(1001, 27, '00:00:00', '00:00:00', '2019-05-23', 0, 0, '2019-11-30 10:42:00', '2019-11-30 10:42:00'),
(1002, 27, '00:00:00', '00:00:00', '2019-05-24', 0, 0, '2019-11-30 10:42:00', '2019-11-30 10:42:00'),
(1003, 27, '00:00:00', '00:00:00', '2019-05-25', 0, 0, '2019-11-30 10:42:00', '2019-11-30 10:42:00'),
(1004, 27, '00:00:00', '00:00:00', '2019-05-26', 0, 0, '2019-11-30 10:42:00', '2019-11-30 10:42:00'),
(1005, 27, '00:00:00', '00:00:00', '2019-05-27', 0, 0, '2019-11-30 10:42:00', '2019-11-30 10:42:00'),
(1006, 27, '00:00:00', '00:00:00', '2019-05-28', 0, 0, '2019-11-30 10:42:00', '2019-11-30 10:42:00'),
(1007, 27, '00:00:00', '00:00:00', '2019-05-29', 0, 0, '2019-11-30 10:42:00', '2019-11-30 10:42:00'),
(1008, 27, '00:00:00', '00:00:00', '2019-05-30', 0, 0, '2019-11-30 10:42:00', '2019-11-30 10:42:00'),
(1009, 27, '00:00:00', '00:00:00', '2019-05-31', 0, 0, '2019-11-30 10:42:00', '2019-11-30 10:42:00'),
(1010, 26, '06:47:00', '15:56:00', '2019-05-01', 0, 0, '2019-11-30 10:42:00', '2019-11-30 10:42:00'),
(1011, 26, '06:34:00', '13:41:00', '2019-05-02', 0, 0, '2019-11-30 10:42:00', '2019-11-30 10:42:00'),
(1012, 26, '00:00:00', '00:00:00', '2019-05-03', 0, 0, '2019-11-30 10:42:00', '2019-11-30 10:42:00'),
(1013, 26, '06:44:00', '15:31:00', '2019-05-04', 0, 0, '2019-11-30 10:42:00', '2019-11-30 10:42:00'),
(1014, 26, '05:56:00', '14:10:00', '2019-05-05', 0, 0, '2019-11-30 10:42:00', '2019-11-30 10:42:00'),
(1015, 26, '06:32:00', '16:09:00', '2019-05-06', 0, 0, '2019-11-30 10:42:01', '2019-11-30 10:42:01'),
(1016, 26, '06:35:00', '15:32:00', '2019-05-07', 0, 0, '2019-11-30 10:42:01', '2019-11-30 10:42:01'),
(1017, 26, '06:28:00', '15:14:00', '2019-05-08', 0, 0, '2019-11-30 10:42:01', '2019-11-30 10:42:01'),
(1018, 26, '00:00:00', '00:00:00', '2019-05-09', 0, 0, '2019-11-30 10:42:01', '2019-11-30 10:42:01'),
(1019, 26, '00:00:00', '00:00:00', '2019-05-10', 0, 0, '2019-11-30 10:42:01', '2019-11-30 10:42:01'),
(1020, 26, '06:36:00', '15:08:00', '2019-05-11', 0, 0, '2019-11-30 10:42:01', '2019-11-30 10:42:01'),
(1021, 26, '06:31:00', '15:01:00', '2019-05-12', 0, 0, '2019-11-30 10:42:01', '2019-11-30 10:42:01'),
(1022, 26, '06:32:00', '14:54:00', '2019-05-13', 0, 0, '2019-11-30 10:42:01', '2019-11-30 10:42:01'),
(1023, 26, '06:44:00', '17:17:00', '2019-05-14', 0, 0, '2019-11-30 10:42:01', '2019-11-30 10:42:01'),
(1024, 26, '06:26:00', '14:44:00', '2019-05-15', 0, 0, '2019-11-30 10:42:01', '2019-11-30 10:42:01'),
(1025, 26, '06:24:00', '14:25:00', '2019-05-16', 0, 0, '2019-11-30 10:42:01', '2019-11-30 10:42:01'),
(1026, 26, '00:00:00', '00:00:00', '2019-05-17', 0, 0, '2019-11-30 10:42:01', '2019-11-30 10:42:01'),
(1027, 26, '06:35:00', '14:31:00', '2019-05-18', 0, 0, '2019-11-30 10:42:01', '2019-11-30 10:42:01'),
(1028, 26, '00:00:00', '00:00:00', '2019-05-19', 0, 0, '2019-11-30 10:42:01', '2019-11-30 10:42:01'),
(1029, 26, '00:00:00', '00:00:00', '2019-05-20', 0, 0, '2019-11-30 10:42:01', '2019-11-30 10:42:01'),
(1030, 26, '00:00:00', '00:00:00', '2019-05-21', 0, 0, '2019-11-30 10:42:01', '2019-11-30 10:42:01'),
(1031, 26, '00:00:00', '00:00:00', '2019-05-22', 0, 0, '2019-11-30 10:42:02', '2019-11-30 10:42:02'),
(1032, 26, '00:00:00', '00:00:00', '2019-05-23', 0, 0, '2019-11-30 10:42:02', '2019-11-30 10:42:02'),
(1033, 26, '00:00:00', '00:00:00', '2019-05-24', 0, 0, '2019-11-30 10:42:02', '2019-11-30 10:42:02'),
(1034, 26, '00:00:00', '00:00:00', '2019-05-25', 0, 0, '2019-11-30 10:42:02', '2019-11-30 10:42:02'),
(1035, 26, '00:00:00', '00:00:00', '2019-05-26', 0, 0, '2019-11-30 10:42:02', '2019-11-30 10:42:02'),
(1036, 26, '00:00:00', '00:00:00', '2019-05-27', 0, 0, '2019-11-30 10:42:02', '2019-11-30 10:42:02'),
(1037, 26, '00:00:00', '00:00:00', '2019-05-28', 0, 0, '2019-11-30 10:42:02', '2019-11-30 10:42:02'),
(1038, 26, '00:00:00', '00:00:00', '2019-05-29', 0, 0, '2019-11-30 10:42:02', '2019-11-30 10:42:02'),
(1039, 26, '00:00:00', '00:00:00', '2019-05-30', 0, 0, '2019-11-30 10:42:02', '2019-11-30 10:42:02'),
(1040, 26, '00:00:00', '00:00:00', '2019-05-31', 0, 0, '2019-11-30 10:42:02', '2019-11-30 10:42:02'),
(1041, 25, '11:52:00', '19:38:00', '2019-05-01', 0, 0, '2019-11-30 10:42:02', '2019-11-30 10:42:02'),
(1042, 25, '10:13:00', '18:37:00', '2019-05-02', 0, 0, '2019-11-30 10:42:02', '2019-11-30 10:42:02'),
(1043, 25, '00:00:00', '00:00:00', '2019-05-03', 0, 0, '2019-11-30 10:42:02', '2019-11-30 10:42:02'),
(1044, 25, '06:54:00', '15:37:00', '2019-05-04', 0, 0, '2019-11-30 10:42:02', '2019-11-30 10:42:02'),
(1045, 25, '11:37:00', '19:58:00', '2019-05-05', 0, 0, '2019-11-30 10:42:03', '2019-11-30 10:42:03'),
(1046, 25, '06:58:00', '15:01:00', '2019-05-06', 0, 0, '2019-11-30 10:42:03', '2019-11-30 10:42:03'),
(1047, 25, '11:24:00', '18:55:00', '2019-05-07', 0, 0, '2019-11-30 10:42:03', '2019-11-30 10:42:03'),
(1048, 25, '07:36:00', '16:46:00', '2019-05-08', 0, 0, '2019-11-30 10:42:03', '2019-11-30 10:42:03'),
(1049, 25, '00:00:00', '00:00:00', '2019-05-09', 0, 0, '2019-11-30 10:42:03', '2019-11-30 10:42:03'),
(1050, 25, '00:00:00', '00:00:00', '2019-05-10', 0, 0, '2019-11-30 10:42:03', '2019-11-30 10:42:03'),
(1051, 25, '07:05:00', '15:25:00', '2019-05-11', 0, 0, '2019-11-30 10:42:03', '2019-11-30 10:42:03'),
(1052, 25, '12:16:00', '00:00:00', '2019-05-12', 0, 0, '2019-11-30 10:42:03', '2019-11-30 10:42:03'),
(1053, 25, '07:04:00', '15:27:00', '2019-05-13', 0, 0, '2019-11-30 10:42:03', '2019-11-30 10:42:03'),
(1054, 25, '11:36:00', '18:58:00', '2019-05-14', 0, 0, '2019-11-30 10:42:03', '2019-11-30 10:42:03'),
(1055, 25, '12:00:00', '19:10:00', '2019-05-15', 0, 0, '2019-11-30 10:42:03', '2019-11-30 10:42:03'),
(1056, 25, '07:28:00', '15:22:00', '2019-05-16', 0, 0, '2019-11-30 10:42:03', '2019-11-30 10:42:03'),
(1057, 25, '00:00:00', '00:00:00', '2019-05-17', 0, 0, '2019-11-30 10:42:03', '2019-11-30 10:42:03'),
(1058, 25, '06:58:00', '15:38:00', '2019-05-18', 0, 0, '2019-11-30 10:42:03', '2019-11-30 10:42:03'),
(1059, 25, '00:00:00', '00:00:00', '2019-05-19', 0, 0, '2019-11-30 10:42:03', '2019-11-30 10:42:03'),
(1060, 25, '00:00:00', '00:00:00', '2019-05-20', 0, 0, '2019-11-30 10:42:03', '2019-11-30 10:42:03'),
(1061, 25, '00:00:00', '00:00:00', '2019-05-21', 0, 0, '2019-11-30 10:42:03', '2019-11-30 10:42:03'),
(1062, 25, '00:00:00', '00:00:00', '2019-05-22', 0, 0, '2019-11-30 10:42:04', '2019-11-30 10:42:04'),
(1063, 25, '00:00:00', '00:00:00', '2019-05-23', 0, 0, '2019-11-30 10:42:04', '2019-11-30 10:42:04'),
(1064, 25, '00:00:00', '00:00:00', '2019-05-24', 0, 0, '2019-11-30 10:42:04', '2019-11-30 10:42:04'),
(1065, 25, '00:00:00', '00:00:00', '2019-05-25', 0, 0, '2019-11-30 10:42:04', '2019-11-30 10:42:04'),
(1066, 25, '00:00:00', '00:00:00', '2019-05-26', 0, 0, '2019-11-30 10:42:04', '2019-11-30 10:42:04'),
(1067, 25, '00:00:00', '00:00:00', '2019-05-27', 0, 0, '2019-11-30 10:42:04', '2019-11-30 10:42:04'),
(1068, 25, '00:00:00', '00:00:00', '2019-05-28', 0, 0, '2019-11-30 10:42:04', '2019-11-30 10:42:04'),
(1069, 25, '00:00:00', '00:00:00', '2019-05-29', 0, 0, '2019-11-30 10:42:04', '2019-11-30 10:42:04'),
(1070, 25, '00:00:00', '00:00:00', '2019-05-30', 0, 0, '2019-11-30 10:42:04', '2019-11-30 10:42:04'),
(1071, 25, '00:00:00', '00:00:00', '2019-05-31', 0, 0, '2019-11-30 10:42:04', '2019-11-30 10:42:04'),
(1072, 24, '08:35:00', '12:51:00', '2019-05-01', 0, 0, '2019-11-30 10:42:04', '2019-11-30 10:42:04'),
(1073, 24, '00:00:00', '00:00:00', '2019-05-02', 0, 0, '2019-11-30 10:42:04', '2019-11-30 10:42:04'),
(1074, 24, '00:00:00', '00:00:00', '2019-05-03', 0, 0, '2019-11-30 10:42:04', '2019-11-30 10:42:04'),
(1075, 24, '00:00:00', '00:00:00', '2019-05-04', 0, 0, '2019-11-30 10:42:04', '2019-11-30 10:42:04'),
(1076, 24, '07:16:00', '12:25:00', '2019-05-05', 0, 0, '2019-11-30 10:42:05', '2019-11-30 10:42:05'),
(1077, 24, '07:47:00', '12:41:00', '2019-05-06', 0, 0, '2019-11-30 10:42:05', '2019-11-30 10:42:05'),
(1078, 24, '00:00:00', '00:00:00', '2019-05-07', 0, 0, '2019-11-30 10:42:05', '2019-11-30 10:42:05'),
(1079, 24, '07:58:00', '11:48:00', '2019-05-08', 0, 0, '2019-11-30 10:42:05', '2019-11-30 10:42:05'),
(1080, 24, '00:00:00', '00:00:00', '2019-05-09', 0, 0, '2019-11-30 10:42:05', '2019-11-30 10:42:05'),
(1081, 24, '00:00:00', '00:00:00', '2019-05-10', 0, 0, '2019-11-30 10:42:05', '2019-11-30 10:42:05'),
(1082, 24, '00:00:00', '00:00:00', '2019-05-11', 0, 0, '2019-11-30 10:42:05', '2019-11-30 10:42:05'),
(1083, 24, '08:00:00', '12:05:00', '2019-05-12', 0, 0, '2019-11-30 10:42:05', '2019-11-30 10:42:05'),
(1084, 24, '08:04:00', '13:39:00', '2019-05-13', 0, 0, '2019-11-30 10:42:05', '2019-11-30 10:42:05'),
(1085, 24, '00:00:00', '00:00:00', '2019-05-14', 0, 0, '2019-11-30 10:42:05', '2019-11-30 10:42:05'),
(1086, 24, '08:02:00', '12:48:00', '2019-05-15', 0, 0, '2019-11-30 10:42:05', '2019-11-30 10:42:05'),
(1087, 24, '00:00:00', '00:00:00', '2019-05-16', 0, 0, '2019-11-30 10:42:05', '2019-11-30 10:42:05'),
(1088, 24, '00:00:00', '00:00:00', '2019-05-17', 0, 0, '2019-11-30 10:42:05', '2019-11-30 10:42:05'),
(1089, 24, '00:00:00', '00:00:00', '2019-05-18', 0, 0, '2019-11-30 10:42:05', '2019-11-30 10:42:05'),
(1090, 24, '00:00:00', '00:00:00', '2019-05-19', 0, 0, '2019-11-30 10:42:05', '2019-11-30 10:42:05'),
(1091, 24, '00:00:00', '00:00:00', '2019-05-20', 0, 0, '2019-11-30 10:42:05', '2019-11-30 10:42:05'),
(1092, 24, '00:00:00', '00:00:00', '2019-05-21', 0, 0, '2019-11-30 10:42:05', '2019-11-30 10:42:05'),
(1093, 24, '00:00:00', '00:00:00', '2019-05-22', 0, 0, '2019-11-30 10:42:05', '2019-11-30 10:42:05'),
(1094, 24, '00:00:00', '00:00:00', '2019-05-23', 0, 0, '2019-11-30 10:42:05', '2019-11-30 10:42:05'),
(1095, 24, '00:00:00', '00:00:00', '2019-05-24', 0, 0, '2019-11-30 10:42:06', '2019-11-30 10:42:06'),
(1096, 24, '00:00:00', '00:00:00', '2019-05-25', 0, 0, '2019-11-30 10:42:06', '2019-11-30 10:42:06'),
(1097, 24, '00:00:00', '00:00:00', '2019-05-26', 0, 0, '2019-11-30 10:42:06', '2019-11-30 10:42:06'),
(1098, 24, '00:00:00', '00:00:00', '2019-05-27', 0, 0, '2019-11-30 10:42:06', '2019-11-30 10:42:06'),
(1099, 24, '00:00:00', '00:00:00', '2019-05-28', 0, 0, '2019-11-30 10:42:06', '2019-11-30 10:42:06'),
(1100, 24, '00:00:00', '00:00:00', '2019-05-29', 0, 0, '2019-11-30 10:42:06', '2019-11-30 10:42:06'),
(1101, 24, '00:00:00', '00:00:00', '2019-05-30', 0, 0, '2019-11-30 10:42:06', '2019-11-30 10:42:06'),
(1102, 24, '00:00:00', '00:00:00', '2019-05-31', 0, 0, '2019-11-30 10:42:06', '2019-11-30 10:42:06'),
(1103, 18, '07:09:00', '15:19:00', '2019-05-01', 0, 0, '2019-11-30 10:42:06', '2019-11-30 10:42:06'),
(1104, 18, '09:39:00', '18:24:00', '2019-05-02', 0, 0, '2019-11-30 10:42:06', '2019-11-30 10:42:06'),
(1105, 18, '00:00:00', '00:00:00', '2019-05-03', 0, 0, '2019-11-30 10:42:06', '2019-11-30 10:42:06'),
(1106, 18, '10:45:00', '19:30:00', '2019-05-04', 0, 0, '2019-11-30 10:42:06', '2019-11-30 10:42:06'),
(1107, 18, '07:05:00', '15:49:00', '2019-05-05', 0, 0, '2019-11-30 10:42:06', '2019-11-30 10:42:06'),
(1108, 18, '07:03:00', '15:27:00', '2019-05-06', 0, 0, '2019-11-30 10:42:06', '2019-11-30 10:42:06'),
(1109, 18, '09:41:00', '18:12:00', '2019-05-07', 0, 0, '2019-11-30 10:42:06', '2019-11-30 10:42:06'),
(1110, 18, '07:04:00', '15:25:00', '2019-05-08', 0, 0, '2019-11-30 10:42:06', '2019-11-30 10:42:06'),
(1111, 18, '00:00:00', '00:00:00', '2019-05-09', 0, 0, '2019-11-30 10:42:06', '2019-11-30 10:42:06'),
(1112, 18, '00:00:00', '00:00:00', '2019-05-10', 0, 0, '2019-11-30 10:42:07', '2019-11-30 10:42:07'),
(1113, 18, '08:01:00', '18:03:00', '2019-05-11', 0, 0, '2019-11-30 10:42:07', '2019-11-30 10:42:07'),
(1114, 18, '07:09:00', '15:39:00', '2019-05-12', 0, 0, '2019-11-30 10:42:07', '2019-11-30 10:42:07'),
(1115, 18, '06:55:00', '15:21:00', '2019-05-13', 0, 0, '2019-11-30 10:42:07', '2019-11-30 10:42:07'),
(1116, 18, '09:27:00', '18:16:00', '2019-05-14', 0, 0, '2019-11-30 10:42:07', '2019-11-30 10:42:07'),
(1117, 18, '06:52:00', '15:16:00', '2019-05-15', 0, 0, '2019-11-30 10:42:07', '2019-11-30 10:42:07'),
(1118, 18, '10:46:00', '18:35:00', '2019-05-16', 0, 0, '2019-11-30 10:42:07', '2019-11-30 10:42:07'),
(1119, 18, '00:00:00', '00:00:00', '2019-05-17', 0, 0, '2019-11-30 10:42:07', '2019-11-30 10:42:07'),
(1120, 18, '11:01:00', '00:00:00', '2019-05-18', 0, 0, '2019-11-30 10:42:07', '2019-11-30 10:42:07'),
(1121, 18, '00:00:00', '00:00:00', '2019-05-19', 0, 0, '2019-11-30 10:42:07', '2019-11-30 10:42:07'),
(1122, 18, '00:00:00', '00:00:00', '2019-05-20', 0, 0, '2019-11-30 10:42:07', '2019-11-30 10:42:07'),
(1123, 18, '00:00:00', '00:00:00', '2019-05-21', 0, 0, '2019-11-30 10:42:07', '2019-11-30 10:42:07'),
(1124, 18, '00:00:00', '00:00:00', '2019-05-22', 0, 0, '2019-11-30 10:42:07', '2019-11-30 10:42:07'),
(1125, 18, '00:00:00', '00:00:00', '2019-05-23', 0, 0, '2019-11-30 10:42:07', '2019-11-30 10:42:07'),
(1126, 18, '00:00:00', '00:00:00', '2019-05-24', 0, 0, '2019-11-30 10:42:08', '2019-11-30 10:42:08'),
(1127, 18, '00:00:00', '00:00:00', '2019-05-25', 0, 0, '2019-11-30 10:42:08', '2019-11-30 10:42:08'),
(1128, 18, '00:00:00', '00:00:00', '2019-05-26', 0, 0, '2019-11-30 10:42:08', '2019-11-30 10:42:08'),
(1129, 18, '00:00:00', '00:00:00', '2019-05-27', 0, 0, '2019-11-30 10:42:08', '2019-11-30 10:42:08'),
(1130, 18, '00:00:00', '00:00:00', '2019-05-28', 0, 0, '2019-11-30 10:42:08', '2019-11-30 10:42:08'),
(1131, 18, '00:00:00', '00:00:00', '2019-05-29', 0, 0, '2019-11-30 10:42:08', '2019-11-30 10:42:08'),
(1132, 18, '00:00:00', '00:00:00', '2019-05-30', 0, 0, '2019-11-30 10:42:08', '2019-11-30 10:42:08'),
(1133, 18, '00:00:00', '00:00:00', '2019-05-31', 0, 0, '2019-11-30 10:42:08', '2019-11-30 10:42:08'),
(1134, 23, '16:56:00', '00:00:00', '2019-05-01', 0, 0, '2019-11-30 10:42:08', '2019-11-30 10:42:08'),
(1135, 23, '04:34:00', '00:00:00', '2019-05-02', 0, 0, '2019-11-30 10:42:08', '2019-11-30 10:42:08'),
(1136, 23, '00:00:00', '00:00:00', '2019-05-03', 0, 0, '2019-11-30 10:42:08', '2019-11-30 10:42:08'),
(1137, 23, '00:00:00', '00:00:00', '2019-05-04', 0, 0, '2019-11-30 10:42:08', '2019-11-30 10:42:08'),
(1138, 23, '16:39:00', '00:00:00', '2019-05-05', 0, 0, '2019-11-30 10:42:08', '2019-11-30 10:42:08'),
(1139, 23, '04:25:00', '16:43:00', '2019-05-06', 0, 0, '2019-11-30 10:42:08', '2019-11-30 10:42:08'),
(1140, 23, '03:34:00', '00:00:00', '2019-05-07', 0, 0, '2019-11-30 10:42:08', '2019-11-30 10:42:08'),
(1141, 23, '16:48:00', '00:00:00', '2019-05-08', 0, 0, '2019-11-30 10:42:08', '2019-11-30 10:42:08'),
(1142, 23, '05:44:00', '00:00:00', '2019-05-09', 0, 0, '2019-11-30 10:42:08', '2019-11-30 10:42:08'),
(1143, 23, '00:00:00', '00:00:00', '2019-05-10', 0, 0, '2019-11-30 10:42:08', '2019-11-30 10:42:08'),
(1144, 23, '00:00:00', '00:00:00', '2019-05-11', 0, 0, '2019-11-30 10:42:08', '2019-11-30 10:42:08'),
(1145, 23, '17:23:00', '00:00:00', '2019-05-12', 0, 0, '2019-11-30 10:42:09', '2019-11-30 10:42:09'),
(1146, 23, '04:02:00', '17:11:00', '2019-05-13', 0, 0, '2019-11-30 10:42:09', '2019-11-30 10:42:09'),
(1147, 23, '04:16:00', '00:00:00', '2019-05-14', 0, 0, '2019-11-30 10:42:09', '2019-11-30 10:42:09'),
(1148, 23, '16:53:00', '00:00:00', '2019-05-15', 0, 0, '2019-11-30 10:42:09', '2019-11-30 10:42:09'),
(1149, 23, '03:45:00', '00:00:00', '2019-05-16', 0, 0, '2019-11-30 10:42:09', '2019-11-30 10:42:09'),
(1150, 23, '00:00:00', '00:00:00', '2019-05-17', 0, 0, '2019-11-30 10:42:09', '2019-11-30 10:42:09'),
(1151, 23, '00:00:00', '00:00:00', '2019-05-18', 0, 0, '2019-11-30 10:42:09', '2019-11-30 10:42:09'),
(1152, 23, '00:00:00', '00:00:00', '2019-05-19', 0, 0, '2019-11-30 10:42:09', '2019-11-30 10:42:09'),
(1153, 23, '00:00:00', '00:00:00', '2019-05-20', 0, 0, '2019-11-30 10:42:09', '2019-11-30 10:42:09'),
(1154, 23, '00:00:00', '00:00:00', '2019-05-21', 0, 0, '2019-11-30 10:42:09', '2019-11-30 10:42:09'),
(1155, 23, '00:00:00', '00:00:00', '2019-05-22', 0, 0, '2019-11-30 10:42:09', '2019-11-30 10:42:09'),
(1156, 23, '00:00:00', '00:00:00', '2019-05-23', 0, 0, '2019-11-30 10:42:09', '2019-11-30 10:42:09'),
(1157, 23, '00:00:00', '00:00:00', '2019-05-24', 0, 0, '2019-11-30 10:42:09', '2019-11-30 10:42:09'),
(1158, 23, '00:00:00', '00:00:00', '2019-05-25', 0, 0, '2019-11-30 10:42:09', '2019-11-30 10:42:09'),
(1159, 23, '00:00:00', '00:00:00', '2019-05-26', 0, 0, '2019-11-30 10:42:09', '2019-11-30 10:42:09'),
(1160, 23, '00:00:00', '00:00:00', '2019-05-27', 0, 0, '2019-11-30 10:42:09', '2019-11-30 10:42:09'),
(1161, 23, '00:00:00', '00:00:00', '2019-05-28', 0, 0, '2019-11-30 10:42:09', '2019-11-30 10:42:09'),
(1162, 23, '00:00:00', '00:00:00', '2019-05-29', 0, 0, '2019-11-30 10:42:09', '2019-11-30 10:42:09'),
(1163, 23, '00:00:00', '00:00:00', '2019-05-30', 0, 0, '2019-11-30 10:42:09', '2019-11-30 10:42:09'),
(1164, 23, '00:00:00', '00:00:00', '2019-05-31', 0, 0, '2019-11-30 10:42:09', '2019-11-30 10:42:09'),
(1165, 22, '10:22:00', '19:33:00', '2019-05-01', 0, 0, '2019-11-30 10:42:10', '2019-11-30 10:42:10'),
(1166, 22, '05:47:00', '14:24:00', '2019-05-02', 0, 0, '2019-11-30 10:42:10', '2019-11-30 10:42:10'),
(1167, 22, '00:00:00', '00:00:00', '2019-05-03', 0, 0, '2019-11-30 10:42:10', '2019-11-30 10:42:10'),
(1168, 22, '07:06:00', '19:26:00', '2019-05-04', 0, 0, '2019-11-30 10:42:10', '2019-11-30 10:42:10'),
(1169, 22, '05:44:00', '15:01:00', '2019-05-05', 0, 0, '2019-11-30 10:42:10', '2019-11-30 10:42:10'),
(1170, 22, '10:22:00', '00:00:00', '2019-05-06', 0, 0, '2019-11-30 10:42:10', '2019-11-30 10:42:10'),
(1171, 22, '05:43:00', '14:28:00', '2019-05-07', 0, 0, '2019-11-30 10:42:10', '2019-11-30 10:42:10'),
(1172, 22, '05:39:00', '14:05:00', '2019-05-08', 0, 0, '2019-11-30 10:42:10', '2019-11-30 10:42:10'),
(1173, 22, '00:00:00', '00:00:00', '2019-05-09', 0, 0, '2019-11-30 10:42:10', '2019-11-30 10:42:10'),
(1174, 22, '00:00:00', '00:00:00', '2019-05-10', 0, 0, '2019-11-30 10:42:10', '2019-11-30 10:42:10'),
(1175, 22, '00:00:00', '00:00:00', '2019-05-11', 0, 0, '2019-11-30 10:42:10', '2019-11-30 10:42:10'),
(1176, 22, '00:00:00', '00:00:00', '2019-05-12', 0, 0, '2019-11-30 10:42:10', '2019-11-30 10:42:10'),
(1177, 22, '10:41:00', '19:02:00', '2019-05-13', 0, 0, '2019-11-30 10:42:10', '2019-11-30 10:42:10'),
(1178, 22, '05:43:00', '14:18:00', '2019-05-14', 0, 0, '2019-11-30 10:42:10', '2019-11-30 10:42:10'),
(1179, 22, '09:29:00', '19:11:00', '2019-05-15', 0, 0, '2019-11-30 10:42:10', '2019-11-30 10:42:10'),
(1180, 22, '05:45:00', '14:15:00', '2019-05-16', 0, 0, '2019-11-30 10:42:10', '2019-11-30 10:42:10'),
(1181, 22, '00:00:00', '00:00:00', '2019-05-17', 0, 0, '2019-11-30 10:42:11', '2019-11-30 10:42:11'),
(1182, 22, '10:29:00', '00:00:00', '2019-05-18', 0, 0, '2019-11-30 10:42:11', '2019-11-30 10:42:11'),
(1183, 22, '00:00:00', '00:00:00', '2019-05-19', 0, 0, '2019-11-30 10:42:11', '2019-11-30 10:42:11'),
(1184, 22, '00:00:00', '00:00:00', '2019-05-20', 0, 0, '2019-11-30 10:42:11', '2019-11-30 10:42:11'),
(1185, 22, '00:00:00', '00:00:00', '2019-05-21', 0, 0, '2019-11-30 10:42:11', '2019-11-30 10:42:11'),
(1186, 22, '00:00:00', '00:00:00', '2019-05-22', 0, 0, '2019-11-30 10:42:11', '2019-11-30 10:42:11'),
(1187, 22, '00:00:00', '00:00:00', '2019-05-23', 0, 0, '2019-11-30 10:42:11', '2019-11-30 10:42:11'),
(1188, 22, '00:00:00', '00:00:00', '2019-05-24', 0, 0, '2019-11-30 10:42:11', '2019-11-30 10:42:11'),
(1189, 22, '00:00:00', '00:00:00', '2019-05-25', 0, 0, '2019-11-30 10:42:11', '2019-11-30 10:42:11'),
(1190, 22, '00:00:00', '00:00:00', '2019-05-26', 0, 0, '2019-11-30 10:42:11', '2019-11-30 10:42:11'),
(1191, 22, '00:00:00', '00:00:00', '2019-05-27', 0, 0, '2019-11-30 10:42:11', '2019-11-30 10:42:11'),
(1192, 22, '00:00:00', '00:00:00', '2019-05-28', 0, 0, '2019-11-30 10:42:11', '2019-11-30 10:42:11'),
(1193, 22, '00:00:00', '00:00:00', '2019-05-29', 0, 0, '2019-11-30 10:42:11', '2019-11-30 10:42:11');
INSERT INTO `tbl_absensi_pegawai` (`id_absensi`, `id_pegawai`, `jam_datang`, `jam_pulang`, `tanggal`, `id_shift`, `durasi_lembur`, `dtm_crt`, `dtm_upd`) VALUES
(1194, 22, '00:00:00', '00:00:00', '2019-05-30', 0, 0, '2019-11-30 10:42:11', '2019-11-30 10:42:11'),
(1195, 22, '00:00:00', '00:00:00', '2019-05-31', 0, 0, '2019-11-30 10:42:12', '2019-11-30 10:42:12'),
(1196, 21, '06:04:00', '14:19:00', '2019-05-01', 0, 0, '2019-11-30 10:42:12', '2019-11-30 10:42:12'),
(1197, 21, '08:13:00', '17:27:00', '2019-05-02', 0, 0, '2019-11-30 10:42:12', '2019-11-30 10:42:12'),
(1198, 21, '00:00:00', '00:00:00', '2019-05-03', 0, 0, '2019-11-30 10:42:12', '2019-11-30 10:42:12'),
(1199, 21, '05:47:00', '14:49:00', '2019-05-04', 0, 0, '2019-11-30 10:42:12', '2019-11-30 10:42:12'),
(1200, 21, '10:02:00', '19:48:00', '2019-05-05', 0, 0, '2019-11-30 10:42:12', '2019-11-30 10:42:12'),
(1201, 21, '05:52:00', '14:11:00', '2019-05-06', 0, 0, '2019-11-30 10:42:12', '2019-11-30 10:42:12'),
(1202, 21, '07:52:00', '18:15:00', '2019-05-07', 0, 0, '2019-11-30 10:42:12', '2019-11-30 10:42:12'),
(1203, 21, '10:14:00', '19:01:00', '2019-05-08', 0, 0, '2019-11-30 10:42:12', '2019-11-30 10:42:12'),
(1204, 21, '00:00:00', '00:00:00', '2019-05-09', 0, 0, '2019-11-30 10:42:12', '2019-11-30 10:42:12'),
(1205, 21, '00:00:00', '00:00:00', '2019-05-10', 0, 0, '2019-11-30 10:42:12', '2019-11-30 10:42:12'),
(1206, 21, '05:53:00', '17:58:00', '2019-05-11', 0, 0, '2019-11-30 10:42:12', '2019-11-30 10:42:12'),
(1207, 21, '05:57:00', '17:59:00', '2019-05-12', 0, 0, '2019-11-30 10:42:12', '2019-11-30 10:42:12'),
(1208, 21, '05:53:00', '14:40:00', '2019-05-13', 0, 0, '2019-11-30 10:42:12', '2019-11-30 10:42:12'),
(1209, 21, '08:18:00', '17:54:00', '2019-05-14', 0, 0, '2019-11-30 10:42:12', '2019-11-30 10:42:12'),
(1210, 21, '05:48:00', '14:40:00', '2019-05-15', 0, 0, '2019-11-30 10:42:12', '2019-11-30 10:42:12'),
(1211, 21, '09:33:00', '17:39:00', '2019-05-16', 0, 0, '2019-11-30 10:42:12', '2019-11-30 10:42:12'),
(1212, 21, '00:00:00', '00:00:00', '2019-05-17', 0, 0, '2019-11-30 10:42:12', '2019-11-30 10:42:12'),
(1213, 21, '05:40:00', '14:04:00', '2019-05-18', 0, 0, '2019-11-30 10:42:12', '2019-11-30 10:42:12'),
(1214, 21, '00:00:00', '00:00:00', '2019-05-19', 0, 0, '2019-11-30 10:42:13', '2019-11-30 10:42:13'),
(1215, 21, '00:00:00', '00:00:00', '2019-05-20', 0, 0, '2019-11-30 10:42:13', '2019-11-30 10:42:13'),
(1216, 21, '00:00:00', '00:00:00', '2019-05-21', 0, 0, '2019-11-30 10:42:13', '2019-11-30 10:42:13'),
(1217, 21, '00:00:00', '00:00:00', '2019-05-22', 0, 0, '2019-11-30 10:42:13', '2019-11-30 10:42:13'),
(1218, 21, '00:00:00', '00:00:00', '2019-05-23', 0, 0, '2019-11-30 10:42:13', '2019-11-30 10:42:13'),
(1219, 21, '00:00:00', '00:00:00', '2019-05-24', 0, 0, '2019-11-30 10:42:13', '2019-11-30 10:42:13'),
(1220, 21, '00:00:00', '00:00:00', '2019-05-25', 0, 0, '2019-11-30 10:42:13', '2019-11-30 10:42:13'),
(1221, 21, '00:00:00', '00:00:00', '2019-05-26', 0, 0, '2019-11-30 10:42:13', '2019-11-30 10:42:13'),
(1222, 21, '00:00:00', '00:00:00', '2019-05-27', 0, 0, '2019-11-30 10:42:13', '2019-11-30 10:42:13'),
(1223, 21, '00:00:00', '00:00:00', '2019-05-28', 0, 0, '2019-11-30 10:42:13', '2019-11-30 10:42:13'),
(1224, 21, '00:00:00', '00:00:00', '2019-05-29', 0, 0, '2019-11-30 10:42:13', '2019-11-30 10:42:13'),
(1225, 21, '00:00:00', '00:00:00', '2019-05-30', 0, 0, '2019-11-30 10:42:13', '2019-11-30 10:42:13'),
(1226, 21, '00:00:00', '00:00:00', '2019-05-31', 0, 0, '2019-11-30 10:42:13', '2019-11-30 10:42:13'),
(1227, 20, '10:43:00', '00:00:00', '2019-05-01', 0, 0, '2019-11-30 10:42:13', '2019-11-30 10:42:13'),
(1228, 20, '00:00:00', '00:00:00', '2019-05-02', 0, 0, '2019-11-30 10:42:13', '2019-11-30 10:42:13'),
(1229, 20, '08:17:00', '00:00:00', '2019-05-03', 0, 0, '2019-11-30 10:42:13', '2019-11-30 10:42:13'),
(1230, 20, '08:46:00', '00:00:00', '2019-05-04', 0, 0, '2019-11-30 10:42:13', '2019-11-30 10:42:13'),
(1231, 20, '00:00:00', '00:00:00', '2019-05-05', 0, 0, '2019-11-30 10:42:13', '2019-11-30 10:42:13'),
(1232, 20, '00:00:00', '00:00:00', '2019-05-06', 0, 0, '2019-11-30 10:42:13', '2019-11-30 10:42:13'),
(1233, 20, '07:59:00', '00:00:00', '2019-05-07', 0, 0, '2019-11-30 10:42:13', '2019-11-30 10:42:13'),
(1234, 20, '08:15:00', '00:00:00', '2019-05-08', 0, 0, '2019-11-30 10:42:14', '2019-11-30 10:42:14'),
(1235, 20, '07:18:00', '00:00:00', '2019-05-09', 0, 0, '2019-11-30 10:42:14', '2019-11-30 10:42:14'),
(1236, 20, '00:00:00', '00:00:00', '2019-05-10', 0, 0, '2019-11-30 10:42:14', '2019-11-30 10:42:14'),
(1237, 20, '00:00:00', '00:00:00', '2019-05-11', 0, 0, '2019-11-30 10:42:14', '2019-11-30 10:42:14'),
(1238, 20, '00:00:00', '00:00:00', '2019-05-12', 0, 0, '2019-11-30 10:42:14', '2019-11-30 10:42:14'),
(1239, 20, '00:00:00', '00:00:00', '2019-05-13', 0, 0, '2019-11-30 10:42:14', '2019-11-30 10:42:14'),
(1240, 20, '07:34:00', '00:00:00', '2019-05-14', 0, 0, '2019-11-30 10:42:14', '2019-11-30 10:42:14'),
(1241, 20, '06:52:00', '00:00:00', '2019-05-15', 0, 0, '2019-11-30 10:42:14', '2019-11-30 10:42:14'),
(1242, 20, '08:14:00', '00:00:00', '2019-05-16', 0, 0, '2019-11-30 10:42:14', '2019-11-30 10:42:14'),
(1243, 20, '00:00:00', '00:00:00', '2019-05-17', 0, 0, '2019-11-30 10:42:14', '2019-11-30 10:42:14'),
(1244, 20, '07:18:00', '00:00:00', '2019-05-18', 0, 0, '2019-11-30 10:42:14', '2019-11-30 10:42:14'),
(1245, 20, '00:00:00', '00:00:00', '2019-05-19', 0, 0, '2019-11-30 10:42:14', '2019-11-30 10:42:14'),
(1246, 20, '00:00:00', '00:00:00', '2019-05-20', 0, 0, '2019-11-30 10:42:14', '2019-11-30 10:42:14'),
(1247, 20, '00:00:00', '00:00:00', '2019-05-21', 0, 0, '2019-11-30 10:42:14', '2019-11-30 10:42:14'),
(1248, 20, '00:00:00', '00:00:00', '2019-05-22', 0, 0, '2019-11-30 10:42:14', '2019-11-30 10:42:14'),
(1249, 20, '00:00:00', '00:00:00', '2019-05-23', 0, 0, '2019-11-30 10:42:14', '2019-11-30 10:42:14'),
(1250, 20, '00:00:00', '00:00:00', '2019-05-24', 0, 0, '2019-11-30 10:42:14', '2019-11-30 10:42:14'),
(1251, 20, '00:00:00', '00:00:00', '2019-05-25', 0, 0, '2019-11-30 10:42:14', '2019-11-30 10:42:14'),
(1252, 20, '00:00:00', '00:00:00', '2019-05-26', 0, 0, '2019-11-30 10:42:14', '2019-11-30 10:42:14'),
(1253, 20, '00:00:00', '00:00:00', '2019-05-27', 0, 0, '2019-11-30 10:42:14', '2019-11-30 10:42:14'),
(1254, 20, '00:00:00', '00:00:00', '2019-05-28', 0, 0, '2019-11-30 10:42:15', '2019-11-30 10:42:15'),
(1255, 20, '00:00:00', '00:00:00', '2019-05-29', 0, 0, '2019-11-30 10:42:15', '2019-11-30 10:42:15'),
(1256, 20, '00:00:00', '00:00:00', '2019-05-30', 0, 0, '2019-11-30 10:42:15', '2019-11-30 10:42:15'),
(1257, 20, '00:00:00', '00:00:00', '2019-05-31', 0, 0, '2019-11-30 10:42:15', '2019-11-30 10:42:15'),
(1258, 19, '00:00:00', '00:00:00', '2019-05-01', 0, 0, '2019-11-30 10:42:15', '2019-11-30 10:42:15'),
(1259, 19, '07:38:00', '00:00:00', '2019-05-02', 0, 0, '2019-11-30 10:42:15', '2019-11-30 10:42:15'),
(1260, 19, '00:00:00', '00:00:00', '2019-05-03', 0, 0, '2019-11-30 10:42:15', '2019-11-30 10:42:15'),
(1261, 19, '00:00:00', '00:00:00', '2019-05-04', 0, 0, '2019-11-30 10:42:15', '2019-11-30 10:42:15'),
(1262, 19, '07:41:00', '00:00:00', '2019-05-05', 0, 0, '2019-11-30 10:42:15', '2019-11-30 10:42:15'),
(1263, 19, '07:57:00', '00:00:00', '2019-05-06', 0, 0, '2019-11-30 10:42:15', '2019-11-30 10:42:15'),
(1264, 19, '00:00:00', '00:00:00', '2019-05-07', 0, 0, '2019-11-30 10:42:15', '2019-11-30 10:42:15'),
(1265, 19, '07:46:00', '00:00:00', '2019-05-08', 0, 0, '2019-11-30 10:42:15', '2019-11-30 10:42:15'),
(1266, 19, '00:00:00', '00:00:00', '2019-05-09', 0, 0, '2019-11-30 10:42:15', '2019-11-30 10:42:15'),
(1267, 19, '00:00:00', '00:00:00', '2019-05-10', 0, 0, '2019-11-30 10:42:15', '2019-11-30 10:42:15'),
(1268, 19, '07:53:00', '00:00:00', '2019-05-11', 0, 0, '2019-11-30 10:42:15', '2019-11-30 10:42:15'),
(1269, 19, '07:40:00', '00:00:00', '2019-05-12', 0, 0, '2019-11-30 10:42:15', '2019-11-30 10:42:15'),
(1270, 19, '00:00:00', '00:00:00', '2019-05-13', 0, 0, '2019-11-30 10:42:15', '2019-11-30 10:42:15'),
(1271, 19, '00:00:00', '00:00:00', '2019-05-14', 0, 0, '2019-11-30 10:42:15', '2019-11-30 10:42:15'),
(1272, 19, '00:00:00', '00:00:00', '2019-05-15', 0, 0, '2019-11-30 10:42:15', '2019-11-30 10:42:15'),
(1273, 19, '00:00:00', '00:00:00', '2019-05-16', 0, 0, '2019-11-30 10:42:16', '2019-11-30 10:42:16'),
(1274, 19, '07:25:00', '00:00:00', '2019-05-17', 0, 0, '2019-11-30 10:42:16', '2019-11-30 10:42:16'),
(1275, 19, '08:00:00', '00:00:00', '2019-05-18', 0, 0, '2019-11-30 10:42:16', '2019-11-30 10:42:16'),
(1276, 19, '00:00:00', '00:00:00', '2019-05-19', 0, 0, '2019-11-30 10:42:16', '2019-11-30 10:42:16'),
(1277, 19, '00:00:00', '00:00:00', '2019-05-20', 0, 0, '2019-11-30 10:42:16', '2019-11-30 10:42:16'),
(1278, 19, '00:00:00', '00:00:00', '2019-05-21', 0, 0, '2019-11-30 10:42:16', '2019-11-30 10:42:16'),
(1279, 19, '00:00:00', '00:00:00', '2019-05-22', 0, 0, '2019-11-30 10:42:16', '2019-11-30 10:42:16'),
(1280, 19, '00:00:00', '00:00:00', '2019-05-23', 0, 0, '2019-11-30 10:42:16', '2019-11-30 10:42:16'),
(1281, 19, '00:00:00', '00:00:00', '2019-05-24', 0, 0, '2019-11-30 10:42:16', '2019-11-30 10:42:16'),
(1282, 19, '00:00:00', '00:00:00', '2019-05-25', 0, 0, '2019-11-30 10:42:16', '2019-11-30 10:42:16'),
(1283, 19, '00:00:00', '00:00:00', '2019-05-26', 0, 0, '2019-11-30 10:42:16', '2019-11-30 10:42:16'),
(1284, 19, '00:00:00', '00:00:00', '2019-05-27', 0, 0, '2019-11-30 10:42:16', '2019-11-30 10:42:16'),
(1285, 19, '00:00:00', '00:00:00', '2019-05-28', 0, 0, '2019-11-30 10:42:16', '2019-11-30 10:42:16'),
(1286, 19, '00:00:00', '00:00:00', '2019-05-29', 0, 0, '2019-11-30 10:42:16', '2019-11-30 10:42:16'),
(1287, 19, '00:00:00', '00:00:00', '2019-05-30', 0, 0, '2019-11-30 10:42:16', '2019-11-30 10:42:16'),
(1288, 19, '00:00:00', '00:00:00', '2019-05-31', 0, 0, '2019-11-30 10:42:16', '2019-11-30 10:42:16'),
(1289, 2, '08:36:00', '00:00:00', '2019-05-01', 0, 0, '2019-11-30 10:42:16', '2019-11-30 10:42:16'),
(1290, 2, '08:05:00', '00:00:00', '2019-05-02', 0, 0, '2019-11-30 10:42:16', '2019-11-30 10:42:16'),
(1291, 2, '00:00:00', '00:00:00', '2019-05-03', 0, 0, '2019-11-30 10:42:17', '2019-11-30 10:42:17'),
(1292, 2, '00:00:00', '00:00:00', '2019-05-04', 0, 0, '2019-11-30 10:42:17', '2019-11-30 10:42:17'),
(1293, 2, '00:00:00', '00:00:00', '2019-05-05', 0, 0, '2019-11-30 10:42:17', '2019-11-30 10:42:17'),
(1294, 2, '07:54:00', '00:00:00', '2019-05-06', 0, 0, '2019-11-30 10:42:17', '2019-11-30 10:42:17'),
(1295, 2, '08:06:00', '00:00:00', '2019-05-07', 0, 0, '2019-11-30 10:42:17', '2019-11-30 10:42:17'),
(1296, 2, '00:00:00', '00:00:00', '2019-05-08', 0, 0, '2019-11-30 10:42:17', '2019-11-30 10:42:17'),
(1297, 2, '00:00:00', '00:00:00', '2019-05-09', 0, 0, '2019-11-30 10:42:17', '2019-11-30 10:42:17'),
(1298, 2, '08:57:00', '00:00:00', '2019-05-10', 0, 0, '2019-11-30 10:42:18', '2019-11-30 10:42:18'),
(1299, 2, '08:11:00', '00:00:00', '2019-05-11', 0, 0, '2019-11-30 10:42:18', '2019-11-30 10:42:18'),
(1300, 2, '00:00:00', '00:00:00', '2019-05-12', 0, 0, '2019-11-30 10:42:18', '2019-11-30 10:42:18'),
(1301, 2, '07:32:00', '00:00:00', '2019-05-13', 0, 0, '2019-11-30 10:42:18', '2019-11-30 10:42:18'),
(1302, 2, '09:06:00', '00:00:00', '2019-05-14', 0, 0, '2019-11-30 10:42:18', '2019-11-30 10:42:18'),
(1303, 2, '00:00:00', '00:00:00', '2019-05-15', 0, 0, '2019-11-30 10:42:18', '2019-11-30 10:42:18'),
(1304, 2, '07:59:00', '00:00:00', '2019-05-16', 0, 0, '2019-11-30 10:42:18', '2019-11-30 10:42:18'),
(1305, 2, '00:00:00', '00:00:00', '2019-05-17', 0, 0, '2019-11-30 10:42:18', '2019-11-30 10:42:18'),
(1306, 2, '00:00:00', '00:00:00', '2019-05-18', 0, 0, '2019-11-30 10:42:18', '2019-11-30 10:42:18'),
(1307, 2, '00:00:00', '00:00:00', '2019-05-19', 0, 0, '2019-11-30 10:42:18', '2019-11-30 10:42:18'),
(1308, 2, '00:00:00', '00:00:00', '2019-05-20', 0, 0, '2019-11-30 10:42:18', '2019-11-30 10:42:18'),
(1309, 2, '00:00:00', '00:00:00', '2019-05-21', 0, 0, '2019-11-30 10:42:18', '2019-11-30 10:42:18'),
(1310, 2, '00:00:00', '00:00:00', '2019-05-22', 0, 0, '2019-11-30 10:42:18', '2019-11-30 10:42:18'),
(1311, 2, '00:00:00', '00:00:00', '2019-05-23', 0, 0, '2019-11-30 10:42:18', '2019-11-30 10:42:18'),
(1312, 2, '00:00:00', '00:00:00', '2019-05-24', 0, 0, '2019-11-30 10:42:18', '2019-11-30 10:42:18'),
(1313, 2, '00:00:00', '00:00:00', '2019-05-25', 0, 0, '2019-11-30 10:42:18', '2019-11-30 10:42:18'),
(1314, 2, '00:00:00', '00:00:00', '2019-05-26', 0, 0, '2019-11-30 10:42:18', '2019-11-30 10:42:18'),
(1315, 2, '00:00:00', '00:00:00', '2019-05-27', 0, 0, '2019-11-30 10:42:18', '2019-11-30 10:42:18'),
(1316, 2, '00:00:00', '00:00:00', '2019-05-28', 0, 0, '2019-11-30 10:42:18', '2019-11-30 10:42:18'),
(1317, 2, '00:00:00', '00:00:00', '2019-05-29', 0, 0, '2019-11-30 10:42:18', '2019-11-30 10:42:18'),
(1318, 2, '00:00:00', '00:00:00', '2019-05-30', 0, 0, '2019-11-30 10:42:19', '2019-11-30 10:42:19'),
(1319, 2, '00:00:00', '00:00:00', '2019-05-31', 0, 0, '2019-11-30 10:42:19', '2019-11-30 10:42:19'),
(1320, 7, '05:54:00', '14:07:00', '2019-05-01', 0, 0, '2019-11-30 10:42:19', '2019-11-30 10:42:19'),
(1321, 7, '05:50:00', '14:32:00', '2019-05-02', 0, 0, '2019-11-30 10:42:19', '2019-11-30 10:42:19'),
(1322, 7, '00:00:00', '00:00:00', '2019-05-03', 0, 0, '2019-11-30 10:42:19', '2019-11-30 10:42:19'),
(1323, 7, '05:55:00', '14:55:00', '2019-05-04', 0, 0, '2019-11-30 10:42:19', '2019-11-30 10:42:19'),
(1324, 7, '04:27:00', '14:25:00', '2019-05-05', 0, 0, '2019-11-30 10:42:19', '2019-11-30 10:42:19'),
(1325, 7, '05:52:00', '15:30:00', '2019-05-06', 0, 0, '2019-11-30 10:42:19', '2019-11-30 10:42:19'),
(1326, 7, '05:55:00', '14:38:00', '2019-05-07', 0, 0, '2019-11-30 10:42:19', '2019-11-30 10:42:19'),
(1327, 7, '06:10:00', '15:01:00', '2019-05-08', 0, 0, '2019-11-30 10:42:19', '2019-11-30 10:42:19'),
(1328, 7, '00:00:00', '00:00:00', '2019-05-09', 0, 0, '2019-11-30 10:42:19', '2019-11-30 10:42:19'),
(1329, 7, '00:00:00', '00:00:00', '2019-05-10', 0, 0, '2019-11-30 10:42:19', '2019-11-30 10:42:19'),
(1330, 7, '05:51:00', '15:16:00', '2019-05-11', 0, 0, '2019-11-30 10:42:19', '2019-11-30 10:42:19'),
(1331, 7, '05:58:00', '15:18:00', '2019-05-12', 0, 0, '2019-11-30 10:42:19', '2019-11-30 10:42:19'),
(1332, 7, '05:42:00', '14:58:00', '2019-05-13', 0, 0, '2019-11-30 10:42:19', '2019-11-30 10:42:19'),
(1333, 7, '05:52:00', '14:47:00', '2019-05-14', 0, 0, '2019-11-30 10:42:19', '2019-11-30 10:42:19'),
(1334, 7, '06:04:00', '15:11:00', '2019-05-15', 0, 0, '2019-11-30 10:42:19', '2019-11-30 10:42:19'),
(1335, 7, '05:55:00', '15:04:00', '2019-05-16', 0, 0, '2019-11-30 10:42:19', '2019-11-30 10:42:19'),
(1336, 7, '00:00:00', '00:00:00', '2019-05-17', 0, 0, '2019-11-30 10:42:19', '2019-11-30 10:42:19'),
(1337, 7, '05:47:00', '14:34:00', '2019-05-18', 0, 0, '2019-11-30 10:42:20', '2019-11-30 10:42:20'),
(1338, 7, '00:00:00', '00:00:00', '2019-05-19', 0, 0, '2019-11-30 10:42:20', '2019-11-30 10:42:20'),
(1339, 7, '00:00:00', '00:00:00', '2019-05-20', 0, 0, '2019-11-30 10:42:20', '2019-11-30 10:42:20'),
(1340, 7, '00:00:00', '00:00:00', '2019-05-21', 0, 0, '2019-11-30 10:42:20', '2019-11-30 10:42:20'),
(1341, 7, '00:00:00', '00:00:00', '2019-05-22', 0, 0, '2019-11-30 10:42:20', '2019-11-30 10:42:20'),
(1342, 7, '00:00:00', '00:00:00', '2019-05-23', 0, 0, '2019-11-30 10:42:20', '2019-11-30 10:42:20'),
(1343, 7, '00:00:00', '00:00:00', '2019-05-24', 0, 0, '2019-11-30 10:42:20', '2019-11-30 10:42:20'),
(1344, 7, '00:00:00', '00:00:00', '2019-05-25', 0, 0, '2019-11-30 10:42:20', '2019-11-30 10:42:20'),
(1345, 7, '00:00:00', '00:00:00', '2019-05-26', 0, 0, '2019-11-30 10:42:20', '2019-11-30 10:42:20'),
(1346, 7, '00:00:00', '00:00:00', '2019-05-27', 0, 0, '2019-11-30 10:42:20', '2019-11-30 10:42:20'),
(1347, 7, '00:00:00', '00:00:00', '2019-05-28', 0, 0, '2019-11-30 10:42:20', '2019-11-30 10:42:20'),
(1348, 7, '00:00:00', '00:00:00', '2019-05-29', 0, 0, '2019-11-30 10:42:20', '2019-11-30 10:42:20'),
(1349, 7, '00:00:00', '00:00:00', '2019-05-30', 0, 0, '2019-11-30 10:42:20', '2019-11-30 10:42:20'),
(1350, 7, '00:00:00', '00:00:00', '2019-05-31', 0, 0, '2019-11-30 10:42:20', '2019-11-30 10:42:20'),
(1351, 12, '00:00:00', '00:00:00', '2019-05-01', 0, 0, '2019-11-30 10:42:20', '2019-11-30 10:42:20'),
(1352, 12, '00:00:00', '00:00:00', '2019-05-02', 0, 0, '2019-11-30 10:42:20', '2019-11-30 10:42:20'),
(1353, 12, '00:00:00', '00:00:00', '2019-05-03', 0, 0, '2019-11-30 10:42:20', '2019-11-30 10:42:20'),
(1354, 12, '00:00:00', '00:00:00', '2019-05-04', 0, 0, '2019-11-30 10:42:20', '2019-11-30 10:42:20'),
(1355, 12, '00:00:00', '00:00:00', '2019-05-05', 0, 0, '2019-11-30 10:42:21', '2019-11-30 10:42:21'),
(1356, 12, '00:00:00', '00:00:00', '2019-05-06', 0, 0, '2019-11-30 10:42:21', '2019-11-30 10:42:21'),
(1357, 12, '00:00:00', '00:00:00', '2019-05-07', 0, 0, '2019-11-30 10:42:21', '2019-11-30 10:42:21'),
(1358, 12, '00:00:00', '00:00:00', '2019-05-08', 0, 0, '2019-11-30 10:42:21', '2019-11-30 10:42:21'),
(1359, 12, '00:00:00', '00:00:00', '2019-05-09', 0, 0, '2019-11-30 10:42:21', '2019-11-30 10:42:21'),
(1360, 12, '00:00:00', '00:00:00', '2019-05-10', 0, 0, '2019-11-30 10:42:21', '2019-11-30 10:42:21'),
(1361, 12, '00:00:00', '00:00:00', '2019-05-11', 0, 0, '2019-11-30 10:42:21', '2019-11-30 10:42:21'),
(1362, 12, '00:00:00', '00:00:00', '2019-05-12', 0, 0, '2019-11-30 10:42:21', '2019-11-30 10:42:21'),
(1363, 12, '00:00:00', '00:00:00', '2019-05-13', 0, 0, '2019-11-30 10:42:21', '2019-11-30 10:42:21'),
(1364, 12, '00:00:00', '00:00:00', '2019-05-14', 0, 0, '2019-11-30 10:42:21', '2019-11-30 10:42:21'),
(1365, 12, '00:00:00', '00:00:00', '2019-05-15', 0, 0, '2019-11-30 10:42:21', '2019-11-30 10:42:21'),
(1366, 12, '00:00:00', '00:00:00', '2019-05-16', 0, 0, '2019-11-30 10:42:21', '2019-11-30 10:42:21'),
(1367, 12, '00:00:00', '00:00:00', '2019-05-17', 0, 0, '2019-11-30 10:42:21', '2019-11-30 10:42:21'),
(1368, 12, '00:00:00', '00:00:00', '2019-05-18', 0, 0, '2019-11-30 10:42:21', '2019-11-30 10:42:21'),
(1369, 12, '00:00:00', '00:00:00', '2019-05-19', 0, 0, '2019-11-30 10:42:21', '2019-11-30 10:42:21'),
(1370, 12, '00:00:00', '00:00:00', '2019-05-20', 0, 0, '2019-11-30 10:42:21', '2019-11-30 10:42:21'),
(1371, 12, '00:00:00', '00:00:00', '2019-05-21', 0, 0, '2019-11-30 10:42:21', '2019-11-30 10:42:21'),
(1372, 12, '00:00:00', '00:00:00', '2019-05-22', 0, 0, '2019-11-30 10:42:21', '2019-11-30 10:42:21'),
(1373, 12, '00:00:00', '00:00:00', '2019-05-23', 0, 0, '2019-11-30 10:42:21', '2019-11-30 10:42:21'),
(1374, 12, '00:00:00', '00:00:00', '2019-05-24', 0, 0, '2019-11-30 10:42:22', '2019-11-30 10:42:22'),
(1375, 12, '00:00:00', '00:00:00', '2019-05-25', 0, 0, '2019-11-30 10:42:22', '2019-11-30 10:42:22'),
(1376, 12, '00:00:00', '00:00:00', '2019-05-26', 0, 0, '2019-11-30 10:42:22', '2019-11-30 10:42:22'),
(1377, 12, '00:00:00', '00:00:00', '2019-05-27', 0, 0, '2019-11-30 10:42:22', '2019-11-30 10:42:22'),
(1378, 12, '00:00:00', '00:00:00', '2019-05-28', 0, 0, '2019-11-30 10:42:22', '2019-11-30 10:42:22'),
(1379, 12, '00:00:00', '00:00:00', '2019-05-29', 0, 0, '2019-11-30 10:42:22', '2019-11-30 10:42:22'),
(1380, 12, '00:00:00', '00:00:00', '2019-05-30', 0, 0, '2019-11-30 10:42:22', '2019-11-30 10:42:22'),
(1381, 12, '00:00:00', '00:00:00', '2019-05-31', 0, 0, '2019-11-30 10:42:22', '2019-11-30 10:42:22'),
(1382, 17, '10:57:00', '19:30:00', '2019-05-01', 0, 0, '2019-11-30 10:42:22', '2019-11-30 10:42:22'),
(1383, 17, '10:44:00', '00:00:00', '2019-05-02', 0, 0, '2019-11-30 10:42:22', '2019-11-30 10:42:22'),
(1384, 17, '00:00:00', '00:00:00', '2019-05-03', 0, 0, '2019-11-30 10:42:22', '2019-11-30 10:42:22'),
(1385, 17, '11:07:00', '19:29:00', '2019-05-04', 0, 0, '2019-11-30 10:42:22', '2019-11-30 10:42:22'),
(1386, 17, '10:40:00', '20:30:00', '2019-05-05', 0, 0, '2019-11-30 10:42:22', '2019-11-30 10:42:22'),
(1387, 17, '10:45:00', '19:42:00', '2019-05-06', 0, 0, '2019-11-30 10:42:22', '2019-11-30 10:42:22'),
(1388, 17, '11:13:00', '19:39:00', '2019-05-07', 0, 0, '2019-11-30 10:42:22', '2019-11-30 10:42:22'),
(1389, 17, '10:43:00', '00:00:00', '2019-05-08', 0, 0, '2019-11-30 10:42:22', '2019-11-30 10:42:22'),
(1390, 17, '00:00:00', '00:00:00', '2019-05-09', 0, 0, '2019-11-30 10:42:22', '2019-11-30 10:42:22'),
(1391, 17, '00:00:00', '00:00:00', '2019-05-10', 0, 0, '2019-11-30 10:42:22', '2019-11-30 10:42:22'),
(1392, 17, '11:04:00', '18:42:00', '2019-05-11', 0, 0, '2019-11-30 10:42:22', '2019-11-30 10:42:22'),
(1393, 17, '10:41:00', '18:45:00', '2019-05-12', 0, 0, '2019-11-30 10:42:23', '2019-11-30 10:42:23'),
(1394, 17, '11:07:00', '19:07:00', '2019-05-13', 0, 0, '2019-11-30 10:42:23', '2019-11-30 10:42:23'),
(1395, 17, '10:54:00', '20:15:00', '2019-05-14', 0, 0, '2019-11-30 10:42:23', '2019-11-30 10:42:23'),
(1396, 17, '10:34:00', '20:05:00', '2019-05-15', 0, 0, '2019-11-30 10:42:23', '2019-11-30 10:42:23'),
(1397, 17, '10:42:00', '18:42:00', '2019-05-16', 0, 0, '2019-11-30 10:42:23', '2019-11-30 10:42:23'),
(1398, 17, '00:00:00', '00:00:00', '2019-05-17', 0, 0, '2019-11-30 10:42:23', '2019-11-30 10:42:23'),
(1399, 17, '09:27:00', '00:00:00', '2019-05-18', 0, 0, '2019-11-30 10:42:23', '2019-11-30 10:42:23'),
(1400, 17, '00:00:00', '00:00:00', '2019-05-19', 0, 0, '2019-11-30 10:42:23', '2019-11-30 10:42:23'),
(1401, 17, '00:00:00', '00:00:00', '2019-05-20', 0, 0, '2019-11-30 10:42:23', '2019-11-30 10:42:23'),
(1402, 17, '00:00:00', '00:00:00', '2019-05-21', 0, 0, '2019-11-30 10:42:23', '2019-11-30 10:42:23'),
(1403, 17, '00:00:00', '00:00:00', '2019-05-22', 0, 0, '2019-11-30 10:42:23', '2019-11-30 10:42:23'),
(1404, 17, '00:00:00', '00:00:00', '2019-05-23', 0, 0, '2019-11-30 10:42:23', '2019-11-30 10:42:23'),
(1405, 17, '00:00:00', '00:00:00', '2019-05-24', 0, 0, '2019-11-30 10:42:23', '2019-11-30 10:42:23'),
(1406, 17, '00:00:00', '00:00:00', '2019-05-25', 0, 0, '2019-11-30 10:42:23', '2019-11-30 10:42:23'),
(1407, 17, '00:00:00', '00:00:00', '2019-05-26', 0, 0, '2019-11-30 10:42:23', '2019-11-30 10:42:23'),
(1408, 17, '00:00:00', '00:00:00', '2019-05-27', 0, 0, '2019-11-30 10:42:23', '2019-11-30 10:42:23'),
(1409, 17, '00:00:00', '00:00:00', '2019-05-28', 0, 0, '2019-11-30 10:42:23', '2019-11-30 10:42:23'),
(1410, 17, '00:00:00', '00:00:00', '2019-05-29', 0, 0, '2019-11-30 10:42:23', '2019-11-30 10:42:23'),
(1411, 17, '00:00:00', '00:00:00', '2019-05-30', 0, 0, '2019-11-30 10:42:23', '2019-11-30 10:42:23'),
(1412, 17, '00:00:00', '00:00:00', '2019-05-31', 0, 0, '2019-11-30 10:42:23', '2019-11-30 10:42:23'),
(1413, 6, '05:39:00', '13:46:00', '2019-05-01', 0, 0, '2019-11-30 10:42:24', '2019-11-30 10:42:24'),
(1414, 6, '05:39:00', '13:34:00', '2019-05-02', 0, 0, '2019-11-30 10:42:24', '2019-11-30 10:42:24'),
(1415, 6, '00:00:00', '00:00:00', '2019-05-03', 0, 0, '2019-11-30 10:42:24', '2019-11-30 10:42:24'),
(1416, 6, '09:53:00', '17:03:00', '2019-05-04', 0, 0, '2019-11-30 10:42:24', '2019-11-30 10:42:24'),
(1417, 6, '09:43:00', '16:59:00', '2019-05-05', 0, 0, '2019-11-30 10:42:24', '2019-11-30 10:42:24'),
(1418, 6, '09:32:00', '16:53:00', '2019-05-06', 0, 0, '2019-11-30 10:42:24', '2019-11-30 10:42:24'),
(1419, 6, '09:35:00', '00:00:00', '2019-05-07', 0, 0, '2019-11-30 10:42:24', '2019-11-30 10:42:24'),
(1420, 6, '00:00:00', '00:00:00', '2019-05-08', 0, 0, '2019-11-30 10:42:24', '2019-11-30 10:42:24'),
(1421, 6, '00:00:00', '00:00:00', '2019-05-09', 0, 0, '2019-11-30 10:42:24', '2019-11-30 10:42:24'),
(1422, 6, '00:00:00', '00:00:00', '2019-05-10', 0, 0, '2019-11-30 10:42:24', '2019-11-30 10:42:24'),
(1423, 6, '05:43:00', '13:39:00', '2019-05-11', 0, 0, '2019-11-30 10:42:24', '2019-11-30 10:42:24'),
(1424, 6, '05:40:00', '13:42:00', '2019-05-12', 0, 0, '2019-11-30 10:42:24', '2019-11-30 10:42:24'),
(1425, 6, '05:39:00', '13:43:00', '2019-05-13', 0, 0, '2019-11-30 10:42:24', '2019-11-30 10:42:24'),
(1426, 6, '05:39:00', '13:40:00', '2019-05-14', 0, 0, '2019-11-30 10:42:24', '2019-11-30 10:42:24'),
(1427, 6, '05:40:00', '13:42:00', '2019-05-15', 0, 0, '2019-11-30 10:42:24', '2019-11-30 10:42:24'),
(1428, 6, '05:40:00', '13:34:00', '2019-05-16', 0, 0, '2019-11-30 10:42:25', '2019-11-30 10:42:25'),
(1429, 6, '00:00:00', '00:00:00', '2019-05-17', 0, 0, '2019-11-30 10:42:25', '2019-11-30 10:42:25'),
(1430, 6, '09:43:00', '00:00:00', '2019-05-18', 0, 0, '2019-11-30 10:42:25', '2019-11-30 10:42:25'),
(1431, 6, '00:00:00', '00:00:00', '2019-05-19', 0, 0, '2019-11-30 10:42:25', '2019-11-30 10:42:25'),
(1432, 6, '00:00:00', '00:00:00', '2019-05-20', 0, 0, '2019-11-30 10:42:25', '2019-11-30 10:42:25'),
(1433, 6, '00:00:00', '00:00:00', '2019-05-21', 0, 0, '2019-11-30 10:42:25', '2019-11-30 10:42:25'),
(1434, 6, '00:00:00', '00:00:00', '2019-05-22', 0, 0, '2019-11-30 10:42:25', '2019-11-30 10:42:25'),
(1435, 6, '00:00:00', '00:00:00', '2019-05-23', 0, 0, '2019-11-30 10:42:25', '2019-11-30 10:42:25'),
(1436, 6, '00:00:00', '00:00:00', '2019-05-24', 0, 0, '2019-11-30 10:42:25', '2019-11-30 10:42:25'),
(1437, 6, '00:00:00', '00:00:00', '2019-05-25', 0, 0, '2019-11-30 10:42:25', '2019-11-30 10:42:25'),
(1438, 6, '00:00:00', '00:00:00', '2019-05-26', 0, 0, '2019-11-30 10:42:25', '2019-11-30 10:42:25'),
(1439, 6, '00:00:00', '00:00:00', '2019-05-27', 0, 0, '2019-11-30 10:42:25', '2019-11-30 10:42:25'),
(1440, 6, '00:00:00', '00:00:00', '2019-05-28', 0, 0, '2019-11-30 10:42:25', '2019-11-30 10:42:25'),
(1441, 6, '00:00:00', '00:00:00', '2019-05-29', 0, 0, '2019-11-30 10:42:25', '2019-11-30 10:42:25'),
(1442, 6, '00:00:00', '00:00:00', '2019-05-30', 0, 0, '2019-11-30 10:42:25', '2019-11-30 10:42:25'),
(1443, 6, '00:00:00', '00:00:00', '2019-05-31', 0, 0, '2019-11-30 10:42:25', '2019-11-30 10:42:25'),
(1444, 11, '10:13:00', '19:30:00', '2019-05-01', 0, 0, '2019-11-30 10:42:25', '2019-11-30 10:42:25'),
(1445, 11, '09:37:00', '18:46:00', '2019-05-02', 0, 0, '2019-11-30 10:42:25', '2019-11-30 10:42:25'),
(1446, 11, '00:00:00', '00:00:00', '2019-05-03', 0, 0, '2019-11-30 10:42:26', '2019-11-30 10:42:26'),
(1447, 11, '09:23:00', '18:25:00', '2019-05-04', 0, 0, '2019-11-30 10:42:26', '2019-11-30 10:42:26'),
(1448, 11, '09:56:00', '18:45:00', '2019-05-05', 0, 0, '2019-11-30 10:42:26', '2019-11-30 10:42:26'),
(1449, 11, '09:40:00', '17:51:00', '2019-05-06', 0, 0, '2019-11-30 10:42:26', '2019-11-30 10:42:26'),
(1450, 11, '10:09:00', '18:08:00', '2019-05-07', 0, 0, '2019-11-30 10:42:26', '2019-11-30 10:42:26'),
(1451, 11, '18:38:00', '00:00:00', '2019-05-08', 0, 0, '2019-11-30 10:42:26', '2019-11-30 10:42:26'),
(1452, 11, '00:00:00', '00:00:00', '2019-05-09', 0, 0, '2019-11-30 10:42:26', '2019-11-30 10:42:26'),
(1453, 11, '00:00:00', '00:00:00', '2019-05-10', 0, 0, '2019-11-30 10:42:26', '2019-11-30 10:42:26'),
(1454, 11, '18:19:00', '00:00:00', '2019-05-11', 0, 0, '2019-11-30 10:42:26', '2019-11-30 10:42:26'),
(1455, 11, '09:27:00', '17:41:00', '2019-05-12', 0, 0, '2019-11-30 10:42:26', '2019-11-30 10:42:26'),
(1456, 11, '09:13:00', '18:11:00', '2019-05-13', 0, 0, '2019-11-30 10:42:26', '2019-11-30 10:42:26'),
(1457, 11, '09:47:00', '18:58:00', '2019-05-14', 0, 0, '2019-11-30 10:42:26', '2019-11-30 10:42:26'),
(1458, 11, '18:51:00', '00:00:00', '2019-05-15', 0, 0, '2019-11-30 10:42:26', '2019-11-30 10:42:26'),
(1459, 11, '09:52:00', '18:21:00', '2019-05-16', 0, 0, '2019-11-30 10:42:26', '2019-11-30 10:42:26'),
(1460, 11, '00:00:00', '00:00:00', '2019-05-17', 0, 0, '2019-11-30 10:42:26', '2019-11-30 10:42:26'),
(1461, 11, '09:23:00', '00:00:00', '2019-05-18', 0, 0, '2019-11-30 10:42:26', '2019-11-30 10:42:26'),
(1462, 11, '00:00:00', '00:00:00', '2019-05-19', 0, 0, '2019-11-30 10:42:26', '2019-11-30 10:42:26'),
(1463, 11, '00:00:00', '00:00:00', '2019-05-20', 0, 0, '2019-11-30 10:42:26', '2019-11-30 10:42:26'),
(1464, 11, '00:00:00', '00:00:00', '2019-05-21', 0, 0, '2019-11-30 10:42:26', '2019-11-30 10:42:26'),
(1465, 11, '00:00:00', '00:00:00', '2019-05-22', 0, 0, '2019-11-30 10:42:26', '2019-11-30 10:42:26'),
(1466, 11, '00:00:00', '00:00:00', '2019-05-23', 0, 0, '2019-11-30 10:42:26', '2019-11-30 10:42:26'),
(1467, 11, '00:00:00', '00:00:00', '2019-05-24', 0, 0, '2019-11-30 10:42:27', '2019-11-30 10:42:27'),
(1468, 11, '00:00:00', '00:00:00', '2019-05-25', 0, 0, '2019-11-30 10:42:27', '2019-11-30 10:42:27'),
(1469, 11, '00:00:00', '00:00:00', '2019-05-26', 0, 0, '2019-11-30 10:42:27', '2019-11-30 10:42:27'),
(1470, 11, '00:00:00', '00:00:00', '2019-05-27', 0, 0, '2019-11-30 10:42:27', '2019-11-30 10:42:27'),
(1471, 11, '00:00:00', '00:00:00', '2019-05-28', 0, 0, '2019-11-30 10:42:27', '2019-11-30 10:42:27'),
(1472, 11, '00:00:00', '00:00:00', '2019-05-29', 0, 0, '2019-11-30 10:42:27', '2019-11-30 10:42:27'),
(1473, 11, '00:00:00', '00:00:00', '2019-05-30', 0, 0, '2019-11-30 10:42:27', '2019-11-30 10:42:27'),
(1474, 11, '00:00:00', '00:00:00', '2019-05-31', 0, 0, '2019-11-30 10:42:27', '2019-11-30 10:42:27'),
(1475, 16, '00:00:00', '00:00:00', '2019-05-01', 0, 0, '2019-11-30 10:42:27', '2019-11-30 10:42:27'),
(1476, 16, '00:00:00', '00:00:00', '2019-05-02', 0, 0, '2019-11-30 10:42:27', '2019-11-30 10:42:27'),
(1477, 16, '00:00:00', '00:00:00', '2019-05-03', 0, 0, '2019-11-30 10:42:27', '2019-11-30 10:42:27'),
(1478, 16, '00:00:00', '00:00:00', '2019-05-04', 0, 0, '2019-11-30 10:42:27', '2019-11-30 10:42:27'),
(1479, 16, '00:00:00', '00:00:00', '2019-05-05', 0, 0, '2019-11-30 10:42:27', '2019-11-30 10:42:27'),
(1480, 16, '00:00:00', '00:00:00', '2019-05-06', 0, 0, '2019-11-30 10:42:27', '2019-11-30 10:42:27'),
(1481, 16, '00:00:00', '00:00:00', '2019-05-07', 0, 0, '2019-11-30 10:42:27', '2019-11-30 10:42:27'),
(1482, 16, '00:00:00', '00:00:00', '2019-05-08', 0, 0, '2019-11-30 10:42:27', '2019-11-30 10:42:27'),
(1483, 16, '00:00:00', '00:00:00', '2019-05-09', 0, 0, '2019-11-30 10:42:27', '2019-11-30 10:42:27'),
(1484, 16, '00:00:00', '00:00:00', '2019-05-10', 0, 0, '2019-11-30 10:42:27', '2019-11-30 10:42:27'),
(1485, 16, '00:00:00', '00:00:00', '2019-05-11', 0, 0, '2019-11-30 10:42:27', '2019-11-30 10:42:27'),
(1486, 16, '00:00:00', '00:00:00', '2019-05-12', 0, 0, '2019-11-30 10:42:28', '2019-11-30 10:42:28'),
(1487, 16, '00:00:00', '00:00:00', '2019-05-13', 0, 0, '2019-11-30 10:42:28', '2019-11-30 10:42:28'),
(1488, 16, '00:00:00', '00:00:00', '2019-05-14', 0, 0, '2019-11-30 10:42:28', '2019-11-30 10:42:28'),
(1489, 16, '00:00:00', '00:00:00', '2019-05-15', 0, 0, '2019-11-30 10:42:28', '2019-11-30 10:42:28'),
(1490, 16, '00:00:00', '00:00:00', '2019-05-16', 0, 0, '2019-11-30 10:42:28', '2019-11-30 10:42:28'),
(1491, 16, '00:00:00', '00:00:00', '2019-05-17', 0, 0, '2019-11-30 10:42:28', '2019-11-30 10:42:28'),
(1492, 16, '00:00:00', '00:00:00', '2019-05-18', 0, 0, '2019-11-30 10:42:28', '2019-11-30 10:42:28'),
(1493, 16, '00:00:00', '00:00:00', '2019-05-19', 0, 0, '2019-11-30 10:42:28', '2019-11-30 10:42:28'),
(1494, 16, '00:00:00', '00:00:00', '2019-05-20', 0, 0, '2019-11-30 10:42:28', '2019-11-30 10:42:28'),
(1495, 16, '00:00:00', '00:00:00', '2019-05-21', 0, 0, '2019-11-30 10:42:28', '2019-11-30 10:42:28'),
(1496, 16, '00:00:00', '00:00:00', '2019-05-22', 0, 0, '2019-11-30 10:42:28', '2019-11-30 10:42:28'),
(1497, 16, '00:00:00', '00:00:00', '2019-05-23', 0, 0, '2019-11-30 10:42:28', '2019-11-30 10:42:28'),
(1498, 16, '00:00:00', '00:00:00', '2019-05-24', 0, 0, '2019-11-30 10:42:28', '2019-11-30 10:42:28'),
(1499, 16, '00:00:00', '00:00:00', '2019-05-25', 0, 0, '2019-11-30 10:42:28', '2019-11-30 10:42:28'),
(1500, 16, '00:00:00', '00:00:00', '2019-05-26', 0, 0, '2019-11-30 10:42:28', '2019-11-30 10:42:28'),
(1501, 16, '00:00:00', '00:00:00', '2019-05-27', 0, 0, '2019-11-30 10:42:28', '2019-11-30 10:42:28'),
(1502, 16, '00:00:00', '00:00:00', '2019-05-28', 0, 0, '2019-11-30 10:42:28', '2019-11-30 10:42:28'),
(1503, 16, '00:00:00', '00:00:00', '2019-05-29', 0, 0, '2019-11-30 10:42:29', '2019-11-30 10:42:29'),
(1504, 16, '00:00:00', '00:00:00', '2019-05-30', 0, 0, '2019-11-30 10:42:29', '2019-11-30 10:42:29'),
(1505, 16, '00:00:00', '00:00:00', '2019-05-31', 0, 0, '2019-11-30 10:42:29', '2019-11-30 10:42:29'),
(1506, 5, '10:50:00', '19:41:00', '2019-05-01', 0, 0, '2019-11-30 10:42:29', '2019-11-30 10:42:29'),
(1507, 5, '19:00:00', '00:00:00', '2019-05-02', 0, 0, '2019-11-30 10:42:29', '2019-11-30 10:42:29'),
(1508, 5, '00:00:00', '00:00:00', '2019-05-03', 0, 0, '2019-11-30 10:42:29', '2019-11-30 10:42:29'),
(1509, 5, '05:27:00', '14:05:00', '2019-05-04', 0, 0, '2019-11-30 10:42:29', '2019-11-30 10:42:29'),
(1510, 5, '06:19:00', '15:52:00', '2019-05-05', 0, 0, '2019-11-30 10:42:29', '2019-11-30 10:42:29'),
(1511, 5, '05:19:00', '14:33:00', '2019-05-06', 0, 0, '2019-11-30 10:42:29', '2019-11-30 10:42:29'),
(1512, 5, '05:31:00', '19:32:00', '2019-05-07', 0, 0, '2019-11-30 10:42:29', '2019-11-30 10:42:29'),
(1513, 5, '18:56:00', '00:00:00', '2019-05-08', 0, 0, '2019-11-30 10:42:29', '2019-11-30 10:42:29'),
(1514, 5, '00:00:00', '00:00:00', '2019-05-09', 0, 0, '2019-11-30 10:42:29', '2019-11-30 10:42:29'),
(1515, 5, '00:00:00', '00:00:00', '2019-05-10', 0, 0, '2019-11-30 10:42:29', '2019-11-30 10:42:29'),
(1516, 5, '11:02:00', '19:23:00', '2019-05-11', 0, 0, '2019-11-30 10:42:29', '2019-11-30 10:42:29'),
(1517, 5, '11:27:00', '00:00:00', '2019-05-12', 0, 0, '2019-11-30 10:42:29', '2019-11-30 10:42:29'),
(1518, 5, '10:46:00', '19:08:00', '2019-05-13', 0, 0, '2019-11-30 10:42:29', '2019-11-30 10:42:29'),
(1519, 5, '10:56:00', '19:43:00', '2019-05-14', 0, 0, '2019-11-30 10:42:29', '2019-11-30 10:42:29'),
(1520, 5, '11:24:00', '19:52:00', '2019-05-15', 0, 0, '2019-11-30 10:42:29', '2019-11-30 10:42:29'),
(1521, 5, '11:21:00', '20:42:00', '2019-05-16', 0, 0, '2019-11-30 10:42:29', '2019-11-30 10:42:29'),
(1522, 5, '00:00:00', '00:00:00', '2019-05-17', 0, 0, '2019-11-30 10:42:30', '2019-11-30 10:42:30'),
(1523, 5, '05:32:00', '14:29:00', '2019-05-18', 0, 0, '2019-11-30 10:42:30', '2019-11-30 10:42:30'),
(1524, 5, '00:00:00', '00:00:00', '2019-05-19', 0, 0, '2019-11-30 10:42:30', '2019-11-30 10:42:30'),
(1525, 5, '00:00:00', '00:00:00', '2019-05-20', 0, 0, '2019-11-30 10:42:30', '2019-11-30 10:42:30'),
(1526, 5, '00:00:00', '00:00:00', '2019-05-21', 0, 0, '2019-11-30 10:42:30', '2019-11-30 10:42:30'),
(1527, 5, '00:00:00', '00:00:00', '2019-05-22', 0, 0, '2019-11-30 10:42:30', '2019-11-30 10:42:30'),
(1528, 5, '00:00:00', '00:00:00', '2019-05-23', 0, 0, '2019-11-30 10:42:30', '2019-11-30 10:42:30'),
(1529, 5, '00:00:00', '00:00:00', '2019-05-24', 0, 0, '2019-11-30 10:42:30', '2019-11-30 10:42:30'),
(1530, 5, '00:00:00', '00:00:00', '2019-05-25', 0, 0, '2019-11-30 10:42:30', '2019-11-30 10:42:30'),
(1531, 5, '00:00:00', '00:00:00', '2019-05-26', 0, 0, '2019-11-30 10:42:30', '2019-11-30 10:42:30'),
(1532, 5, '00:00:00', '00:00:00', '2019-05-27', 0, 0, '2019-11-30 10:42:30', '2019-11-30 10:42:30'),
(1533, 5, '00:00:00', '00:00:00', '2019-05-28', 0, 0, '2019-11-30 10:42:30', '2019-11-30 10:42:30'),
(1534, 5, '00:00:00', '00:00:00', '2019-05-29', 0, 0, '2019-11-30 10:42:30', '2019-11-30 10:42:30'),
(1535, 5, '00:00:00', '00:00:00', '2019-05-30', 0, 0, '2019-11-30 10:42:30', '2019-11-30 10:42:30'),
(1536, 5, '00:00:00', '00:00:00', '2019-05-31', 0, 0, '2019-11-30 10:42:31', '2019-11-30 10:42:31'),
(1537, 10, '10:32:00', '19:41:00', '2019-05-01', 0, 0, '2019-11-30 10:42:31', '2019-11-30 10:42:31'),
(1538, 10, '06:23:00', '13:47:00', '2019-05-02', 0, 0, '2019-11-30 10:42:31', '2019-11-30 10:42:31'),
(1539, 10, '00:00:00', '00:00:00', '2019-05-03', 0, 0, '2019-11-30 10:42:31', '2019-11-30 10:42:31'),
(1540, 10, '06:24:00', '15:29:00', '2019-05-04', 0, 0, '2019-11-30 10:42:31', '2019-11-30 10:42:31'),
(1541, 10, '05:25:00', '14:14:00', '2019-05-05', 0, 0, '2019-11-30 10:42:31', '2019-11-30 10:42:31'),
(1542, 10, '06:09:00', '16:29:00', '2019-05-06', 0, 0, '2019-11-30 10:42:31', '2019-11-30 10:42:31'),
(1543, 10, '06:54:00', '15:10:00', '2019-05-07', 0, 0, '2019-11-30 10:42:31', '2019-11-30 10:42:31'),
(1544, 10, '00:00:00', '00:00:00', '2019-05-08', 0, 0, '2019-11-30 10:42:31', '2019-11-30 10:42:31'),
(1545, 10, '00:00:00', '00:00:00', '2019-05-09', 0, 0, '2019-11-30 10:42:31', '2019-11-30 10:42:31'),
(1546, 10, '00:00:00', '00:00:00', '2019-05-10', 0, 0, '2019-11-30 10:42:31', '2019-11-30 10:42:31'),
(1547, 10, '06:02:00', '15:02:00', '2019-05-11', 0, 0, '2019-11-30 10:42:31', '2019-11-30 10:42:31'),
(1548, 10, '06:12:00', '16:44:00', '2019-05-12', 0, 0, '2019-11-30 10:42:31', '2019-11-30 10:42:31'),
(1549, 10, '06:26:00', '15:38:00', '2019-05-13', 0, 0, '2019-11-30 10:42:31', '2019-11-30 10:42:31'),
(1550, 10, '06:27:00', '14:49:00', '2019-05-14', 0, 0, '2019-11-30 10:42:31', '2019-11-30 10:42:31'),
(1551, 10, '06:38:00', '15:11:00', '2019-05-15', 0, 0, '2019-11-30 10:42:31', '2019-11-30 10:42:31'),
(1552, 10, '06:11:00', '14:14:00', '2019-05-16', 0, 0, '2019-11-30 10:42:31', '2019-11-30 10:42:31'),
(1553, 10, '00:00:00', '00:00:00', '2019-05-17', 0, 0, '2019-11-30 10:42:31', '2019-11-30 10:42:31'),
(1554, 10, '06:12:00', '15:15:00', '2019-05-18', 0, 0, '2019-11-30 10:42:31', '2019-11-30 10:42:31'),
(1555, 10, '00:00:00', '00:00:00', '2019-05-19', 0, 0, '2019-11-30 10:42:31', '2019-11-30 10:42:31'),
(1556, 10, '00:00:00', '00:00:00', '2019-05-20', 0, 0, '2019-11-30 10:42:31', '2019-11-30 10:42:31'),
(1557, 10, '00:00:00', '00:00:00', '2019-05-21', 0, 0, '2019-11-30 10:42:32', '2019-11-30 10:42:32'),
(1558, 10, '00:00:00', '00:00:00', '2019-05-22', 0, 0, '2019-11-30 10:42:32', '2019-11-30 10:42:32'),
(1559, 10, '00:00:00', '00:00:00', '2019-05-23', 0, 0, '2019-11-30 10:42:32', '2019-11-30 10:42:32'),
(1560, 10, '00:00:00', '00:00:00', '2019-05-24', 0, 0, '2019-11-30 10:42:32', '2019-11-30 10:42:32'),
(1561, 10, '00:00:00', '00:00:00', '2019-05-25', 0, 0, '2019-11-30 10:42:32', '2019-11-30 10:42:32'),
(1562, 10, '00:00:00', '00:00:00', '2019-05-26', 0, 0, '2019-11-30 10:42:32', '2019-11-30 10:42:32'),
(1563, 10, '00:00:00', '00:00:00', '2019-05-27', 0, 0, '2019-11-30 10:42:32', '2019-11-30 10:42:32'),
(1564, 10, '00:00:00', '00:00:00', '2019-05-28', 0, 0, '2019-11-30 10:42:32', '2019-11-30 10:42:32'),
(1565, 10, '00:00:00', '00:00:00', '2019-05-29', 0, 0, '2019-11-30 10:42:32', '2019-11-30 10:42:32'),
(1566, 10, '00:00:00', '00:00:00', '2019-05-30', 0, 0, '2019-11-30 10:42:32', '2019-11-30 10:42:32'),
(1567, 10, '00:00:00', '00:00:00', '2019-05-31', 0, 0, '2019-11-30 10:42:32', '2019-11-30 10:42:32'),
(1568, 15, '00:00:00', '00:00:00', '2019-05-01', 0, 0, '2019-11-30 10:42:32', '2019-11-30 10:42:32'),
(1569, 15, '00:00:00', '00:00:00', '2019-05-02', 0, 0, '2019-11-30 10:42:32', '2019-11-30 10:42:32'),
(1570, 15, '00:00:00', '00:00:00', '2019-05-03', 0, 0, '2019-11-30 10:42:32', '2019-11-30 10:42:32'),
(1571, 15, '00:00:00', '00:00:00', '2019-05-04', 0, 0, '2019-11-30 10:42:32', '2019-11-30 10:42:32'),
(1572, 15, '00:00:00', '00:00:00', '2019-05-05', 0, 0, '2019-11-30 10:42:32', '2019-11-30 10:42:32'),
(1573, 15, '00:00:00', '00:00:00', '2019-05-06', 0, 0, '2019-11-30 10:42:32', '2019-11-30 10:42:32'),
(1574, 15, '00:00:00', '00:00:00', '2019-05-07', 0, 0, '2019-11-30 10:42:33', '2019-11-30 10:42:33'),
(1575, 15, '00:00:00', '00:00:00', '2019-05-08', 0, 0, '2019-11-30 10:42:33', '2019-11-30 10:42:33'),
(1576, 15, '00:00:00', '00:00:00', '2019-05-09', 0, 0, '2019-11-30 10:42:33', '2019-11-30 10:42:33'),
(1577, 15, '00:00:00', '00:00:00', '2019-05-10', 0, 0, '2019-11-30 10:42:33', '2019-11-30 10:42:33'),
(1578, 15, '00:00:00', '00:00:00', '2019-05-11', 0, 0, '2019-11-30 10:42:33', '2019-11-30 10:42:33'),
(1579, 15, '00:00:00', '00:00:00', '2019-05-12', 0, 0, '2019-11-30 10:42:33', '2019-11-30 10:42:33'),
(1580, 15, '00:00:00', '00:00:00', '2019-05-13', 0, 0, '2019-11-30 10:42:33', '2019-11-30 10:42:33'),
(1581, 15, '00:00:00', '00:00:00', '2019-05-14', 0, 0, '2019-11-30 10:42:33', '2019-11-30 10:42:33'),
(1582, 15, '00:00:00', '00:00:00', '2019-05-15', 0, 0, '2019-11-30 10:42:33', '2019-11-30 10:42:33'),
(1583, 15, '00:00:00', '00:00:00', '2019-05-16', 0, 0, '2019-11-30 10:42:33', '2019-11-30 10:42:33'),
(1584, 15, '00:00:00', '00:00:00', '2019-05-17', 0, 0, '2019-11-30 10:42:33', '2019-11-30 10:42:33'),
(1585, 15, '00:00:00', '00:00:00', '2019-05-18', 0, 0, '2019-11-30 10:42:33', '2019-11-30 10:42:33'),
(1586, 15, '00:00:00', '00:00:00', '2019-05-19', 0, 0, '2019-11-30 10:42:33', '2019-11-30 10:42:33'),
(1587, 15, '00:00:00', '00:00:00', '2019-05-20', 0, 0, '2019-11-30 10:42:33', '2019-11-30 10:42:33'),
(1588, 15, '00:00:00', '00:00:00', '2019-05-21', 0, 0, '2019-11-30 10:42:33', '2019-11-30 10:42:33'),
(1589, 15, '00:00:00', '00:00:00', '2019-05-22', 0, 0, '2019-11-30 10:42:34', '2019-11-30 10:42:34'),
(1590, 15, '00:00:00', '00:00:00', '2019-05-23', 0, 0, '2019-11-30 10:42:34', '2019-11-30 10:42:34'),
(1591, 15, '00:00:00', '00:00:00', '2019-05-24', 0, 0, '2019-11-30 10:42:34', '2019-11-30 10:42:34'),
(1592, 15, '00:00:00', '00:00:00', '2019-05-25', 0, 0, '2019-11-30 10:42:34', '2019-11-30 10:42:34'),
(1593, 15, '00:00:00', '00:00:00', '2019-05-26', 0, 0, '2019-11-30 10:42:34', '2019-11-30 10:42:34'),
(1594, 15, '00:00:00', '00:00:00', '2019-05-27', 0, 0, '2019-11-30 10:42:34', '2019-11-30 10:42:34'),
(1595, 15, '00:00:00', '00:00:00', '2019-05-28', 0, 0, '2019-11-30 10:42:34', '2019-11-30 10:42:34'),
(1596, 15, '00:00:00', '00:00:00', '2019-05-29', 0, 0, '2019-11-30 10:42:34', '2019-11-30 10:42:34'),
(1597, 15, '00:00:00', '00:00:00', '2019-05-30', 0, 0, '2019-11-30 10:42:34', '2019-11-30 10:42:34'),
(1598, 15, '00:00:00', '00:00:00', '2019-05-31', 0, 0, '2019-11-30 10:42:34', '2019-11-30 10:42:34');

-- --------------------------------------------------------

--
-- Table structure for table `tbl_agama`
--

CREATE TABLE `tbl_agama` (
  `id_agama` int(11) NOT NULL,
  `agama` varchar(30) NOT NULL,
  `dtm_crt` datetime NOT NULL DEFAULT current_timestamp(),
  `dtm_upd` datetime NOT NULL DEFAULT current_timestamp()
) ENGINE=InnoDB DEFAULT CHARSET=latin1;

--
-- Dumping data for table `tbl_agama`
--

INSERT INTO `tbl_agama` (`id_agama`, `agama`, `dtm_crt`, `dtm_upd`) VALUES
(1, 'ISLAM', '2018-03-27 10:32:18', '2018-03-25 10:32:18'),
(2, 'KRISTEN', '2018-03-27 10:32:18', '2018-03-25 10:32:18'),
(3, 'HINDU', '2018-03-27 10:32:18', '2018-03-25 10:32:18'),
(4, 'BUDHA', '2018-03-27 10:32:18', '2018-03-25 10:32:18');

-- --------------------------------------------------------

--
-- Table structure for table `tbl_akun`
--

CREATE TABLE `tbl_akun` (
  `id_akun` int(11) NOT NULL,
  `no_akun` varchar(15) NOT NULL,
  `nama_akun` varchar(100) NOT NULL,
  `level` int(1) NOT NULL,
  `id_main_akun` int(5) NOT NULL,
  `sifat_debit` int(1) NOT NULL,
  `sifat_kredit` int(1) NOT NULL,
  `dtm_crt` datetime NOT NULL DEFAULT current_timestamp(),
  `dtm_upd` datetime NOT NULL DEFAULT current_timestamp()
) ENGINE=InnoDB DEFAULT CHARSET=latin1;

--
-- Dumping data for table `tbl_akun`
--

INSERT INTO `tbl_akun` (`id_akun`, `no_akun`, `nama_akun`, `level`, `id_main_akun`, `sifat_debit`, `sifat_kredit`, `dtm_crt`, `dtm_upd`) VALUES
(3, '1', 'HARTA', 0, 0, 1, 0, '2019-11-23 14:32:05', '2019-11-23 14:32:05'),
(4, '2', 'HUTANG', 0, 0, 0, 1, '2019-11-23 14:33:41', '2019-11-23 14:33:41'),
(5, '3', 'MODAL', 0, 0, 0, 1, '2019-11-23 14:33:41', '2019-11-23 14:33:41'),
(6, '4', 'PENDAPATAN', 0, 0, 0, 1, '2019-11-23 14:33:41', '2019-11-23 14:33:41'),
(7, '5', 'BEBAN', 0, 0, 1, 0, '2019-11-23 14:33:41', '2019-11-23 14:33:41'),
(20, '1.1.0.0', 'Kas Bank', 1, 3, 1, 0, '2019-11-28 10:34:18', '2019-11-28 10:34:18'),
(21, '1.1.1.0', 'BANK BRI', 2, 20, 1, 0, '2019-11-28 10:38:31', '2019-11-28 10:38:31'),
(22, '1.1.1.1', 'BRI /an Arif Setyoko', 3, 21, 1, 0, '2019-11-28 10:38:52', '2019-12-04 02:04:36'),
(34, '5.1.0.0', 'Rumah Tangga', 1, 7, 1, 0, '2019-11-29 20:03:24', '2019-11-29 20:03:24'),
(35, '1.2.0.0', 'Petty Cash', 1, 3, 1, 0, '2019-11-29 20:58:09', '2019-11-29 20:58:09'),
(36, '1.3.0.0', 'Rekening Rumah Tangga', 1, 3, 1, 0, '2019-11-30 07:32:33', '2019-11-30 07:32:33'),
(38, '5.2.0.0', 'Gaji Satpam', 1, 7, 1, 0, '2019-12-01 13:21:06', '2019-12-01 13:21:06'),
(39, '4.1.0.0', 'Penjualan Obat', 1, 6, 0, 1, '2019-12-02 12:57:24', '2019-12-02 12:57:24'),
(40, '4.2.0.0', 'Penjualan Obat Tindakan', 1, 6, 0, 1, '2019-12-02 12:58:02', '2019-12-02 12:58:02'),
(41, '4.3.0.0', 'Penjualan Alkes', 1, 6, 0, 1, '2019-12-02 12:58:15', '2019-12-02 12:58:15'),
(42, '2.1.0.0', 'Hutang Jangka Panjang', 1, 4, 0, 1, '2019-12-02 20:18:33', '2019-12-02 20:18:33'),
(43, '5.3.0.0', 'Transport Operasional', 1, 7, 1, 0, '2019-12-02 20:30:42', '2019-12-02 20:30:42'),
(44, '5.4.0.0', 'Iuran Kebersihan', 1, 7, 1, 0, '2019-12-02 20:31:19', '2019-12-02 20:31:19'),
(45, '4.4.0.0', 'Potongan Pembelian Obat', 1, 6, 0, 1, '2019-12-03 10:05:30', '2019-12-03 10:05:30'),
(46, '4.5.0.0', 'Potongan Penjualan', 1, 6, 0, 1, '2019-12-03 11:20:03', '2019-12-03 11:20:03'),
(47, '4.6.0.0', 'Potongan Pembelian Alkes', 1, 6, 0, 1, '2019-12-03 12:44:27', '2019-12-03 12:44:27'),
(52, '1.1.1.2', 'Rekening /an HT', 3, 21, 1, 0, '2019-12-04 08:44:35', '2019-12-04 08:44:35'),
(53, '1.1.2.0', 'BANK BNI', 2, 20, 1, 0, '2019-12-05 13:34:03', '2019-12-05 13:34:03'),
(54, '1.4.0.0', 'Aset Klinik', 1, 3, 1, 0, '2019-12-06 09:43:25', '2019-12-06 09:43:25'),
(55, '1.4.1.0', 'Aset Operasional', 2, 54, 1, 0, '2019-12-06 09:43:48', '2019-12-06 09:43:48'),
(56, '3.1.0.0', 'Prive/Keuntungan', 1, 5, 0, 1, '2019-12-06 09:59:52', '2019-12-06 09:59:52'),
(57, '1.5.0.0', 'Persediaan', 1, 3, 1, 0, '2019-12-06 10:00:09', '2019-12-06 10:00:09'),
(58, '1.5.1.0', 'Persediaan Obat', 2, 57, 1, 0, '2019-12-06 10:00:33', '2019-12-06 10:00:33'),
(59, '1.5.2.0', 'Alat Kesehatan', 2, 57, 1, 0, '2019-12-06 10:00:54', '2019-12-06 10:00:54'),
(60, '1.5.3.0', 'Obat Tindakan', 2, 57, 1, 0, '2019-12-06 10:01:47', '2019-12-06 10:01:47'),
(61, '4.7.0.0', 'Klinik', 1, 6, 0, 1, '2019-12-06 10:40:03', '2019-12-06 10:40:03'),
(62, '4.7.1.0', 'Pemeriksaan', 2, 61, 0, 1, '2019-12-06 10:40:24', '2019-12-06 10:40:24'),
(63, '4.7.2.0', 'Tindakan', 2, 61, 0, 1, '2019-12-06 10:40:45', '2019-12-06 10:40:45'),
(64, '4.8.0.0', 'Potongan Obat di Klinik', 1, 6, 0, 1, '2019-12-06 10:41:36', '2019-12-06 10:41:36'),
(65, '5.5.0.0', 'Harga Pokok Penjualan (HPP)', 1, 7, 1, 0, '2019-12-06 15:53:57', '2019-12-06 15:53:57'),
(66, '5.6.0.0', 'Kasbon', 1, 7, 1, 0, '2019-12-09 14:30:43', '2019-12-09 14:30:43'),
(67, '5.7.0.0', 'ATK', 1, 7, 1, 0, '2019-12-09 14:30:58', '2019-12-09 14:30:58'),
(68, '4.7.3.0', 'Administrasi', 2, 61, 0, 1, '2019-12-13 20:20:30', '2019-12-13 20:20:30'),
(69, '4.9.0.0', 'Subsidi Klinik', 1, 6, 0, 1, '2019-12-13 20:20:56', '2019-12-13 20:20:56');

-- --------------------------------------------------------

--
-- Table structure for table `tbl_akun_detail`
--

CREATE TABLE `tbl_akun_detail` (
  `id_akun_d` int(11) NOT NULL,
  `id_akun` int(11) NOT NULL,
  `id_parent` int(11) NOT NULL,
  `turunan1` int(11) NOT NULL,
  `turunan2` int(11) NOT NULL,
  `turunan3` int(11) NOT NULL,
  `dtm_crt` datetime NOT NULL DEFAULT current_timestamp(),
  `dtm_upd` datetime NOT NULL DEFAULT current_timestamp()
) ENGINE=InnoDB DEFAULT CHARSET=latin1;

--
-- Dumping data for table `tbl_akun_detail`
--

INSERT INTO `tbl_akun_detail` (`id_akun_d`, `id_akun`, `id_parent`, `turunan1`, `turunan2`, `turunan3`, `dtm_crt`, `dtm_upd`) VALUES
(1, 34, 7, 0, 0, 0, '0000-00-00 00:00:00', '0000-00-00 00:00:00'),
(2, 35, 3, 0, 0, 0, '2019-11-29 20:58:09', '2019-11-29 20:58:09'),
(3, 36, 3, 0, 0, 0, '2019-11-30 07:32:33', '2019-11-30 07:32:33'),
(5, 38, 7, 0, 0, 0, '2019-12-01 13:21:06', '2019-12-01 13:21:06'),
(6, 39, 6, 0, 0, 0, '2019-12-02 12:57:24', '2019-12-02 12:57:24'),
(7, 40, 6, 0, 0, 0, '2019-12-02 12:58:02', '2019-12-02 12:58:02'),
(8, 41, 6, 0, 0, 0, '2019-12-02 12:58:16', '2019-12-02 12:58:16'),
(9, 20, 3, 0, 0, 0, '2019-12-02 19:25:01', '2019-12-02 19:25:01'),
(10, 21, 3, 20, 0, 0, '2019-12-02 19:25:31', '2019-12-02 19:25:31'),
(11, 22, 3, 20, 21, 0, '2019-12-02 19:25:58', '2019-12-02 19:25:58'),
(16, 42, 4, 0, 0, 0, '2019-12-02 20:18:34', '2019-12-02 20:18:34'),
(17, 43, 7, 0, 0, 0, '2019-12-02 20:30:42', '2019-12-02 20:30:42'),
(18, 44, 7, 0, 0, 0, '2019-12-02 20:31:19', '2019-12-02 20:31:19'),
(19, 45, 6, 0, 0, 0, '2019-12-03 10:05:30', '2019-12-03 10:05:30'),
(20, 46, 6, 0, 0, 0, '2019-12-03 11:20:03', '2019-12-03 11:20:03'),
(21, 47, 6, 0, 0, 0, '2019-12-03 12:44:27', '2019-12-03 12:44:27'),
(22, 52, 3, 20, 21, 0, '2019-12-04 08:44:35', '2019-12-04 08:44:35'),
(23, 53, 3, 20, 0, 0, '2019-12-05 13:34:03', '2019-12-05 13:34:03'),
(24, 54, 3, 0, 0, 0, '2019-12-06 09:43:26', '2019-12-06 09:43:26'),
(25, 55, 3, 54, 0, 0, '2019-12-06 09:43:48', '2019-12-06 09:43:48'),
(26, 56, 5, 0, 0, 0, '2019-12-06 09:59:52', '2019-12-06 09:59:52'),
(27, 57, 3, 0, 0, 0, '2019-12-06 10:00:09', '2019-12-06 10:00:09'),
(28, 58, 3, 57, 0, 0, '2019-12-06 10:00:33', '2019-12-06 10:00:33'),
(29, 59, 3, 57, 0, 0, '2019-12-06 10:00:54', '2019-12-06 10:00:54'),
(30, 60, 3, 57, 0, 0, '2019-12-06 10:01:47', '2019-12-06 10:01:47'),
(31, 61, 6, 0, 0, 0, '2019-12-06 10:40:03', '2019-12-06 10:40:03'),
(32, 62, 6, 61, 0, 0, '2019-12-06 10:40:24', '2019-12-06 10:40:24'),
(33, 63, 6, 61, 0, 0, '2019-12-06 10:40:45', '2019-12-06 10:40:45'),
(34, 64, 6, 0, 0, 0, '2019-12-06 10:41:36', '2019-12-06 10:41:36'),
(35, 65, 7, 0, 0, 0, '2019-12-06 15:53:58', '2019-12-06 15:53:58'),
(36, 66, 7, 0, 0, 0, '2019-12-09 14:30:44', '2019-12-09 14:30:44'),
(37, 67, 7, 0, 0, 0, '2019-12-09 14:30:58', '2019-12-09 14:30:58'),
(38, 68, 6, 61, 0, 0, '2019-12-13 20:20:30', '2019-12-13 20:20:30'),
(39, 69, 6, 0, 0, 0, '2019-12-13 20:20:56', '2019-12-13 20:20:56');

-- --------------------------------------------------------

--
-- Table structure for table `tbl_apoteker`
--

CREATE TABLE `tbl_apoteker` (
  `id_apoteker` int(11) NOT NULL,
  `nama_apoteker` varchar(50) NOT NULL,
  `alamat` varchar(200) NOT NULL,
  `telp` varchar(25) NOT NULL,
  `email` varchar(50) NOT NULL,
  `no_sik_sipa` varchar(30) NOT NULL,
  `no_stra` varchar(30) NOT NULL,
  `tanggal_mulai_tugas` date NOT NULL,
  `dtm_crt` datetime NOT NULL DEFAULT current_timestamp(),
  `dtm_upd` datetime NOT NULL DEFAULT current_timestamp()
) ENGINE=InnoDB DEFAULT CHARSET=latin1;

--
-- Dumping data for table `tbl_apoteker`
--

INSERT INTO `tbl_apoteker` (`id_apoteker`, `nama_apoteker`, `alamat`, `telp`, `email`, `no_sik_sipa`, `no_stra`, `tanggal_mulai_tugas`, `dtm_crt`, `dtm_upd`) VALUES
(1, 'jafar', 'alsdh', '098090909', 'manajer_akuntan1@gmail.com', '0090ji09', 'olia00ii', '2019-11-14', '2019-11-14 21:21:30', '2019-11-14 15:22:16'),
(2, 'ratna sari', 'jember', '09090909', 'mail@mail.com', '090090', '090999', '2019-11-19', '2019-11-19 15:45:12', '2019-11-19 15:45:12');

-- --------------------------------------------------------

--
-- Table structure for table `tbl_biaya_sk`
--

CREATE TABLE `tbl_biaya_sk` (
  `sksehat` int(11) NOT NULL,
  `sksakit` int(11) NOT NULL,
  `rapid_antigen` int(11) NOT NULL
) ENGINE=InnoDB DEFAULT CHARSET=utf8mb4;

--
-- Dumping data for table `tbl_biaya_sk`
--

INSERT INTO `tbl_biaya_sk` (`sksehat`, `sksakit`, `rapid_antigen`) VALUES
(50000, 20000, 30000);

-- --------------------------------------------------------

--
-- Table structure for table `tbl_bidang`
--

CREATE TABLE `tbl_bidang` (
  `id_bidang` int(11) NOT NULL,
  `nama_bidang` varchar(35) NOT NULL
) ENGINE=InnoDB DEFAULT CHARSET=latin1;

--
-- Dumping data for table `tbl_bidang`
--

INSERT INTO `tbl_bidang` (`id_bidang`, `nama_bidang`) VALUES
(1, 'BIDANG 1'),
(2, 'BIDANG 2'),
(3, 'bidang 33');

-- --------------------------------------------------------

--
-- Table structure for table `tbl_departemen`
--

CREATE TABLE `tbl_departemen` (
  `id_departemen` int(11) NOT NULL,
  `nama_departemen` varchar(40) NOT NULL
) ENGINE=InnoDB DEFAULT CHARSET=latin1;

--
-- Dumping data for table `tbl_departemen`
--

INSERT INTO `tbl_departemen` (`id_departemen`, `nama_departemen`) VALUES
(1, 'DEPARTEMEN 1'),
(2, 'kemanan'),
(3, 'KEUANGAN');

-- --------------------------------------------------------

--
-- Table structure for table `tbl_diagnosa_icd10`
--

CREATE TABLE `tbl_diagnosa_icd10` (
  `id_diagnosa` int(4) NOT NULL,
  `code` varchar(25) NOT NULL,
  `diagnosa` varchar(255) NOT NULL
) ENGINE=InnoDB DEFAULT CHARSET=utf8mb4;

--
-- Dumping data for table `tbl_diagnosa_icd10`
--

INSERT INTO `tbl_diagnosa_icd10` (`id_diagnosa`, `code`, `diagnosa`) VALUES
(1, 'R10.4', 'Abdominal pain'),
(2, 'H 33', 'Ablasi dan kerusakan retina'),
(3, 'H33.2', 'Ablasio Retina / Cornea'),
(4, 'O20.0', 'Abortus iminens'),
(5, 'O08.0', 'Abortus infeksius'),
(6, 'O06.9', 'Abortus inkomplit'),
(7, 'O02.1', 'Abortus insiplens'),
(8, 'O 05', 'Abortus lainnya'),
(9, 'O 04', 'Abortus medik'),
(10, 'O 03', 'Abortus spontan'),
(11, 'L02.9', 'Abses(LUKA)'),
(12, 'K65.0', 'Abses abdominal'),
(13, 'L02.4', 'Abses Akilla'),
(14, 'K 35.1', 'Abses apendicular/apendikes'),
(15, 'K35.1', 'Abses app'),
(16, 'N75.1', 'Abses bartolin'),
(17, 'J34.0', 'Abses beplum'),
(18, 'N73.5', 'Abses CD'),
(19, 'Q06.0', 'Abses cerebri'),
(20, 'L02.1', 'Abses colli'),
(21, 'H16.3', 'Abses cornea'),
(22, 'Q76.4', 'Abses coxal'),
(23, 'J86.9', 'Abses dada'),
(24, 'K05.2', 'Abses gingival'),
(25, 'N15.1', 'Abses ginjal'),
(26, 'A 06.4', 'Abses hati amuba'),
(27, 'K75.0', 'Abses hati/liver/hepar'),
(28, 'L02.2', 'Abses ingunialis'),
(29, 'L02.8', 'Abses kepala/ragio'),
(30, 'L02.4', 'Abses lutut kiri/axilla/femur/femoral'),
(31, 'N61', 'Abses mama'),
(32, 'K10.0', 'Abses mandibula'),
(33, 'G06.6', 'Abses otak'),
(34, 'J86.9', 'Abses pada dada'),
(35, 'N76.0', 'Abses pagina'),
(36, 'K12.2', 'ABSES PALATUM'),
(37, 'H00.0', 'Abses palpebra'),
(38, 'K85', 'Abses pancereas'),
(39, 'L02.3', 'Abses pantat/buttock/glutea'),
(40, 'J39.0', 'Abses paraparingeal'),
(41, 'K61.0', 'Abses parienal'),
(42, 'J 85.1, .2', 'Abses paru'),
(43, 'J85.1', 'Abses paru/lung'),
(44, 'J36', 'Abses peritonsilair'),
(45, 'K05.2', 'Abses perodental'),
(46, 'K65.0', 'Abses perut'),
(47, 'L02.2', 'Abses pinggang kiri'),
(48, 'L02.0', 'Abses pipi'),
(49, 'T81.4', 'Abses post op/luka oprasi'),
(50, 'N15.1', 'Abses renal'),
(51, 'K65.0', 'Abses Retro pritonial'),
(52, 'K12.2', 'Abses sub mandibula'),
(53, 'J86.9', 'Abses torax'),
(54, 'N70.9', 'Abses turbo ovarial (ATO)'),
(55, 'L02.2', 'Abses umbilicia/dinding (Abdomen punggung)'),
(56, 'K22.0', 'Achalasia cardia / esopagus'),
(57, 'Q39.5', 'Achelasia congenital'),
(58, 'Q40.0', 'Achelasia pylorus'),
(59, 'R10.0', 'Acut abdomen'),
(60, 'J20.9', 'Acut laringo tracea broncitis'),
(61, 'C92.0', 'Acut myelocitic leukemia (AML)'),
(62, 'J80', 'Acut respiratory distress syndrom'),
(63, 'K72.0', 'Acute hepatic failure'),
(64, 'D16.5', 'Adamantinoma'),
(65, 'C11.1', 'Adeno ca'),
(66, 'C16.9', 'Adeno ca. gaster'),
(67, 'C18.9', 'Adeno Ca.Colon'),
(68, 'C34.9', 'Adeno Ca.paru'),
(69, 'J35.2', 'Adeno tonsilitis cronis'),
(70, 'N80.0', 'Adenomycosio'),
(71, 'N70.9', 'Adnexitis'),
(72, 'O64.1', 'After Coming head'),
(73, 'D 70', 'Agranulositosus'),
(74, 'T 15, T 17 - T19', 'Akibat dari kemasukan benda asing melaluilubang tubuh'),
(75, 'T78.4', 'Alergi'),
(76, 'J 30.3', 'Alergi rhinitis akibat kerja'),
(77, 'C95.7', 'Aleukimia leukimia'),
(78, 'C91.0', 'ALL'),
(79, 'A06.9', 'Amebiasis'),
(80, 'A 06.0-.3 .5-.9', 'Amebiasis lainnya'),
(81, 'N 91.0, .1, .2', 'Amenore'),
(82, 'N91.2', 'Amenorrhea'),
(83, 'I21.9', 'AMI ( infark miokard akut)'),
(84, 'S98.1', 'Amputasi jari kaki satu'),
(85, 'D64.8', 'Anemia (gravio)'),
(86, 'D 61', 'Anemia aplastik lainnya'),
(87, 'D 50', 'Anemia defisiensi zat besi'),
(88, 'D58.9', 'Anemia hemolitik'),
(89, 'D 59', 'Anemia Hemolitik'),
(90, 'D 51  D 58,D 60, D 62 ', 'Anemia lainnya'),
(91, 'D50.0', 'Anemia pasca pendarahan'),
(92, 'Q00.0', 'Anencepalus bayi'),
(93, 'Q35.0', 'anencepalus ibu'),
(94, 'I71.4', 'Aneorisme Aorta Abdominal'),
(95, 'I71.9', 'Aneuryama aorta'),
(96, 'I20.9', 'Angina pictoris'),
(97, 'I20.0', 'angina pictoris unsiable/fasca infark'),
(98, 'D10.6', 'Angio fibroma nasofaring'),
(99, 'T78.3', 'Angioauritic Alergi'),
(100, 'Q89.9', 'Anomali intra cranial'),
(101, 'O99.0', 'Anomia post partum'),
(102, 'Q11.1', 'Anoptalmia'),
(103, 'R63.0', 'Anorexia'),
(104, 'A 22', 'Anthraks'),
(105, 'O62.2', 'Antonea Uteri'),
(106, 'F41.9', 'Anxietas'),
(107, 'I35.1', 'Aorta insufisianis'),
(108, 'Q25.3', 'Aorta stenosis'),
(109, 'R47.0', 'Apasia'),
(110, 'O48.9', 'APB'),
(111, 'H27.0', 'Apekia'),
(112, 'K37', 'Apendicitis'),
(113, 'K35.9', 'Apendicitis acut'),
(114, 'K36', 'Apendicitis kronis'),
(115, 'K35.0', 'Apendicitis perforasi'),
(116, 'K38.1', 'Apendicular'),
(117, 'K38.1', 'Apendix infilltrat'),
(118, 'R06.8', 'Apnea'),
(119, 'P28.4', 'Apnea bayi'),
(120, 'R06.8', 'Apneic spell'),
(121, 'A06.9', 'AR'),
(122, 'I49.0', 'Aritmia'),
(123, 'M25.5', 'Artialgia'),
(124, 'M13.9', 'Artretis'),
(125, 'M 08 - M 09', 'Artritis belia'),
(126, 'M 00 - M 01', 'Artritis piogenik dan artritis pada penyakit infeksi dan parasit YDK di tempat lain'),
(127, 'M 05 - M 06', 'Artritis reumatoid'),
(128, 'M 12 - M 14', 'Artropati dan artritis'),
(129, 'M 02 - M 03', 'Artropati reaktif'),
(130, 'M 15 - M 19', 'Artrosis'),
(131, 'B77.9', 'Ascariasis'),
(132, 'R18', 'Ascites'),
(133, 'Q21.1', 'ASD ( Atreal septa depta )'),
(134, 'Z31.2', 'Aseptor implant'),
(135, 'E87.2', 'Asidosis metabdik'),
(136, 'J 45', 'Asma akibat kerja'),
(137, 'J45.9', 'Asma bronciale (AB)'),
(138, 'R09.0', 'Asphixia'),
(139, 'P21.0', 'Asphixia berat'),
(140, 'P21.1', 'asphixia ringan'),
(141, 'T17.1', 'Aspirasi hidung'),
(142, 'P24.0', 'Aspirasi mecodum'),
(143, 'T17.9', 'Aspirasi minyak T /Bd.Asing/Food'),
(144, 'J69', 'Aspirasi pnemunea dewasa'),
(145, 'P24.1', 'Aspirasi pnemunia bayi'),
(146, 'R53', 'Astenea'),
(147, 'J98.1', 'Atelactasis'),
(148, 'I 70', 'Aterosklerosis'),
(149, 'I70.9', 'Atoroma'),
(150, 'Q42.3', 'Atresia ani'),
(151, 'Q 41.0', 'Atresia duodeni'),
(152, 'Q41.0', 'Atresia Ileum'),
(153, 'Q42.1', 'Atresia rectum'),
(154, 'I48', 'Atrial fibrilasi (AF)'),
(155, 'M08.0', 'Atritis Rematik'),
(156, 'I44.3', 'AV block'),
(157, 'T14.7', 'Avulsion'),
(158, 'R79.8', 'Azotermia'),
(159, 'N48.1', 'Balanitis'),
(160, 'N48.1', 'balanitis'),
(161, 'C44.1', 'Basalioma Canthus lateralis'),
(162, 'C44.3', 'Basalioma hidung/pipi/mata'),
(163, 'C44.2', 'Basalioma telinga'),
(164, 'N20.0', 'Batu btaghorn'),
(165, 'K80.8', 'Batu empedu'),
(166, 'N20.0', 'Batu ginjal'),
(167, 'N21.1', 'Batu uretra /BBB'),
(168, 'A37.9', 'batuk rejan ( pertusis)'),
(169, 'Z33', 'bayi belum lahir ( infartu)'),
(170, 'P08.0', 'Bayi besar'),
(171, 'P92.2', 'bayi kurang minum'),
(172, 'Z 38', ''),
(173, 'P95', 'bayi mati'),
(174, 'O36.4', 'bayi meninggal ibu hidup (KJDR)'),
(175, 'Z38.0', 'bayi normal'),
(176, 'P03.4', 'Bayi sectio'),
(177, 'P03.3', 'Bayi vakum'),
(178, 'F05.0', 'BBLR'),
(179, 'T 16', 'Benda asing pada telinga'),
(180, 'Y04', 'berkelahi'),
(181, 'Q 35 - Q 37', 'Bibir celah dan langit-langit celah'),
(182, 'Q36.9', 'Bibir sumbing'),
(183, 'O02.0', 'Bilgted ovum'),
(184, 'K80.5', 'Biliary kolik'),
(185, 'J 66.0', 'Bisinosis'),
(186, 'N93.0', 'Bleeding post coitus'),
(187, 'B50.8', 'Block Water Fever'),
(188, 'K92.1', 'Bloody diare'),
(189, 'R00.1', 'Bmdicardia'),
(190, 'N75.8', 'bortolintitis'),
(191, 'N10', 'BPH ( prostat)'),
(192, 'P14.3', 'Bracial Palsy'),
(193, 'J47', 'Bronciektasis'),
(194, 'J21.9', 'Bronciolitis /Acut'),
(195, 'J40', 'Broncitis'),
(196, 'J20.9', 'Broncitis acut'),
(197, 'J42', 'Broncitis kronik'),
(198, 'J18.0', 'Bronco pnemunia'),
(199, 'J 47', 'Bronkiektasis'),
(200, 'J 20 - J 21', 'Bronkitis akut dan bronkiolitis akut'),
(201, 'J 40 - J 44', 'Bronkitis, emfisema dan penyakit paru obstruktif kronik lainnya'),
(202, 'A 23', 'Bruselosis'),
(203, 'Z47.0', 'Buka pen'),
(204, 'Z30.5', 'Buka spiral'),
(205, 'X76.0', 'bunuh diri dengan membakar diri'),
(206, 'X70', 'bunuh diri dengan menusuk badan'),
(207, 'E78.3', 'Burger O'),
(208, 'T21', 'Burt abdomen'),
(209, 'H 54', 'Buta dan rabun'),
(210, 'C54.1', 'CA ewametrium'),
(211, 'C67.9', 'Ca. Blader'),
(212, 'C68.0', 'Ca. Buli-buli'),
(213, 'C18.0', 'Ca. Caecum'),
(214, 'C53.9', 'Ca. Cerviks'),
(215, 'C76.0', 'ca. Coll'),
(216, 'C18.9', 'Ca. Colon'),
(217, 'C54.9', 'ca. Corpus'),
(218, 'C44', 'Ca. Epidermoid'),
(219, 'C15.9', 'Ca. Esopagus'),
(220, 'C40.2', 'Ca. Femur'),
(221, 'C16.9', 'Ca. Gaster/lambung'),
(222, 'C77.9', 'ca. Gland (kelenjar)'),
(223, 'C32.9', 'Ca. Laring'),
(224, 'C02.9', 'Ca. Lidah'),
(225, 'C50.9', 'Ca. Mama'),
(226, 'C41.1', 'Ca. Mandibula'),
(227, 'C11.9', 'Ca. Nesofaring'),
(228, 'C56', 'Ca. Ovari'),
(229, 'C05.9', 'Ca. Palata'),
(230, 'C25.9', 'Ca. Pancereas'),
(231, 'C76.3', 'Ca. Pantat'),
(232, 'L 07', 'Ca. Parotis ( pinggang)'),
(233, 'C34.1', 'Ca. Paru'),
(234, 'C60.9', 'ca. Penis'),
(235, 'C55', 'Ca. Rahim/uterus'),
(236, 'C20', 'Ca. Recti'),
(237, 'C18.7', 'Ca. Sigmoid'),
(238, 'C76.0', 'ca. Squo mous cell'),
(239, 'C51.9', 'Ca. Tibia'),
(240, 'C52', 'Ca. Vagina'),
(241, 'C22.1', 'Ca.chalangio'),
(242, 'C58', 'ca.corio'),
(243, 'C61', 'Ca.prostat'),
(244, 'C73', 'Ca.teroid'),
(245, 'Q03.0', 'cacat bawaan'),
(246, 'I25.1', 'CAD/CHD (PJK)'),
(247, 'B 05', 'Campak'),
(248, 'B05.9', 'campak/measles'),
(249, 'B37.9', 'candidiasis'),
(250, 'P12.8', 'Capul succedonum'),
(251, 'K76.1', 'cardioac cirosis'),
(252, 'K76.1', 'cardioac cirosis'),
(253, 'R57.0', 'cardiogenic syok'),
(254, 'I42.9', 'cardiomeapaty'),
(255, 'I51.7', 'cardiomegali'),
(256, 'C44.2', 'carsinoma telinga'),
(257, 'C55', 'carsinoma utery'),
(258, 'Q12.0', 'catarac'),
(259, 'H26.2', 'Catarac compilated'),
(260, 'H26.0', 'catarac muda ( juvenil)'),
(261, 'H26.4', 'catarac scondary'),
(262, 'H26.1', 'Catarac traumatik'),
(263, 'H25.2', 'Catarac tua(mature)'),
(264, 'S 26 - S 27', 'Cedera alat dalam lainnya'),
(265, 'S 06', 'Cedera intrakranial'),
(266, 'P 10 - P 15', 'Cedera lahir'),
(267, 'S 05', 'Cedera mata dan orbita'),
(268, 'S 36 - S 37 S 97-98, T04-', 'Cedera remuk dan trauma amputasi YDT dan daerah badan multipel'),
(269, 'S00-S01, S04, S09-S11,', 'Cedera YDT lainnya, YTT dan daerah badan multipel'),
(270, 'L03.9', 'celuitis'),
(271, 'H05.0', 'celulitis orbita'),
(272, 'R51', 'cepalgia'),
(273, 'P12.0', 'cepalhematoma bayi'),
(274, 'S08.8', 'cepalhematoma bayi traumatik'),
(275, 'P12.0', 'cepalhomatoma bayi'),
(276, 'G93.9', 'cerebral'),
(277, 'G80.9', 'cerebral palsy (CP)'),
(278, 'H61.2', 'cerumen'),
(279, 'M53.1', 'cervisal syndrome'),
(280, 'K74.6', 'CH (cirosis hati)'),
(281, 'H00.1', 'chalazion'),
(282, 'R07.4', 'chest pain'),
(283, 'I50.0', 'CHF (gagal jantung kongestif)'),
(284, 'A 92.0', 'Chikungunya'),
(285, 'K80.5', 'choledocholitiasis'),
(286, 'K80.2', 'cholelitiasis'),
(287, 'K83.1', 'cholestasis'),
(288, 'K83.1', 'cholestasis'),
(289, 'K81.9', 'cholicystitis'),
(290, 'K81.0', 'cholicystitis acut'),
(291, 'M98.8', 'chondroitis'),
(292, 'N48.9', 'chordea'),
(293, 'G25.5', 'Chorea'),
(294, 'C58', 'chorio cersininoma'),
(295, 'E24.9', 'chusing syndrome'),
(296, 'L90.5', 'cicatrix'),
(297, 'D06.9', 'CIN ( carsinoma insitu cerviks)'),
(298, 'K76.1', 'ciroses cardiac'),
(299, 'T17.1', 'cirosis alineum cav.nasi'),
(300, 'N03.9', 'CKD (cronic kidny disease)'),
(301, 'K76.0', 'CLD'),
(302, 'K76.9', 'CLD'),
(303, 'C91.1/M9823/3', 'CLL'),
(304, 'C92.1/M98/G31.3', 'CMI'),
(305, 'A00.9', 'colera'),
(306, 'R10.4', 'colic abdomen'),
(307, 'R10.4', 'colic abdomen'),
(308, 'N23', 'colic ureter'),
(309, 'N23', 'colit renal ginjal'),
(310, 'A09', 'Colitis (acut)'),
(311, 'A06.0', 'colitis amooba'),
(312, 'K51.9', 'colitis ulceritiva'),
(313, 'K51.9', 'colitis ulkiraliv'),
(314, 'A16.2', 'Coll abses'),
(315, 'Q80.2', 'colodian baby'),
(316, 'K92.1', 'colon post radiasi'),
(317, 'K91.4', 'colostomi prolaps'),
(318, 'K91.4', 'colostomy'),
(319, 'R40.2', 'coma'),
(320, 'P91.5', 'coma bayi'),
(321, 'E14.0', 'coma diabetic'),
(322, 'K72.9', 'coma hepaticum'),
(323, 'E14.0', 'coma hiperglikemik'),
(324, 'E15', 'coma hipoglikemik'),
(325, 'E14.0', 'coma honk ( hiper osmolarilas non ketosis)'),
(326, 'N19', 'coma uremikum'),
(327, 'N19', 'coma urine'),
(328, 'T31.1', 'combustio grade 10-19%'),
(329, 'T31.3', 'combustio grade 30-39%'),
(330, 'T31.6', 'combustio grade 60-69%'),
(331, 'T31.7', 'combustio grade 70-79%'),
(332, 'T22.1', 'combustio lengan'),
(333, 'L70.0', 'comedo'),
(334, 'R41.0', 'comfusi'),
(335, 'D13.5', 'comon bill duct (CBD)'),
(336, 'J00', 'comon colid'),
(337, 'T14.2', 'compresion'),
(338, 'G93.5', 'compressisi medula spinalis'),
(339, 'A63.0', 'condiloma acuminatum'),
(340, '', 'Congenital centralis /PSC'),
(341, 'H13.1', 'conjungtivitas neunatal gonocokal'),
(342, 'H10.9', 'conjungtivitis'),
(343, 'M62.9', 'conraktur otot /leher'),
(344, 'K59.0', 'contifation'),
(345, 'M79.9', 'contractur akilla'),
(346, 'M24.4', 'contraktur alku kanan/elbow'),
(347, 'M20.0', 'contraktur jari kaki kiri'),
(348, 'M62.4', 'contraktur musole'),
(349, 'S06.2', 'contusio cerebri /CKB'),
(350, 'S06.0', 'contusio cerebril/CKS/CKR'),
(351, 'S05.8', 'contusio mata'),
(352, 'S34.3', 'contusio modula spinalis'),
(353, 'T14.6', 'contusio muscolorum'),
(354, 'T14.6', 'contusio otot leher'),
(355, 'S30.2', 'contusio penis'),
(356, 'S37.0', 'contusio renis'),
(357, 'S20.2', 'contusio torax'),
(358, 'R56.8', 'convulsi ( kejang)'),
(359, 'J44.9', 'COPD/PPOM'),
(360, 'I27.9', 'cor pulmunale cronic ( CPC)'),
(361, 'T17.2', 'corpus alienum hipoparing'),
(362, 'T17.5', 'Corpus Alineum Broncus'),
(363, 'S21.0', 'corpus alineum peluru'),
(364, 'S29.9', 'corpus alineumthoacal (punggung)'),
(365, 'M13.1', 'coxitis'),
(366, 'J81', 'CPA ( odema perut akut)'),
(367, 'Q33.9', 'CPD'),
(368, 'H34.2', 'CRAO'),
(369, 'N18.9', 'CRF/GGK'),
(370, 'K76.9', 'cronic liver disease'),
(371, 'J98.4', 'cronic lung disiase'),
(372, 'J05.0', 'Croup'),
(373, 'M53.1', 'CRS'),
(374, 'S97.8', 'crush foot'),
(375, 'S95.9', 'crush injuri cruris'),
(376, 'Q66.0', 'CTEV'),
(377, 'N94.1', 'Cuitus'),
(378, 'L02.4', 'curetage skin'),
(379, 'I 64', 'CVA'),
(380, 'I61.9', 'CVA bleeding/hemorage/HS'),
(381, 'I63.9', 'CVA infak'),
(382, 'I67.9', 'CVD'),
(383, 'I66.9', 'CVD trombosit'),
(384, 'R23.0', 'cyanosis'),
(385, 'N30.9', 'cyatitis'),
(386, 'Q24.9', 'cynotic CHD'),
(387, 'N75.0', 'cysta bartolini'),
(388, 'L72.1', 'cysta cebaceaus'),
(389, 'G93.0', 'cysta cerebrl'),
(390, 'N80.1', 'cysta coklat'),
(391, 'H11.4', 'cysta conjunctiva'),
(392, 'H04.8', 'cysta ductus laclimaris'),
(393, 'N85.8', 'cysta endometrium'),
(394, 'I72.0', 'cysta epidermoid'),
(395, 'H02.8', 'Cysta eyelld (kelopak mata)'),
(396, 'K09.0', 'cysta folikuler'),
(397, 'I51.9', 'cysta hati'),
(398, 'N60.0', 'cysta mama'),
(399, 'K09.2', 'cysta maxijja'),
(400, 'J34.1', 'cysta nasal(binus)'),
(401, 'N83.2', 'Cysta overy'),
(402, 'K86.2', 'cysta pancereas'),
(403, 'Q18.1', 'cysta preauriculer'),
(404, 'K04.8', 'cysta radioculer'),
(405, 'Q18.1', 'cysta retro kurikuler'),
(406, 'D46.6', 'cysta sarcoma'),
(407, 'K11.6', 'cysta sub mandibula'),
(408, 'Q89.2', 'cysta thyrogiasus'),
(409, 'E04.1', 'cysta tiroid'),
(410, 'N81.1', 'cystocele (female)'),
(411, 'N32.8', 'cystocele (male)'),
(412, 'N81.4', 'cystocele (prolaps uteri)'),
(415, 'O02.1', 'dead conseptus'),
(416, 'I51.9', 'Decom cordis'),
(417, 'L89', 'decubitus(ulcer)'),
(418, 'E 50', 'Defisiensi vitamin A'),
(419, 'E 51 - E 56', 'Defisiensi vitamin lainnya'),
(420, 'Q 66', 'Deformasi kongenital kaki'),
(421, 'Q 65', 'Deformasi kongenital sendi panggul'),
(422, 'K06.8', 'deformiti gum'),
(423, 'E06', 'dehidrasi'),
(424, 'R62.8', 'deloyed depelopment'),
(425, 'F80.9', 'deloyed movement'),
(426, 'L02.9', 'demam abses'),
(427, 'A 91', 'Demam berdarah dengue'),
(428, 'A 68', 'Demam bolak balik'),
(429, 'A 90', 'Demam dengue'),
(430, 'A 95', 'Demam kuning'),
(431, 'I00', 'demam rematik'),
(432, 'I 00 - I 02', 'Demam reumatik akut'),
(433, 'A 01', 'Demam tifoid dan paratifoid'),
(434, 'A 75', 'Demam tifus'),
(435, 'A01.0', 'demam tipoid'),
(436, 'A 93 - A 94 A 96 - A 99', 'Demam virus dan demam berdarah virus tular serangga lainnya'),
(437, 'A 92.1 - A 92', 'Demam virus tular nyamuk'),
(438, 'R 50', 'Demam yang sebabnya tidak diketahui'),
(439, 'F 00 - F 03', 'Demensia'),
(440, 'F03', 'dementia senlititis'),
(441, 'A90', 'dengue'),
(442, 'A09', 'Dengue fever'),
(443, 'E 86', 'Deplesi volume (dehidrasi)'),
(444, 'F32.9', 'depresi'),
(445, 'M 20 - M 21', 'Derformitas tungkai didapat'),
(446, 'L30.8', 'Dermatitis'),
(447, 'L 23 - L 24', 'Dermatosis akibat kerja'),
(448, 'N94.6', 'Desmenorrhea'),
(449, 'K30', 'Despepsia'),
(450, 'J34.2', 'deviasi septuri'),
(451, 'G36.0', 'devic\'s desease'),
(452, 'Q24.0', 'dextrocordia'),
(453, 'A91', 'DHF/DSS'),
(454, 'E 10', 'Diabetes melitus bergantung insulin'),
(455, 'E 12', 'Diabetes melitus berhubungan malnutrisi'),
(456, 'O 24', 'Diabetes melitus dalam kehamilan'),
(457, 'E 11', 'Diabetes melitus tidak bergantung insulin'),
(458, 'E 13', 'Diabetes melitus YDT lainnya'),
(459, 'E 14', 'Diabetes melitus YTT'),
(460, 'A 09', 'Diare & gastroenteritis oleh penyebab infeksi tertentu (kolitis infeksi)'),
(461, 'P78.3', 'diare bayi baru lahir'),
(462, 'A09', 'diare yang ada hasil lab'),
(463, 'K52.9', 'diare yang tidak ada leb'),
(464, 'D69.9', 'diathesis hemorrhage'),
(465, 'W45.0', 'dibacok/ditebas/ditusuk maling'),
(466, 'X 85 - Y 09', 'Dicederai'),
(467, 'N86', 'dicubitus ( cerviks)'),
(468, 'T14.4', 'diffuse axonal injury'),
(469, 'A 36', 'Difteria'),
(470, 'W54.0', 'digigit anjing ( dogbite)'),
(471, 'Y04.0', 'dikeroyok'),
(472, 'I51.7', 'Dilated cardio myopanti (DCM)'),
(473, 'Y04', 'dipikul'),
(474, 'H53.2', 'diplopia'),
(475, 'A36.9', 'Dipteria'),
(476, 'A06.0', 'disentri amoeba'),
(477, 'A03.9', 'disentri basiler'),
(478, 'W64.9', 'diseruduk kerbau'),
(479, 'R13', 'Disfagia'),
(480, 'G93.9', 'disfungsi batang otak'),
(481, 'T14.3', 'Dislokasi'),
(482, 'S93.0', 'Dislokasi Ankle'),
(483, 'S43.0', 'Dislokasi bahu/humerus'),
(484, 'S53.1', 'dislokasi elbow/siku'),
(485, 'S73.0', 'Dislokasi HIP'),
(486, 'H27.1', 'Dislokasi lensa'),
(487, 'S83.1', 'dislokasi lutut'),
(488, 'S03.0', 'Dislokasi mandibula'),
(489, 'S33.2', 'Dislokasi panggul kiri'),
(490, 'S03.0', 'dislokasi TMJ'),
(491, 'S 03, 13, 23, 33, 43, 53 ', 'Dislokasi, terkilir, teregang YDT dan daerah badan multipel'),
(492, 'K 30', 'Dispepsia'),
(493, 'R14', 'distension abdomen'),
(494, 'O66.9', 'Distocia'),
(495, 'P22.9', 'Distress pernapasan bal'),
(496, 'J98.4', 'distroyed lung'),
(497, 'V03.1', 'ditabrak mobil dari belakang sedang jalan'),
(498, 'W34.0', 'ditembak'),
(499, 'Q43.0', 'diverticula meckel\'s'),
(500, 'E14.9', 'DM'),
(501, 'E14.5', 'DM gangren'),
(502, 'E10', 'DM Juvenil'),
(503, 'E14.2', 'DM nepropaty'),
(504, 'G81.9', 'doble hemiparese'),
(505, 'M 40 - M 44, M 54.6, .8, ', 'Dorsopati lainnya'),
(506, 'Q90.9', 'down syndrom'),
(507, 'B 72', 'Drakunkuliasis'),
(508, 'P03.6', 'drip normal bayi'),
(509, 'I62.1', 'Drip normal ibu'),
(510, 'T75.1', 'Drowning'),
(511, 'L27.0', 'drug eruption'),
(512, 'T43.3', 'drug induce halopridal'),
(513, 'F19.0', 'drug intoxication'),
(514, 'T88.7', 'drugindiced hepatitis'),
(515, 'N93.8', 'DUB'),
(516, 'K29.8', 'Duodenitis'),
(517, 'I82.9', 'DVT'),
(518, 'R49.0', 'dysphonia'),
(519, 'I49.9', 'dysrhytmia'),
(522, 'R60.1', 'edema anasorhe'),
(523, 'G93.6', 'edema cerebral'),
(524, 'H02.8', 'edema eyelid mata'),
(525, 'H47.1', 'edema papil'),
(526, 'J81', 'edema paru akut'),
(527, 'N90.8', 'edema vulva'),
(528, 'O 10 - O 13, O 16', 'Edema, proteinuria dan gangguan hipertensi dalam kehamilan, persalinan dan masa nifas'),
(529, 'S06.4', 'EDH ( epidural hematoma)'),
(530, 'H 83.3', 'Efek kebisingan telinga bagian dalam'),
(531, 'T 67', 'Efek panas dan pencahayaan'),
(532, 'T 66', 'Efek radiasi YTT'),
(533, 'Y 40 - Y 59', 'Efek samping pengguna obat, bahan obat dan bahan biologik'),
(534, 'T 33 - T 35, T 68 - T69', 'Efek sebab luar lainnya dan YTT pembedahan dan perawatan YTK di tempat lain'),
(535, 'T 70', 'Efek tekanan udara dan tekanan air'),
(536, 'T 51, T 53 -T 55 , T 57 -', 'Efek toksik bahan non medisinal lainnya'),
(537, 'J90', 'efusi pleura'),
(538, 'J 90 - J 91', 'Efusi pleura (empiema)'),
(539, 'B 67', 'Ekinokokosis'),
(540, 'O15.9', 'eklampsia'),
(541, 'O 15', 'Eklampsia'),
(542, 'Q24.8', 'Ektopic cordis'),
(543, 'T75.4', 'elektrik shook'),
(544, 'I 74', 'Emboli dan trombosis arteri'),
(545, 'I 26', 'Emboli paru'),
(546, 'R11', 'emesis'),
(547, 'J43.9', 'empisema paru'),
(548, 'J86.9', 'empyema'),
(549, 'G93.4', 'encepalopati'),
(550, 'J38', 'endocarditia'),
(551, 'N80.9', 'endometnosis'),
(552, 'N 80', 'Endometriosis'),
(553, 'N71.9', 'endometritis'),
(554, 'H44.0', 'endoptalmitis'),
(555, 'G04.9', 'ensefalitis'),
(556, 'A 83 - 86', 'Ensefalitis virus'),
(557, 'K72.9', 'ensepalopati hepatikum'),
(558, 'A09', 'enteritis'),
(559, 'K63.2', 'entrocular fistula'),
(560, 'Q64.1', 'entropia bulu-buli'),
(561, 'H02.1', 'entropien mata citaticial'),
(562, 'N45.9', 'epididmitis'),
(563, 'S06.4', 'epidoral hematoma'),
(564, 'R10', 'epigastro pain'),
(565, 'J05.1', 'epigglotitis'),
(566, 'G40.9', 'epilepsi'),
(567, 'G 40 - G 41', 'Epilepsi'),
(568, 'F 32 - F 39', 'Episoda depresif, gangguan depresifberulang, gangguan suasana perasaan (mood afektif) menetap, lainnya atau YTT'),
(569, 'F 30,F 31', 'Episode manik dan gangguan afektif bipolar'),
(570, 'R04.0', 'epitaxis'),
(571, 'K06.0', 'epulis'),
(572, 'A46', 'erisipelas'),
(573, 'L53.9', 'eritodemi'),
(574, 'L53.0', 'erythema toxica'),
(575, 'K20', 'esopagitis'),
(576, 'H50.0', 'esotrapia'),
(577, 'B05.2', 'exanthema subitum'),
(578, 'T14.0', 'excoriasis'),
(579, 'M89.9', 'exostosis'),
(580, 'Q75.6', 'exostusis multiple'),
(581, 'G25.9', 'exstra piramidal syndrom'),
(584, 'S02.2', 'faktur hidung/nasi'),
(585, 'J 02', 'Faringitis akut'),
(586, 'O 85', 'febris pueperalis'),
(587, 'P 20,1', 'fetal bayi'),
(588, 'O 33,9', 'fetal distress'),
(589, 'D 24', 'fibro adenoma mama (FAM)'),
(590, 'M 79,0', 'fibro myostis'),
(591, 'D 21,9', 'fibro sarcoma'),
(592, 'D 36,7', 'fibroma'),
(593, 'D 21,3', 'fibroma axilla'),
(594, 'D 16,2', 'fibroma femur'),
(595, 'D 36,7', 'fibroma jari/pipi'),
(596, 'D 21,0', 'fibroma kepala'),
(597, 'D 26,0', 'fibroma osteo'),
(598, 'M 79,0', 'fibromyalgia'),
(599, 'N 48,6', 'fibrosis corpora cavernosa'),
(600, 'B 74', 'Filariasis'),
(601, 'K 60,3', 'fistal perianal'),
(602, 'N 38,0', 'fistal perineum'),
(603, 'T 81,8', 'fistal post op'),
(604, 'K 63,2', 'fistel enterocutaneous'),
(605, 'Q 35,9', 'fistel palatum'),
(606, 'Q 18,1', 'fistel preauriculer'),
(607, 'K 63,2', 'fistula abdomen'),
(608, 'Q 42,2', 'fistula afresia ani'),
(609, 'J86.0', 'fistula dada'),
(610, 'Q 18,8', 'fistula medula'),
(611, 'Q 43,6', 'fistula rectum/kelainan'),
(612, 'N 36,0', 'fistula uretra'),
(613, 'L 98,4', 'fistula vesico cutanens'),
(614, 'H 61.8', 'Fistula/Kista preaurikel'),
(615, 'R 14', 'flatulence'),
(616, 'I 80 - I 82', 'Flebitis, tromboflebitis, emboli dan trombosis vena'),
(617, 'M 23,4', 'floating kuee'),
(618, 'N89.8', 'flour albus( keputihan)'),
(619, 'J 11,1', 'flu'),
(620, 'O 33,9', 'FPD'),
(621, 'S 32,4', 'fr acetabulus'),
(622, 'S 92,3', 'fr fedis'),
(623, 'S 32,5', 'fr remus inferlor/superlor, pubis'),
(624, 'S 02,4', 'fr zygoma'),
(625, 'S 32,2', 'Fr. Oxygeus'),
(626, 'S02.8', 'fraktur alveolis'),
(627, 'S 82,8', 'fraktur ankie'),
(628, 'S02.1', 'fraktur basis cranil/okipitalis'),
(629, 'S82.8', 'fraktur bimaleolar'),
(630, 'S92.0', 'fraktur calcaneus'),
(631, 'S12.9', 'fraktur cervical'),
(632, 'S42.0', 'fraktur clavicula'),
(633, 'S42.0.0', 'fraktur clavicula close'),
(634, 'S52.5', 'fraktur colles'),
(635, 'T14.2', 'fraktur comperesion'),
(636, 'S32.2', 'fraktur cosial/coxle'),
(637, 'S32.2.1', 'fraktur costal/coxle open'),
(638, 'S82.3', 'fraktur cruris distal'),
(639, 'S 52,0', 'fraktur elbow'),
(640, 'S72.9', 'fraktur femur'),
(641, 'S82.4', 'fraktur fibula'),
(642, 'S02.0', 'fraktur frontalis/pariental'),
(643, 'S42.3', 'fraktur humarius'),
(644, 'S42.3.1', 'fraktur humarius open'),
(645, 'S 12, S 22, S 32, T 08', 'Fraktur leher, toraks atau panggul'),
(646, 'S32.0', 'fraktur lumbar/l2'),
(647, 'S82.8', 'fraktur maleolus'),
(648, 'M84.0', 'fraktur maluncin'),
(649, 'S02.6', 'fraktur mandibula'),
(650, 'S 62,3', 'fraktur matacarpai'),
(651, 'S02.4', 'fraktur maxilla'),
(652, 'T 02', 'Fraktur meliputi daerah badan multipel'),
(653, 'S92.5', 'fraktur metatarual'),
(654, 'S52.0', 'fraktur montigia'),
(655, 'T02.9', 'fraktur multiple'),
(656, 'S52.0', 'fraktur okanon'),
(657, 'S32.5', 'fraktur os pubis'),
(658, 'S 72', 'Fraktur paha'),
(659, 'S82.0', 'fraktur patella /genu'),
(660, 'S32.8', 'fraktur pelvis'),
(661, 'S92.5', 'fraktur phalink'),
(662, 'S52.0', 'fraktur radius antebrichis'),
(663, 'S22.3', 'fraktur rib lga'),
(664, 'S42.1', 'fraktur scapula'),
(665, 'S52.5', 'fraktur sinithis'),
(666, 'S91.1', 'fraktur talus'),
(667, 'S02.1', 'fraktur temporal'),
(668, 'S 02', 'Fraktur tengkorak dan tulang muka'),
(669, 'S82.2', 'fraktur tibia'),
(670, 'S72.1', 'fraktur trocanta'),
(671, 'S 42, S 52, S 62, S 82S', 'Fraktur tulang anggota gerak lainnya'),
(672, 'S52.2', 'fraktur ulna'),
(673, 'Y 08', 'fraktur vetebrata'),
(674, 'S92.1', 'fraktur weber'),
(675, 'S62.8', 'fraktur wist'),
(676, 'R 50,9', 'fuo'),
(677, 'H 60,0', 'furunkel telinga'),
(680, 'N 17.8', 'Gagal ginjal akut akibat asam jengkol'),
(681, 'N 17.0-.2,.9-N19', 'Gagal ginjal lainnya'),
(682, 'I50.0', 'gagal jantung'),
(683, 'I 50', 'Gagal jantung'),
(684, 'J96.9', 'gagal napas'),
(685, 'R 09.2', 'Gagal napas'),
(686, 'N64.8', 'galactocele'),
(687, 'F 40, F 41', 'Gangguan anxietas fobik, gangguan anxietas lainnya'),
(688, 'H 43 - H 45', 'Gangguan badan kaca dan bola mata'),
(689, 'R48.0', 'gangguan belajar'),
(690, 'N 83', 'Gangguan bukan radang pada indung telur, saluran telur dan ligamentum latum'),
(691, 'N 95', 'Gangguan dalam masa menopause dan perime nopause lainnya'),
(692, 'H 90 - H 91', 'Gangguan daya dengar'),
(693, 'H 53', 'Gangguan daya lihat'),
(694, 'M 50 - M 51', 'Gangguan diskus servikal dan intervertebral lainnya'),
(695, 'F 44', 'Gangguan disosiatif [konversi]'),
(696, 'E15-35, E 58, E 63, E 65,', 'Gangguan endokrin, nutrisi dan metabolik lainnya'),
(697, 'X 50', 'Gangguan gerakanberulang-ulang dengan kekuatan berlebih'),
(698, 'N 91.3 - .5, N 92.2 - .6', 'Gangguan haid Lainnya'),
(699, 'I 44 - I 49', 'Gangguan hantaran dan aritmia jantung'),
(700, 'F 05 - F 06, F 90 - F 98', 'Gangguan hiperkinetik, perilaku, emosional atau fungsi sosial khas, gangguan \"tic\", dan gangguan mental dan emosional lainnya'),
(701, 'M 30 - M 31,M 33 - M 36', 'Gangguan jaringan ikat sistemik lainnya'),
(702, 'M 70', 'Gangguan jaringan lunak akibat yang berhubungandengan penggunaan tekanan berlebihan'),
(703, 'M 71 - M 79', 'Gangguan jaringan lunak lainnya'),
(704, 'F 99', 'Gangguan jiwa YTT'),
(705, 'E 07', 'Gangguan kelenjar tiroid lainnya'),
(706, 'F 60 - F 69', 'Gangguan kepribadian, gangguan kebiasaan dan impuls, gangguan identitas, gangguan prevensi seksual'),
(707, 'Y 96', 'Gangguan kesehatan yang berhubungan dengan'),
(708, 'H 30 - H 32', 'Gangguan koroid dan korioretina'),
(709, 'H 51', 'Gangguan lain gerakan mata binokular'),
(710, 'H 02 - H 03', 'Gangguan lain kelopak mata'),
(711, 'H 35 - H 36', 'Gangguan lain retina'),
(712, 'F 10', 'Gangguan mental dan perilaku akibat penggunaan Alkohol'),
(713, 'F 16', 'Gangguan mental dan perilaku akibat penggunaan Halosinogenika'),
(714, 'F 12', 'Gangguan mental dan perilaku akibat penggunaan Kanabinoida'),
(715, 'F 14', 'Gangguan mental dan perilaku akibat penggunaan Kokain'),
(716, 'F 11', 'Gangguan mental dan perilaku akibat penggunaan Opioida'),
(717, 'F 13', 'Gangguan mental dan perilaku akibat penggunaan Sedativa atau Hipnotika'),
(718, 'F 15', 'Gangguan mental dan perilaku akibat penggunaan Stimulansia'),
(719, 'F 17', 'Gangguan mental dan perilaku akibat penggunaan Tembakau'),
(720, 'F 18, F 19', 'Gangguan mental dan perilaku akibat zat pelarut yang mudah menguap atau zat multipel dan zat psikoaktif lainnya'),
(721, 'F 42', 'Gangguan obsesif - kompulsif'),
(722, 'N 60 - N 64', 'Gangguan pada payudara'),
(723, 'K 00  K 01', 'Gangguan perkembangan dan erupsi gigi termasuk impaksi'),
(724, 'F 80 - F 89', 'Gangguan perkembangan psikologis'),
(725, 'J 68', 'Gangguan pernapasan akibat menghirup zat kimia, gas, asap dan uap'),
(726, 'N 41 - N 42', 'Gangguan prostat lainnya'),
(727, 'F 28 - F 29', 'Gangguan psikotik nonorganik lainnya atau YTT'),
(728, 'H 52', 'Gangguan refraksi dan akomodasi'),
(729, 'P 22 - P 28', 'Gangguan saluran napas lainnya yang ber-hubungan dengan masa perinatal'),
(730, 'H 46 - H 48', 'Gangguan saraf optik dan saraf penglihatan'),
(731, 'G 50 - G 55, G 56.1, .4, ', 'Gangguan saraf, radiks dan pleksus saraf'),
(732, 'G 45', 'Gangguan serangan peredaran otak sepintas dan sindrom yang terkait'),
(733, 'N 82, N 84 - N 90, N 93- ', 'Gangguan sistem kemih kelamin lainnya'),
(734, 'H 04 - H 06', 'Gangguan sistem lakrimal dan orbita'),
(735, 'F 25', 'Gangguan skizoafektif'),
(736, 'F 43.1', 'Gangguan stress pasca trauma'),
(737, 'M 80 - M 85', 'Gangguan struktur dan densitas tulang'),
(738, 'E 00 - E 02', 'Gangguan tiroid berhubungan dengan defisiensiiodium'),
(739, 'F 22, F 24', 'Gangguan waham menetap dan induksi'),
(740, 'M07.4', 'ganglion'),
(741, 'K04.1', 'gangren pulpa( GP)'),
(742, 'R02', 'gangren radix (GR)'),
(743, 'R02', 'gangrene'),
(744, 'K31.9', 'gaster porforasi'),
(745, 'K25.9', 'gastri ulcer'),
(746, 'K29.7', 'gastritis'),
(747, 'K29.1', 'gastritis acut'),
(748, 'K29.2', 'gastritis alcoholik'),
(749, 'K29.6', 'gastritis alergi'),
(750, 'K29.4', 'gastritis chronik'),
(751, 'K 29', 'Gastritis dan duodenitis'),
(752, 'K29.9', 'gastro duodenitis'),
(753, 'Q79.3', 'gastro schizis'),
(754, 'O68.9', 'gawat janin'),
(755, 'G61.0', 'GBS'),
(756, 'A09', 'GE'),
(757, 'R 00 - R 01', 'Gejala pada jantung'),
(758, 'T 90 - T 98', 'Gejala sisa cedera, keracunan dan akibat lanjut sebab luar'),
(759, 'E 64', 'Gejala sisa malnutrisi dan defisiensi gizi lainnya'),
(760, 'R 02 - R 09.0, .1, .3, .8', 'Gejala, tanda dan penemuan klinik dan laboratorium tidak normal lainnya, YTK di tempat lain'),
(761, 'O30.0', 'gemeli'),
(762, 'N17.9', 'GGA'),
(763, 'N18.9', 'GGK/GNC'),
(764, 'K05.1', 'ginggivitis'),
(765, 'R10.1', 'gipastrik pain'),
(766, 'K06.8', 'glant cell femur'),
(767, 'Q15.0', 'glaucoma congenital'),
(768, 'H40.1', 'glaucoma kronik'),
(769, 'H40.5', 'glaucoma sekunder'),
(770, 'H 40 - H 42', 'Glaukoma'),
(771, 'H40.2', 'glaukoma acut'),
(772, 'N03.9', 'glomerulo nepritis kronis'),
(773, 'N00.9', 'GNA( gromeruloneprritis acut)'),
(774, 'N00', 'GNAPS ( glomerulonepritis acut post streptococos)'),
(775, 'B 26', 'Gondong'),
(776, 'M00.0', 'gonitis'),
(777, 'A54.9', 'gonorrhea'),
(778, 'M10.9', 'gout ( urat)'),
(779, 'M10.0', 'gout artritis'),
(780, 'Z35.4', 'grande multipara'),
(781, 'L92.9', 'granuloma'),
(782, 'J32.9', 'granuloma hidung'),
(783, 'H01.8', 'granuloma mata'),
(784, 'H71', 'granuloma telinga'),
(785, 'L92.3', 'granuloma umbilicus'),
(786, 'E05', 'grave\"s desease'),
(787, 'K06.0', 'gusi berdarah'),
(788, 'N62', 'gynecomastia'),
(789, 'Z01.4', 'gyneko ekologi'),
(792, 'M20.1', 'hallux valgus'),
(793, 'Q66.3', 'hallux valgus congenital'),
(794, 'O16', 'hamil + hipertensi'),
(795, 'O00.9', 'hamil ectopic'),
(796, 'O47.0', 'hamil kurang dari 37 mg'),
(797, 'O26.9', 'hamil muda'),
(798, 'O80.9', 'hamil normal'),
(799, 'O99.0', 'hamil+ anemia'),
(800, 'R 75', 'Hasil laboratorium positif HIV'),
(801, 'R51', 'headache'),
(802, 'T67.0', 'heat struke'),
(803, 'B 68 - 71, B 75, B 77 - B', 'Helmintiasis lain'),
(804, 'K43.9', 'hema insisionalis'),
(805, 'D18.0', 'hemangioma'),
(806, 'C49.3', 'hemangioma sarcoma'),
(807, 'R04.2', 'hemaptoe'),
(808, 'K92.0', 'hematemasis'),
(809, 'O21.1', 'hematematis graviderum'),
(810, 'P54.8', 'hemato bayi'),
(811, 'S27.1', 'hemato pnemo thorax'),
(812, 'S27.1', 'hemato traumatik'),
(813, 'B65.0', 'hematocyluria'),
(814, 'T14.0', 'hematoma'),
(815, 'S09.9', 'hematoma dahi kiri'),
(816, 'N90.8', 'hematoma labia'),
(817, 'S06.5', 'hematoma subdural'),
(818, 'N50.1', 'hematoma testis'),
(819, 'N89.8', 'hematoma vagina'),
(820, 'O71.7', 'hematoma vulva'),
(821, 'R16.0', 'hematomegali'),
(822, 'N35.7', 'hematometra'),
(823, 'R31', 'hematuria'),
(824, 'G81.9', 'hemiparesis'),
(825, 'D18.0/M9131/0', 'hemongioma capilary'),
(826, 'D66', 'hemopili'),
(827, 'H44.3', 'hemorage intra ocular'),
(828, 'P21.8', 'hemorage intra of newbron'),
(829, 'R58', 'HEMORHAGE'),
(830, 'H11.3', 'hemorhage conjupctiva'),
(831, 'I84.9', 'hemoroid'),
(832, 'I84.5', 'hemoroid external'),
(833, 'I34.2', 'hemoroid interna'),
(834, 'I 84', 'Hemoroid/Wasir'),
(835, 'N94.8', 'henmatocal'),
(836, 'D69.0', 'henoch schonlein purpura (HSP)'),
(837, 'K72.9', 'hepatik fallure'),
(838, 'K75.9', 'hepatitis'),
(839, 'B15.9', 'hepatitis A'),
(840, 'B 15', 'Hepatitis A akut'),
(841, 'K72.0', 'hepatitis acut'),
(842, 'B16.9', 'hepatitis B akut'),
(843, 'B 16', 'Hepatitis B akut'),
(844, 'B 17.1', 'Hepatitis C akut'),
(845, 'B17.1', 'hepatitis C cronis'),
(846, 'B 17.2', 'Hepatitis E akut'),
(847, 'B19.9', 'hepatitis fulminaat'),
(848, 'K73.9', 'hepatitis kronik'),
(849, 'K 73', 'Hepatitis kronik'),
(850, 'P59.2', 'hepatitis neunatal'),
(851, 'B19.9', 'hepatitis virus akut'),
(852, 'B16.9', 'hepatitis virus B'),
(853, 'B 17.0.8,B18 - B19', 'Hepatitis virus lainnya'),
(854, 'K76.7', 'hepato renal syndrom'),
(855, 'C22.0', 'hepatoma'),
(856, 'R16.2', 'hepatos plenomegali'),
(857, 'E79.0', 'heperurisemia'),
(858, 'I95.9', 'hepotensi'),
(859, 'Q66.0', 'hermoprodite'),
(860, 'K46.9', 'hernia'),
(861, 'K44.9', 'hernia eoigastric/ventral'),
(862, 'K43.9', 'hernia femoral'),
(863, 'K 40', 'Hernia inguinal'),
(864, 'K41.9', 'hernia insisional'),
(865, 'K 41 - K 46', 'Hernia lainnya'),
(866, 'K45.8', 'hernia medialis'),
(867, 'K42.9', 'hernia umbicollis'),
(868, 'B00.1', 'herpes facialis'),
(869, 'B00.9', 'herpes simpleks'),
(870, 'B02,9', 'herpes zooster'),
(871, 'K43.9', 'HHD'),
(872, 'R06.6', 'hiccup'),
(873, 'O 40', 'Hidramnion'),
(874, 'N43.3', 'hidrocelle'),
(875, 'N50.9', 'hidrocelle testis dextra'),
(876, 'G91.9', 'hidrocepalus'),
(877, 'Q03.0', 'hidrocepalus bayi'),
(878, 'N 43', 'Hidrokel dan spermatokel'),
(879, 'P01.3', 'hidrom neos bayi'),
(880, 'O40', 'hidromnios'),
(881, 'N13.3', 'hidroneorosis'),
(882, 'K60.9', 'hidrops'),
(883, 'Q 03', 'Hidrosefalus kongenital'),
(884, 'G93.4', 'HIE ( hipoxic ischemic ensialopaty)'),
(885, 'T66', 'hifopermia'),
(886, 'D18.1', 'higroma ( colli d Cystioa)'),
(887, 'K40.9', 'HIL /scrotalis/inguinalis'),
(888, 'P70.4', 'hipaglikemia bayi'),
(889, 'E88.0', 'hipalbumenimia'),
(890, 'H21.0', 'hipema'),
(891, 'S05.1', 'hipema traumatic'),
(892, 'P59.9', 'hiper billirubimania'),
(893, 'E78.0', 'hiper cholestrol'),
(894, 'I51.3', 'hiperactive exercise'),
(895, 'E78.0', 'hipercolestrolemia'),
(896, 'K04.0', 'hiperemia pulpa HP'),
(897, 'R73.9', 'hipergilikemia'),
(898, 'R50.9', 'hiperpirakia'),
(899, 'N 40', 'Hiperplasia prostat'),
(900, 'I67.4', 'hipertensi ensepalopaty'),
(901, 'I 10', 'Hipertensi esensial (primer)'),
(902, 'O 14', 'Hipertensi gestasional (akibat kehamilan)dengan proteinuria yang nyata/preeklamsia'),
(903, 'K 76.6', 'Hipertensi portal'),
(904, 'E05.9', 'hipertiroid'),
(905, 'L91.0', 'hipertrapi scar'),
(906, 'N40', 'hipertropiprostat'),
(907, 'K31.1', 'hipertropi pilory stenosis'),
(908, 'E16.2', 'hipoglikemia'),
(909, 'P 20 - P 21', 'Hipoksia intrauterus dan asfiksia lahir'),
(910, 'Q54.9', 'hipospadia'),
(911, 'Q54.4', 'hipospadia penoscrotal'),
(912, 'E03.9', 'hipotiroid'),
(913, 'E 03', 'Hipotiroidisme lain'),
(914, 'T79.4', 'hipovolamik syok'),
(915, 'P21.9', 'hipoxia bayi'),
(916, 'Q43.1', 'hischpruag'),
(917, 'F44.9', 'histeria'),
(918, 'B24', 'HIV'),
(919, 'I42.1', 'HOCM hipertensi oostruktif cardiomyopati'),
(920, 'C81.0', 'hodkin disease'),
(921, 'B08.4', 'hona,foot dan mouth disease ( HFMD)'),
(922, 'E14.0', 'HONK'),
(923, 'H00.0', 'hordeolum'),
(924, 'O72.1', 'HPP'),
(925, 'N92.0', 'hyper menorea'),
(926, 'E05.9', 'hyperthiroid'),
(929, 'S06.2', 'ICH multiple'),
(930, 'R17', 'icterus'),
(931, 'P59.9', 'icterus neonatorum'),
(932, 'I25.9', 'IHD'),
(933, 'K56.7', 'ileus'),
(934, 'K56.0', 'ileus paralitik'),
(935, 'K 56', 'Ileus paralitik dan obstruksi usus tanpa Hernia'),
(936, 'K56.6', 'ilius obstruktif'),
(937, 'I21.9', 'imark miokard'),
(938, 'Q52.3', 'Imperforata hymen (blum pernah hamil)'),
(939, 'L00', 'impetigo bulose'),
(940, 'F52.2', 'impotensi dini'),
(941, 'X25.0', 'impressi fr.os frontal'),
(942, 'Z 23. 2', 'Imunisasi BCG'),
(943, 'Z 24. 4', 'Imunisasi campak'),
(944, 'Z 23.0, .1, .3 - .4, .6 -', 'Imunisasi dan kemoterapi pencegahan lainnya'),
(945, 'Z 27. 1', 'Imunisasi gabungan DPT (Difteri, Pertusis, Tetanus)'),
(946, 'Z 24. 6', 'Imunisasi hepatitis virus'),
(947, 'Z 24. 0', 'Imunisasi poliomielitis'),
(948, 'Z 24. 2', 'Imunisasi rabies'),
(949, 'Z 23. 5', 'Imunisasi tetanus'),
(950, 'G 80', 'Infantil cerebral palsy'),
(951, 'I 21 - I 22', 'Infark miokard akut'),
(952, 'I 63', 'Infark serebral'),
(953, 'J40', 'infeksi bronohitis'),
(954, 'K04.7', 'infeksi gigi'),
(955, 'K01.1', 'infeksi gigi'),
(956, 'S54.9', 'infeksi gonocolle'),
(957, 'A 54', 'Infeksi gonokok'),
(958, 'B 00', 'Infeksi herpesvirus (Herpes simpleks)'),
(959, 'P 38 - P 39', 'Infeksi khusus lainnya pada masa perinatal'),
(960, 'A 70', 'Infeksi Klamedia'),
(961, 'L 00 - L 08', 'Infeksi kulit dan jaringan subkutan'),
(962, 'A 57 - A 64', 'Infeksi lainnya yang terutama ditularkan melalui hubungan seksual'),
(963, 'T81.4', 'infeksi luka oprasi (ILO)'),
(964, 'A 39', 'Infeksi meningokok'),
(965, 'A39.9', 'infeksi meninokok'),
(966, 'P39.9', 'infeksi neunatal'),
(967, 'P39.9', 'infeksi neunatrium'),
(968, 'O86.4', 'infeksi puerferalis'),
(969, 'N11.9', 'infeksi renal chronis'),
(970, 'J 00 - J 01 J 05 - J 06', 'Infeksi saluran napas bagian atas akut lainnya'),
(971, 'B 66', 'Infeksi trematoda lainnya'),
(972, 'R38', 'infeksi umbilicus'),
(973, 'N97.9', 'infertality'),
(974, 'N 97', 'Infertilitas perempuan'),
(975, 'K11.9', 'infiltrat parotis'),
(976, 'J 10 - J 11', 'Influensa'),
(977, 'T14.9', 'injury'),
(978, 'R19.8/Z33', 'inpartu'),
(979, 'T14.0', 'insect bite'),
(980, 'T63.4', 'insect bite'),
(981, 'G47.0', 'insomnia'),
(982, 'N18.9', 'insufisiensi renal GGK'),
(983, 'G93.9', 'inta cerebral bleding'),
(984, 'A05.9', 'intake makanan'),
(985, 'J84.9', 'interstitial lung oedema'),
(986, 'K08.9', 'interusi gigi'),
(987, 'T39.1', 'intocikasi bodrex'),
(988, 'K90.4', 'intolorance food'),
(989, 'T60.9/X48.0', 'intosikasi racun serangga'),
(990, 'T14.7/X44.0', 'intosikasi susu'),
(991, 'T88.7', 'intosikesi'),
(992, 'F15.0', 'intoxcisasi CTM'),
(993, 'T62.0/X49.0', 'intoxcisasi jamur'),
(994, 'T60.9/X68.9', 'intoxicasi bayigon'),
(995, 'T52.0/X66.0', 'intoxicasi bensin'),
(996, 'T55/X69.0', 'intoxicasi deterjen'),
(997, 'T52.0/X46.0', 'intoxicasi kerosin'),
(998, 'F10.0', 'intoxicasi obat'),
(999, 'T60.4', 'intoxicasi racun tikus'),
(1000, 'D75.9', 'intra cranial bleeding'),
(1001, 'I62.2', 'intra cranial bleeding non traumatik'),
(1002, 'S06.3', 'intra cranial bleeding traumatik'),
(1003, 'K56.1', 'invaginasi'),
(1004, 'N85.5', 'inversio uteri'),
(1005, 'O71.2', 'inversio uteri post fartum'),
(1006, 'C76.0', 'inverte papiloma cav.nasi'),
(1007, 'L01.0', 'invertigo'),
(1008, 'H 20 - H 22', 'Iridosiklitis dan gangguan lain iris dan badan silier'),
(1009, 'K04.9', 'iritasi pulpa'),
(1010, 'I99', 'ischemik'),
(1011, 'M54.3', 'ischialgia'),
(1012, 'N39.0', 'ISK'),
(1013, 'J06.9', 'ISPA'),
(1014, 'D69.3', 'ITP'),
(1015, 'Z30.5', 'IUD'),
(1016, 'O36.4', 'IUFD ( KJDR)'),
(1017, 'P95', 'IUFD ( KJDR)bayi'),
(1018, 'KODE', 'J'),
(1019, 'V03.4', 'jalan kaki ditabrak mobil'),
(1020, 'V01.9', 'jalan kaki ditabrak motor'),
(1021, 'P 00 - P 04', 'Janin dan bayi baru lahir yang dipengaruhi oleh faktor dan penyulit kehamilan persalinan dan kelahiran'),
(1022, 'I25.9', 'jantung kroner'),
(1023, 'I09.0', 'jantung rematik'),
(1024, 'W19.0', 'jatuh'),
(1025, 'W 00 - W 19', 'Jatuh'),
(1026, 'V38.1', 'jatuh dari cidomo'),
(1027, 'W18.0', 'jatuh dari kamar mandi'),
(1028, 'W07.0', 'jatuh dari korsi'),
(1029, 'V48.6', 'jatuh dari mobil di jalan raya'),
(1030, 'V28.9', 'jatuh dari motor'),
(1031, 'W14.0', 'jatuh dari pohon'),
(1032, 'W13.0', 'jatuh dari rumah /bangunan'),
(1033, 'V18.9', 'jatuh dari sepeda'),
(1034, 'W11.0', 'jatuh dari tangga'),
(1035, 'W06.0', 'jatuh dari tempat tidur'),
(1036, 'V58.0', 'jatuh dari truck'),
(1037, 'W01.0', 'jatuh dibawah'),
(1038, 'W51.2', 'jatuh disekolah sox ditabrak teman'),
(1039, 'W17.0', 'jatuh kesumur'),
(1040, 'V48.6', 'jatuh terguling dari mobil'),
(1041, 'E14,0', 'KAD (koma asidosis diabetic)'),
(1042, 'V38,1', 'kaki masuk jeruji motor'),
(1043, 'O63,0', 'kala I'),
(1044, 'O63,1', 'Kala II'),
(1045, 'I 42 - I 43', 'Kardiomiopati'),
(1046, 'K 02', 'Karies gigi'),
(1047, 'K02,9', 'karies propunda'),
(1048, 'D 04', 'Karsinoma in situ kulit'),
(1049, 'D 00 - D 03 D 07 - D 09', 'Karsinoma in situ lainnya'),
(1050, 'D 05', 'Karsinoma in situ payudara'),
(1051, 'D 06', 'Karsinoma in situ serviks uterus'),
(1052, 'H 25 - H 28', 'Katarak dan gangguan lain lensa'),
(1053, 'Z30,9', 'KB suntik'),
(1054, 'E41', 'KCCL'),
(1055, 'Z 21', 'Keadaan infeksi HIV asimtomatik'),
(1056, 'X09,0', 'kebekeran rumah'),
(1057, 'V 90 - V 94', 'Kecelakaan angkutan air'),
(1058, 'V 01 - V 89', 'Kecelakaan angkutan darat'),
(1059, 'V 98 -V 99', 'Kecelakaan angkutan lain'),
(1060, 'V 95 - V 97', 'Kecelakaan angkutan udara dan ruang angkasa'),
(1061, 'X 40 - X 44', 'Kecelakaan keracunan dan terdedah oleh bahan beracun lainnya'),
(1062, 'W 65 - W 74', 'Kecelakaan tenggelam dan terbenam'),
(1063, 'K83,0', 'kedangnitis'),
(1064, 'O00,0', 'kehamilan abdominal'),
(1065, 'O 00', 'Kehamilan ektopik'),
(1066, 'O 02, O 06 - O 08', 'Kehamilan lain yang berakhir dengan abortus'),
(1067, 'O48', 'kehamilan lewat waktu'),
(1068, 'O 48', 'Kehamilan lewat waktu'),
(1069, 'O 30', 'Kehamilan multipel'),
(1070, 'R56,8', 'kejang'),
(1071, 'R56,0', 'kejang demam'),
(1072, 'R 56', 'Kejang YTT'),
(1073, 'W20', 'kejatuhan benda'),
(1074, 'K 07  K 08', 'Kelainan dentofasial termasuk maloklusi'),
(1075, 'Q 91 - Q 99', 'Kelainan kromosom YTK ditempat lain'),
(1076, 'M 22 - M 25', 'Kelainan sendi lainnya'),
(1077, 'L91,0', 'keloid'),
(1078, 'W44,0', 'kemasukan biji di telingga'),
(1079, 'O84', 'Kembar siam'),
(1080, 'R14', 'kembung'),
(1081, 'X11,0', 'kena air panas'),
(1082, 'E25,0', 'kena gelas/kaca'),
(1083, 'W 27', 'kena jarum'),
(1084, 'W27', 'kena kapak'),
(1085, 'W22,0', 'kena kawat/besi'),
(1086, 'W21', 'kena kayu'),
(1087, 'W20,0', 'kena lempar buku'),
(1088, 'W31', 'kena mesin giling'),
(1089, 'X10', 'kena minyak panas'),
(1090, 'W22,0', 'kena paku'),
(1091, 'W20,8', 'kena pancing'),
(1092, 'W29,0', 'kena peluru nyasar'),
(1093, 'W26,0', 'kena pisau/pedang'),
(1094, 'X58', 'kena ranting pohon'),
(1095, 'W 34,0', 'kena tembak'),
(1096, 'E46', 'KEP'),
(1097, 'X 45', 'Keracunan akibat pemaparan alkohol'),
(1098, 'X 49', 'Keracunan akibat pemaparan bahan beracun berbahaya lainnya'),
(1099, 'X 47', 'Keracunan akibat pemaparan gas-gas & uap-uap lainnya'),
(1100, 'X 46', 'Keracunan akibat pemaparan pelarut organik & hidrokarbon serta uapnya'),
(1101, 'X 48', 'Keracunan akibat pemaparan pestisida'),
(1102, 'T 59', 'Keracunan gas, asap dan uap lain'),
(1103, 'T 56', 'Keracunan logam'),
(1104, 'T 36 - T 50', 'Keracunan obat dan preparat biologik'),
(1105, 'T 52', 'Keracunan pelarut organik'),
(1106, 'T 60', 'Keracunan pestisida'),
(1107, 'H16,9', 'Keratitis'),
(1108, 'H 15 - H 19', 'Keratitis dan gangguan lain sklera dan kornea'),
(1109, 'H20,9', 'kerato uvcitis'),
(1110, 'P57,9', 'kern icterus'),
(1111, 'Y 60 - Y 84', 'Kesalahan pada pasien selama perawatan medis non bedah'),
(1112, 'W87,0', 'kestrum'),
(1113, 'O00,1', 'KET'),
(1114, 'O 42', 'Ketuban pecah dini'),
(1115, 'Z 41.2', 'Khitanan menurut agama dan adat kebiasaan'),
(1116, 'T88,1', 'KIPI (komplikasi ikutan pasca imuisasi)'),
(1117, 'Q89,8', 'kista cengenital'),
(1118, 'N 75.0.1', 'Kista dan abses kelenjar Bartholin'),
(1119, 'K66,8', 'kista mesenterial'),
(1120, 'H05,8', 'kista orbit'),
(1121, 'N83,2', 'kista ovarli (beraslin)'),
(1122, 'Q50,5', 'kista parovarium'),
(1123, 'K04,8', 'kista radicular'),
(1124, 'K 09  K 10', 'Kista rongga mulut dan penyakit pada rahang'),
(1125, 'C44,5', 'kista umbilicoli'),
(1126, 'D27', 'kistoma ovaril'),
(1127, 'V29,9', 'KLL'),
(1128, 'K 80', 'Kolelitiasis'),
(1129, 'A60,9', 'kolera'),
(1130, 'A 00', 'Kolera'),
(1131, 'K 81', 'Kolesistitis'),
(1132, 'K 72', 'Koma hepatikum dan hepatitis fulminan'),
(1133, 'X02,0', 'kompor meledak /kena api kompor'),
(1134, 'G93,5', 'kompressi medulla'),
(1135, 'D 65  D 69, D 71 - D 73,', 'Kondisi hemoragik dan penyakit darah dan organ pembuat darah lainnya'),
(1136, 'P 08, P 29, P 50 - P 54 P', 'Kondisi lain yang bermula pada masa Perinatal'),
(1137, 'H 10 - H 13', 'Konjungtivitis dan gangguan lain konjungtiva'),
(1138, 'J24,8', 'konka hipertrofi'),
(1139, 'X 10 - X 19', 'Kontak dengan bahan panas'),
(1140, 'X 20 - X 29', 'Kontak dengan binatang & tumbuhan beracun'),
(1141, 'M20,0', 'kontraktur jari'),
(1142, 'A16,9', 'KP'),
(1143, 'A16,2', 'KP lama'),
(1144, 'O42,9', 'KPD'),
(1145, 'E40', 'kwarsiakor'),
(1146, 'Q36.9', 'labio genato suzies'),
(1147, 'Q51.0', 'labio mayora'),
(1148, 'Q35.9', 'labio palato baizies'),
(1149, 'S31.8', 'lacerasi anus'),
(1150, 'S05.2', 'lacerasi eye/cornea tampaprolapsa'),
(1151, 'S31.4', 'lacerasi vulva'),
(1152, 'T14.1', 'laceratum'),
(1153, 'H02.2', 'lagophitalmoes'),
(1154, 'P 95', 'Lahir mati'),
(1155, 'Q31.0', 'laringeal web'),
(1156, 'J04.0', 'laringitis akut'),
(1157, 'J37.0', 'laringitis cronik'),
(1158, 'J 04', 'Laringitis dan trakeitis akut'),
(1159, 'J38.0', 'laringo malacea/plagin'),
(1160, 'J36.0', 'laringo paringitis acut'),
(1161, 'S05.3', 'lecerasi cerebri'),
(1162, 'W36.0', 'ledakan tabung gas'),
(1163, 'S06.2', 'left heard failure LHF'),
(1164, 'D 25', 'Leiomioma uterus'),
(1165, 'A 30', 'Lepra/Kusta'),
(1166, 'G 56.3', 'Lesi saraf radialis'),
(1167, 'G 56.2', 'Lesi saraf ulnaris'),
(1168, 'B 55', 'Lesmaniasis'),
(1169, 'P01.7', 'letak lintang anak'),
(1170, 'O32.2', 'letak lintang ibu'),
(1171, 'P03.1', 'letak lintang kasep anak'),
(1172, 'O64.1', 'letak lintang kasiep ibu'),
(1173, 'O32.3', 'Letak muka'),
(1174, 'O32.1', 'letak sunsang ( ibu)'),
(1175, 'P01.7', 'letak sunsang anak'),
(1176, 'H17.8', 'leucoma cornea'),
(1177, 'C 91 - C 95', 'Leukemia'),
(1178, 'C95.0', 'leukemia acut'),
(1179, 'H18.9', 'leukemia comea'),
(1180, 'AO6.4', 'lever ambic abses'),
(1181, 'A06.1', 'lever amebic abses'),
(1182, 'M35.9', 'leymyosarcoma'),
(1183, 'A 18.2', 'Limfadenitis tuberkulosa'),
(1184, 'C 82 - C 85', 'Limfoma non Hodgkin'),
(1185, 'C85.9', 'limpoma no hodgkins'),
(1186, 'C85.9', 'limpomamalignah'),
(1187, 'I50.1', 'lipoma'),
(1188, 'D17.9', 'lipoma neohal'),
(1189, 'C85.9', 'lipoma retraurculer'),
(1190, 'K76.9', 'liver cronic'),
(1191, 'K76.9', 'liver cronis disease'),
(1192, 'K12.2', 'lodwing angina'),
(1193, 'M23.4', 'loose body patela (knee)'),
(1194, 'T 20 - T 32', 'Luka bakar dan korosi'),
(1195, 'T79.3', 'luka empeksi'),
(1196, 'M54.5', 'lumbago ( LBP) /low back pain'),
(1197, 'M32.9', 'lupa CNS'),
(1198, 'M 32', 'Lupus eritemateus sistemik'),
(1199, 'I51.7', 'LVH cardiomegali'),
(1200, 'I88.9', 'lympadenitis'),
(1201, 'C85.0', 'lympadenopaty'),
(1202, 'R59.1', 'lympadenpaty sup mandibula'),
(1203, 'Q89.2', 'lympadepaty colli'),
(1204, 'D18.1', 'lympengioma'),
(1205, 'D17.9', 'lympo sarcoma'),
(1209, 'Q18.4', 'macrostamia'),
(1210, 'K07.4', 'mal oclussion'),
(1211, 'B 50 - B 54', 'Malaria (Included all malaria)'),
(1212, 'B50.0+', 'malaria cerebral'),
(1213, 'B54', 'malaria cerebral klinis /demam'),
(1214, 'B50.9', 'malaria falciferum/tropical/algida'),
(1215, 'B53.0', 'malaria ovaie'),
(1216, 'B52.9', 'malaria quartana'),
(1217, 'B51.9', 'malaria vivak /tertiana'),
(1218, 'Q 67 - Q 79', 'Malformasi dan deformasi kongenital sistem muskuloskeletal lain'),
(1219, 'Q 54 - Q 56', 'Malformasi kongenital alat kelamin laki'),
(1220, 'Q 50 - Q 52', 'Malformasi kongenital alat kelamin wanita'),
(1221, 'Q 10 - Q 18, Q 30 - Q 34,', 'Malformasi kongenital lainnya'),
(1222, 'Q 38 - Q 40,Q 42 - Q 45', 'Malformasi kongenital sistem cerna lainnya'),
(1223, 'Q 60 - Q 64', 'Malformasi kongenital sistem kemih lainnya'),
(1224, 'Q 20 - Q 28', 'Malformasi kongenital sistem peredaran darah'),
(1225, 'Q 00 - Q 02 Q 04, Q 06, Q', 'Malformasi kongenital susunan saraf lain'),
(1226, 'C76.5', 'malignancy lutut'),
(1227, 'E46', 'malnutrisi'),
(1228, 'E 40 - E 46', 'Malnutrisi'),
(1229, 'Q43.3', 'malrotasi'),
(1230, 'M84.0', 'malunion'),
(1231, 'Q83.8', 'mama alberant'),
(1232, 'E41', 'marasmus'),
(1233, 'E42', 'marasmus kwarsi'),
(1234, 'N60.9', 'marnae diplasia'),
(1235, 'K63.8', 'massa colon'),
(1236, 'N61', 'mastititis abses'),
(1237, 'H70.9', 'mastoiditis'),
(1238, 'N64.9', 'mastopati'),
(1239, 'W57', 'masuk lintah'),
(1240, 'C71.6', 'medulo blastoma'),
(1241, 'K59.3', 'mega colon'),
(1242, 'Q43.1', 'mega colon congenital'),
(1243, 'Q43.1', 'megacolon congenital'),
(1244, 'Q82.0', 'meiges syndrom'),
(1245, 'C 43', 'Melanoma ganas kulit'),
(1246, 'P54.1', 'melena bayi'),
(1247, 'K92.1', 'melena dewasa'),
(1248, 'C43.9', 'melenoma malignen'),
(1249, 'K22.6', 'mellery weis syndrom'),
(1250, 'W22', 'menabrak dinding'),
(1251, 'V47', 'menabrak pohon'),
(1252, 'W44.0', 'menelan uang logam'),
(1253, 'G03.9', 'menengitis'),
(1254, 'A17.0', 'meningitis TBC'),
(1255, 'A 17.0', 'Meningitis tuberkulosa'),
(1256, 'G04.9', 'meningo ensafalitis'),
(1257, 'Q01.9', 'meningo ensefalocelle'),
(1258, 'A17.8+ G05.0*', 'meningo gasepalitis TB'),
(1259, 'Q05.9', 'meningocelle'),
(1260, 'N92.1', 'menometroragia'),
(1261, 'N95.1', 'menopause'),
(1262, 'N92.0', 'menoraghia'),
(1263, 'N 92.0, .1', 'Menoragi atau metroragi'),
(1264, 'N92.6', 'menstruasi'),
(1265, 'F79', 'mental retardation'),
(1266, 'Z39.0', 'menunggu bayi'),
(1267, 'C 45', 'Mesotelioma'),
(1268, 'D 74', 'Metahaemoglobinema'),
(1269, 'C81', 'metastase glutea CA'),
(1270, 'C71.9', 'metastase intra cranial'),
(1271, 'R14', 'meteorismus ( perut kembung)'),
(1272, 'Q55.8', 'micro urethra conginital'),
(1273, 'Q02', 'microcepally'),
(1274, 'G43.9', 'migren'),
(1275, 'G 43 - G 44', 'Migren dan sindrom nyeri kepala lainnya'),
(1276, 'B 35 - B 49', 'Mikosis'),
(1277, 'G00.9', 'miningitis prulent /bacterial'),
(1278, 'M 60  M 64, \'M 66  M 68', 'Miopati dan reumatisme'),
(1279, 'O02.1', 'mised abortion/dead concytens'),
(1280, 'K00.0', 'missing teeth'),
(1281, 'I05.9', 'mitra valve prolapa'),
(1282, 'I34.0', 'mitral insufiensi'),
(1283, 'I05.0', 'mitral stenosis'),
(1284, 'J18.9', 'mnemonia berat'),
(1285, 'O 01', 'Mola hidatidosa'),
(1286, 'O01.9', 'mola hidatodosa'),
(1287, 'B08.1', 'moluscum contagiosum'),
(1288, 'H03.1', 'moluscum contagiosum mata'),
(1289, 'B37.9', 'monoliasis'),
(1290, 'P37.5', 'monoliasis bayi'),
(1291, 'G 56.8', 'Mononeuropati anggota tubuh bagian atas lainnya'),
(1292, 'G83.1', 'monoparase extrimitas'),
(1293, 'B05.9', 'morbili'),
(1294, 'A30.9', 'morbus harsan fieaksi'),
(1295, 'T75.3', 'motion sicknese'),
(1296, 'I34.0', 'MR ( mitral regorgitasi)'),
(1297, 'G57.7', 'mulitple cranial palsy'),
(1298, 'Z64.1', 'multipara'),
(1299, 'G93.9', 'multiple cerebri'),
(1300, 'Q89.9', 'multiple conginital anomaly'),
(1301, 'T06.4', 'multiple contusio muscolorum'),
(1302, 'Q78.6', 'multiple exostosis'),
(1303, 'D21.2', 'multiple fibroma colorsum'),
(1304, 'H00.0', 'multiple hordeulum'),
(1305, 'C97', 'multiple polip senile'),
(1306, 'M79.1', 'myalgia'),
(1307, 'G70.0', 'myastenia gravis'),
(1308, 'P94.0', 'myastenia gravis bayi'),
(1309, 'B49', 'mycosis mycotic'),
(1310, 'N12', 'myelenopritis'),
(1311, 'G04.9', 'myelitis'),
(1312, 'D47.1', 'myelofibrosis'),
(1313, 'I40.0', 'myocardial infection MCI'),
(1314, 'I51.4', 'myocarditis'),
(1315, 'D25.9', 'myoma uteri'),
(1316, 'H52.1', 'myopia'),
(1317, 'C42.9', 'myosercoma betis kiri'),
(1318, 'M60.9', 'myositis'),
(1319, 'KODE', 'N'),
(1320, 'Q82.5', 'naevus pigmentasi'),
(1321, 'T87.5', 'necrasis palax /brachl'),
(1322, 'R02', 'necrosis'),
(1323, 'N 12', 'Nefritis tubulo - interstitial, tidak ditentukan akut atau kronik/pielonefritis'),
(1324, 'N 14.3', 'Nefropati disebabkan oleh logamlogam berat'),
(1325, 'N 02.8', 'Nefropati Imunoglobulin A (Ig A)'),
(1326, 'C 30, C 31, C 37 - C 38.0', 'Neoplasma ganassistem napas dan alatrongga dada lainnya'),
(1327, 'C 51 - C 52, C 57', 'Neoplasma ganas alat kelaminperempuan lainnya'),
(1328, 'C 63', 'Neoplasma ganas alat kelamin pria lainnya'),
(1329, 'C 66, C 68', 'Neoplasma ganas alat kemih lainnya'),
(1330, 'C 70, C 72', 'Neoplasma ganas bagian susunan saraf pusat'),
(1331, 'C 55', 'Neoplasma ganas bagian uterus lainnya dan YTT'),
(1332, 'C 00 - C 10', 'Neoplasma ganas bibir, rongga mulut,kelenjar liur, faring, tonsil'),
(1333, 'C 12 - C 14', 'Neoplasma ganas bibir, rongga mulut, faring, lainnya & YTT'),
(1334, 'C 34', 'Neoplasma ganas bronkus dan paru');
INSERT INTO `tbl_diagnosa_icd10` (`id_diagnosa`, `code`, `diagnosa`) VALUES
(1335, 'C 19 - C 21', 'Neoplasma ganas daerahrektosigmoid, rektum dan anus'),
(1336, 'C 15', 'Neoplasma ganas esofagus'),
(1337, 'C 64 - C 65', 'Neoplasma ganas ginjal, pelvis ginjal'),
(1338, 'C 22', 'Neoplasma ganas hati dan saluran empedu intrahepatik'),
(1339, 'C 46 - C 49', 'Neoplasma ganas jaringan ikat & jaringan lunak'),
(1340, 'C 67', 'Neoplasma ganas kandung kemih (buli-buli)'),
(1341, 'C 74 - C 75', 'Neoplasma ganas kelenjar endokrin lain dan struktur terkait'),
(1342, 'C 73', 'Neoplasma ganas kelenjar tiroid'),
(1343, 'C 18', 'Neoplasma ganas kolon'),
(1344, 'C 54', 'Neoplasma ganas korpus uteri'),
(1345, 'C 44', 'Neoplasma ganas kulit lainnya'),
(1346, 'C 88-C 90, C 96', 'Neoplasma ganas lain dari limfoid, hematopoetik dan jaringan terkait lainnya'),
(1347, 'C 16', 'Neoplasma ganas lambung'),
(1348, 'C 32', 'Neoplasma ganas laring'),
(1349, 'C 69', 'Neoplasma ganas mata danadneksa'),
(1350, 'C 38.1-.8', 'Neoplasma ganas mediastinum'),
(1351, 'C 11', 'Neoplasma ganas nasofaring'),
(1352, 'C 71', 'Neoplasma ganas otak'),
(1353, 'C 56', 'Neoplasma ganas ovarium (indung telur)'),
(1354, 'C 25', 'Neoplasma ganas pankreas'),
(1355, 'C 50', 'Neoplasma ganas payudara'),
(1356, 'C 60', 'Neoplasma ganas penis'),
(1357, 'C 58', 'Neoplasma ganas plasenta (uri)'),
(1358, 'C 97', 'Neoplasma ganas primer tempat multipel'),
(1359, 'C 61', 'Neoplasma ganas prostat'),
(1360, 'C 77 - C 80', 'Neoplasma ganas sekunder dan neoplasma ganas kelenjar getah bening YTT'),
(1361, 'C 53', 'Neoplasma ganas serviks uterus'),
(1362, 'C 76', 'Neoplasma ganas tempat lain dan yang tidak jelas batasannya'),
(1363, 'C 62', 'Neoplasma ganas testis'),
(1364, 'C 33', 'Neoplasma ganas trakea'),
(1365, 'C 40 - C 41', 'Neoplasma ganas tulang dan tulang rawan sendi'),
(1366, 'C 17, C 23 - C 24,C 26', 'Neoplasma ganas usus halus dan alat cerna lainnya'),
(1367, 'D 30', 'Neoplasma jinak alat kemih'),
(1368, 'D 22 - D 23', 'Neoplasma jinak kulit'),
(1369, 'D 10 - D12.0-.5,.7-.9, D1', 'Neoplasma jinak lainnya'),
(1370, 'D 15.2', 'Neoplasma jinak mediastinum'),
(1371, 'D 33', 'Neoplasma jinak otak dan susunan saraf pusat lainnya'),
(1372, 'D 27', 'Neoplasma jinak ovarium (indung telur)'),
(1373, 'D 24', 'Neoplasma jinak payudara'),
(1374, 'D 14.1 - .4', 'Neoplasma jinak sistem napas lainnya'),
(1375, 'D 37 - D 48', 'Neoplasma yang tak menentu perangainya dan yang tak diketahui sifatnya'),
(1376, 'N29.8', 'nephro calcinosis'),
(1377, 'N04.8', 'nepratio sindrom'),
(1378, 'N05', 'nepritis'),
(1379, 'N20.0', 'neprolitiasis'),
(1380, 'E14.2+N08.3*', 'nepropati diabetik'),
(1381, 'M79.2', 'neuralgia'),
(1382, 'F48.0', 'neurastania'),
(1383, 'H46', 'neuritis optic'),
(1384, 'H46', 'neuritis retro bulbar'),
(1385, 'H30.9', 'neuro chorioretiasis'),
(1386, 'Q85.0', 'neuro fibromatosis'),
(1387, 'D70', 'neuro panic'),
(1388, 'G58.9', 'neuropaty'),
(1389, 'K56.7', 'neus post histerectomy'),
(1390, 'L85.9', 'NHL'),
(1391, 'I64', 'NHS ( non hemorage stroke)'),
(1392, 'H 55', 'Nistagmus & pergerakan mata yang tidak teratur lainnya'),
(1393, 'A69.0', 'noma'),
(1394, 'M84.1', 'non union fraktur'),
(1395, 'R07.4', 'nyeri dada'),
(1396, 'R 10', 'Nyeri perut dan panggul'),
(1397, 'M54.5', 'nyeri pinggang'),
(1398, 'M 54.5', 'Nyeri punggung bawah'),
(1399, 'KODE', 'O'),
(1400, 'E 66', 'Obesitas'),
(1401, 'E66.9', 'obesitas /overweleh'),
(1402, 'R50.9', 'OBS febris'),
(1403, 'K59.0', 'obstipasi'),
(1404, 'P03.1', 'obstruksi anus ( akut bawan bayi)'),
(1405, 'J34.8', 'obstruksi nasi'),
(1406, 'K11.8', 'obstruksi parsial'),
(1407, 'N13.1', 'obstruksi uropati'),
(1408, 'P76.9', 'obstruksi usus'),
(1409, 'K87', 'obstruktif sundice'),
(1410, 'H34.1', 'oclosio arteri retina sentral'),
(1411, 'I25.2', 'old myocard infaction ( OMI)'),
(1412, 'O41.0', 'oligohidramnion'),
(1413, 'H66.9', 'OMP'),
(1414, 'P38', 'ompalitis'),
(1415, 'Q79.2', 'ompalocelle'),
(1416, 'B 73', 'Onkosersiasis'),
(1417, 'S 82,2,1', 'open fr cruris'),
(1418, 'S31.8', 'open wound prut'),
(1419, 'S31.1', 'open wourd abdomen wall'),
(1420, 'S81.0', 'open wourd knee'),
(1421, 'S71.1', 'open wourd tigh paha'),
(1422, 'H49.9', 'opthalmopalgia'),
(1423, 'B46', 'oral trush'),
(1424, 'Z 20, Z 22', 'Orang lain dengan risiko gangguan kesehatan yang berkaitan dengan penyakit menular'),
(1425, 'Z 00.2 - Z 13', 'Orang yang mendapatkan pelayanan kesehatan untuk pemeriksaan khusus dan investigasi lainnya'),
(1426, 'Z 40 - Z41.0, .1, .3 - Z ', 'Orang yang mengunjungi pelayanan kesehatan untuk tindakan perawatan khusus lainnya'),
(1427, 'H05.0', 'orbital celluitis'),
(1428, 'N46.9', 'orchitis'),
(1429, 'C40.1', 'osteo sarcoma dari'),
(1430, 'C49.2', 'osteo sarcoma femur'),
(1431, 'C40.2', 'osteo sarcoma lutut'),
(1432, 'M19.9', 'osteoartritis'),
(1433, 'M 86', 'Osteomielitis'),
(1434, 'M86.9', 'osteomyolitis'),
(1435, 'M87.9', 'osteonecrosis'),
(1436, 'H66.9', 'otitis'),
(1437, 'H 65 - H 75', 'Otitis media dan gangguanmastoid dantelinga tengah'),
(1438, 'T50.9', 'over dosis'),
(1443, 'K38.1', 'PAI'),
(1444, 'R10.4', 'pain abdominal'),
(1445, 'O44.0', 'palacenta previa ( jalan keluar bayi tertutup placenta)'),
(1446, 'Q35.9', 'palato sciziz'),
(1447, 'R00.2', 'palpitasi'),
(1448, 'G80.9', 'palsy cerebral'),
(1449, 'K86.8', 'pancereas anular'),
(1450, 'K85', 'pancreatitis acut'),
(1451, 'D61.9', 'pancytopenia'),
(1452, 'F41.0', 'panic diserdes'),
(1453, 'K 85 - K 86', 'Pankreatitis akut dan penyakit pankreas lainnya'),
(1454, 'H44.0', 'panophtalmitis'),
(1455, 'G12.3', 'paraliasi pertodik'),
(1456, 'K56.0', 'paralitik ilius'),
(1457, 'G82.2', 'paraparesis'),
(1458, 'J02.9', 'paringitis'),
(1459, 'G20', 'parkinson'),
(1460, 'G 21', 'Parkinson sekunder'),
(1461, 'K11.2', 'parotitis'),
(1462, 'O47.0', 'partus imaturus'),
(1463, 'O63.0', 'partus kasep'),
(1464, 'O62.3', 'partus kobrojal'),
(1465, 'O63.2', 'partus lama'),
(1466, 'B 90.9.1', 'Paru/lobus luluh akibat TB'),
(1467, 'Z30.1', 'pasang sepiral'),
(1468, 'Z90.7', 'pasca oferictomi'),
(1469, 'F45.9', 'pasiccsomatis'),
(1470, 'I47.1', 'PAT'),
(1471, 'A 66', 'Patek (Frambusia)'),
(1472, 'Z 50', 'Pelayanan yang melibatkan gangguan prosedur prosedur rehabilitasi'),
(1473, 'N73.5', 'pelvic peritonisis'),
(1474, 'W 42', 'Pemaparan bising'),
(1475, 'W 43', 'Pemaparan getaran'),
(1476, 'W 88', 'Pemaparan radiasi pengion'),
(1477, 'W 90', 'Pemaparan radiasi pengion lain'),
(1478, 'W 91', 'Pemaparan radiasi YTT'),
(1479, 'W 89', 'Pemaparan sinar ultra violet dan man-mide visible'),
(1480, 'Z 46.3', 'Pemasangan dan penyesuaian gigi palsu'),
(1481, 'Z 46.0', 'Pemasangan dan penyesuaian kacamata dan lensa kontak'),
(1482, 'Z 00.1', 'Pemeriksaan kesehatan bayi dan anak secara rutin'),
(1483, 'Z 00.0', 'Pemeriksaan kesehatan umum'),
(1484, 'K62.5', 'pendarahan anus'),
(1485, 'K06.8', 'pendarahan gusi'),
(1486, 'D75.9', 'pendarahan infra kranial PIK'),
(1487, 'R58', 'pendarahan intra abdomen'),
(1488, 'D75.9', 'pendarahan intra cranial'),
(1489, 'N95.0', 'pendarahan pasca menopouse'),
(1490, 'O 72', 'Pendarahan pasca persalinan'),
(1491, 'T18.0', 'pendarahan post op'),
(1492, 'P51.9', 'pendarahan tali pusat bayi'),
(1493, 'P51.9', 'pendarahan umbilicoli'),
(1494, 'I61.3', 'pendarahn pons'),
(1495, 'H46', 'penelitis'),
(1496, 'J93.9', 'penemo thorax'),
(1497, 'J93.8', 'penemo torax acut /cronik'),
(1498, 'P25.2', 'penemunia deastinum bayi'),
(1499, 'J98.2', 'penemunia disdtinum'),
(1500, 'Z 35', 'Pengawasan kehamilan dengan risiko tinggi'),
(1501, 'Z 34', 'Pengawasan kehamilan normal'),
(1502, 'Z 30', 'Pengelolaan kontrasepsi'),
(1503, 'Z 31 - Z 33, Z 37,Z 55 - ', 'Penunjang sarana kesehatan untuk alasan Lainnya'),
(1504, 'N 44 - N 46 N 48 - N 51', 'Penyakit alat kelamin laki lainnya'),
(1505, 'G 30', 'Penyakit Alzheimer'),
(1506, 'K 35 - K 38', 'Penyakit apendiks'),
(1507, 'I 71 - I 72, I 77 - I 79', 'Penyakit arteri, arteriol dan kapiler lainnya'),
(1508, 'A 21, A 24-28 A 31-32, A ', 'Penyakit bakteria lainnya'),
(1509, 'K 13 - K 14', 'Penyakit bibir, mukosa mulut lainnya dan lidah'),
(1510, 'B 76', 'Penyakit cacing tambang'),
(1511, 'K 50 - K 51', 'Penyakit Crohn dan tukak kolitis'),
(1512, 'M 65.4', 'Penyakit de Quervain'),
(1513, 'K 57', 'Penyakit Divertikel usus'),
(1514, 'K 20 - K 23, K 28,K 31', 'Penyakit esofagus, lambung dan duodenum lainnya'),
(1515, 'N 02.0 -.7,.9,N03, N 05 -', 'Penyakit glomerulus lainnya'),
(1516, 'E 04', 'Penyakit gondok nontoksik lain'),
(1517, 'K 05  K 06', 'Penyakit gusi, jaringan periodontal dan tulang alveolar'),
(1518, 'K 71', 'Penyakit hati akibat bahan beracun di tempat kerja'),
(1519, 'K 70', 'Penyakit Hati Alkohol'),
(1520, 'K 74.0 - .5, K 75, K 76.1', 'Penyakit hati lainnya'),
(1521, 'P 55', 'Penyakit hemolitik pd janin & bayi baru lahir'),
(1522, 'J 30.0 - J 30.2,J 33,', 'Penyakit hidung dan sinus hidung lainnya'),
(1523, 'I 11 - I 15', 'Penyakit hipertensi lainnya'),
(1524, 'C 81', 'Penyakit Hodgkin'),
(1525, 'P 35 - P 37', 'Penyakit infeksi dan parasit kongenital'),
(1526, 'A 65, A 67, A 69, A 74, B', 'Penyakit infeksi dan parasit lainnya'),
(1527, 'A 02, A 04 - A 05 A 07 - ', 'Penyakit infeksi usus lainnya'),
(1528, 'I 20, I 23 - I 25', 'Penyakit jantung iskemik lainnya'),
(1529, 'I 27 - I 41, I 51- I 52', 'Penyakit jantung lainnya'),
(1530, 'I 05 - I 09', 'Penyakit jantung reumatik kronik'),
(1531, 'K 03', 'Penyakit jaringan keras gigi lainnya'),
(1532, 'K 12', 'Penyakit jaringan lunak mulut (Stomatitis)dan lesi yang berkaitan'),
(1533, 'K 11', 'Penyakit kelenjar liur'),
(1534, 'A 55 - A 56', 'Penyakit klamidia yg ditularkan melalui hubungan seksual'),
(1535, 'L 10 - L 22, L 25 - L 99', 'Penyakit kulit dan jaringan subkutan lainnya'),
(1536, 'H 57 - H 59', 'Penyakit lain mata dan adneksa'),
(1537, 'G 20', 'Penyakit Parkinson'),
(1538, 'I 73.1 - .9', 'Penyakit pembuluh darah perifer lainnya'),
(1539, 'K 04', 'Penyakit pulpa dan periapikal'),
(1540, 'N94.9', 'penyakit radang panggul PRP'),
(1541, 'G 00 - G 09', 'Penyakit radang susunan saraf pusat'),
(1542, 'J 36 - J 39', 'Penyakit saluran napas bagian atas lainnya'),
(1543, 'I 65 - I 69', 'Penyakit serebrovaskular lainnya'),
(1544, 'K 82 - K 83, K 87 - K 93', 'Penyakit sistem cerna lainnya'),
(1545, 'N 25 - N 29, N 31 - N 39', 'Penyakit sistem kemih lainnya'),
(1546, 'M 87 - M 99', 'Penyakit sistem muskuloskeletal dan jaringan ikat'),
(1547, 'J 22, J 66.1 -2, J 66.8, ', 'Penyakit sistem napas lainnya'),
(1548, 'I 86 - I 99', 'Penyakit sistem sirkulasi lainnya'),
(1549, 'G 10 - G 13, G 22 - G 26,', 'Penyakit susunan saraf lainnya'),
(1550, 'H 60 - H 61.0-.3,.9, H 62', 'Penyakit telinga dan prosesus mastoid'),
(1551, 'D 80  D 89', 'Penyakit tertentu yang menyangkut mekanisme imun'),
(1552, 'J 35', 'Penyakit tonsil dan adenoid kronik'),
(1553, 'N 10 - N 11,N 13, N 14.', 'Penyakit tubulo-interstitial ginjal lainnya'),
(1554, 'K 52 - K 55, K 59 - K 67', 'Penyakit usus dan peritoneum lainnya'),
(1555, 'B 20 - B 24', 'Penyakit virus gangguan defisiensi imunpada manusia (HIV)'),
(1556, 'A 81,A 87 - A 89 B 25,', 'Penyakit virus lainnya'),
(1557, 'T 79 - T 88', 'Penyulit awal trauma tertentu dan penyulit pembedahan dan perawatan YTK di tempat lain'),
(1558, 'O 20 - O 23, O 25 - O 29', 'Penyulit kehamilan dan persalinan lainnya'),
(1559, 'O 85 - O 99', 'Penyulit yang lebih banyak berhubungandengan masa nifas dan kondisi obstetriklainnya, YTK ditempat lain'),
(1560, 'Z 39', 'Perawatan dan pemeriksaan pasca persalinan'),
(1561, 'O 31 - O 39 O 41, O 43, O', 'Perawatan ibu yang berkaitan dengan janindan ketuban dan masalah persalinan'),
(1562, 'Z91.5', 'percoban bunuh diri ( gantung diri)'),
(1563, 'O 46', 'Perdarahan antepartum YTK ditempat lain'),
(1564, 'I 60 - I 62', 'Perdarahan intrakranial'),
(1565, 'D46.9', 'pereleukemia'),
(1566, 'G52.2', 'pereplegia'),
(1567, 'K63.1', 'perforasi ileum/usus'),
(1568, 'N92.1', 'peri penopose bleeding'),
(1569, 'K37', 'periapendicitis'),
(1570, 'I31.3', 'pericardial Effusi'),
(1571, 'K05.2', 'periodentitis acut'),
(1572, 'K65.0', 'peritonisis difusi'),
(1573, 'K65.0', 'peritonisis generalized'),
(1574, 'K65.9', 'peritonitis'),
(1575, 'J36', 'peritonsilaer abses'),
(1576, 'K 76.0', 'Perlemakan hati'),
(1577, 'K05.3', 'perodenitis cronic'),
(1578, 'K63.1', 'perporasi jejunum'),
(1579, 'K63.1', 'perporasi kolon sigmoid'),
(1580, 'H66.9', 'perpurasi MAC'),
(1581, 'O 68', 'Persalinan dengan penyulit gawat janin'),
(1582, 'O 64 - O 66', 'Persalinan macet'),
(1583, 'O 84', 'Persalinan multipel'),
(1584, 'O 60', 'Persalinan prematur'),
(1585, 'O 80', 'Persalinan tunggal spontan'),
(1586, 'G81.9', 'persiapan CT scen'),
(1587, 'K00.6', 'persistensi gigi'),
(1588, 'P 05 - P 07', 'Pertumbuhan janin lamban, malnutrisi janin dan gangguan yang berhubungan dengan ke-hamilan pendek dan berat badan lahir rendah'),
(1589, 'A37.9', 'pertusis'),
(1590, 'A 37', 'Pertusis/Batuk rejan'),
(1591, 'N47', 'phymosis'),
(1592, 'J 86', 'Piotoraks [empiema]'),
(1593, 'F09', 'pisikosis organik'),
(1594, 'P02.0', 'placenta pravia bayi'),
(1595, 'J 92', 'Plak pleural'),
(1596, 'O 44', 'Plasenta previa'),
(1597, 'J18.8', 'plaura pnemunia'),
(1598, 'I 80.9', 'plebitis'),
(1599, 'K10.2', 'plegmoa'),
(1600, 'J90', 'pleura efusi'),
(1601, 'N11.8', 'PNC'),
(1602, 'J18.1', 'pnemonia lobaris'),
(1603, 'J86.9', 'pnemu torax'),
(1604, 'J15.7', 'pnemunia antipical'),
(1605, 'J69.0', 'pnemunia sapirasi'),
(1606, 'J 60 - J 65', 'Pneumokoniosis'),
(1607, 'J 12 - J 18', 'Pneumonia'),
(1608, 'J 67', 'Pneumonitis Hipersensitivity akibat abu organik'),
(1609, 'J 93', 'Pneumotoraks'),
(1610, 'D59.5', 'PNH ( parokimal noctumal hemoglobimuria)'),
(1611, 'M13.0', 'poli artritis'),
(1612, 'D45', 'policetimia vera'),
(1613, 'J98.4', 'policystic pam'),
(1614, 'Q69.9', 'polidektili'),
(1615, 'M35.3', 'polimialgia'),
(1616, 'G62.9', 'polineurpati'),
(1617, 'A 80', 'Poliomielitis akut'),
(1618, 'N84.1', 'polip cervikes'),
(1619, 'N84.0', 'polip endumetrium'),
(1620, 'D13.1', 'polip gaster'),
(1621, 'D13.1', 'polip gaster /stomach'),
(1622, 'D 12.6', 'Polip gastrointestinal'),
(1623, 'J33.9', 'polip nasi'),
(1624, 'K62.1', 'polip recti'),
(1625, 'K62.1', 'polip rectum'),
(1626, 'J33.8', 'pollip nasi'),
(1627, 'Q25.6', 'polmunal stenosis'),
(1628, 'J81', 'polmunari congestion'),
(1629, 'K63.1', 'porforasi sigmoid'),
(1630, 'K63.1', 'porforasi usus'),
(1631, 'K63.1', 'porfurasi ileum'),
(1632, 'K31.9', 'porpurasi gaster'),
(1633, 'J36', 'portionisilair infiltrat'),
(1634, 'F07.2', 'post concusison syndrome'),
(1635, 'N93.0', 'post congital bleding'),
(1636, 'Z98.8', 'post op apendictomy'),
(1637, 'Z98.8', 'post op strumectomy'),
(1638, 'Z93.3', 'post sigmoidectomy'),
(1639, 'Z93.3', 'post vcolostomy'),
(1640, 'O34.8', 'post veginal repair'),
(1641, 'J44.9', 'PPOM'),
(1642, 'O14.1', 'pre eklamsia brat'),
(1643, 'O14.9', 'pre eklamusia ringan'),
(1644, 'O60', 'prematur'),
(1645, 'P07.3', 'prematur bayi'),
(1646, 'N 47', 'Prepusium berlebih, fimosis dan parafimosis'),
(1647, 'O42.9', 'PRM'),
(1648, 'K62.8', 'proktitis'),
(1649, 'N81.4', 'prolap uteri'),
(1650, 'N 81', 'Prolaps alat kelamin perempuan'),
(1651, 'K62.9', 'prolaps anus'),
(1652, 'K91.4', 'prolaps colostomy'),
(1653, 'S05.2', 'prolaps iris'),
(1654, 'T85.3', 'prolaps mata'),
(1655, 'O34.5', 'prolaps tali pusat'),
(1656, 'K63.4', 'prolaps usus'),
(1657, 'N81.4', 'prolaps uteri ( tunggal pagiana)'),
(1658, 'O63.9', 'prolongud leten fase'),
(1659, 'H05.2', 'propthosis'),
(1660, 'N41.9', 'protatitis'),
(1661, 'J84.0', 'protenosis alveuler'),
(1662, 'A18.3+ K673*', 'prtonisis TBC'),
(1663, 'I60.9', 'PSA ( pendarahan sub arachnoid'),
(1664, 'M84.1', 'psaudar throsis'),
(1665, 'Z93.1', 'pseudophkia'),
(1666, 'F29', 'psikosis'),
(1667, 'M 07', 'Psoriasis dan artropati enteropati'),
(1668, 'M 10 - M 11', 'Psoriasis dan atropati lainnya'),
(1669, 'L40.1', 'psoriasis pustular'),
(1670, 'L40.0', 'psoriasis vulgenis'),
(1671, 'H11.8', 'psudo pteregium'),
(1672, 'H11.0', 'pteregium'),
(1673, 'O01.9', 'PTG ( penyakit tropobles ganas)'),
(1674, 'H02.4', 'ptisisc bulbi'),
(1675, 'H02.4', 'ptosis'),
(1676, 'N93.8', 'PUD'),
(1677, 'J98.4', 'pulmunal insufiensi'),
(1678, 'I27.9', 'PVC bigemini'),
(1679, 'N20.0', 'pyalolitasi'),
(1680, 'N12', 'pyelonepritis'),
(1681, 'N10', 'pyelonepritis acut'),
(1682, 'N11.9', 'pyolonepritis kronik'),
(1683, 'N13.6', 'pyoneprosus'),
(1686, 'M06.9', 'RA'),
(1687, 'A82.9', 'rabies'),
(1688, 'A 82', 'Rabies'),
(1689, 'N 71, N 74, N 75.8 - N 77', 'Radang alat dalam panggul perempuan lainnya (adneksitis)'),
(1690, 'H 00 - H 01', 'Radang kelopak mata'),
(1691, 'N 73', 'Radang panggul perempuan lainnya'),
(1692, 'N 72', 'Radang serviks'),
(1693, 'K11.6', 'ranala'),
(1694, 'I44.7', 'RBBB'),
(1695, 'P22.0', 'RDS'),
(1696, 'K75.2', 'reactur hepatitis'),
(1697, 'T78.2', 'reaksi anaphilactic'),
(1698, 'F44.9', 'reaksi conversi'),
(1699, 'F44.9', 'reaksi convrsi'),
(1700, 'E16.0', 'reaksi hipoglekimia'),
(1701, 'F43.0', 'reaksi stress acut'),
(1702, 'F 43.0, F 43.2-.9 F 45, F', 'Reaksi terhadap stres berat dan gangguan penyesuaian, gangguan somatoform, gangguan neurotik lainnya'),
(1703, 'C49.1', 'rebtomysarcoma cruris dextra'),
(1704, 'K62.5', 'rectal bleeding'),
(1705, 'P54.2', 'rectal bleeding bayi'),
(1706, 'N82.3', 'recto vagianal fistula'),
(1707, 'K21.9', 'reflex esofagus'),
(1708, 'K21.0', 'reflix esofagus'),
(1709, 'S05.8', 'reftur palpebra'),
(1710, 'S56.1', 'reftur tendon flexon digit'),
(1711, 'K06.8', 'refture alvecler'),
(1712, 'I77.2', 'refture artery'),
(1713, 'N83.8', 'refture tuba'),
(1714, 'S31.4', 'refture vagina'),
(1715, 'N28.8', 'ren mobilis'),
(1716, 'N23', 'renal colix'),
(1717, 'N19', 'renal fail'),
(1718, 'N19', 'renal nsipiensi'),
(1719, 'O70.9', 'reptum perineum (post partum )'),
(1720, 'S36.2', 'reptun pancereas traumatik'),
(1721, 'S05.3', 'reptur bola mata'),
(1722, 'S05.2', 'reptur cornea dengan prolap'),
(1723, 'S05.3', 'reptur cornea tampa prolaps'),
(1724, 'S36.1', 'reptur hepas'),
(1725, 'S86.0', 'reptur injuri tendon aciles'),
(1726, 'T14.6', 'reptur tendon'),
(1727, 'N36.8', 'reptur uretra non traumatik'),
(1728, 'S09.2', 'reptur uretra traumatik'),
(1729, 'O71.1', 'repture uteri'),
(1730, 'Z91.5', 'resiko ifeksi'),
(1731, '', 'respirasi puradokal'),
(1732, 'P22.9', 'respiratory distress bayi'),
(1733, 'J96.9', 'respiratory failure'),
(1734, 'P28.5', 'respiratory failure bayi'),
(1735, 'O72.0', 'rest. Placenta ( sisa placenta)'),
(1736, 'R33', 'retantio urine'),
(1737, 'F79', 'retar dasi mental'),
(1738, 'F 70 - F 79', 'Retardasi mental'),
(1739, 'R 33', 'retensi urin'),
(1740, 'C96.2', 'retino blastoma'),
(1741, 'Q55.2', 'retractile testis'),
(1742, 'H52.0', 'retraksi contas'),
(1743, 'K66,8', 'retropertioneal'),
(1744, 'N22', 'revtur VE'),
(1745, 'I09.9', 'RHD'),
(1746, 'M06.9', 'rhematoid'),
(1747, 'J31.0', 'rhinitis'),
(1748, 'J00', 'rhino paringitis'),
(1749, 'S31.4', 'robekan jalan lahir'),
(1750, 'B 06', 'Rubela'),
(1751, 'T14.6', 'ruftur muscolorum'),
(1752, 'S37.0', 'rufture lenkideney/ gijal'),
(1753, 'N09.0', 'rumah terbakar'),
(1754, 'S05.3', 'ruptur sclera'),
(1758, 'M46.1', 'sacro lleitis'),
(1759, 'I60.9', 'SAH ( sub aranoid hemoragic)'),
(1760, 'O32', 'salah letak'),
(1761, 'N 70', 'Salpingitis dan ooforitis'),
(1762, 'A 20', 'Sampar/Pes'),
(1763, 'I20.9', 'SAP ( stable anggia pastoris)'),
(1764, 'D21.1', 'sarcoma lengan'),
(1765, 'C55', 'sarcoma utery'),
(1766, 'J33.0', 'SBE'),
(1767, 'A49.9', 'SBP ( spontan bacterial peritonitis)'),
(1768, '', 'schizoprenia'),
(1769, 'J98.4', 'schwarte paru'),
(1770, 'S31.8', 'scizur abdomen penetrane'),
(1771, 'O62.1', 'scondery arrest'),
(1772, 'A18.4', 'scrof uloderma'),
(1773, 'W 20 - W 41, W 44 - W 64,', 'Sebab luar lainnya'),
(1774, 'H21.4', 'secclusio'),
(1775, '', 'seclusion pupil'),
(1776, 'O82.9', 'sectio'),
(1777, 'K04.3', 'secundarcan'),
(1778, 'B 92', 'Sekuele (gejala sisa) lepra'),
(1779, 'B 91', 'Sekuele (gejala sisa) poliomielitis'),
(1780, 'B 90.0 - .8', 'Sekuele (gejala sisa) TB lainnya'),
(1781, 'Z 36', 'Seleksi antenatal'),
(1782, 'A02.0', 'selmonikosis'),
(1783, 'C62.9', 'seminoma testis'),
(1784, 'X 60 - X 69', 'Sengaja mencederai diri dengan bahan beracun'),
(1785, 'X 70 - X 84', 'Sengaja mencederai diri lainnya'),
(1786, 'R 54', 'Senilitas'),
(1787, 'P06.9', 'sepsis bayi'),
(1788, 'O85', 'sepsis puerperalis'),
(1789, 'P36.9', 'sepsis seunatrium'),
(1790, 'M00.9', 'septic arteriris'),
(1791, 'A14.9', 'septic syok'),
(1792, 'A41.9', 'septicemia'),
(1793, 'A41.9', 'septikaimia'),
(1794, 'A 40 - A 41', 'Septisemia'),
(1795, 'R06.0', 'sesak'),
(1796, 'I61.9', 'SH ( struke hemorage)'),
(1797, 'A03.9', 'shigeloss'),
(1798, 'T78.2', 'shock anaphylatic'),
(1799, 'R57.1', 'shock hyvopelemic'),
(1800, 'N11.2', 'shymlaeparon'),
(1801, 'A 50', 'Sifilis bawaan'),
(1802, 'A 51', 'Sifilis dini'),
(1803, 'A 52 - A 53', 'Sifilis lainnya'),
(1804, 'A 03', 'Sigelosis'),
(1805, 'N55', 'sincope'),
(1806, 'F 04, F 07, F 09', 'Sindrom amnesik dan gangguan mental organik'),
(1807, 'Q03.1', 'sindrom dendy walcer'),
(1808, 'Q 90', 'Sindrom Down'),
(1809, 'K 76.7', 'Sindrom hepatorenal'),
(1810, 'F 50 - F 59', 'Sindrom makan, gangguan tidur, disfungsi seksual, gangguan perilaku lainnya'),
(1811, 'R 95', 'Sindrom mati mendadak pada bayi'),
(1812, 'N 00 - N 01', 'Sindrom nefritik progresif cepat dan akut'),
(1813, 'N 04', 'Sindrom nefrotik'),
(1814, 'B 90.9.2', 'Sindrom obstruksi pasca TB'),
(1815, 'G 81 - G 83', 'Sindrom paralitik lainnya'),
(1816, 'T 74', 'Sindrom salah perlakuan'),
(1817, 'K 58', 'Sindrom usus ringkih (Irritable bowel syndrome)'),
(1818, 'G 56.0', 'Sindroma carpal tunnel'),
(1819, 'I 73.0', 'Sindroma Raynauds'),
(1820, 'I64', 'sindrome batang otak'),
(1821, 'F07.2', 'sindrome concusion'),
(1822, 'G43.9', 'sindrome migren'),
(1823, 'I87.1', 'sindrome vena cava'),
(1824, 'J32.9', 'sinostis nasi'),
(1825, 'R00.1', 'sinus brodycardia'),
(1826, 'J32.9', 'sinus hati'),
(1827, 'Q18.1', 'sinus preacular'),
(1828, 'J 32', 'Sinusitis kronik'),
(1829, 'Z41.2', 'sircumsisi'),
(1830, 'K 74.6', 'Sirosis hati'),
(1831, 'N 30', 'Sistitis'),
(1832, 'L98.9', 'skin tag'),
(1833, 'B 65', 'Skistosomiasis (Bilharziasis)'),
(1834, 'F 20, F 21, F 23', 'Skizofrenia, gangguan skizotipal, psikotik akut dan sementara'),
(1835, 'G 35', 'Sklerosis multipel'),
(1836, 'L93.0', 'SLE'),
(1837, 'T63.0', 'snake bite'),
(1838, 'I63.9', 'SNH ( struke non hemorage)'),
(1839, '', 'socet dangkal'),
(1840, 'R57.0', 'sock cardiogenic'),
(1841, 'R900', 'SOL'),
(1842, 'M41.9', 'Soliausis'),
(1843, 'O 45', 'Solusio plasenta'),
(1844, 'O43.3', 'solutio placenta'),
(1845, 'R90.0', 'SOP'),
(1846, 'Q05.9', 'spina bepida'),
(1847, 'Q 05', 'Spina bifida'),
(1848, 'M46.9', 'spondilitis'),
(1849, 'M 45 - M 49', 'Spondiloartropati seronegatif'),
(1850, 'M43.1', 'spondilolisthesis'),
(1851, 'M47.9', 'spondilosis'),
(1852, 'C69.9', 'squemus cell ca.orbita'),
(1853, 'I47.1', 'Supraventricular tachycardia'),
(1854, 'N20.0', 'staghum stone ( calculus)'),
(1855, 'J 46', 'Status Asmatikus'),
(1856, 'J46', 'status asmeticus'),
(1857, 'G44.0', 'status convcilisive'),
(1858, 'G41.9', 'status epileptikus'),
(1859, '', 'stenosis jejunum'),
(1860, 'Q64.3', 'stenosis oni'),
(1861, '', 'stenosis pylorus'),
(1862, 'M48.0', 'stenosis spinalis'),
(1863, 'N35.9', 'stenosis ureter'),
(1864, 'K12.1', 'stomatitis'),
(1865, 'H 49 - H 50', 'Strabismus'),
(1866, 'K27.9', 'strees ulcer'),
(1867, 'K27.9', 'stres ulcus'),
(1868, 'K62.4', 'stricture ani/anus'),
(1869, 'N35.9', 'stricture uretra'),
(1870, 'I 64', 'Strok tak menyebut perdarahan atau infark'),
(1871, 'I64', 'stroke'),
(1872, 'E05.2', 'stroma hipertiroid'),
(1873, '', 'stroma hypertyroid'),
(1874, 'E04.9', 'stroma nodusa'),
(1875, 'E05.0', 'struma difuse tocxic'),
(1876, 'E04.2', 'struma multi nodusa'),
(1877, 'E05.2', 'struma nodusa hypertiroid'),
(1878, 'E04.9', 'struma nodusa non toxix'),
(1879, 'E05.1', 'struma nudusa toxix'),
(1880, 'E04.2', 'struma systic'),
(1881, 'E04.1', 'struma uni nadular non toxic'),
(1882, 'D14.3', 'STU parn'),
(1883, '', 'sub dural hematoma non traumatik'),
(1884, '', 'sub dural hematoma SDH'),
(1885, '', 'sub dural hematoma traumatik'),
(1886, 'I51.9', 'sub endo miocard'),
(1887, 'I21.4', 'sub endocaroio infarak'),
(1888, 'R96.0', 'suden death'),
(1889, 'H 34', 'Sumbatan vaskular retina'),
(1890, 'H11.2', 'sumbilofiron'),
(1891, 'I47.1', 'SVT ( supra venticuler tachicandila)'),
(1892, 'Q74.2', 'sympus'),
(1893, 'R55', 'syncope'),
(1894, 'Q70.9', 'syndaktily'),
(1895, 'G45.0', 'syndrom vertevro basiler'),
(1896, 'G61.0', 'syndrome barre guillain SGB'),
(1897, 'G25.9', 'syndrome extra pramidal'),
(1898, '', 'syndrome frontal lobe'),
(1899, 'G43.9', 'syndrome migrain'),
(1900, 'N04.8', 'syndrome nefhrotic'),
(1901, 'F06.9', 'syndrome otak organik'),
(1902, 'G45.0', 'syndrome vertebro basiler'),
(1903, 'H21.5', 'synechia/perlekatan mata'),
(1904, 'N57.9', 'syock'),
(1905, 'A53.9', 'sypilis'),
(1907, 'R00.0', 'tacicandia'),
(1908, 'A71.9', 'tacom'),
(1909, 'D56.9', 'talasemia'),
(1910, 'P02.4', 'tali pusat menimbung'),
(1911, 'L81.8', 'tatto'),
(1912, 'W70.0', 'tenggelam dikali'),
(1913, 'G44.2', 'tension head ache'),
(1914, 'X 00 - X 09', 'Terdedah asap, api dan uap'),
(1915, 'X 30 - X 39', 'Terdedah faktor alam'),
(1916, 'W20.0', 'tertimpa besi'),
(1917, 'Q 53', 'Testis tidak turun'),
(1918, 'A35', 'tetanus ( cephalic)'),
(1919, 'A 34 - A 35', 'Tetanus lainnya'),
(1920, 'A 33', 'Tetanus neonatorum'),
(1921, 'A33', 'tetanus neunatrium'),
(1922, 'Q21.3', 'tetralogi falot'),
(1923, 'M31.4', 'thalogasus'),
(1924, 'A01.0', 'thypoid fefer /abdominalis'),
(1925, 'O89.2', 'thyroglosal persistent'),
(1926, 'G45.9', 'TIA'),
(1927, 'Q 41', 'Tidak ada, atresia dan stenosis usus halus'),
(1928, 'G93.2', 'TIK'),
(1929, 'E 06', 'Tiroiditis'),
(1930, 'E06.3', 'tiroiditis hasimoto'),
(1931, 'E 05', 'Tirotoksikosis (hipertiroidisme)'),
(1932, 'R25.2', 'tismus'),
(1933, 'A33', 'tismus bayi'),
(1934, 'D33.0', 'to eccipital'),
(1935, 'G 92', 'Toksik insefalopati'),
(1936, 'B 58', 'Toksoplasmosis'),
(1937, 'J03.9', 'tonsilitis acut'),
(1938, 'J 03', 'Tonsilitis akut'),
(1939, 'J35.0', 'tonsilitis cronic'),
(1940, 'J06.8', 'tonsilo phanngitis'),
(1941, 'N44', 'torsi tersis D'),
(1942, 'M43.6', 'torticolis'),
(1943, 'J45.9', 'total blok'),
(1944, 'J04.1', 'traceitis acut'),
(1945, 'J39.8', 'traceomalacea'),
(1946, 'A 71', 'Trakoma'),
(1947, 'M67.3', 'transien synoritis'),
(1948, 'G82.5', 'traptorasre/tetraplegia'),
(1949, 'N28.9', 'trauma ginjal'),
(1950, 'S39.0', 'trauma pelvis'),
(1951, 'B 56 - B 57', 'Tripanosomiasis'),
(1952, 'A 15.0', 'Tuberkulosis (TB) paru BTA (+) dengan/ tanpa biakan kuman TB'),
(1953, 'A 16.3 - .9', 'Tuberkulosis alat napas lainnya'),
(1954, 'A18.1, .3 - .8', 'Tuberkulosis lainnya'),
(1955, 'A 19', 'Tuberkulosis milier'),
(1956, 'A 15.1 - A 16.2', 'Tuberkulosis paru lainnya'),
(1957, 'A 17.1 - .9', 'Tuberkulosis susunan saraf pusat lainnya'),
(1958, 'A 18.0', 'Tuberkulosis tulang dan sendi'),
(1959, 'K 25 - K 27', 'Tukak lambung dan duodenum'),
(1960, 'D12.9', 'tumor anus'),
(1961, 'D12.0', 'tumor ceacum'),
(1962, 'D13.1', 'tumor gaster'),
(1963, 'D36.7', 'tumor glutea'),
(1964, 'C76.3', 'tumor glutea malignom'),
(1965, 'D48.0', 'tumor gusi'),
(1966, 'D13.1', 'tumor kantong empedu'),
(1967, 'C51.0', 'tumor labio mayora'),
(1968, 'D14.1', 'tumor laring ( paru)'),
(1969, 'C69', 'tumor mata'),
(1970, 'D16.4', 'tumor maxilla'),
(1971, 'O36.7', 'tumor meilum'),
(1972, 'D31.6', 'tumor orbit'),
(1973, 'O27', 'tumor ovari'),
(1974, 'C05.9', 'tumor palatum'),
(1975, 'D11.0', 'tumor parotis ( preaucular)'),
(1976, 'C49.0', 'tumor soft tissue ( ganas)'),
(1977, 'D11.7', 'tumor sub mandibula'),
(1978, 'D36.7', 'tumor tulang dada IGA'),
(1979, 'E05.9', 'tyrotoxi cosis'),
(1980, 'J 34.8', 'Ulcus mucosa hidung & perforasi septum nasi'),
(1981, 'N 20 - N 23', 'Urolitiasis'),
(1982, 'B 01 - B 02', 'Varisela (cacar air) dan zoster (herpes zoster)'),
(1983, 'I 85', 'Varises esofagus'),
(1984, 'R58', 'Haemorrhage, not elsewhere classified( pendarahan)'),
(1985, 'I 83', 'Varises vena ekstremitas bawah');

-- --------------------------------------------------------

--
-- Table structure for table `tbl_diskon_trx`
--

CREATE TABLE `tbl_diskon_trx` (
  `id_diskon_trx` int(11) NOT NULL,
  `bulan` varchar(15) NOT NULL,
  `diskon` double NOT NULL,
  `dtm_crt` datetime NOT NULL DEFAULT current_timestamp(),
  `dtm_upd` datetime NOT NULL DEFAULT current_timestamp()
) ENGINE=InnoDB DEFAULT CHARSET=latin1;

--
-- Dumping data for table `tbl_diskon_trx`
--

INSERT INTO `tbl_diskon_trx` (`id_diskon_trx`, `bulan`, `diskon`, `dtm_crt`, `dtm_upd`) VALUES
(1, '2019-12', 10, '0000-00-00 00:00:00', '2019-12-03 04:47:19');

-- --------------------------------------------------------

--
-- Table structure for table `tbl_dokter`
--

CREATE TABLE `tbl_dokter` (
  `id_dokter` int(11) NOT NULL,
  `nama_dokter` varchar(30) NOT NULL,
  `jenis_kelamin` enum('L','P') NOT NULL,
  `tempat_lahir` varchar(30) NOT NULL,
  `tanggal_lahir` date NOT NULL,
  `id_agama` int(11) NOT NULL,
  `alamat_tinggal` text NOT NULL,
  `no_hp` varchar(13) NOT NULL,
  `id_status_menikah` int(11) NOT NULL,
  `id_spesialis` int(11) NOT NULL,
  `no_izin_praktek` varchar(20) NOT NULL,
  `golongan_darah` varchar(2) NOT NULL,
  `alumni` varchar(40) NOT NULL,
  `is_jaga` int(1) NOT NULL COMMENT '0:"Lepas" , 1:"Jaga"',
  `no_pendaftaran` varchar(20) DEFAULT NULL COMMENT 'no_pendaftaran pasien yang sedang ditangani',
  `komisi_biaya_pemeriksaan` float NOT NULL,
  `komisi_biaya_tindakan` float NOT NULL,
  `komisi_biaya_obat` float NOT NULL,
  `dtm_crt` datetime NOT NULL DEFAULT current_timestamp(),
  `dtm_upd` datetime NOT NULL DEFAULT current_timestamp()
) ENGINE=InnoDB DEFAULT CHARSET=latin1;

--
-- Dumping data for table `tbl_dokter`
--

INSERT INTO `tbl_dokter` (`id_dokter`, `nama_dokter`, `jenis_kelamin`, `tempat_lahir`, `tanggal_lahir`, `id_agama`, `alamat_tinggal`, `no_hp`, `id_status_menikah`, `id_spesialis`, `no_izin_praktek`, `golongan_darah`, `alumni`, `is_jaga`, `no_pendaftaran`, `komisi_biaya_pemeriksaan`, `komisi_biaya_tindakan`, `komisi_biaya_obat`, `dtm_crt`, `dtm_upd`) VALUES
(1, 'dr. Sunari', 'L', 'Malang', '1959-09-09', 1, 'Malang', '08', 1, 2, 'PRKT001-11/02', 'A', 'UI', 1, '000066', 10.5, 20, 5, '2018-03-01 16:30:43', '2021-09-21 02:15:53'),
(3, 'Wijaya, S.Ked', 'L', 'Lumajang', '1994-04-01', 1, 'Malang', '089691402885', 1, 1, 'PRKT00/00/21', 'A', 'Brawijaya', 1, '000052', 0, 0, 0, '2018-03-21 15:38:37', '2021-09-13 04:51:17');

-- --------------------------------------------------------

--
-- Table structure for table `tbl_golongan_barang`
--

CREATE TABLE `tbl_golongan_barang` (
  `id_golongan_barang` int(11) NOT NULL,
  `nama_golongan_barang` varchar(50) NOT NULL,
  `keterangan` varchar(200) NOT NULL,
  `dtm_crt` datetime NOT NULL DEFAULT current_timestamp(),
  `dtm_upd` datetime NOT NULL DEFAULT current_timestamp()
) ENGINE=InnoDB DEFAULT CHARSET=latin1;

--
-- Dumping data for table `tbl_golongan_barang`
--

INSERT INTO `tbl_golongan_barang` (`id_golongan_barang`, `nama_golongan_barang`, `keterangan`, `dtm_crt`, `dtm_upd`) VALUES
(1, 'Obat Keras', 'dibutuhkan resep dari dokter', '2019-11-14 16:06:41', '2019-11-14 10:15:55'),
(2, 'Obat Antibiotik', '-', '2019-12-07 10:52:24', '2019-12-07 10:52:24');

-- --------------------------------------------------------

--
-- Table structure for table `tbl_gudang`
--

CREATE TABLE `tbl_gudang` (
  `kode_gudang` varchar(20) NOT NULL,
  `nama_gudang` varchar(20) NOT NULL,
  `alamat_gudang` varchar(100) NOT NULL,
  `kota` varchar(25) NOT NULL,
  `telp` varchar(15) NOT NULL,
  `dtm_crt` datetime NOT NULL DEFAULT current_timestamp(),
  `dtm_upd` datetime NOT NULL DEFAULT current_timestamp()
) ENGINE=InnoDB DEFAULT CHARSET=latin1;

--
-- Dumping data for table `tbl_gudang`
--

INSERT INTO `tbl_gudang` (`kode_gudang`, `nama_gudang`, `alamat_gudang`, `kota`, `telp`, `dtm_crt`, `dtm_upd`) VALUES
('GUD1573716602', 'gudang aa', 'jl kencana', 'surabaya', '0809090909', '2019-11-14 14:30:02', '2019-11-14 10:19:59'),
('GUD1574152872', 'gudang b', 'jl askfjh', 'kotabaru', '0899898989', '2019-11-19 15:41:12', '2019-11-19 15:41:12');

-- --------------------------------------------------------

--
-- Table structure for table `tbl_hak_akses`
--

CREATE TABLE `tbl_hak_akses` (
  `id` int(11) NOT NULL,
  `id_user_level` int(11) NOT NULL,
  `id_menu` int(11) NOT NULL,
  `dtm_crt` datetime NOT NULL DEFAULT current_timestamp(),
  `dtm_upd` datetime NOT NULL DEFAULT current_timestamp()
) ENGINE=InnoDB DEFAULT CHARSET=latin1;

--
-- Dumping data for table `tbl_hak_akses`
--

INSERT INTO `tbl_hak_akses` (`id`, `id_user_level`, `id_menu`, `dtm_crt`, `dtm_upd`) VALUES
(15, 1, 1, '2018-03-27 10:33:46', '2018-03-27 10:33:46'),
(19, 1, 3, '2018-03-27 10:33:46', '2018-03-27 10:33:46'),
(24, 1, 9, '2018-03-27 10:33:46', '2018-03-27 10:33:46'),
(37, 4, 22, '2018-03-27 10:33:46', '2018-03-27 10:33:46'),
(42, 1, 2, '2018-03-27 10:33:46', '2018-03-27 10:33:46'),
(43, 1, 6, '2018-03-27 10:33:46', '2018-03-27 10:33:46'),
(44, 1, 7, '2018-03-27 10:33:46', '2018-03-27 10:33:46'),
(45, 1, 8, '2018-03-27 10:33:46', '2018-03-27 10:33:46'),
(46, 1, 13, '2018-03-27 10:33:46', '2018-03-27 10:33:46'),
(47, 1, 14, '2018-03-27 10:33:46', '2018-03-27 10:33:46'),
(48, 1, 15, '2018-03-27 10:33:46', '2018-03-27 10:33:46'),
(49, 1, 16, '2018-03-27 10:33:46', '2018-03-27 10:33:46'),
(50, 1, 17, '2018-03-27 10:33:46', '2018-03-27 10:33:46'),
(51, 1, 18, '2018-03-27 10:33:46', '2018-03-27 10:33:46'),
(52, 1, 20, '2018-03-27 10:33:46', '2018-03-27 10:33:46'),
(53, 1, 23, '2018-03-27 10:33:46', '2018-03-27 10:33:46'),
(55, 1, 24, '2018-03-27 10:33:46', '2018-03-27 10:33:46'),
(56, 1, 29, '2018-03-27 10:33:46', '2018-03-27 10:33:46'),
(58, 1, 34, '2018-03-27 10:33:46', '2018-03-27 10:33:46'),
(59, 1, 37, '2018-03-27 10:33:46', '2018-03-27 10:33:46'),
(60, 1, 38, '2018-03-27 10:33:46', '2018-03-27 10:33:46'),
(62, 1, 36, '2018-03-27 10:33:46', '2018-03-27 10:33:46'),
(63, 1, 19, '2018-03-27 10:33:46', '2018-03-27 10:33:46'),
(66, 2, 7, '2018-03-27 10:33:46', '2018-03-27 10:33:46'),
(67, 2, 17, '2018-03-27 10:33:46', '2018-03-27 10:33:46'),
(68, 2, 6, '2018-03-27 10:33:46', '2018-03-27 10:33:46'),
(69, 2, 8, '2018-03-27 10:33:46', '2018-03-27 10:33:46'),
(70, 2, 39, '2018-03-27 10:33:46', '2018-03-27 10:33:46'),
(78, 5, 30, '2018-03-27 10:33:46', '2018-03-27 10:33:46'),
(81, 5, 22, '2018-03-27 10:33:46', '2018-03-27 10:33:46'),
(83, 1, 21, '2018-03-27 10:33:46', '2018-03-27 10:33:46'),
(84, 1, 22, '2018-03-27 10:33:46', '2018-03-27 10:33:46'),
(85, 1, 25, '2018-03-27 10:33:46', '2018-03-27 10:33:46'),
(86, 1, 26, '2018-03-27 10:33:46', '2018-03-27 10:33:46'),
(87, 1, 27, '2018-03-27 10:33:46', '2018-03-27 10:33:46'),
(88, 1, 28, '2018-03-27 10:33:46', '2018-03-27 10:33:46'),
(89, 1, 30, '2018-03-27 10:33:46', '2018-03-27 10:33:46'),
(90, 1, 31, '2018-03-27 10:33:46', '2018-03-27 10:33:46'),
(91, 1, 32, '2018-03-27 10:33:46', '2018-03-27 10:33:46'),
(92, 1, 35, '2018-03-27 10:33:46', '2018-03-27 10:33:46'),
(93, 1, 40, '2018-03-27 10:33:46', '2018-03-27 10:33:46'),
(97, 4, 42, '2018-03-27 10:33:46', '2018-03-27 10:33:46'),
(98, 4, 43, '2018-03-27 10:33:46', '2018-03-27 10:33:46'),
(100, 5, 44, '2018-03-27 10:33:46', '2018-03-27 10:33:46'),
(108, 1, 47, '2018-03-27 10:33:46', '2018-03-27 10:33:46'),
(109, 1, 48, '2018-03-27 10:33:46', '2018-03-27 10:33:46'),
(110, 5, 49, '2018-03-27 10:33:46', '2018-03-27 10:33:46'),
(113, 1, 50, '2018-03-27 10:33:46', '2018-03-27 10:33:46'),
(116, 1, 52, '2018-03-27 10:33:46', '2018-03-27 10:33:46'),
(117, 1, 33, '2018-03-27 10:33:46', '2018-03-27 10:33:46'),
(118, 1, 53, '2018-03-27 10:33:46', '2018-03-27 10:33:46'),
(120, 5, 54, '2018-03-28 09:59:32', '2018-03-28 09:59:32'),
(121, 5, 55, '2018-04-03 11:37:10', '2018-04-03 11:37:10'),
(122, 4, 41, '2018-04-19 10:35:23', '2018-04-19 10:35:23'),
(123, 8, 57, '2018-04-25 16:19:54', '2018-04-25 16:19:54'),
(128, 5, 58, '2018-04-25 23:23:52', '2018-04-25 23:23:52'),
(129, 5, 59, '2018-04-25 23:23:53', '2018-04-25 23:23:53'),
(130, 5, 60, '2018-04-25 23:36:39', '2018-04-25 23:36:39'),
(135, 3, 27, '2018-05-17 09:21:12', '2018-05-17 09:21:12'),
(136, 3, 28, '2018-05-17 09:21:13', '2018-05-17 09:21:13'),
(137, 3, 29, '2018-05-17 09:21:13', '2018-05-17 09:21:13'),
(138, 1, 64, '2018-05-19 14:30:19', '2018-05-19 14:30:19'),
(139, 1, 65, '2019-11-13 09:54:42', '2019-11-13 09:54:42'),
(140, 1, 66, '2019-11-13 10:03:08', '2019-11-13 10:03:08'),
(141, 1, 67, '2019-11-13 10:03:09', '2019-11-13 10:03:09'),
(142, 1, 72, '2019-11-13 10:27:02', '2019-11-13 10:27:02'),
(143, 1, 71, '2019-11-13 10:27:03', '2019-11-13 10:27:03'),
(144, 1, 70, '2019-11-13 10:27:04', '2019-11-13 10:27:04'),
(145, 1, 69, '2019-11-13 10:27:04', '2019-11-13 10:27:04'),
(146, 1, 68, '2019-11-13 10:27:05', '2019-11-13 10:27:05'),
(147, 1, 73, '2019-11-13 10:30:02', '2019-11-13 10:30:02'),
(148, 1, 74, '2019-11-13 10:34:53', '2019-11-13 10:34:53'),
(149, 1, 75, '2019-11-13 10:34:56', '2019-11-13 10:34:56'),
(150, 1, 76, '2019-11-13 10:34:57', '2019-11-13 10:34:57'),
(151, 1, 77, '2019-11-13 10:34:58', '2019-11-13 10:34:58'),
(152, 1, 78, '2019-11-13 10:39:30', '2019-11-13 10:39:30'),
(153, 1, 79, '2019-11-13 12:08:07', '2019-11-13 12:08:07'),
(154, 1, 80, '2019-11-13 13:59:47', '2019-11-13 13:59:47'),
(155, 1, 81, '2019-11-14 12:32:36', '2019-11-14 12:32:36'),
(156, 1, 82, '2019-11-14 13:38:07', '2019-11-14 13:38:07'),
(157, 1, 83, '2019-11-14 14:20:11', '2019-11-14 14:20:11'),
(158, 1, 84, '2019-11-14 15:53:52', '2019-11-14 15:53:52'),
(159, 1, 85, '2019-11-14 16:30:27', '2019-11-14 16:30:27'),
(160, 1, 86, '2019-11-14 20:59:31', '2019-11-14 20:59:31'),
(161, 1, 89, '2019-11-15 17:57:49', '2019-11-15 17:57:49'),
(162, 1, 88, '2019-11-16 08:39:25', '2019-11-16 08:39:25'),
(163, 1, 87, '2019-11-16 08:39:28', '2019-11-16 08:39:28'),
(164, 1, 90, '2019-11-16 08:39:31', '2019-11-16 08:39:31'),
(165, 1, 91, '2019-11-16 08:39:33', '2019-11-16 08:39:33'),
(166, 1, 93, '2019-11-18 08:37:03', '2019-11-18 08:37:03'),
(168, 1, 92, '2019-11-18 08:44:29', '2019-11-18 08:44:29'),
(169, 1, 94, '2019-11-20 09:24:15', '2019-11-20 09:24:15'),
(170, 1, 95, '2019-11-20 09:24:16', '2019-11-20 09:24:16'),
(171, 1, 96, '2019-11-21 14:05:41', '2019-11-21 14:05:41'),
(172, 1, 102, '2019-11-23 11:14:22', '2019-11-23 11:14:22'),
(173, 6, 96, '2019-11-26 09:26:02', '2019-11-26 09:26:02'),
(174, 7, 102, '2019-11-26 09:28:33', '2019-11-26 09:28:33'),
(175, 1, 116, '2019-12-03 10:19:47', '2019-12-03 10:19:47'),
(176, 1, 117, '2019-12-05 11:01:39', '2019-12-05 11:01:39'),
(180, 3, 92, '2019-12-11 21:20:05', '2019-12-11 21:20:05'),
(194, 3, 46, '2019-12-13 09:27:19', '2019-12-13 09:27:19'),
(196, 8, 126, '2019-12-13 09:34:02', '2019-12-13 09:34:02'),
(198, 8, 127, '2019-12-13 09:34:43', '2019-12-13 09:34:43'),
(199, 7, 117, '2019-12-13 09:39:09', '2019-12-13 09:39:09'),
(200, 8, 45, '2019-12-17 11:19:42', '2019-12-17 11:19:42'),
(201, 8, 62, '2019-12-17 11:20:16', '2019-12-17 11:20:16'),
(202, 4, 40, '2018-04-19 10:35:23', '2018-04-19 10:35:23'),
(203, 4, 41, '2018-04-19 10:35:23', '2018-04-19 10:35:23'),
(204, 5, 39, '2021-09-14 20:44:09', '2021-09-14 20:44:09'),
(206, 1, 133, '2021-09-17 10:14:28', '2021-09-17 10:14:28'),
(207, 1, 134, '2021-09-19 13:36:09', '2021-09-19 13:36:09');

-- --------------------------------------------------------

--
-- Table structure for table `tbl_inventory`
--

CREATE TABLE `tbl_inventory` (
  `id_inventory` varchar(15) NOT NULL,
  `kode_purchase` varchar(15) DEFAULT NULL,
  `inv_type` varchar(25) DEFAULT NULL,
  `id_klinik` int(11) NOT NULL,
  `dtm_crt` datetime NOT NULL DEFAULT current_timestamp(),
  `dtm_upd` datetime NOT NULL DEFAULT current_timestamp()
) ENGINE=InnoDB DEFAULT CHARSET=latin1;

--
-- Dumping data for table `tbl_inventory`
--

INSERT INTO `tbl_inventory` (`id_inventory`, `kode_purchase`, `inv_type`, `id_klinik`, `dtm_crt`, `dtm_upd`) VALUES
('RCP1575602566', 'PO1575602528', 'RECEIPT_ORDER', 1, '2019-12-06 10:22:46', '2019-12-06 10:22:46'),
('RCP1575602933', NULL, 'TRX_STUFF', 1, '2019-12-06 10:28:54', '2019-12-06 10:28:54'),
('RCP1575603311', NULL, 'TRX_STUFF', 1, '2019-12-06 10:35:11', '2019-12-06 10:35:11'),
('RCP1575638990', NULL, 'TRX_STUFF', 1, '2019-12-06 20:29:50', '2019-12-06 20:29:50'),
('RCP1575644532', NULL, 'TRX_STUFF', 1, '2019-12-06 22:02:12', '2019-12-06 22:02:12'),
('RCP1575814570', NULL, 'TRX_STUFF', 1, '2019-12-08 21:16:10', '2019-12-08 21:16:10'),
('RCP1575814726', NULL, 'TRX_STUFF', 1, '2019-12-08 21:18:46', '2019-12-08 21:18:46'),
('RCP1576029726', NULL, 'TRX_STUFF', 1, '2019-12-11 09:02:06', '2019-12-11 09:02:06'),
('RCP1576030320', NULL, 'TRX_STUFF', 1, '2019-12-11 09:12:00', '2019-12-11 09:12:00'),
('RCP1576204630', NULL, 'TRX_STUFF', 1, '2019-12-13 09:37:10', '2019-12-13 09:37:10'),
('RCP1576907203', NULL, 'TRX_STUFF', 1, '2019-12-21 12:46:43', '2019-12-21 12:46:43'),
('RCP1576908306', NULL, 'TRX_STUFF', 2, '2019-12-21 13:05:06', '2019-12-21 13:05:06'),
('RCP1576908502', NULL, 'TRX_STUFF', 2, '2019-12-21 13:08:22', '2019-12-21 13:08:22'),
('RCP1577596653', NULL, 'TRX_STUFF', 1, '2019-12-29 12:17:33', '2019-12-29 12:17:33'),
('RCP1578134719', NULL, 'TRX_STUFF', 1, '2020-01-04 17:45:19', '2020-01-04 17:45:19'),
('RCP1578632224', NULL, 'TRX_STUFF', 1, '2020-01-10 11:57:04', '2020-01-10 11:57:04'),
('RCP1579042562', NULL, 'TRX_STUFF', 1, '2020-01-15 05:56:02', '2020-01-15 05:56:02'),
('RCP1579080605', NULL, 'TRX_STUFF', 1, '2020-01-15 16:30:05', '2020-01-15 16:30:05'),
('RCP1579083270', NULL, 'TRX_STUFF', 1, '2020-01-15 17:14:30', '2020-01-15 17:14:30'),
('RCP1579157624', NULL, 'TRX_STUFF', 1, '2020-01-16 13:53:44', '2020-01-16 13:53:44'),
('RCP1579157871', NULL, 'TRX_STUFF', 1, '2020-01-16 13:57:51', '2020-01-16 13:57:51'),
('RCP1579607751', NULL, 'TRX_STUFF', 1, '2020-01-21 18:55:51', '2020-01-21 18:55:51'),
('RCP1579607979', NULL, 'TRX_STUFF', 1, '2020-01-21 18:59:39', '2020-01-21 18:59:39'),
('RCP1592529777', NULL, 'TRX_STUFF', 1, '2020-06-19 08:22:57', '2020-06-19 08:22:57'),
('RCP1592530040', NULL, 'TRX_STUFF', 1, '2020-06-19 08:27:20', '2020-06-19 08:27:20'),
('RCP1592530152', NULL, 'TRX_STUFF', 1, '2020-06-19 08:29:12', '2020-06-19 08:29:12'),
('RCP1592530202', NULL, 'TRX_STUFF', 1, '2020-06-19 08:30:02', '2020-06-19 08:30:02'),
('RCP1592530467', NULL, 'TRX_STUFF', 1, '2020-06-19 08:34:27', '2020-06-19 08:34:27'),
('RCP1592531965', NULL, 'TRX_STUFF', 1, '2020-06-19 08:59:25', '2020-06-19 08:59:25'),
('RCP1593482458', NULL, 'TRX_STUFF', 1, '2020-06-30 09:00:58', '2020-06-30 09:00:58'),
('RCP1603783298', NULL, 'TRX_STUFF', 1, '2020-10-27 14:21:38', '2020-10-27 14:21:38'),
('RCP1603787172', NULL, 'TRX_STUFF', 1, '2020-10-27 15:26:12', '2020-10-27 15:26:12'),
('RCP1623994453', 'PO1623994423', 'RECEIPT_ORDER', 1, '2021-06-18 12:34:13', '2021-06-18 12:34:13'),
('RCP1624003173', NULL, 'TRX_STUFF', 1, '2021-06-18 14:59:33', '2021-06-18 14:59:33'),
('RCP1624003589', 'PO1624003560', 'RECEIPT_ORDER', 0, '2021-06-18 15:06:29', '2021-06-18 15:06:29'),
('RCP1624003761', NULL, 'TRX_STUFF', 1, '2021-06-18 15:09:21', '2021-06-18 15:09:21'),
('RCP1624008713', NULL, 'TRX_STUFF', 1, '2021-06-18 16:31:53', '2021-06-18 16:31:53'),
('RCP1624009652', NULL, 'TRX_STUFF', 1, '2021-06-18 16:47:32', '2021-06-18 16:47:32'),
('RCP1624331047', NULL, 'TRX_STUFF', 1, '2021-06-22 10:04:07', '2021-06-22 10:04:07'),
('RCP1624347275', 'PO1624347163', 'RECEIPT_ORDER', 0, '2021-06-22 14:34:35', '2021-06-22 14:34:35'),
('RCP1624348480', 'PO1624348456', 'RECEIPT_ORDER', 0, '2021-06-22 14:54:40', '2021-06-22 14:54:40'),
('RCP1624415998', NULL, 'TRX_STUFF', 1, '2021-06-23 09:39:58', '2021-06-23 09:39:58'),
('RCP1624431725', NULL, 'MANUFAKTUR_IN', 0, '2021-06-23 14:02:05', '2021-06-23 14:02:05'),
('RCP1624431726', NULL, 'MANUFAKTUR_OUT', 0, '2021-06-23 14:02:05', '2021-06-23 14:02:05'),
('RCP1631501477', NULL, 'TRX_STUFF', 1, '2021-09-13 09:51:17', '2021-09-13 09:51:17'),
('RCP1631683212', NULL, 'TRX_STUFF', 1, '2021-09-15 12:20:12', '2021-09-15 12:20:12'),
('RCP1631764229', NULL, 'TRX_STUFF', 1, '2021-09-16 10:50:29', '2021-09-16 10:50:29'),
('RCP1631765309', NULL, 'TRX_STUFF', 1, '2021-09-16 11:08:29', '2021-09-16 11:08:29'),
('RCP1631765321', NULL, 'TRX_STUFF', 1, '2021-09-16 11:08:41', '2021-09-16 11:08:41'),
('RCP1632183353', NULL, 'TRX_STUFF', 1, '2021-09-21 07:15:53', '2021-09-21 07:15:53'),
('RCP1632186150', 'PO1632186126', 'RECEIPT_ORDER', 1, '2021-09-21 08:02:30', '2021-09-21 08:02:30'),
('RCP1632186303', 'PO1632186279', 'RECEIPT_ORDER', 1, '2021-09-21 08:05:03', '2021-09-21 08:05:03'),
('RCP1632704801', NULL, 'TRX_STUFF', 1, '2021-09-27 08:06:41', '2021-09-27 08:06:41'),
('RTR1632186415', 'PO1632186279', 'RETURN_MONEY', 1, '2021-09-21 08:06:55', '2021-09-21 08:06:55'),
('RTR1632187122', 'PO1632186279', 'RETURN_MONEY', 1, '2021-09-21 08:18:42', '2021-09-21 08:18:42');

-- --------------------------------------------------------

--
-- Table structure for table `tbl_inventory_detail`
--

CREATE TABLE `tbl_inventory_detail` (
  `id_inventory_detail` int(11) NOT NULL,
  `id_inventory` varchar(15) NOT NULL,
  `kode_barang` varchar(15) NOT NULL,
  `kode_gudang` varchar(15) NOT NULL,
  `id_lokasi_barang` int(11) NOT NULL,
  `jumlah` double NOT NULL,
  `harga` int(11) NOT NULL,
  `diskon` int(11) NOT NULL,
  `tgl_exp` date NOT NULL,
  `notes` varchar(50) DEFAULT NULL,
  `dtm_crt` datetime NOT NULL DEFAULT current_timestamp(),
  `dtm_upd` datetime NOT NULL DEFAULT current_timestamp()
) ENGINE=InnoDB DEFAULT CHARSET=latin1;

--
-- Dumping data for table `tbl_inventory_detail`
--

INSERT INTO `tbl_inventory_detail` (`id_inventory_detail`, `id_inventory`, `kode_barang`, `kode_gudang`, `id_lokasi_barang`, `jumlah`, `harga`, `diskon`, `tgl_exp`, `notes`, `dtm_crt`, `dtm_upd`) VALUES
(1, 'RCP1575602566', 'BRG1575602130', 'GUD1574152872', 2, 80, 10000, 100, '2020-01-05', NULL, '2019-12-06 10:22:46', '2019-12-06 10:22:46'),
(2, 'RCP1575602566', 'BRG1575602404', 'GUD1573716602', 2, 60, 1800, 400, '2020-01-26', NULL, '2019-12-06 10:22:46', '2019-12-06 10:22:46'),
(3, 'RCP1575602933', 'BRG1575602130', '', 0, 2, 15000, 0, '2020-01-05', NULL, '2019-12-06 10:28:54', '2019-12-06 10:28:54'),
(4, 'RCP1575602933', 'BRG1575602404', '', 0, 1, 2000, 0, '2020-01-26', NULL, '2019-12-06 10:28:54', '2019-12-06 10:28:54'),
(5, 'RCP1575603311', 'BRG1575602130', '', 0, 5, 15000, 0, '2020-01-05', NULL, '2019-12-06 10:35:11', '2019-12-06 10:35:11'),
(6, 'RCP1575603311', 'BRG1575602404', '', 0, 5, 2000, 0, '2020-01-26', NULL, '2019-12-06 10:35:11', '2019-12-06 10:35:11'),
(7, 'RCP1575638990', 'BRG1575602130', '', 0, 5, 15000, 0, '2020-01-05', NULL, '2019-12-06 20:29:50', '2019-12-06 20:29:50'),
(8, 'RCP1575644532', 'BRG1575602130', '', 0, 5, 15000, 0, '2020-01-05', NULL, '2019-12-06 22:02:12', '2019-12-06 22:02:12'),
(9, 'RCP1575814570', 'BRG1575602130', '', 0, 3, 15000, 0, '2020-01-05', NULL, '2019-12-08 21:16:10', '2019-12-08 21:16:10'),
(10, 'RCP1575814570', 'BRG1575602404', '', 0, 2, 2000, 0, '2020-01-26', NULL, '2019-12-08 21:16:10', '2019-12-08 21:16:10'),
(11, 'RCP1575814726', 'BRG1575602130', '', 0, 4, 15000, 0, '2020-01-05', NULL, '2019-12-08 21:18:46', '2019-12-08 21:18:46'),
(12, 'RCP1576029726', 'BRG1575602130', '', 0, 1, 15000, 0, '2020-01-05', NULL, '2019-12-11 09:02:06', '2019-12-11 09:02:06'),
(13, 'RCP1576029726', 'BRG1575602404', '', 0, 5, 2000, 0, '2020-01-26', NULL, '2019-12-11 09:02:06', '2019-12-11 09:02:06'),
(14, 'RCP1576030320', 'BRG1575602130', '', 0, 4, 15000, 0, '2020-01-05', NULL, '2019-12-11 09:12:00', '2019-12-11 09:12:00'),
(15, 'RCP1576204630', 'BRG1575602130', '', 0, 2, 15000, 0, '2020-01-05', NULL, '2019-12-13 09:37:10', '2019-12-13 09:37:10'),
(16, 'RCP1576907203', 'BRG1575602404', '', 0, 1, 2000, 0, '2020-01-26', NULL, '2019-12-21 12:46:43', '2019-12-21 12:46:43'),
(17, 'RCP1576907203', 'BRG1575602130', '', 0, 1, 15000, 0, '2020-01-05', NULL, '2019-12-21 12:46:43', '2019-12-21 12:46:43'),
(18, 'RCP1576908306', 'BRG1575602130', '', 0, 5, 10000, 100, '2020-01-05', NULL, '2019-12-21 13:05:06', '2019-12-21 13:05:06'),
(19, 'RCP1576908306', 'BRG1575602404', '', 0, 5, 1800, 400, '2020-01-26', NULL, '2019-12-21 13:05:06', '2019-12-21 13:05:06'),
(20, 'RCP1576908502', 'BRG1575602130', '', 0, 5, 10000, 100, '2020-01-05', NULL, '2019-12-21 13:08:22', '2019-12-21 13:08:22'),
(21, 'RCP1576908502', 'BRG1575602404', '', 0, 5, 1800, 400, '2020-01-26', NULL, '2019-12-21 13:08:22', '2019-12-21 13:08:22'),
(22, 'RCP1577596653', 'BRG1575602404', '', 0, 1, 2000, 0, '2020-01-26', NULL, '2019-12-29 12:17:33', '2019-12-29 12:17:33'),
(23, 'RCP1578134719', 'BRG1575602130', '', 0, 1, 15000, 0, '2020-01-05', NULL, '2020-01-04 17:45:19', '2020-01-04 17:45:19'),
(24, 'RCP1578134719', 'BRG1575602404', '', 0, 10, 2000, 0, '2020-01-26', NULL, '2020-01-04 17:45:19', '2020-01-04 17:45:19'),
(25, 'RCP1578632224', 'BRG1575602404', '', 0, 5, 1800, 400, '2020-01-26', NULL, '2020-01-10 11:57:04', '2020-01-10 11:57:04'),
(26, 'RCP1579042562', 'BRG1575602404', '', 0, 10, 1800, 400, '2020-01-26', NULL, '2020-01-15 05:56:02', '2020-01-15 05:56:02'),
(27, 'RCP1579042562', 'BRG1575602130', '', 0, 5, 10000, 100, '2020-01-05', NULL, '2020-01-15 05:56:02', '2020-01-15 05:56:02'),
(28, 'RCP1579080605', 'BRG1575602130', '', 0, 5, 10000, 100, '2020-01-05', NULL, '2020-01-15 16:30:05', '2020-01-15 16:30:05'),
(29, 'RCP1579080605', 'BRG1575602130', '', 0, 5, 10000, 100, '2020-01-05', NULL, '2020-01-15 16:30:05', '2020-01-15 16:30:05'),
(30, 'RCP1579083270', 'BRG1575602130', '', 0, 4, 15000, 0, '2020-01-05', NULL, '2020-01-15 17:14:30', '2020-01-15 17:14:30'),
(31, 'RCP1579083270', 'BRG1575602404', '', 0, 1, 2000, 0, '2020-01-26', NULL, '2020-01-15 17:14:30', '2020-01-15 17:14:30'),
(32, 'RCP1579157624', 'BRG1575602404', '', 0, 5, 1800, 400, '2020-01-26', NULL, '2020-01-16 13:53:44', '2020-01-16 13:53:44'),
(33, 'RCP1579157871', 'BRG1575602130', '', 0, 1, 15000, 0, '2020-01-05', NULL, '2020-01-16 13:57:51', '2020-01-16 13:57:51'),
(34, 'RCP1579607751', 'BRG1575602130', '', 0, 5, 10000, 100, '2020-01-05', NULL, '2020-01-21 18:55:51', '2020-01-21 18:55:51'),
(35, 'RCP1579607979', 'BRG1575602130', '', 0, 5, 10000, 100, '2020-01-05', NULL, '2020-01-21 18:59:39', '2020-01-21 18:59:39'),
(36, 'RCP1592529777', 'BRG1575602130', '', 0, 5, 10000, 100, '2020-01-05', NULL, '2020-06-19 08:22:57', '2020-06-19 08:22:57'),
(37, 'RCP1592530040', 'BRG1575602130', '', 0, 5, 10000, 100, '2020-01-05', NULL, '2020-06-19 08:27:20', '2020-06-19 08:27:20'),
(38, 'RCP1592530202', 'BRG1575602130', '', 0, 5, 10000, 100, '2020-01-05', NULL, '2020-06-19 08:30:02', '2020-06-19 08:30:02'),
(39, 'RCP1592530467', 'BRG1575602404', '', 0, 5, 1800, 400, '2020-01-26', NULL, '2020-06-19 08:34:27', '2020-06-19 08:34:27'),
(40, 'RCP1592531965', 'BRG1575602404', '', 0, 5, 1800, 400, '2020-01-26', NULL, '2020-06-19 08:59:25', '2020-06-19 08:59:25'),
(41, 'RCP1593482458', 'BRG1575602130', '', 0, 0.5, 10000, 100, '2020-01-05', NULL, '2020-06-30 09:00:58', '2020-06-30 09:00:58'),
(42, 'RCP1603783298', 'BRG1575602404', '', 0, 0.5, 1800, 400, '2020-01-26', NULL, '2020-10-27 14:21:38', '2020-10-27 14:21:38'),
(43, 'RCP1603787172', 'BRG1575602130', '', 0, 1, 15000, 0, '2020-01-05', NULL, '2020-10-27 15:26:12', '2020-10-27 15:26:12'),
(44, 'RCP1603787172', 'BRG1575602130', '', 0, 1, 15000, 0, '2020-01-05', NULL, '2020-10-27 15:26:12', '2020-10-27 15:26:12'),
(45, 'RCP1603787172', 'BRG1575602404', '', 0, 1, 2000, 0, '2020-01-26', NULL, '2020-10-27 15:26:12', '2020-10-27 15:26:12'),
(46, 'RCP1623994453', 'BRG1575602130', 'GUD1574152872', 2, 10, 30000, 0, '2021-06-18', NULL, '2021-06-18 12:34:13', '2021-06-18 12:34:13'),
(47, 'RCP1623994453', 'BRG1575602130', 'GUD1573716602', 2, 15, 15000, 0, '2021-06-18', NULL, '2021-06-18 12:34:13', '2021-06-18 12:34:13'),
(48, 'RCP1624003173', 'BRG1575602130', '', 0, 5, 30000, 100, '2021-06-18', NULL, '2021-06-18 14:59:33', '2021-06-18 14:59:33'),
(49, 'RCP1624003589', 'BRG1575602404', 'GUD1574152872', 2, 100, 30000, 0, '2021-06-18', NULL, '2021-06-18 15:06:29', '2021-06-18 15:06:29'),
(50, 'RCP1624003761', 'BRG1575602404', '', 0, 5, 30000, 400, '2021-06-18', NULL, '2021-06-18 15:09:21', '2021-06-18 15:09:21'),
(51, 'RCP1624008713', 'BRG1575602404', '', 0, 6, 30000, 400, '2021-06-18', NULL, '2021-06-18 16:31:53', '2021-06-18 16:31:53'),
(52, 'RCP1624009652', 'BRG1575602130', '', 0, 2, 15000, 0, '2021-06-18', NULL, '2021-06-18 16:47:32', '2021-06-18 16:47:32'),
(53, 'RCP1624331047', 'BRG1575602130', '', 0, 5, 30000, 100, '2021-06-18', NULL, '2021-06-22 10:04:07', '2021-06-22 10:04:07'),
(54, 'RCP1624331047', 'BRG1575602404', '', 0, 15, 30000, 400, '2021-06-18', NULL, '2021-06-22 10:04:07', '2021-06-22 10:04:07'),
(55, 'RCP1624347275', 'BRG1575602404', 'GUD1574152872', 2, 100, 2000, 0, '2021-06-30', NULL, '2021-06-22 14:34:35', '2021-06-22 14:34:35'),
(56, 'RCP1624348480', 'BRG1575602404', 'GUD1574152872', 2, 100, 2000, 0, '2021-06-30', NULL, '2021-06-22 14:54:40', '2021-06-22 14:54:40'),
(79, 'RCP1624431725', 'BRG1624431725', '', 0, 5, 3000, 0, '2021-06-30', NULL, '2021-06-23 14:02:05', '2021-06-23 14:02:05'),
(80, 'RCP1624431726', 'BRG1575602404', '', 0, 1, 1000, 0, '0000-00-00', NULL, '2021-06-23 14:02:05', '2021-06-23 14:02:05'),
(81, 'RCP1624431726', 'BRG1575602130', '', 0, 1, 2000, 0, '0000-00-00', NULL, '2021-06-23 14:02:05', '2021-06-23 14:02:05'),
(82, 'RCP1631501477', 'BRG1575602130', '', 0, 5, 30000, 100, '2021-06-18', NULL, '2021-09-13 09:51:17', '2021-09-13 09:51:17'),
(83, 'RCP1631683212', 'BRG1575602130', '', 0, 5, 30000, 100, '2021-06-18', NULL, '2021-09-15 12:20:12', '2021-09-15 12:20:12'),
(84, 'RCP1631764229', 'BRG1575602404', '', 0, 5, 30000, 400, '2021-06-30', NULL, '2021-09-16 10:50:29', '2021-09-16 10:50:29'),
(85, 'RCP1631765309', 'BRG1575602404', '', 0, 1, 2000, 0, '2021-06-30', NULL, '2021-09-16 11:08:29', '2021-09-16 11:08:29'),
(86, 'RCP1631765321', 'BRG1575602404', '', 0, 1, 2000, 0, '2021-06-30', NULL, '2021-09-16 11:08:41', '2021-09-16 11:08:41'),
(87, 'RCP1632183353', 'BRG1575602404', '', 0, 5, 30000, 400, '2021-06-30', NULL, '2021-09-21 07:15:53', '2021-09-21 07:15:53'),
(88, 'RCP1632186150', 'BRG1575602130', 'GUD1574152872', 2, 20, 2000, 0, '2021-09-30', NULL, '2021-09-21 08:02:30', '2021-09-21 08:02:30'),
(89, 'RCP1632186303', 'BRG1575602404', 'GUD1574152872', 2, 50, 2000, 0, '2021-09-30', NULL, '2021-09-21 08:05:03', '2021-09-21 08:05:03'),
(90, 'RTR1632186415', 'BRG1575602404', 'GUD1574152872', 2, 50, 2000, 0, '2021-09-30', NULL, '2021-09-21 08:06:55', '2021-09-21 08:06:55'),
(91, 'RTR1632187122', 'BRG1575602404', 'GUD1574152872', 2, 50, 2000, 0, '2021-09-30', NULL, '2021-09-21 08:18:42', '2021-09-21 08:18:42'),
(92, 'RCP1632704801', 'BRG1575602130', '', 0, 1, 15000, 0, '2021-09-30', NULL, '2021-09-27 08:06:41', '2021-09-27 08:06:41');

-- --------------------------------------------------------

--
-- Table structure for table `tbl_jabatan`
--

CREATE TABLE `tbl_jabatan` (
  `id_jabatan` int(11) NOT NULL,
  `nama_jabatan` varchar(30) NOT NULL,
  `dtm_crt` datetime DEFAULT current_timestamp(),
  `dtm_upd` datetime NOT NULL DEFAULT current_timestamp()
) ENGINE=InnoDB DEFAULT CHARSET=latin1;

--
-- Dumping data for table `tbl_jabatan`
--

INSERT INTO `tbl_jabatan` (`id_jabatan`, `nama_jabatan`, `dtm_crt`, `dtm_upd`) VALUES
(1, 'Gudang', '2019-12-02 15:49:21', '2019-12-02 09:50:05'),
(2, 'Administrasi', '2019-12-02 15:49:21', '2019-12-02 09:49:26'),
(3, 'penanggung jawab lab', '2019-12-02 15:49:21', '2019-12-02 15:49:21'),
(4, 'Apoteker', '2019-12-02 15:49:21', '2019-12-02 15:49:21'),
(5, 'OB', '2019-12-02 15:49:21', '2019-12-02 15:49:21');

-- --------------------------------------------------------

--
-- Table structure for table `tbl_jasa`
--

CREATE TABLE `tbl_jasa` (
  `kode_jasa` varchar(15) NOT NULL,
  `nama_jasa` varchar(50) NOT NULL,
  `id_kategori_barang` int(11) NOT NULL,
  `id_satuan_barang` int(11) NOT NULL,
  `hna` int(11) NOT NULL,
  `harga` int(11) NOT NULL,
  `barcode_jasa` int(11) NOT NULL,
  `foto_jasa` varchar(200) NOT NULL,
  `id_klinik` int(11) NOT NULL,
  `dtm_crt` datetime NOT NULL DEFAULT current_timestamp(),
  `dtm_upd` datetime NOT NULL DEFAULT current_timestamp()
) ENGINE=InnoDB DEFAULT CHARSET=latin1;

--
-- Dumping data for table `tbl_jasa`
--

INSERT INTO `tbl_jasa` (`kode_jasa`, `nama_jasa`, `id_kategori_barang`, `id_satuan_barang`, `hna`, `harga`, `barcode_jasa`, `foto_jasa`, `id_klinik`, `dtm_crt`, `dtm_upd`) VALUES
('JSA1573872070', 'Peracikan Obat', 2, 1, 80999, 90000, 0, 'OBT_1573872462.jpg', 1, '2019-11-16 09:41:11', '2019-11-16 03:47:42');

-- --------------------------------------------------------

--
-- Table structure for table `tbl_jenjang_pendidikan`
--

CREATE TABLE `tbl_jenjang_pendidikan` (
  `id_jenjang_pendidikan` int(11) NOT NULL,
  `jenjang_pendidikan` varchar(20) NOT NULL
) ENGINE=InnoDB DEFAULT CHARSET=latin1;

--
-- Dumping data for table `tbl_jenjang_pendidikan`
--

INSERT INTO `tbl_jenjang_pendidikan` (`id_jenjang_pendidikan`, `jenjang_pendidikan`) VALUES
(1, 'SD'),
(2, 'SMP'),
(3, 'SMA'),
(4, 'D3'),
(5, 'D4'),
(6, 'S1'),
(7, 'S2');

-- --------------------------------------------------------

--
-- Table structure for table `tbl_kategori_barang`
--

CREATE TABLE `tbl_kategori_barang` (
  `id_kategori_barang` int(11) NOT NULL,
  `nama_kategori` varchar(100) NOT NULL,
  `dtm_crt` datetime NOT NULL DEFAULT current_timestamp(),
  `dtm_upd` datetime NOT NULL DEFAULT current_timestamp()
) ENGINE=InnoDB DEFAULT CHARSET=latin1;

--
-- Dumping data for table `tbl_kategori_barang`
--

INSERT INTO `tbl_kategori_barang` (`id_kategori_barang`, `nama_kategori`, `dtm_crt`, `dtm_upd`) VALUES
(1, 'obat penenang', '2018-03-04 21:43:32', '2018-03-04 21:43:32'),
(2, 'obat tidur', '2018-03-04 21:43:32', '2018-03-04 21:43:32'),
(3, 'Perawatan', '2018-03-04 21:44:29', '2018-03-04 21:44:29');

-- --------------------------------------------------------

--
-- Table structure for table `tbl_klinik`
--

CREATE TABLE `tbl_klinik` (
  `id_klinik` int(11) NOT NULL,
  `nama` varchar(30) NOT NULL,
  `alamat` varchar(200) NOT NULL,
  `dtm_crt` datetime NOT NULL DEFAULT current_timestamp(),
  `dtm_upd` datetime NOT NULL DEFAULT current_timestamp()
) ENGINE=MyISAM DEFAULT CHARSET=latin1;

--
-- Dumping data for table `tbl_klinik`
--

INSERT INTO `tbl_klinik` (`id_klinik`, `nama`, `alamat`, `dtm_crt`, `dtm_upd`) VALUES
(1, 'KLINIK RATIH', 'Malang 1', '2018-02-26 22:25:21', '2018-02-26 22:25:21');

-- --------------------------------------------------------

--
-- Table structure for table `tbl_komisi_dokter`
--

CREATE TABLE `tbl_komisi_dokter` (
  `id_komisi` int(11) NOT NULL,
  `tanggal` date NOT NULL,
  `id_dokter` int(5) NOT NULL,
  `no_transaksi` varchar(20) NOT NULL,
  `komisi` int(11) NOT NULL,
  `type` enum('Pemeriksaan','Tindakan','Obat') NOT NULL
) ENGINE=InnoDB DEFAULT CHARSET=utf8mb4;

--
-- Dumping data for table `tbl_komisi_dokter`
--

INSERT INTO `tbl_komisi_dokter` (`id_komisi`, `tanggal`, `id_dokter`, `no_transaksi`, `komisi`, `type`) VALUES
(1, '2021-09-19', 1, '000076/20210618/0000', 11550, 'Pemeriksaan'),
(2, '2021-09-19', 1, '000076/20210618/0000', 42000, 'Tindakan'),
(3, '2021-09-19', 1, '000076/20210618/0000', 600, 'Obat'),
(4, '2021-09-19', 1, '1/IX/COVID-19/KR/202', 3150, 'Pemeriksaan'),
(5, '2021-09-19', 1, '2/IX/COVID-19/KR/202', 3150, 'Pemeriksaan'),
(6, '2021-09-21', 1, '000084/20210921/0000', 1050, 'Pemeriksaan'),
(7, '2021-09-21', 1, '000084/20210921/0000', 2000, 'Tindakan'),
(8, '2021-09-21', 1, '000084/20210921/0000', 500, 'Obat'),
(9, '2021-09-22', 1, '000068/20210916/0000', 1050, 'Pemeriksaan'),
(10, '2021-09-22', 1, '000068/20210916/0000', 2000, 'Tindakan'),
(11, '2021-09-22', 1, '000068/20210916/0000', 500, 'Obat'),
(12, '2021-09-27', 1, '000070/20200619/0000', 1050, 'Pemeriksaan'),
(13, '2021-09-27', 1, '000070/20200619/0000', 0, 'Tindakan'),
(14, '2021-09-27', 1, '000070/20200619/0000', 3750, 'Obat');

-- --------------------------------------------------------

--
-- Table structure for table `tbl_lokasi_barang`
--

CREATE TABLE `tbl_lokasi_barang` (
  `id_lokasi_barang` int(11) NOT NULL,
  `lokasi` varchar(10) NOT NULL,
  `dtm_crt` datetime NOT NULL DEFAULT current_timestamp(),
  `dtm_upd` datetime NOT NULL DEFAULT current_timestamp()
) ENGINE=InnoDB DEFAULT CHARSET=latin1;

--
-- Dumping data for table `tbl_lokasi_barang`
--

INSERT INTO `tbl_lokasi_barang` (`id_lokasi_barang`, `lokasi`, `dtm_crt`, `dtm_upd`) VALUES
(1, 'rak no B4', '2019-11-14 16:34:19', '2019-11-14 10:36:39'),
(2, 'R5', '2019-11-20 12:48:56', '2019-11-20 12:48:56');

-- --------------------------------------------------------

--
-- Table structure for table `tbl_manufaktur`
--

CREATE TABLE `tbl_manufaktur` (
  `kode_manufaktur` varchar(4) NOT NULL,
  `kode_barang` varchar(15) NOT NULL,
  `jumlah` int(5) NOT NULL,
  `harga` int(11) NOT NULL
) ENGINE=InnoDB DEFAULT CHARSET=utf8mb4;

-- --------------------------------------------------------

--
-- Table structure for table `tbl_manufaktur_detail`
--

CREATE TABLE `tbl_manufaktur_detail` (
  `id_detail` int(5) NOT NULL,
  `kode_manufaktur` varchar(4) NOT NULL,
  `kode_barang` varchar(15) NOT NULL,
  `jumlah` int(5) NOT NULL,
  `harga` int(11) NOT NULL
) ENGINE=InnoDB DEFAULT CHARSET=utf8mb4;

-- --------------------------------------------------------

--
-- Table structure for table `tbl_master_reference`
--

CREATE TABLE `tbl_master_reference` (
  `id` bigint(20) NOT NULL,
  `master_ref_code` varchar(30) NOT NULL,
  `master_ref_value` varchar(60) NOT NULL,
  `master_ref_name` varchar(60) NOT NULL,
  `dtm_crt` datetime NOT NULL DEFAULT current_timestamp(),
  `dtm_upd` datetime NOT NULL DEFAULT current_timestamp()
) ENGINE=MyISAM DEFAULT CHARSET=latin1;

--
-- Dumping data for table `tbl_master_reference`
--

INSERT INTO `tbl_master_reference` (`id`, `master_ref_code`, `master_ref_value`, `master_ref_name`, `dtm_crt`, `dtm_upd`) VALUES
(1, 'ANAMNESI', 'pusing', 'Pusing', '2018-03-04 02:46:29', '2018-03-04 02:46:29'),
(2, 'ANAMNESI', 'batuk', 'Batuk 3 Kali', '2018-03-04 02:46:52', '2018-03-04 02:46:52'),
(3, 'ANAMNESI', 'demam2hari', 'Demam 2 Hari', '2018-03-04 02:52:53', '2018-03-04 02:52:53'),
(4, 'ANJURANOBAT', '3x1', '3 x 1', '2018-03-08 15:52:01', '2018-03-08 15:52:01'),
(5, 'ANJURANOBAT', '3x1/2', '3 x 1/2', '2018-03-08 15:52:01', '2018-03-08 15:52:01'),
(6, 'ALERGIOBAT', 'paracetamol', 'Paracetamol', '2018-03-09 16:19:36', '2018-03-09 16:19:36'),
(7, 'ALERGIOBAT', 'ultraflu', 'Ultra Flu', '2018-03-09 16:19:36', '2018-03-09 16:19:36'),
(11, 'ANAMNESI', 'hiv', 'hiv', '2018-03-23 17:22:19', '2018-03-23 17:22:19'),
(9, 'ANAMNESI', 'sakitkepala', 'sakit kepala', '2018-03-23 17:16:09', '2018-03-23 17:16:09'),
(10, 'ANAMNESI', 'pusing7keliling', 'pusing 7 keliling', '2018-03-23 17:16:09', '2018-03-23 17:16:09'),
(12, 'ANAMNESI', 'pilek', 'pilek', '2018-03-23 17:42:43', '2018-03-23 17:42:43'),
(13, 'DIAGNOSA', 'dbd', 'DBD', '2018-03-23 17:42:43', '2018-03-23 17:42:43'),
(14, 'DIAGNOSA', 'tyfus', 'Tyfus', '2018-03-23 17:42:43', '2018-03-23 17:42:43'),
(16, 'ALERGIOBAT', 'setop', 'setop', '2018-03-23 17:55:46', '2018-03-23 17:55:46'),
(17, 'ALERGIOBAT', 'marimas', 'marimas', '2018-03-23 17:55:46', '2018-03-23 17:55:46'),
(18, 'DIAGNOSA', 'sa', 'sa', '2018-03-23 17:55:46', '2018-03-23 17:55:46'),
(19, 'TINDAKAN', 'sasa', 'sasa', '2018-03-23 17:55:46', '2018-03-23 17:55:46'),
(20, 'ALERGIOBAT', 'sa', 'sa', '2018-03-23 18:05:38', '2018-03-23 18:05:38'),
(23, 'ANAMNESI', 'ds', 'ds', '2018-03-23 18:07:28', '2018-03-23 18:07:28'),
(24, 'ALERGIOBAT', 'ds', 'ds', '2018-03-23 18:07:28', '2018-03-23 18:07:28'),
(32, 'ALERGIOBAT', '123', '123', '2018-03-26 15:32:54', '2018-03-26 15:32:54'),
(26, 'TINDAKAN', 'ds', 'ds', '2018-03-23 18:07:28', '2018-03-23 18:07:28'),
(27, 'ANAMNESI', 'sa', 'sa', '2018-03-23 18:08:56', '2018-03-23 18:08:56'),
(28, 'TINDAKAN', 'sa', 'sa', '2018-03-23 18:08:56', '2018-03-23 18:08:56'),
(29, 'ANAMNESI', 'batuk3kali', 'Batuk 3 Kali', '2018-03-26 10:14:27', '2018-03-26 10:14:27'),
(31, 'DIAGNOSA', 'hiv', 'HIV', '2018-03-26 10:24:44', '2018-03-26 10:24:44'),
(33, 'ANAMNESI', 'muntah', 'muntah', '2018-03-27 10:50:51', '2018-03-27 10:50:51'),
(34, 'ALERGIOBAT', 'mixagrip', 'mixagrip', '2018-03-27 10:50:51', '2018-03-27 10:50:51'),
(35, 'DIAGNOSA', 'sakitkepala', 'sakit kepala', '2018-03-27 10:50:51', '2018-03-27 10:50:51'),
(36, 'TINDAKAN', 'suntikbiasa', 'Suntik biasa', '2018-03-27 10:50:51', '2018-03-27 10:50:51'),
(37, 'ANAMNESI', 'sakithati', 'sakit hati', '2018-03-28 11:26:31', '2018-03-28 11:26:31'),
(38, 'ALERGIOBAT', 'ss', 'ss', '2018-03-28 11:26:31', '2018-03-28 11:26:31'),
(39, 'DIAGNOSA', 'ss', 'ss', '2018-03-28 11:26:31', '2018-03-28 11:26:31'),
(40, 'DIAGNOSA', 'hamil', 'Hamil', '2018-03-28 20:37:20', '2018-03-28 20:37:20'),
(41, 'TINDAKAN', 'suntikdifteri', 'suntik difteri', '2018-03-29 14:35:00', '2018-03-29 14:35:00'),
(42, 'ANAMNESI', 'sakitgigi', 'sakit gigi', '2018-04-03 10:45:17', '2018-04-03 10:45:17'),
(43, 'ALERGIOBAT', 'amouxilin', 'amouxilin', '2018-04-03 10:45:17', '2018-04-03 10:45:17'),
(44, 'DIAGNOSA', 'flu', 'Flu', '2018-04-03 10:45:17', '2018-04-03 10:45:17'),
(45, 'DIAGNOSA', 'muntaber', 'muntaber', '2018-04-03 20:10:28', '2018-04-03 20:10:28'),
(46, 'TINDAKAN', 'plester', 'plester', '2018-04-03 20:10:28', '2018-04-03 20:10:28'),
(47, 'ALERGIOBAT', 'amoxicillin', 'amoxicillin', '2018-04-14 21:09:37', '2018-04-14 21:09:37'),
(48, 'DIAGNOSA', 'hipertensi', 'hipertensi', '2018-04-14 21:09:37', '2018-04-14 21:09:37'),
(49, 'DIAGNOSA', 'urti', 'URTI', '2018-04-14 21:09:37', '2018-04-14 21:09:37'),
(50, 'TINDAKAN', 'cekguladarah', 'Cek Gula Darah', '2018-04-14 21:09:37', '2018-04-14 21:09:37'),
(51, 'ALERGIOBAT', 'ctm', 'ctm', '2018-04-17 17:01:12', '2018-04-17 17:01:12'),
(52, 'TINDAKAN', 'jahit', 'jahit', '2018-04-17 17:01:12', '2018-04-17 17:01:12'),
(53, 'ANAMNESI', 'pu', 'Pu', '2018-04-17 17:05:35', '2018-04-17 17:05:35'),
(54, 'ANAMNESI', 'pusi', 'Pusi', '2018-04-17 17:08:04', '2018-04-17 17:08:04'),
(55, 'DIAGNOSA', 'demamberdarah', 'Demam Berdarah', '2018-04-26 21:33:08', '2018-04-26 21:33:08'),
(56, 'DIAGNOSA', 'mutaber', 'Mutaber', '2018-04-26 21:33:08', '2018-04-26 21:33:08'),
(57, 'ANAMNESI', 'batukpilekpanas3hari', 'batuk pilek panas 3 hari', '2018-05-05 14:17:26', '2018-05-05 14:17:26'),
(58, 'DIAGNOSA', 'ispa', 'ISPA', '2018-05-05 14:17:26', '2018-05-05 14:17:26'),
(59, 'TINDAKAN', 'asamurat', 'asam urat', '2018-05-05 14:17:26', '2018-05-05 14:17:26'),
(60, 'ANAMNESI', 'asdasd', 'asdasd', '2018-05-05 14:22:40', '2018-05-05 14:22:40'),
(61, 'ALERGIOBAT', 'sdfsdf', 'sdfsdf', '2018-05-05 14:22:40', '2018-05-05 14:22:40'),
(62, 'TINDAKAN', 'suntikrabies', 'Suntik Rabies', '2018-05-05 14:22:40', '2018-05-05 14:22:40'),
(63, 'ANAMNESI', 'mencret', 'mencret', '2018-05-10 11:13:27', '2018-05-10 11:13:27'),
(64, 'ALERGIOBAT', 'obatseranggga', 'obat seranggga', '2018-05-10 11:13:27', '2018-05-10 11:13:27'),
(65, 'DIAGNOSA', 'gastroenteritis', 'Gastro Enteritis', '2018-05-10 11:13:27', '2018-05-10 11:13:27'),
(66, 'DIAGNOSA', 'sakitpusing', 'Sakit Pusing', '2018-05-10 18:14:19', '2018-05-10 18:14:19'),
(67, 'TINDAKAN', 'diberiobat', 'diberi obat', '2018-05-10 18:14:19', '2018-05-10 18:14:19'),
(68, 'TINDAKAN', 'pemberianobat', 'Pemberian Obat', '2018-05-18 08:34:59', '2018-05-18 08:34:59'),
(69, 'ANAMNESI', 'panas', 'panas', '2018-05-18 23:09:12', '2018-05-18 23:09:12'),
(70, 'DIAGNOSA', 'sakitdemamberdarah', 'Sakit demam berdarah', '2018-05-18 23:09:12', '2018-05-18 23:09:12'),
(71, 'ANAMNESI', 'mual', 'Mual', '2019-12-06 10:35:11', '2019-12-06 10:35:11'),
(72, 'DIAGNOSA', 'baiksaja', 'baik saja', '2019-12-06 10:35:11', '2019-12-06 10:35:11'),
(73, 'TINDAKAN', '-', '-', '2019-12-06 10:35:11', '2019-12-06 10:35:11'),
(74, 'ANAMNESI', '-', '-', '2019-12-21 13:05:06', '2019-12-21 13:05:06'),
(75, 'ALERGIOBAT', '-', '-', '2019-12-21 13:05:06', '2019-12-21 13:05:06'),
(76, 'DIAGNOSA', '-', '-', '2019-12-21 13:05:06', '2019-12-21 13:05:06'),
(77, 'ALERGIOBAT', 'iya', 'iya', '2019-12-21 13:08:22', '2019-12-21 13:08:22'),
(78, 'DIAGNOSA', 'batukpilek', 'batuk pilek', '2019-12-21 13:08:22', '2019-12-21 13:08:22'),
(79, 'TINDAKAN', 'periksa', 'periksa', '2019-12-21 13:08:22', '2019-12-21 13:08:22'),
(80, 'DIAGNOSA', 'febris', 'febris', '2020-01-10 11:57:04', '2020-01-10 11:57:04'),
(81, 'TINDAKAN', 'injeksi', 'injeksi', '2020-01-10 11:57:04', '2020-01-10 11:57:04'),
(82, 'ALERGIOBAT', 'tidakada', 'tidak ada', '2020-01-15 05:56:02', '2020-01-15 05:56:02'),
(83, 'DIAGNOSA', 'dm', 'DM', '2020-01-15 05:56:02', '2020-01-15 05:56:02'),
(84, 'ANAMNESI', 'sakitperut', 'SAKIT PERUT', '2020-01-15 16:30:05', '2020-01-15 16:30:05'),
(85, 'ANAMNESI', 'mualmuntah', 'MUAL MUNTAH', '2020-01-16 13:53:44', '2020-01-16 13:53:44'),
(86, 'DIAGNOSA', 'gea', 'GEA', '2020-01-16 13:53:44', '2020-01-16 13:53:44'),
(87, 'TINDAKAN', 'injeksiranitidin', 'INJEKSI RANITIDIN', '2020-01-16 13:53:44', '2020-01-16 13:53:44'),
(88, 'ANAMNESI', 'sssssss', 'sssssss', '2020-01-21 18:55:51', '2020-01-21 18:55:51'),
(89, 'DIAGNOSA', 'sssss', 'sssss', '2020-01-21 18:55:51', '2020-01-21 18:55:51'),
(90, 'TINDAKAN', 'daffds', 'daffds', '2020-01-21 18:55:51', '2020-01-21 18:55:51'),
(91, 'ANAMNESI', 'dqwd', 'dqwd', '2020-01-21 18:59:39', '2020-01-21 18:59:39'),
(92, 'DIAGNOSA', 'dsffgsd', 'dsffgsd', '2020-01-21 18:59:39', '2020-01-21 18:59:39'),
(93, 'TINDAKAN', 'dfdaf', 'dfdaf', '2020-01-21 18:59:39', '2020-01-21 18:59:39'),
(94, 'ALERGIOBAT', 'betametason', 'betametason', '2020-06-30 09:00:58', '2020-06-30 09:00:58'),
(95, 'ANAMNESI', 'tes', 'tes', '2020-10-27 14:21:38', '2020-10-27 14:21:38'),
(96, 'DIAGNOSA', 'tes', 'tes', '2020-10-27 14:21:38', '2020-10-27 14:21:38'),
(97, 'ANAMNESI', 'pilekdengandahak', 'pilek dengan dahak', '2021-06-18 16:31:53', '2021-06-18 16:31:53'),
(98, 'ANAMNESI', 'anamesti', 'anamesti', '2021-06-23 09:39:58', '2021-06-23 09:39:58'),
(99, 'ALERGIOBAT', 'riawayat', 'riawayat', '2021-06-23 09:39:58', '2021-06-23 09:39:58'),
(100, 'DIAGNOSA', 'tidakkenapakenapa', 'tidak kenapa kenapa', '2021-06-23 09:39:58', '2021-06-23 09:39:58'),
(101, 'ANAMNESI', 'a', 'a', '2021-09-13 09:51:17', '2021-09-13 09:51:17'),
(102, 'ALERGIOBAT', 'asa', 'asa', '2021-09-13 09:51:17', '2021-09-13 09:51:17'),
(103, 'DIAGNOSA', 'asa', 'asa', '2021-09-13 09:51:17', '2021-09-13 09:51:17'),
(104, 'ANAMNESI', 'asa', 'asa', '2021-09-15 12:20:12', '2021-09-15 12:20:12'),
(105, 'ALERGIOBAT', 'asas', 'asas', '2021-09-15 12:20:12', '2021-09-15 12:20:12'),
(106, 'DIAGNOSA', 'assa', 'assa', '2021-09-15 12:20:12', '2021-09-15 12:20:12'),
(107, 'TINDAKAN', 'asas', 'asas', '2021-09-15 12:20:12', '2021-09-15 12:20:12'),
(108, 'ALERGIOBAT', 'sasamarimas', 'SASAmarimas', '2021-09-16 10:50:29', '2021-09-16 10:50:29'),
(109, 'ANAMNESI', 'sas', 'sas', '2021-09-21 07:15:53', '2021-09-21 07:15:53'),
(110, 'DIAGNOSA', 'sasas', 'sasas', '2021-09-21 07:15:53', '2021-09-21 07:15:53');

-- --------------------------------------------------------

--
-- Table structure for table `tbl_master_sequence`
--

CREATE TABLE `tbl_master_sequence` (
  `id_master_sequence` int(11) NOT NULL,
  `master_seq_code` varchar(20) NOT NULL,
  `seq_name` varchar(100) NOT NULL,
  `seq_no` int(11) NOT NULL,
  `length_no` int(2) NOT NULL,
  `dtm_crt` datetime NOT NULL DEFAULT current_timestamp(),
  `dtm_upd` datetime NOT NULL DEFAULT current_timestamp()
) ENGINE=MyISAM DEFAULT CHARSET=latin1;

--
-- Dumping data for table `tbl_master_sequence`
--

INSERT INTO `tbl_master_sequence` (`id_master_sequence`, `master_seq_code`, `seq_name`, `seq_no`, `length_no`, `dtm_crt`, `dtm_upd`) VALUES
(1, 'NOPERIKSA', 'No Periksa', 0, 6, '2018-02-28 22:01:47', '2018-02-28 22:01:47'),
(2, 'NOREKAMMEDIS', 'No Rekam Medis', 35, 6, '2018-02-28 22:04:56', '2021-09-21 07:01:54'),
(3, 'NOPENDAFTARAN', 'No Pendaftaran', 84, 6, '2018-03-03 01:32:21', '2021-09-21 07:01:54'),
(4, 'NOTRANSAKSIOBAT', 'No Transaksi Obat', 79, 6, '2018-05-11 16:49:33', '2021-09-27 08:06:41');

-- --------------------------------------------------------

--
-- Table structure for table `tbl_menu`
--

CREATE TABLE `tbl_menu` (
  `id_menu` int(11) NOT NULL,
  `title` varchar(50) NOT NULL,
  `url` varchar(50) NOT NULL,
  `icon` varchar(30) NOT NULL,
  `is_main_menu` int(11) NOT NULL,
  `is_aktif` enum('y','n') NOT NULL COMMENT 'y=yes,n=no',
  `dtm_crt` datetime NOT NULL DEFAULT current_timestamp(),
  `dtm_upd` datetime NOT NULL DEFAULT current_timestamp()
) ENGINE=InnoDB DEFAULT CHARSET=latin1;

--
-- Dumping data for table `tbl_menu`
--

INSERT INTO `tbl_menu` (`id_menu`, `title`, `url`, `icon`, `is_main_menu`, `is_aktif`, `dtm_crt`, `dtm_upd`) VALUES
(39, 'Pemeriksaan Rapid Antigen', 'rapid_antigen', 'fa fa-book', 0, 'y', '2021-09-13 10:35:14', '2021-09-13 10:35:14'),
(40, 'Pencarian', 'pendaftaran/pencarian', 'fa fa-search', 0, 'y', '2018-04-19 10:35:14', '2018-04-19 10:35:14'),
(41, 'Formulir Rapid Antigen', 'pendaftaran_rapid_antigen', 'fa fa-book', 0, 'y', '2021-09-13 10:35:14', '2021-09-13 10:35:14'),
(42, 'Form Pendaftaran', 'pendaftaran/create', 'fa fa-pencil-square-o', 0, 'y', '2018-03-27 10:45:17', '2018-03-27 10:45:17'),
(43, 'Antrian Pendaftaran', 'pendaftaran', 'fa fa-pencil-square', 0, 'y', '2018-03-27 10:45:17', '2018-03-27 10:45:17'),
(44, 'Periksa Medis', 'periksamedis', 'fa fa-stethoscope', 0, 'y', '2018-03-27 10:45:17', '2018-03-27 10:45:17'),
(45, 'Pembayaran', 'pembayaran', 'fa fa-money', 62, 'y', '2018-03-27 10:45:17', '2018-03-27 10:45:17'),
(46, 'Apotek', 'apotek', 'fa fa-user-md', 0, 'y', '2018-03-27 10:45:17', '2018-03-27 10:45:17'),
(47, 'Laporan Keuangan', 'laporankeuangan', 'fa fa-book', 0, 'y', '2018-03-27 10:45:17', '2018-03-27 10:45:17'),
(49, 'Antrian', 'periksamedis/antrian', 'fa fa-hourglass-half', 0, 'y', '2018-03-27 10:45:17', '2018-03-27 10:45:17'),
(50, 'Jadwal Shift', 'hrms/shift', 'fa fa-calendar', 96, 'y', '2018-03-27 10:45:17', '2018-03-27 10:45:17'),
(53, 'Profile', 'profile', 'fa fa-server', 0, 'n', '2018-03-27 10:45:17', '2018-03-27 10:45:17'),
(54, 'Rekam Medis', 'periksamedis/riwayat', 'fa fa-book', 0, 'y', '2018-03-28 09:57:51', '2018-03-28 09:57:51'),
(55, 'Surat Ket Sehat', 'periksamedis/sksehat', 'fa fa-book', 0, 'y', '2018-04-03 11:37:00', '2018-04-03 11:37:00'),
(57, 'Rekap Asuransi', 'pembayaran/rekap_asuransi', 'fa fa-money', 0, 'y', '2018-04-25 16:19:45', '2018-04-25 16:19:45'),
(58, 'Pencarian', 'periksamedis/pencarian', 'fa fa-search', 60, 'y', '2018-04-25 23:11:09', '2018-04-25 23:11:09'),
(59, 'Form Pendaftaran', 'periksamedis/daftar_baru', 'fa fa-pencil-square', 60, 'y', '2018-04-25 17:02:17', '2018-04-25 17:02:17'),
(60, 'Daftar Baru', '#', 'fa fa-pencil', 0, 'y', '2018-04-25 23:36:00', '2018-04-25 23:36:00'),
(61, 'POS Obat', 'apotek/jual_obat', 'fa fa-pencil-square', 0, 'y', '2018-05-11 13:51:40', '2018-05-11 13:51:40'),
(62, 'Pembayaran', '#', 'fa fa-money', 0, 'y', '2018-05-11 17:08:59', '2018-05-11 17:08:59'),
(63, 'Obat Tanpa Periksa', 'pembayaran/obat_tanpa_periksa', 'fa fa-money', 62, 'y', '2018-05-11 17:10:41', '2018-05-11 17:10:41'),
(64, 'Sinkronisasi', 'sinkronisasi', 'fa fa-refresh', 0, 'y', '2018-05-19 14:29:55', '2018-05-19 14:29:55'),
(65, 'Kelola Menu', 'kelolamenu', 'fa fa-book', 73, 'y', '2018-03-27 10:45:17', '2018-03-27 10:45:17'),
(66, 'Kelola Pengguna', 'user', 'fa fa-user', 73, 'y', '2019-11-13 10:02:07', '2019-11-13 10:02:07'),
(67, 'Level Pengguna', 'userlevel', 'fa fa-level-up', 73, 'y', '2019-11-13 10:02:46', '2019-11-13 10:02:46'),
(68, 'MASTER DOKTER', 'dokter', 'fa fa-user-md', 78, 'y', '2019-11-13 10:20:12', '2019-11-13 10:20:12'),
(69, 'MASTER PASIEN', 'pasien', 'fa fa-id-card-o', 78, 'y', '2019-11-13 10:20:37', '2019-11-13 10:20:37'),
(70, 'PROFIL RS', 'profile', 'fa fa-id-card-o', 0, 'y', '2019-11-13 10:21:53', '2019-11-13 10:21:53'),
(71, 'MASTER SPESIALIS', 'spesialis', 'fa fa-stethoscope', 78, 'y', '2019-11-13 10:24:15', '2019-11-13 10:24:15'),
(72, 'MASTER REFERENSI', 'master_ref', 'fa fa-fax', 0, 'y', '2019-11-13 10:25:31', '2019-11-13 10:25:31'),
(73, 'Setting', '#', 'fa fa-cog', 0, 'y', '2019-11-13 10:29:20', '2019-11-13 10:29:20'),
(74, 'DATA OBAT DAN ALKES', 'dataobat', 'fa fa-medkit', 77, 'y', '2019-11-13 10:33:01', '2019-11-13 10:33:01'),
(75, 'DATA KATEGORI BARANG', 'kategoribarang', 'fa fa-clone', 77, 'y', '2019-11-13 10:33:42', '2019-11-13 10:33:42'),
(76, 'DATA SATUAN BARANG', 'datasatuan', 'fa fa-thermometer-full', 77, 'y', '2019-11-13 10:34:14', '2019-11-13 10:34:14'),
(77, 'MENU OBAT ALKES BHP', '#', 'fa fa-medkit', 0, 'y', '2019-11-13 10:34:43', '2019-11-13 10:34:43'),
(78, 'MASTER DATA', '#', 'fa fa-database', 0, 'y', '2019-11-13 10:38:22', '2019-11-13 10:38:22'),
(79, 'MASTER KLINIK', 'klinik', 'fa fa-hospital-o', 78, 'y', '2019-11-13 12:07:36', '2019-11-13 12:07:36'),
(80, 'MASTER PEGAWAI', 'hrms/pegawai', 'fa fa-id-card-o', 96, 'y', '2019-11-13 13:59:34', '2019-11-13 13:59:34'),
(81, 'DATA PABRIK', 'pabrik', 'fa fa-industry', 77, 'y', '2019-11-14 12:31:59', '2019-11-14 12:31:59'),
(82, 'DATA SUPPLIER', 'supplier', 'fa fa-truck', 77, 'y', '2019-11-14 13:37:57', '2019-11-14 13:37:57'),
(83, 'DATA GUDANG', 'gudang', 'fa fa-home', 77, 'y', '2019-11-14 14:19:15', '2019-11-14 14:19:15'),
(84, 'DATA GOLONGAN BARANG', 'golonganbarang', 'fa fa-object-group', 77, 'y', '2019-11-14 15:53:36', '2019-11-14 15:53:36'),
(85, 'DATA LOKASI BARANG', 'lokasibarang', 'fa fa-stack-exchange', 77, 'y', '2019-11-14 16:30:12', '2019-11-14 16:30:12'),
(86, 'MASTER APOTEKER', 'apoteker', 'fa fa-user', 78, 'y', '2019-11-14 20:59:18', '2019-11-14 20:59:18'),
(87, 'DATA OBAT RACIKAN', 'obat_racik', 'fa fa-medkit', 77, 'y', '2019-11-15 15:10:24', '2019-11-15 15:10:24'),
(88, 'MASTER JASA', 'jasa', 'fa fa-code-fork', 78, 'y', '2019-11-15 15:15:45', '2019-11-15 15:15:45'),
(89, 'Laporan biaya obat', 'laporankeuangan/biaya_obat', 'fa fa-medkit', 47, 'y', '2019-11-15 17:53:02', '2019-11-15 17:53:02'),
(90, 'Laporan biaya tindakan', 'laporankeuangan/biaya_tindakan', 'fa fa-minus', 47, 'y', '2019-11-15 18:16:29', '2019-11-15 18:16:29'),
(91, 'Laporan biaya pemeriksaan', 'laporankeuangan/biaya_pemeriksaan', 'fa fa-minus', 47, 'y', '2019-11-15 18:23:22', '2019-11-15 18:23:22'),
(92, 'Transaksi Apotek', 'transaksi_apotek', 'fa fa-briefcase', 0, 'y', '2019-11-18 08:35:09', '2019-11-18 08:35:09'),
(93, 'Purchase Order Obat', 'transaksi_apotek/po', 'fa fa-medkit', 92, 'y', '2019-11-18 08:36:52', '2019-11-18 08:36:52'),
(94, 'Penerimaan Obat', 'transaksi_apotek/receipt', 'fa fa-shopping-cart', 92, 'y', '2019-11-19 09:01:49', '2019-11-19 09:01:49'),
(95, 'RETUR BARANG', 'transaksi_apotek/create_retur', 'fa fa-undo', 92, 'y', '2019-11-20 09:23:56', '2019-11-20 09:23:56'),
(96, 'HRMS', 'hrms', 'fa fa-group', 0, 'y', '2019-11-21 14:05:31', '2019-11-21 14:05:31'),
(97, 'MASTER JABATAN', 'hrms/jabatan', 'fa fa-level-up', 96, 'y', '2019-11-21 14:06:18', '2019-11-21 14:06:18'),
(99, 'Referensi Gaji', 'hrms/ref_gaji', 'fa fa-money', 96, 'y', '2019-11-21 14:29:23', '2019-11-21 14:29:23'),
(100, 'Setting Gaji', 'hrms/set_gaji', 'fa fa-cog', 96, 'y', '2019-11-21 16:19:09', '2019-11-21 16:19:09'),
(101, 'Absensi Pegawai', 'hrms/absensi', 'fa fa-clock-o', 96, 'y', '2019-11-22 20:54:07', '2019-11-22 20:54:07'),
(102, 'Akuntansi', 'akuntansi', 'fa fa-money', 0, 'y', '2019-11-23 11:14:06', '2019-11-23 11:14:06'),
(103, 'MASTER akun', 'akuntansi/akun', 'fa fa-bookmark', 102, 'y', '2019-11-23 11:18:20', '2019-11-23 11:18:20'),
(104, 'Jurnal Akuntansi', 'akuntansi/transaksi_akuntansi', 'fa fa-id-card-o', 102, 'y', '2019-11-25 09:53:39', '2019-11-25 09:53:39'),
(106, 'Potongan', 'hrms/gaji/potongan', 'fa fa-cut', 96, 'n', '2019-11-26 14:00:04', '2019-11-26 14:00:04'),
(107, 'General ledger', 'akuntansi/akun/buku_besar', 'fa fa-book', 102, 'y', '2019-11-27 20:05:13', '2019-11-27 20:05:13'),
(108, 'saldo akun', 'akuntansi/akun/saldo', 'fa fa-money', 102, 'n', '2019-11-27 20:05:56', '2019-11-27 20:05:56'),
(109, 'Jam Lembur', 'hrms/lembur', 'fa fa-clock-o', 96, 'n', '2019-11-27 20:07:40', '2019-11-27 20:07:40'),
(110, 'Rumah tangga', 'akuntansi/transaksi_akuntansi/rt', 'fa fa-home', 102, 'y', '2019-11-28 21:06:06', '2019-11-28 21:06:06'),
(111, 'Petty Cash', 'akuntansi/transaksi_akuntansi/petty', 'fa fa-credit-card', 102, 'y', '2019-11-29 18:05:10', '2019-11-29 18:05:10'),
(112, 'Laporan Laba rugi', 'akuntansi/laporan/laba_rugi', 'fa fa-bar-chart', 117, 'y', '2019-11-29 18:06:19', '2019-11-29 18:06:19'),
(113, 'Neraca', 'akuntansi/transaksi_akuntansi/neraca', 'fa fa-balance-scale', 102, 'y', '2019-11-29 18:07:49', '2019-11-29 18:07:49'),
(114, 'chart of account', 'akuntansi/akun/coa', 'fa fa-list-alt', 102, 'y', '2019-12-01 14:25:08', '2019-12-01 14:25:08'),
(115, 'Jurnal Besar', 'akuntansi/akun/jurnal_besar', 'fa fa-newspaper-o', 102, 'n', '2019-12-02 11:00:26', '2019-12-02 11:00:26'),
(116, 'diskon transaksi', 'diskon_trx', 'fa fa-percent', 73, 'y', '2019-12-03 10:11:54', '2019-12-03 10:11:54'),
(117, 'Laporan akuntansi', '#', 'fa fa-id-card-o', 0, 'y', '2019-12-05 11:01:25', '2019-12-05 11:01:25'),
(118, 'Buku Kas', 'akuntansi/laporan/kas', 'fa fa-book', 117, 'y', '2019-12-05 11:05:54', '2019-12-05 11:05:54'),
(119, 'Rekap Pengeluaran Klinik', 'akuntansi/laporan/rekap_klinik', 'fa fa-list-alt', 117, 'y', '2019-12-05 21:54:04', '2019-12-05 21:54:04'),
(120, 'Rekap Kas Rumah Tangga', 'akuntansi/laporan/rekap_rt', 'fa fa-group', 117, 'y', '2019-12-06 08:49:44', '2019-12-06 08:49:44'),
(121, 'Rekap Kas Petty Cash', 'akuntansi/laporan/rekap_pc', 'fa fa-money', 117, 'y', '2019-12-06 08:50:40', '2019-12-06 08:50:40'),
(122, 'Rekap Pengeluaran', 'akuntansi/laporan/rekap_all', 'fa fa-file', 117, 'y', '2019-12-07 11:26:55', '2019-12-07 11:26:55'),
(123, 'Rekap Mingguan', 'akuntansi/laporan/rekap_mingguan', 'fa fa-calendar', 117, 'y', '2019-12-08 23:16:37', '2019-12-08 23:16:37'),
(126, 'Kasir', 'kasir', 'fa fa-bars', 0, 'n', '2019-12-13 09:33:45', '2019-12-13 09:33:45'),
(127, 'POS Obat', 'kasir/jual_obat', 'fa fa-pencil-square', 0, 'y', '2019-12-13 09:34:32', '2019-12-13 09:34:32'),
(128, 'Tutup Buku', 'akuntansi/transaksi_akuntansi/close_book', 'fa fa-book', 102, 'y', '2019-12-15 20:11:38', '2019-12-15 20:11:38'),
(129, 'Stok Obat', 'dataobat/stok', 'fa fa-line-chart', 77, 'y', '2021-06-22 14:13:22', '2021-06-22 14:13:22'),
(130, 'History Barang', 'dataobat/history', 'fa fa-history', 77, 'y', '2021-06-22 22:47:39', '2021-06-22 22:47:39'),
(131, 'Laporan Keuangan', 'dataobat/laporankeuangan', 'fa fa-book', 77, 'y', '2021-06-23 09:21:52', '2021-06-23 09:21:52'),
(132, 'Manufaktur', 'dataobat/manufaktur', 'fa fa-industry', 77, 'y', '2021-06-23 10:18:24', '2021-06-23 10:18:24'),
(133, 'Biaya Surat Keterangan', 'biayask', 'fa fa-money', 73, 'y', '2021-09-17 10:13:40', '2021-09-17 10:13:40'),
(134, 'Komisi Dokter', 'komisi_dokter', 'fa fa-money', 0, 'y', '2021-09-17 10:13:40', '2021-09-17 10:13:40');

-- --------------------------------------------------------

--
-- Table structure for table `tbl_obat_alkes_bhp`
--

CREATE TABLE `tbl_obat_alkes_bhp` (
  `kode_barang` varchar(15) NOT NULL,
  `nama_barang` varchar(100) NOT NULL,
  `stok_awal` int(6) NOT NULL,
  `id_kategori_barang` int(11) NOT NULL,
  `id_satuan_barang` int(11) NOT NULL,
  `jenis_barang` int(2) NOT NULL COMMENT '1 = obat , 2 = alat kesehatan',
  `harga` int(11) NOT NULL,
  `id_klinik` int(11) NOT NULL,
  `dtm_crt` datetime NOT NULL DEFAULT current_timestamp(),
  `dtm_upd` datetime NOT NULL DEFAULT current_timestamp(),
  `kode_pabrik` varchar(15) NOT NULL,
  `id_golongan_barang` int(11) NOT NULL,
  `minimal_stok` double NOT NULL,
  `deskripsi` varchar(200) NOT NULL,
  `indikasi` varchar(200) NOT NULL,
  `kandungan` varchar(200) NOT NULL,
  `dosis` varchar(100) NOT NULL,
  `kemasan` varchar(50) NOT NULL,
  `efek_samping` varchar(200) NOT NULL,
  `zat_aktif` varchar(200) NOT NULL,
  `etiket` varchar(200) NOT NULL COMMENT 'aturan minum obat',
  `foto_barang` varchar(50) DEFAULT NULL,
  `barcode` varchar(100) NOT NULL
) ENGINE=InnoDB DEFAULT CHARSET=latin1;

--
-- Dumping data for table `tbl_obat_alkes_bhp`
--

INSERT INTO `tbl_obat_alkes_bhp` (`kode_barang`, `nama_barang`, `stok_awal`, `id_kategori_barang`, `id_satuan_barang`, `jenis_barang`, `harga`, `id_klinik`, `dtm_crt`, `dtm_upd`, `kode_pabrik`, `id_golongan_barang`, `minimal_stok`, `deskripsi`, `indikasi`, `kandungan`, `dosis`, `kemasan`, `efek_samping`, `zat_aktif`, `etiket`, `foto_barang`, `barcode`) VALUES
('BRG1575602130', 'OBH IKA', 50, 2, 1, 1, 15000, 1, '2019-12-06 10:15:30', '2019-12-07 04:52:52', 'PAB1573711347', 2, 2, 'Obat OBH', '-', '-', '-', '-', '-', '-', '-', NULL, '3455556666611118'),
('BRG1575602404', 'SANMOL F 650MG TAB 4S STRIP 25S', 0, 1, 4, 1, 2000, 1, '2019-12-06 10:20:04', '2019-12-06 10:20:04', 'PAB1573711347', 1, 10, '', '', '', '', '', '', '', '', NULL, '2988837465'),
('BRG1623994843', 'Jarum Injeksi', 0, 3, 8, 3, 20000, 1, '2021-06-18 12:40:43', '2021-06-18 12:40:43', 'PAB1573711347', 2, 10, 'Djarum Injeksi', '-', '-', '-', '-', '-', '-', '-', NULL, '123'),
('BRG1624001973', 'Paracetamol', 0, 1, 3, 1, 30000, 1, '2021-06-18 14:39:33', '2021-06-18 14:39:33', 'PAB1624001874', 2, 1, '-', '-', '-', '-', '-', '-', '-', '-', NULL, ''),
('BRG1624431725', 'Barang Baru', 0, 0, 0, 0, 3000, 0, '2021-06-23 14:02:05', '2021-06-23 14:02:05', '', 0, 0, '', '', '', '', '', '', '', '', NULL, ''),
('BRG1632752029', 'Acyclovir tablet  200 mg', 477, 3, 8, 1, 0, 1, '0000-00-00 00:00:00', '0000-00-00 00:00:00', 'PAB1573711347', 1, 5, '', '', '', '', '', '', '', '', '', ''),
('BRG1632752030', 'Acyclovir Tablet 400 mg', 0, 3, 8, 1, 0, 1, '0000-00-00 00:00:00', '0000-00-00 00:00:00', 'PAB1573711348', 1, 5, '', '', '', '', '', '', '', '', '', ''),
('BRG1632752031', 'Alupurinol', 442, 3, 8, 1, 0, 1, '0000-00-00 00:00:00', '0000-00-00 00:00:00', 'PAB1573711349', 1, 5, '', '', '', '', '', '', '', '', '', ''),
('BRG1632752032', 'Ampicillin', 0, 3, 8, 1, 0, 1, '0000-00-00 00:00:00', '0000-00-00 00:00:00', 'PAB1573711350', 1, 5, '', '', '', '', '', '', '', '', '', ''),
('BRG1632752033', 'Antasida', 501, 3, 8, 1, 0, 1, '0000-00-00 00:00:00', '0000-00-00 00:00:00', 'PAB1573711351', 1, 5, '', '', '', '', '', '', '', '', '', ''),
('BRG1632752034', 'Ambroxol', 450, 3, 8, 1, 0, 1, '0000-00-00 00:00:00', '0000-00-00 00:00:00', 'PAB1573711352', 1, 5, '', '', '', '', '', '', '', '', '', ''),
('BRG1632752035', 'Amlodipin 5 mg', 120, 3, 8, 1, 0, 1, '0000-00-00 00:00:00', '0000-00-00 00:00:00', 'PAB1573711353', 1, 5, '', '', '', '', '', '', '', '', '', ''),
('BRG1632752036', 'Amlodipin 10 mg', 423, 3, 8, 1, 0, 1, '0000-00-00 00:00:00', '0000-00-00 00:00:00', 'PAB1573711354', 1, 5, '', '', '', '', '', '', '', '', '', ''),
('BRG1632752037', 'Amoxicilin', 384, 3, 8, 1, 0, 1, '0000-00-00 00:00:00', '0000-00-00 00:00:00', 'PAB1573711355', 1, 5, '', '', '', '', '', '', '', '', '', ''),
('BRG1632752038', 'amonophycin', 0, 3, 8, 1, 0, 1, '0000-00-00 00:00:00', '0000-00-00 00:00:00', 'PAB1573711356', 1, 5, '', '', '', '', '', '', '', '', '', ''),
('BRG1632752039', 'acyclovir salep', 7, 3, 8, 1, 0, 1, '0000-00-00 00:00:00', '0000-00-00 00:00:00', 'PAB1573711357', 1, 5, '', '', '', '', '', '', '', '', '', ''),
('BRG1632752040', 'anaconidin hijau', 0, 3, 8, 1, 0, 1, '0000-00-00 00:00:00', '0000-00-00 00:00:00', 'PAB1573711358', 1, 5, '', '', '', '', '', '', '', '', '', ''),
('BRG1632752041', 'actifed hijau', 0, 3, 8, 1, 0, 1, '0000-00-00 00:00:00', '0000-00-00 00:00:00', 'PAB1573711359', 1, 5, '', '', '', '', '', '', '', '', '', ''),
('BRG1632752042', 'actifed merah', 0, 3, 8, 1, 0, 1, '0000-00-00 00:00:00', '0000-00-00 00:00:00', 'PAB1573711360', 1, 5, '', '', '', '', '', '', '', '', '', ''),
('BRG1632752043', 'actived  orange', 0, 3, 8, 1, 0, 1, '0000-00-00 00:00:00', '0000-00-00 00:00:00', 'PAB1573711361', 1, 5, '', '', '', '', '', '', '', '', '', ''),
('BRG1632752044', 'anaconidin merah', 0, 3, 8, 1, 0, 1, '0000-00-00 00:00:00', '0000-00-00 00:00:00', 'PAB1573711362', 1, 5, '', '', '', '', '', '', '', '', '', ''),
('BRG1632752045', 'Antasida DOEN Suspensi', 8, 3, 8, 1, 0, 1, '0000-00-00 00:00:00', '0000-00-00 00:00:00', 'PAB1573711363', 1, 5, '', '', '', '', '', '', '', '', '', ''),
('BRG1632752046', 'alco', 5, 3, 8, 1, 0, 1, '0000-00-00 00:00:00', '0000-00-00 00:00:00', 'PAB1573711364', 1, 5, '', '', '', '', '', '', '', '', '', ''),
('BRG1632752047', 'Apialys sirup', 2, 3, 8, 1, 0, 1, '0000-00-00 00:00:00', '0000-00-00 00:00:00', 'PAB1573711365', 1, 5, '', '', '', '', '', '', '', '', '', ''),
('BRG1632752048', 'apialys drop', 2, 3, 8, 1, 0, 1, '0000-00-00 00:00:00', '0000-00-00 00:00:00', 'PAB1573711366', 1, 5, '', '', '', '', '', '', '', '', '', ''),
('BRG1632752049', 'acytral 120', 0, 3, 8, 1, 0, 1, '0000-00-00 00:00:00', '0000-00-00 00:00:00', 'PAB1573711367', 1, 5, '', '', '', '', '', '', '', '', '', ''),
('BRG1632752050', 'Antimo tablet', 46, 3, 8, 1, 0, 1, '0000-00-00 00:00:00', '0000-00-00 00:00:00', 'PAB1573711368', 1, 5, '', '', '', '', '', '', '', '', '', ''),
('BRG1632752051', 'antimo anak', 19, 3, 8, 1, 0, 1, '0000-00-00 00:00:00', '0000-00-00 00:00:00', 'PAB1573711369', 1, 5, '', '', '', '', '', '', '', '', '', ''),
('BRG1632752052', 'antangin jrg', 7, 3, 8, 1, 0, 1, '0000-00-00 00:00:00', '0000-00-00 00:00:00', 'PAB1573711370', 1, 5, '', '', '', '', '', '', '', '', '', ''),
('BRG1632752053', 'alcohol swab ', 0, 3, 8, 1, 0, 1, '0000-00-00 00:00:00', '0000-00-00 00:00:00', 'PAB1573711371', 1, 5, '', '', '', '', '', '', '', '', '', ''),
('BRG1632752054', 'antangin junior', 0, 3, 8, 1, 0, 1, '0000-00-00 00:00:00', '0000-00-00 00:00:00', 'PAB1573711372', 1, 5, '', '', '', '', '', '', '', '', '', ''),
('BRG1632752055', 'antangin', 0, 3, 8, 1, 0, 1, '0000-00-00 00:00:00', '0000-00-00 00:00:00', 'PAB1573711373', 1, 5, '', '', '', '', '', '', '', '', '', ''),
('BRG1632752056', 'ambeven ', 9, 3, 8, 1, 0, 1, '0000-00-00 00:00:00', '0000-00-00 00:00:00', 'PAB1573711374', 1, 5, '', '', '', '', '', '', '', '', '', ''),
('BRG1632752057', 'asthma soho', 8, 3, 8, 1, 0, 1, '0000-00-00 00:00:00', '0000-00-00 00:00:00', 'PAB1573711375', 1, 5, '', '', '', '', '', '', '', '', '', ''),
('BRG1632752058', 'alinamin', 246, 3, 8, 1, 0, 1, '0000-00-00 00:00:00', '0000-00-00 00:00:00', 'PAB1573711376', 1, 5, '', '', '', '', '', '', '', '', '', ''),
('BRG1632752059', 'alcohol 70 %', 0, 3, 8, 1, 0, 1, '0000-00-00 00:00:00', '0000-00-00 00:00:00', 'PAB1573711377', 1, 5, '', '', '', '', '', '', '', '', '', ''),
('BRG1632752060', 'bufacaril', 280, 3, 8, 1, 0, 1, '0000-00-00 00:00:00', '0000-00-00 00:00:00', 'PAB1573711378', 1, 5, '', '', '', '', '', '', '', '', '', ''),
('BRG1632752061', 'bronchitin sirup', 0, 3, 8, 1, 0, 1, '0000-00-00 00:00:00', '0000-00-00 00:00:00', 'PAB1573711379', 1, 5, '', '', '', '', '', '', '', '', '', ''),
('BRG1632752062', 'bronchitin', 145, 3, 8, 1, 0, 1, '0000-00-00 00:00:00', '0000-00-00 00:00:00', 'PAB1573711380', 1, 5, '', '', '', '', '', '', '', '', '', ''),
('BRG1632752063', 'bevalex salep', 1, 3, 8, 1, 0, 1, '0000-00-00 00:00:00', '0000-00-00 00:00:00', 'PAB1573711381', 1, 5, '', '', '', '', '', '', '', '', '', ''),
('BRG1632752064', 'betamin B1', 0, 3, 8, 1, 0, 1, '0000-00-00 00:00:00', '0000-00-00 00:00:00', 'PAB1573711382', 1, 5, '', '', '', '', '', '', '', '', '', ''),
('BRG1632752065', 'biolysin sirup', 2, 3, 8, 1, 0, 1, '0000-00-00 00:00:00', '0000-00-00 00:00:00', 'PAB1573711383', 1, 5, '', '', '', '', '', '', '', '', '', ''),
('BRG1632752066', 'biolysin smart', 0, 3, 8, 1, 0, 1, '0000-00-00 00:00:00', '0000-00-00 00:00:00', 'PAB1573711384', 1, 5, '', '', '', '', '', '', '', '', '', ''),
('BRG1632752067', 'batugin 120 ml', 2, 3, 8, 1, 0, 1, '0000-00-00 00:00:00', '0000-00-00 00:00:00', 'PAB1573711385', 1, 5, '', '', '', '', '', '', '', '', '', ''),
('BRG1632752068', 'batugin 300 ml', 1, 3, 8, 1, 0, 1, '0000-00-00 00:00:00', '0000-00-00 00:00:00', 'PAB1573711386', 1, 5, '', '', '', '', '', '', '', '', '', ''),
('BRG1632752069', 'bledstop', 10, 3, 8, 1, 0, 1, '0000-00-00 00:00:00', '0000-00-00 00:00:00', 'PAB1573711387', 1, 5, '', '', '', '', '', '', '', '', '', ''),
('BRG1632752070', 'benadryl ', 0, 3, 8, 1, 0, 1, '0000-00-00 00:00:00', '0000-00-00 00:00:00', 'PAB1573711388', 1, 5, '', '', '', '', '', '', '', '', '', ''),
('BRG1632752071', 'biolysin kids ', 0, 3, 8, 1, 0, 1, '0000-00-00 00:00:00', '0000-00-00 00:00:00', 'PAB1573711389', 1, 5, '', '', '', '', '', '', '', '', '', ''),
('BRG1632752072', 'bisolvon', 0, 3, 8, 1, 0, 1, '0000-00-00 00:00:00', '0000-00-00 00:00:00', 'PAB1573711390', 1, 5, '', '', '', '', '', '', '', '', '', ''),
('BRG1632752073', 'bebelov gold', 0, 3, 8, 1, 0, 1, '0000-00-00 00:00:00', '0000-00-00 00:00:00', 'PAB1573711391', 1, 5, '', '', '', '', '', '', '', '', '', ''),
('BRG1632752074', 'bepanthen 20 gr', 5, 3, 8, 1, 0, 1, '0000-00-00 00:00:00', '0000-00-00 00:00:00', 'PAB1573711392', 1, 5, '', '', '', '', '', '', '', '', '', ''),
('BRG1632752075', 'blood lancet', 0, 3, 8, 1, 0, 1, '0000-00-00 00:00:00', '0000-00-00 00:00:00', 'PAB1573711393', 1, 5, '', '', '', '', '', '', '', '', '', ''),
('BRG1632752076', ' becom c ', 0, 3, 8, 1, 0, 1, '0000-00-00 00:00:00', '0000-00-00 00:00:00', 'PAB1573711394', 1, 5, '', '', '', '', '', '', '', '', '', ''),
('BRG1632752077', ' byolisin  ', 0, 3, 8, 1, 0, 1, '0000-00-00 00:00:00', '0000-00-00 00:00:00', 'PAB1573711395', 1, 5, '', '', '', '', '', '', '', '', '', ''),
('BRG1632752078', ' bodrex  ', 2, 3, 8, 1, 0, 1, '0000-00-00 00:00:00', '0000-00-00 00:00:00', 'PAB1573711396', 1, 5, '', '', '', '', '', '', '', '', '', ''),
('BRG1632752079', ' b 1 kaleng ipi ', 0, 3, 8, 1, 0, 1, '0000-00-00 00:00:00', '0000-00-00 00:00:00', 'PAB1573711397', 1, 5, '', '', '', '', '', '', '', '', '', ''),
('BRG1632752080', ' bodrex exstra ', 11, 3, 8, 1, 0, 1, '0000-00-00 00:00:00', '0000-00-00 00:00:00', 'PAB1573711398', 1, 5, '', '', '', '', '', '', '', '', '', ''),
('BRG1632752081', ' bodrex migra ', 0, 3, 8, 1, 0, 1, '0000-00-00 00:00:00', '0000-00-00 00:00:00', 'PAB1573711399', 1, 5, '', '', '', '', '', '', '', '', '', ''),
('BRG1632752082', ' bioplasenton jely ', 0, 3, 8, 1, 0, 1, '0000-00-00 00:00:00', '0000-00-00 00:00:00', 'PAB1573711400', 1, 5, '', '', '', '', '', '', '', '', '', ''),
('BRG1632752083', ' braito original ', 3, 3, 8, 1, 0, 1, '0000-00-00 00:00:00', '0000-00-00 00:00:00', 'PAB1573711401', 1, 5, '', '', '', '', '', '', '', '', '', ''),
('BRG1632752084', ' boreh asam urat ', 25, 3, 8, 1, 0, 1, '0000-00-00 00:00:00', '0000-00-00 00:00:00', 'PAB1573711402', 1, 5, '', '', '', '', '', '', '', '', '', ''),
('BRG1632752085', ' bedak salycyl ', 41, 3, 8, 1, 0, 1, '0000-00-00 00:00:00', '0000-00-00 00:00:00', 'PAB1573711403', 1, 5, '', '', '', '', '', '', '', '', '', ''),
('BRG1632752086', ' bye bye fever for children ', 5, 3, 8, 1, 0, 1, '0000-00-00 00:00:00', '0000-00-00 00:00:00', 'PAB1573711404', 1, 5, '', '', '', '', '', '', '', '', '', ''),
('BRG1632752087', ' bye bye fever for baby ', 17, 3, 8, 1, 0, 1, '0000-00-00 00:00:00', '0000-00-00 00:00:00', 'PAB1573711405', 1, 5, '', '', '', '', '', '', '', '', '', ''),
('BRG1632752088', ' balsem lang ', 1, 3, 8, 1, 0, 1, '0000-00-00 00:00:00', '0000-00-00 00:00:00', 'PAB1573711406', 1, 5, '', '', '', '', '', '', '', '', '', ''),
('BRG1632752089', ' balsem keji ', 3, 3, 8, 1, 0, 1, '0000-00-00 00:00:00', '0000-00-00 00:00:00', 'PAB1573711407', 1, 5, '', '', '', '', '', '', '', '', '', ''),
('BRG1632752090', ' cefadroxil ', 501, 3, 8, 1, 0, 1, '0000-00-00 00:00:00', '0000-00-00 00:00:00', 'PAB1573711408', 1, 5, '', '', '', '', '', '', '', '', '', ''),
('BRG1632752091', ' cefixime ', 20, 3, 8, 1, 0, 1, '0000-00-00 00:00:00', '0000-00-00 00:00:00', 'PAB1573711409', 1, 5, '', '', '', '', '', '', '', '', '', ''),
('BRG1632752092', ' calortusin ', 0, 3, 8, 1, 0, 1, '0000-00-00 00:00:00', '0000-00-00 00:00:00', 'PAB1573711410', 1, 5, '', '', '', '', '', '', '', '', '', ''),
('BRG1632752093', ' ceterizin ', 564, 3, 8, 1, 0, 1, '0000-00-00 00:00:00', '0000-00-00 00:00:00', 'PAB1573711411', 1, 5, '', '', '', '', '', '', '', '', '', ''),
('BRG1632752094', ' captopril ', 88, 3, 8, 1, 0, 1, '0000-00-00 00:00:00', '0000-00-00 00:00:00', 'PAB1573711412', 1, 5, '', '', '', '', '', '', '', '', '', ''),
('BRG1632752095', ' cataplam ', 41, 3, 8, 1, 0, 1, '0000-00-00 00:00:00', '0000-00-00 00:00:00', 'PAB1573711413', 1, 5, '', '', '', '', '', '', '', '', '', ''),
('BRG1632752096', ' cargesik ', 182, 3, 8, 1, 0, 1, '0000-00-00 00:00:00', '0000-00-00 00:00:00', 'PAB1573711414', 1, 5, '', '', '', '', '', '', '', '', '', ''),
('BRG1632752097', ' ciprofloxacin ', 248, 3, 8, 1, 0, 1, '0000-00-00 00:00:00', '0000-00-00 00:00:00', 'PAB1573711415', 1, 5, '', '', '', '', '', '', '', '', '', ''),
('BRG1632752098', ' ctm kaleng ', 0, 3, 8, 1, 0, 1, '0000-00-00 00:00:00', '0000-00-00 00:00:00', 'PAB1573711416', 1, 5, '', '', '', '', '', '', '', '', '', ''),
('BRG1632752099', ' cyclo  ', 49, 3, 8, 1, 0, 1, '0000-00-00 00:00:00', '0000-00-00 00:00:00', 'PAB1573711417', 1, 5, '', '', '', '', '', '', '', '', '', ''),
('BRG1632752100', ' coparsetin ', 22, 3, 8, 1, 0, 1, '0000-00-00 00:00:00', '0000-00-00 00:00:00', 'PAB1573711418', 1, 5, '', '', '', '', '', '', '', '', '', ''),
('BRG1632752101', ' curcuma plus ', 2, 3, 8, 1, 0, 1, '0000-00-00 00:00:00', '0000-00-00 00:00:00', 'PAB1573711419', 1, 5, '', '', '', '', '', '', '', '', '', ''),
('BRG1632752102', ' curvit sirup ', 0, 3, 8, 1, 0, 1, '0000-00-00 00:00:00', '0000-00-00 00:00:00', 'PAB1573711420', 1, 5, '', '', '', '', '', '', '', '', '', ''),
('BRG1632752103', ' carsida ', 6, 3, 8, 1, 0, 1, '0000-00-00 00:00:00', '0000-00-00 00:00:00', 'PAB1573711421', 1, 5, '', '', '', '', '', '', '', '', '', ''),
('BRG1632752104', ' citosetin  ', 20, 3, 8, 1, 0, 1, '0000-00-00 00:00:00', '0000-00-00 00:00:00', 'PAB1573711422', 1, 5, '', '', '', '', '', '', '', '', '', ''),
('BRG1632752105', ' contrexyn drop ', 38, 3, 8, 1, 0, 1, '0000-00-00 00:00:00', '0000-00-00 00:00:00', 'PAB1573711423', 1, 5, '', '', '', '', '', '', '', '', '', ''),
('BRG1632752106', ' contrexyn sirup ', 12, 3, 8, 1, 0, 1, '0000-00-00 00:00:00', '0000-00-00 00:00:00', 'PAB1573711424', 1, 5, '', '', '', '', '', '', '', '', '', ''),
('BRG1632752107', ' cough syrup ', 0, 3, 8, 1, 0, 1, '0000-00-00 00:00:00', '0000-00-00 00:00:00', 'PAB1573711425', 1, 5, '', '', '', '', '', '', '', '', '', ''),
('BRG1632752108', ' conterpain 15 mg ', 0, 3, 8, 1, 0, 1, '0000-00-00 00:00:00', '0000-00-00 00:00:00', 'PAB1573711426', 1, 5, '', '', '', '', '', '', '', '', '', ''),
('BRG1632752109', ' callusol  ', 3, 3, 8, 1, 0, 1, '0000-00-00 00:00:00', '0000-00-00 00:00:00', 'PAB1573711427', 1, 5, '', '', '', '', '', '', '', '', '', ''),
('BRG1632752110', ' cuticell classic ', 0, 3, 8, 1, 0, 1, '0000-00-00 00:00:00', '0000-00-00 00:00:00', 'PAB1573711428', 1, 5, '', '', '', '', '', '', '', '', '', ''),
('BRG1632752111', ' caviplex ', 490, 3, 8, 1, 0, 1, '0000-00-00 00:00:00', '0000-00-00 00:00:00', 'PAB1573711429', 1, 5, '', '', '', '', '', '', '', '', '', ''),
('BRG1632752112', ' ctm (alleron) ', 42, 3, 8, 1, 0, 1, '0000-00-00 00:00:00', '0000-00-00 00:00:00', 'PAB1573711430', 1, 5, '', '', '', '', '', '', '', '', '', ''),
('BRG1632752113', ' combantrien ', 0, 3, 8, 1, 0, 1, '0000-00-00 00:00:00', '0000-00-00 00:00:00', 'PAB1573711431', 1, 5, '', '', '', '', '', '', '', '', '', ''),
('BRG1632752114', ' dextral ', 303, 3, 8, 1, 0, 1, '0000-00-00 00:00:00', '0000-00-00 00:00:00', 'PAB1573711432', 1, 5, '', '', '', '', '', '', '', '', '', ''),
('BRG1632752115', ' dexamethasone kaleng ', 17, 3, 8, 1, 0, 1, '0000-00-00 00:00:00', '0000-00-00 00:00:00', 'PAB1573711433', 1, 5, '', '', '', '', '', '', '', '', '', ''),
('BRG1632752116', ' dexamethasone ', 1026, 3, 8, 1, 0, 1, '0000-00-00 00:00:00', '0000-00-00 00:00:00', 'PAB1573711434', 1, 5, '', '', '', '', '', '', '', '', '', ''),
('BRG1632752117', ' demacolin  ', 273, 3, 8, 1, 0, 1, '0000-00-00 00:00:00', '0000-00-00 00:00:00', 'PAB1573711435', 1, 5, '', '', '', '', '', '', '', '', '', ''),
('BRG1632752118', ' diapet ', 18, 3, 8, 1, 0, 1, '0000-00-00 00:00:00', '0000-00-00 00:00:00', 'PAB1573711436', 1, 5, '', '', '', '', '', '', '', '', '', ''),
('BRG1632752119', ' dexaharzen inj ', 120, 3, 8, 1, 0, 1, '0000-00-00 00:00:00', '0000-00-00 00:00:00', 'PAB1573711437', 1, 5, '', '', '', '', '', '', '', '', '', ''),
('BRG1632752120', ' devosix drop ', 15, 3, 8, 1, 0, 1, '0000-00-00 00:00:00', '0000-00-00 00:00:00', 'PAB1573711438', 1, 5, '', '', '', '', '', '', '', '', '', ''),
('BRG1632752121', ' decadryl  ', 3, 3, 8, 1, 0, 1, '0000-00-00 00:00:00', '0000-00-00 00:00:00', 'PAB1573711439', 1, 5, '', '', '', '', '', '', '', '', '', ''),
('BRG1632752122', ' decadryl 125 ml ', 3, 3, 8, 1, 0, 1, '0000-00-00 00:00:00', '0000-00-00 00:00:00', 'PAB1573711440', 1, 5, '', '', '', '', '', '', '', '', '', ''),
('BRG1632752123', ' decolsin  ', 0, 3, 8, 1, 0, 1, '0000-00-00 00:00:00', '0000-00-00 00:00:00', 'PAB1573711441', 1, 5, '', '', '', '', '', '', '', '', '', ''),
('BRG1632752124', ' dancow 1+ madu ', 0, 3, 8, 1, 0, 1, '0000-00-00 00:00:00', '0000-00-00 00:00:00', 'PAB1573711442', 1, 5, '', '', '', '', '', '', '', '', '', ''),
('BRG1632752125', ' durol tonic ', 1, 3, 8, 1, 0, 1, '0000-00-00 00:00:00', '0000-00-00 00:00:00', 'PAB1573711443', 1, 5, '', '', '', '', '', '', '', '', '', ''),
('BRG1632752126', ' dulcolax 5 mg ', 18, 3, 8, 1, 0, 1, '0000-00-00 00:00:00', '0000-00-00 00:00:00', 'PAB1573711444', 1, 5, '', '', '', '', '', '', '', '', '', ''),
('BRG1632752127', ' dermafix 5x7 cm ', 0, 3, 8, 1, 0, 1, '0000-00-00 00:00:00', '0000-00-00 00:00:00', 'PAB1573711445', 1, 5, '', '', '', '', '', '', '', '', '', ''),
('BRG1632752128', ' erlamycetin salep mata ', 0, 3, 8, 1, 0, 1, '0000-00-00 00:00:00', '0000-00-00 00:00:00', 'PAB1573711446', 1, 5, '', '', '', '', '', '', '', '', '', ''),
('BRG1632752129', ' erlamycetin tetes mata ', 13, 3, 8, 1, 0, 1, '0000-00-00 00:00:00', '0000-00-00 00:00:00', 'PAB1573711447', 1, 5, '', '', '', '', '', '', '', '', '', ''),
('BRG1632752130', ' entrostop tablet ', 11, 3, 8, 1, 0, 1, '0000-00-00 00:00:00', '0000-00-00 00:00:00', 'PAB1573711448', 1, 5, '', '', '', '', '', '', '', '', '', ''),
('BRG1632752131', ' elastomul ', 0, 3, 8, 1, 0, 1, '0000-00-00 00:00:00', '0000-00-00 00:00:00', 'PAB1573711449', 1, 5, '', '', '', '', '', '', '', '', '', ''),
('BRG1632752132', 'ever e 250 ', 2, 3, 8, 1, 0, 1, '0000-00-00 00:00:00', '0000-00-00 00:00:00', 'PAB1573711450', 1, 5, '', '', '', '', '', '', '', '', '', ''),
('BRG1632752133', 'erphanizol 5 mg', 0, 3, 8, 1, 0, 1, '0000-00-00 00:00:00', '0000-00-00 00:00:00', 'PAB1573711451', 1, 5, '', '', '', '', '', '', '', '', '', ''),
('BRG1632752134', 'erlamycetin tetes telinga (reco)', 1, 3, 8, 1, 0, 1, '0000-00-00 00:00:00', '0000-00-00 00:00:00', 'PAB1573711452', 1, 5, '', '', '', '', '', '', '', '', '', ''),
('BRG1632752135', 'ecodine 100 cc ', 0, 3, 8, 1, 0, 1, '0000-00-00 00:00:00', '0000-00-00 00:00:00', 'PAB1573711453', 1, 5, '', '', '', '', '', '', '', '', '', ''),
('BRG1632752136', 'entrostop anak', 16, 3, 8, 1, 0, 1, '0000-00-00 00:00:00', '0000-00-00 00:00:00', 'PAB1573711454', 1, 5, '', '', '', '', '', '', '', '', '', ''),
('BRG1632752137', 'folarin', 590, 3, 8, 1, 0, 1, '0000-00-00 00:00:00', '0000-00-00 00:00:00', 'PAB1573711455', 1, 5, '', '', '', '', '', '', '', '', '', ''),
('BRG1632752138', 'Fitbes force', 0, 3, 8, 1, 0, 1, '0000-00-00 00:00:00', '0000-00-00 00:00:00', 'PAB1573711456', 1, 5, '', '', '', '', '', '', '', '', '', ''),
('BRG1632752139', 'fit com', 2, 3, 8, 1, 0, 1, '0000-00-00 00:00:00', '0000-00-00 00:00:00', 'PAB1573711457', 1, 5, '', '', '', '', '', '', '', '', '', ''),
('BRG1632752140', 'febryn sirup ', 13, 3, 8, 1, 0, 1, '0000-00-00 00:00:00', '0000-00-00 00:00:00', 'PAB1573711458', 1, 5, '', '', '', '', '', '', '', '', '', ''),
('BRG1632752141', 'fasidol drop', 0, 3, 8, 1, 0, 1, '0000-00-00 00:00:00', '0000-00-00 00:00:00', 'PAB1573711459', 1, 5, '', '', '', '', '', '', '', '', '', ''),
('BRG1632752142', 'flucadex sirup', 0, 3, 8, 1, 0, 1, '0000-00-00 00:00:00', '0000-00-00 00:00:00', 'PAB1573711460', 1, 5, '', '', '', '', '', '', '', '', '', ''),
('BRG1632752143', 'frisian baby', 0, 3, 8, 1, 0, 1, '0000-00-00 00:00:00', '0000-00-00 00:00:00', 'PAB1573711461', 1, 5, '', '', '', '', '', '', '', '', '', ''),
('BRG1632752144', 'frisian flag', 0, 3, 8, 1, 0, 1, '0000-00-00 00:00:00', '0000-00-00 00:00:00', 'PAB1573711462', 1, 5, '', '', '', '', '', '', '', '', '', ''),
('BRG1632752145', 'feminax', 47, 3, 8, 1, 0, 1, '0000-00-00 00:00:00', '0000-00-00 00:00:00', 'PAB1573711463', 1, 5, '', '', '', '', '', '', '', '', '', ''),
('BRG1632752146', 'forumen', 0, 3, 8, 1, 0, 1, '0000-00-00 00:00:00', '0000-00-00 00:00:00', 'PAB1573711464', 1, 5, '', '', '', '', '', '', '', '', '', ''),
('BRG1632752147', 'fungiderm 10 gr', 1, 3, 8, 1, 0, 1, '0000-00-00 00:00:00', '0000-00-00 00:00:00', 'PAB1573711465', 1, 5, '', '', '', '', '', '', '', '', '', ''),
('BRG1632752148', 'fungiderm 5 gr', 1, 3, 8, 1, 0, 1, '0000-00-00 00:00:00', '0000-00-00 00:00:00', 'PAB1573711466', 1, 5, '', '', '', '', '', '', '', '', '', ''),
('BRG1632752149', 'fresh care 10 ml', 0, 3, 8, 1, 0, 1, '0000-00-00 00:00:00', '0000-00-00 00:00:00', 'PAB1573711467', 1, 5, '', '', '', '', '', '', '', '', '', ''),
('BRG1632752150', 'grintiners', 6, 3, 8, 1, 0, 1, '0000-00-00 00:00:00', '0000-00-00 00:00:00', 'PAB1573711468', 1, 5, '', '', '', '', '', '', '', '', '', ''),
('BRG1632752151', 'gpu besar 60 ml', 0, 3, 8, 1, 0, 1, '0000-00-00 00:00:00', '0000-00-00 00:00:00', 'PAB1573711469', 1, 5, '', '', '', '', '', '', '', '', '', ''),
('BRG1632752152', 'gpu krim 150 gr', 0, 3, 8, 1, 0, 1, '0000-00-00 00:00:00', '0000-00-00 00:00:00', 'PAB1573711470', 1, 5, '', '', '', '', '', '', '', '', '', ''),
('BRG1632752153', 'glimepiride 1mg', 0, 3, 8, 1, 0, 1, '0000-00-00 00:00:00', '0000-00-00 00:00:00', 'PAB1573711471', 1, 5, '', '', '', '', '', '', '', '', '', ''),
('BRG1632752154', 'glimepiride 2mg', 214, 3, 8, 1, 0, 1, '0000-00-00 00:00:00', '0000-00-00 00:00:00', 'PAB1573711472', 1, 5, '', '', '', '', '', '', '', '', '', ''),
('BRG1632752155', 'glibenclamide', 541, 3, 8, 1, 0, 1, '0000-00-00 00:00:00', '0000-00-00 00:00:00', 'PAB1573711473', 1, 5, '', '', '', '', '', '', '', '', '', ''),
('BRG1632752156', ' grateos  ', 0, 3, 8, 1, 0, 1, '0000-00-00 00:00:00', '0000-00-00 00:00:00', 'PAB1573711474', 1, 5, '', '', '', '', '', '', '', '', '', ''),
('BRG1632752157', ' GG ', 539, 3, 8, 1, 0, 1, '0000-00-00 00:00:00', '0000-00-00 00:00:00', 'PAB1573711475', 1, 5, '', '', '', '', '', '', '', '', '', ''),
('BRG1632752158', ' grafazole  ', 0, 3, 8, 1, 0, 1, '0000-00-00 00:00:00', '0000-00-00 00:00:00', 'PAB1573711476', 1, 5, '', '', '', '', '', '', '', '', '', ''),
('BRG1632752159', ' gentamicin salep ', 7, 3, 8, 1, 0, 1, '0000-00-00 00:00:00', '0000-00-00 00:00:00', 'PAB1573711477', 1, 5, '', '', '', '', '', '', '', '', '', ''),
('BRG1632752160', ' giwang studex ', 8, 3, 8, 1, 0, 1, '0000-00-00 00:00:00', '0000-00-00 00:00:00', 'PAB1573711478', 1, 5, '', '', '', '', '', '', '', '', '', ''),
('BRG1632752161', ' gastrocid 15 ', 0, 3, 8, 1, 0, 1, '0000-00-00 00:00:00', '0000-00-00 00:00:00', 'PAB1573711479', 1, 5, '', '', '', '', '', '', '', '', '', ''),
('BRG1632752162', ' gentiana violet ', 0, 3, 8, 1, 0, 1, '0000-00-00 00:00:00', '0000-00-00 00:00:00', 'PAB1573711480', 1, 5, '', '', '', '', '', '', '', '', '', ''),
('BRG1632752163', ' hufadon tab ', 154, 3, 8, 1, 0, 1, '0000-00-00 00:00:00', '0000-00-00 00:00:00', 'PAB1573711481', 1, 5, '', '', '', '', '', '', '', '', '', ''),
('BRG1632752164', ' hufralgin ', 0, 3, 8, 1, 0, 1, '0000-00-00 00:00:00', '0000-00-00 00:00:00', 'PAB1573711482', 1, 5, '', '', '', '', '', '', '', '', '', ''),
('BRG1632752165', ' hufadextamin ', 0, 3, 8, 1, 0, 1, '0000-00-00 00:00:00', '0000-00-00 00:00:00', 'PAB1573711483', 1, 5, '', '', '', '', '', '', '', '', '', ''),
('BRG1632752166', ' histigo ', 228, 3, 8, 1, 0, 1, '0000-00-00 00:00:00', '0000-00-00 00:00:00', 'PAB1573711484', 1, 5, '', '', '', '', '', '', '', '', '', ''),
('BRG1632752167', ' hidrocortisone salep ', 8, 3, 8, 1, 0, 1, '0000-00-00 00:00:00', '0000-00-00 00:00:00', 'PAB1573711485', 1, 5, '', '', '', '', '', '', '', '', '', ''),
('BRG1632752168', ' halmezin ', 3, 3, 8, 1, 0, 1, '0000-00-00 00:00:00', '0000-00-00 00:00:00', 'PAB1573711486', 1, 5, '', '', '', '', '', '', '', '', '', ''),
('BRG1632752169', ' h booster ', 5, 3, 8, 1, 0, 1, '0000-00-00 00:00:00', '0000-00-00 00:00:00', 'PAB1573711487', 1, 5, '', '', '', '', '', '', '', '', '', ''),
('BRG1632752170', ' hufadon sirup ', 14, 3, 8, 1, 0, 1, '0000-00-00 00:00:00', '0000-00-00 00:00:00', 'PAB1573711488', 1, 5, '', '', '', '', '', '', '', '', '', ''),
('BRG1632752171', ' hufanoxil sirup ', 31, 3, 8, 1, 0, 1, '0000-00-00 00:00:00', '0000-00-00 00:00:00', 'PAB1573711489', 1, 5, '', '', '', '', '', '', '', '', '', ''),
('BRG1632752172', ' hufagesic sirup ', 0, 3, 8, 1, 0, 1, '0000-00-00 00:00:00', '0000-00-00 00:00:00', 'PAB1573711490', 1, 5, '', '', '', '', '', '', '', '', '', ''),
('BRG1632752173', ' hufagrip kuning ', 0, 3, 8, 1, 0, 1, '0000-00-00 00:00:00', '0000-00-00 00:00:00', 'PAB1573711491', 1, 5, '', '', '', '', '', '', '', '', '', ''),
('BRG1632752174', ' hufagrip merah  ', 0, 3, 8, 1, 0, 1, '0000-00-00 00:00:00', '0000-00-00 00:00:00', 'PAB1573711492', 1, 5, '', '', '', '', '', '', '', '', '', ''),
('BRG1632752175', ' hufagrip hijau ', 0, 3, 8, 1, 0, 1, '0000-00-00 00:00:00', '0000-00-00 00:00:00', 'PAB1573711493', 1, 5, '', '', '', '', '', '', '', '', '', ''),
('BRG1632752176', ' hufagrip biru ', 0, 3, 8, 1, 0, 1, '0000-00-00 00:00:00', '0000-00-00 00:00:00', 'PAB1573711494', 1, 5, '', '', '', '', '', '', '', '', '', ''),
('BRG1632752177', ' hufaxol sirup  ', 3, 3, 8, 1, 0, 1, '0000-00-00 00:00:00', '0000-00-00 00:00:00', 'PAB1573711495', 1, 5, '', '', '', '', '', '', '', '', '', ''),
('BRG1632752178', ' herbatia asi ', 1, 3, 8, 1, 0, 1, '0000-00-00 00:00:00', '0000-00-00 00:00:00', 'PAB1573711496', 1, 5, '', '', '', '', '', '', '', '', '', ''),
('BRG1632752179', ' herbatia sari langsing ', 1, 3, 8, 1, 0, 1, '0000-00-00 00:00:00', '0000-00-00 00:00:00', 'PAB1573711497', 1, 5, '', '', '', '', '', '', '', '', '', ''),
('BRG1632752180', ' herbatia rapet ', 1, 3, 8, 1, 0, 1, '0000-00-00 00:00:00', '0000-00-00 00:00:00', 'PAB1573711498', 1, 5, '', '', '', '', '', '', '', '', '', ''),
('BRG1632752181', ' herbatia satri putih ', 1, 3, 8, 1, 0, 1, '0000-00-00 00:00:00', '0000-00-00 00:00:00', 'PAB1573711499', 1, 5, '', '', '', '', '', '', '', '', '', ''),
('BRG1632752182', ' hemaviton action  ', 0, 3, 8, 1, 0, 1, '0000-00-00 00:00:00', '0000-00-00 00:00:00', 'PAB1573711500', 1, 5, '', '', '', '', '', '', '', '', '', ''),
('BRG1632752183', ' hemaviton stamina plus ', 1, 3, 8, 1, 0, 1, '0000-00-00 00:00:00', '0000-00-00 00:00:00', 'PAB1573711501', 1, 5, '', '', '', '', '', '', '', '', '', ''),
('BRG1632752184', ' hansaplas plaster ', 65, 3, 8, 1, 0, 1, '0000-00-00 00:00:00', '0000-00-00 00:00:00', 'PAB1573711502', 1, 5, '', '', '', '', '', '', '', '', '', ''),
('BRG1632752185', ' hand sanitizer  ', 2, 3, 8, 1, 0, 1, '0000-00-00 00:00:00', '0000-00-00 00:00:00', 'PAB1573711503', 1, 5, '', '', '', '', '', '', '', '', '', ''),
('BRG1632752186', ' hufagrif  ', 0, 3, 8, 1, 0, 1, '0000-00-00 00:00:00', '0000-00-00 00:00:00', 'PAB1573711504', 1, 5, '', '', '', '', '', '', '', '', '', ''),
('BRG1632752187', ' inza ', 18, 3, 8, 1, 0, 1, '0000-00-00 00:00:00', '0000-00-00 00:00:00', 'PAB1573711505', 1, 5, '', '', '', '', '', '', '', '', '', ''),
('BRG1632752188', ' ibu profen ', 221, 3, 8, 1, 0, 1, '0000-00-00 00:00:00', '0000-00-00 00:00:00', 'PAB1573711506', 1, 5, '', '', '', '', '', '', '', '', '', ''),
('BRG1632752189', ' interhistin ', 68, 3, 8, 1, 0, 1, '0000-00-00 00:00:00', '0000-00-00 00:00:00', 'PAB1573711507', 1, 5, '', '', '', '', '', '', '', '', '', ''),
('BRG1632752190', ' ikadryl  ', 0, 3, 8, 1, 0, 1, '0000-00-00 00:00:00', '0000-00-00 00:00:00', 'PAB1573711508', 1, 5, '', '', '', '', '', '', '', '', '', ''),
('BRG1632752191', ' itramol  ', 0, 3, 8, 1, 0, 1, '0000-00-00 00:00:00', '0000-00-00 00:00:00', 'PAB1573711509', 1, 5, '', '', '', '', '', '', '', '', '', ''),
('BRG1632752192', ' imboost kids  ', 2, 3, 8, 1, 0, 1, '0000-00-00 00:00:00', '0000-00-00 00:00:00', 'PAB1573711510', 1, 5, '', '', '', '', '', '', '', '', '', ''),
('BRG1632752193', ' imboost tablet  ', 44, 3, 8, 1, 0, 1, '0000-00-00 00:00:00', '0000-00-00 00:00:00', 'PAB1573711511', 1, 5, '', '', '', '', '', '', '', '', '', ''),
('BRG1632752194', ' ichtiyol zalf ', 5, 3, 8, 1, 0, 1, '0000-00-00 00:00:00', '0000-00-00 00:00:00', 'PAB1573711512', 1, 5, '', '', '', '', '', '', '', '', '', ''),
('BRG1632752195', ' insto reguler ', 4, 3, 8, 1, 0, 1, '0000-00-00 00:00:00', '0000-00-00 00:00:00', 'PAB1573711513', 1, 5, '', '', '', '', '', '', '', '', '', ''),
('BRG1632752196', ' ketoconasole tab ', 272, 3, 8, 1, 0, 1, '0000-00-00 00:00:00', '0000-00-00 00:00:00', 'PAB1573711514', 1, 5, '', '', '', '', '', '', '', '', '', ''),
('BRG1632752197', ' kalpanak cream 5 mg ', 1, 3, 8, 1, 0, 1, '0000-00-00 00:00:00', '0000-00-00 00:00:00', 'PAB1573711515', 1, 5, '', '', '', '', '', '', '', '', '', ''),
('BRG1632752198', ' konidin tab ', 88, 3, 8, 1, 0, 1, '0000-00-00 00:00:00', '0000-00-00 00:00:00', 'PAB1573711516', 1, 5, '', '', '', '', '', '', '', '', '', ''),
('BRG1632752199', ' Kalk kaleng ', 0, 3, 8, 1, 0, 1, '0000-00-00 00:00:00', '0000-00-00 00:00:00', 'PAB1573711517', 1, 5, '', '', '', '', '', '', '', '', '', ''),
('BRG1632752200', ' kasa gulung (gaas) ', 0, 3, 8, 1, 0, 1, '0000-00-00 00:00:00', '0000-00-00 00:00:00', 'PAB1573711518', 1, 5, '', '', '', '', '', '', '', '', '', ''),
('BRG1632752201', ' keji beling ', 150, 3, 8, 1, 0, 1, '0000-00-00 00:00:00', '0000-00-00 00:00:00', 'PAB1573711519', 1, 5, '', '', '', '', '', '', '', '', '', ''),
('BRG1632752202', ' komix kids  ', 0, 3, 8, 1, 0, 1, '0000-00-00 00:00:00', '0000-00-00 00:00:00', 'PAB1573711520', 1, 5, '', '', '', '', '', '', '', '', '', ''),
('BRG1632752203', ' kapsida  ', 2, 3, 8, 1, 0, 1, '0000-00-00 00:00:00', '0000-00-00 00:00:00', 'PAB1573711521', 1, 5, '', '', '', '', '', '', '', '', '', ''),
('BRG1632752204', ' khlorsept ', 0, 3, 8, 1, 0, 1, '0000-00-00 00:00:00', '0000-00-00 00:00:00', 'PAB1573711522', 1, 5, '', '', '', '', '', '', '', '', '', ''),
('BRG1632752205', ' kasa steril ', 0, 3, 8, 1, 0, 1, '0000-00-00 00:00:00', '0000-00-00 00:00:00', 'PAB1573711523', 1, 5, '', '', '', '', '', '', '', '', '', ''),
('BRG1632752206', ' kasa gulung  ', 95, 3, 8, 1, 0, 1, '0000-00-00 00:00:00', '0000-00-00 00:00:00', 'PAB1573711524', 1, 5, '', '', '', '', '', '', '', '', '', ''),
('BRG1632752207', ' konicare kayu putih 60 ml ', 2, 3, 8, 1, 0, 1, '0000-00-00 00:00:00', '0000-00-00 00:00:00', 'PAB1573711525', 1, 5, '', '', '', '', '', '', '', '', '', ''),
('BRG1632752208', ' kanna white ', 2, 3, 8, 1, 0, 1, '0000-00-00 00:00:00', '0000-00-00 00:00:00', 'PAB1573711526', 1, 5, '', '', '', '', '', '', '', '', '', ''),
('BRG1632752209', ' konicare m telon plus ', 2, 3, 8, 1, 0, 1, '0000-00-00 00:00:00', '0000-00-00 00:00:00', 'PAB1573711527', 1, 5, '', '', '', '', '', '', '', '', '', ''),
('BRG1632752210', ' levoploxacin ', 0, 3, 8, 1, 0, 1, '0000-00-00 00:00:00', '0000-00-00 00:00:00', 'PAB1573711528', 1, 5, '', '', '', '', '', '', '', '', '', ''),
('BRG1632752211', ' Lactamil pregnasis ', 0, 3, 8, 1, 0, 1, '0000-00-00 00:00:00', '0000-00-00 00:00:00', 'PAB1573711529', 1, 5, '', '', '', '', '', '', '', '', '', ''),
('BRG1632752212', ' lidocain ', 52, 3, 8, 1, 0, 1, '0000-00-00 00:00:00', '0000-00-00 00:00:00', 'PAB1573711530', 1, 5, '', '', '', '', '', '', '', '', '', ''),
('BRG1632752213', ' laserin ', 5, 3, 8, 1, 0, 1, '0000-00-00 00:00:00', '0000-00-00 00:00:00', 'PAB1573711531', 1, 5, '', '', '', '', '', '', '', '', '', ''),
('BRG1632752214', ' lostacef ', 3, 3, 8, 1, 0, 1, '0000-00-00 00:00:00', '0000-00-00 00:00:00', 'PAB1573711532', 1, 5, '', '', '', '', '', '', '', '', '', ''),
('BRG1632752215', ' lactogen ', 1, 3, 8, 1, 0, 1, '0000-00-00 00:00:00', '0000-00-00 00:00:00', 'PAB1573711533', 1, 5, '', '', '', '', '', '', '', '', '', ''),
('BRG1632752216', ' livron ', 176, 3, 8, 1, 0, 1, '0000-00-00 00:00:00', '0000-00-00 00:00:00', 'PAB1573711534', 1, 5, '', '', '', '', '', '', '', '', '', ''),
('BRG1632752217', ' lacto b  ', 40, 3, 8, 1, 0, 1, '0000-00-00 00:00:00', '0000-00-00 00:00:00', 'PAB1573711535', 1, 5, '', '', '', '', '', '', '', '', '', ''),
('BRG1632752218', ' lespain ', 2, 3, 8, 1, 0, 1, '0000-00-00 00:00:00', '0000-00-00 00:00:00', 'PAB1573711536', 1, 5, '', '', '', '', '', '', '', '', '', ''),
('BRG1632752219', ' lemoners ', 2, 3, 8, 1, 0, 1, '0000-00-00 00:00:00', '0000-00-00 00:00:00', 'PAB1573711537', 1, 5, '', '', '', '', '', '', '', '', '', ''),
('BRG1632752220', ' mexon ', 234, 3, 8, 1, 0, 1, '0000-00-00 00:00:00', '0000-00-00 00:00:00', 'PAB1573711538', 1, 5, '', '', '', '', '', '', '', '', '', ''),
('BRG1632752221', ' metformin  ', 325, 3, 8, 1, 0, 1, '0000-00-00 00:00:00', '0000-00-00 00:00:00', 'PAB1573711539', 1, 5, '', '', '', '', '', '', '', '', '', ''),
('BRG1632752222', ' methylprednisolone ', 470, 3, 8, 1, 0, 1, '0000-00-00 00:00:00', '0000-00-00 00:00:00', 'PAB1573711540', 1, 5, '', '', '', '', '', '', '', '', '', ''),
('BRG1632752223', ' mirasic sirup ', 0, 3, 8, 1, 0, 1, '0000-00-00 00:00:00', '0000-00-00 00:00:00', 'PAB1573711541', 1, 5, '', '', '', '', '', '', '', '', '', ''),
('BRG1632752224', ' madu tj joy bee ', 6, 3, 8, 1, 0, 1, '0000-00-00 00:00:00', '0000-00-00 00:00:00', 'PAB1573711542', 1, 5, '', '', '', '', '', '', '', '', '', ''),
('BRG1632752225', ' microlax  ', 2, 3, 8, 1, 0, 1, '0000-00-00 00:00:00', '0000-00-00 00:00:00', 'PAB1573711543', 1, 5, '', '', '', '', '', '', '', '', '', ''),
('BRG1632752226', ' micoral 5 gr ', 1, 3, 8, 1, 0, 1, '0000-00-00 00:00:00', '0000-00-00 00:00:00', 'PAB1573711544', 1, 5, '', '', '', '', '', '', '', '', '', ''),
('BRG1632752227', ' minyak rematic spray ', 0, 3, 8, 1, 0, 1, '0000-00-00 00:00:00', '0000-00-00 00:00:00', 'PAB1573711545', 1, 5, '', '', '', '', '', '', '', '', '', ''),
('BRG1632752228', ' minyak bokasi  12 ml ', 2, 3, 8, 1, 0, 1, '0000-00-00 00:00:00', '0000-00-00 00:00:00', 'PAB1573711546', 1, 5, '', '', '', '', '', '', '', '', '', ''),
('BRG1632752229', ' minyak bokasi 35 ml ', 0, 3, 8, 1, 0, 1, '0000-00-00 00:00:00', '0000-00-00 00:00:00', 'PAB1573711547', 1, 5, '', '', '', '', '', '', '', '', '', ''),
('BRG1632752230', ' minyak rematic  ', 25, 3, 8, 1, 0, 1, '0000-00-00 00:00:00', '0000-00-00 00:00:00', 'PAB1573711548', 1, 5, '', '', '', '', '', '', '', '', '', ''),
('BRG1632752231', ' masker kain tebal  ', 0, 3, 8, 1, 0, 1, '0000-00-00 00:00:00', '0000-00-00 00:00:00', 'PAB1573711549', 1, 5, '', '', '', '', '', '', '', '', '', ''),
('BRG1632752232', ' minyak gosok cap tawon ', 3, 3, 8, 1, 0, 1, '0000-00-00 00:00:00', '0000-00-00 00:00:00', 'PAB1573711550', 1, 5, '', '', '', '', '', '', '', '', '', ''),
('BRG1632752233', ' minyak gandapura  ', 0, 3, 8, 1, 0, 1, '0000-00-00 00:00:00', '0000-00-00 00:00:00', 'PAB1573711551', 1, 5, '', '', '', '', '', '', '', '', '', ''),
('BRG1632752234', ' minyak telon lang 60 ml ', 6, 3, 8, 1, 0, 1, '0000-00-00 00:00:00', '0000-00-00 00:00:00', 'PAB1573711552', 1, 5, '', '', '', '', '', '', '', '', '', ''),
('BRG1632752235', ' minyak kayu putih 60 ml  ', 0, 3, 8, 1, 0, 1, '0000-00-00 00:00:00', '0000-00-00 00:00:00', 'PAB1573711553', 1, 5, '', '', '', '', '', '', '', '', '', ''),
('BRG1632752236', ' minyak telon conicare  ', 7, 3, 8, 1, 0, 1, '0000-00-00 00:00:00', '0000-00-00 00:00:00', 'PAB1573711554', 1, 5, '', '', '', '', '', '', '', '', '', ''),
('BRG1632752237', ' minyak kayu putih pllus ', 0, 3, 8, 1, 0, 1, '0000-00-00 00:00:00', '0000-00-00 00:00:00', 'PAB1573711555', 1, 5, '', '', '', '', '', '', '', '', '', ''),
('BRG1632752238', ' minyak telon lowo ', 1, 3, 8, 1, 0, 1, '0000-00-00 00:00:00', '0000-00-00 00:00:00', 'PAB1573711556', 1, 5, '', '', '', '', '', '', '', '', '', ''),
('BRG1632752239', ' minyak kemiri ', 0, 3, 8, 1, 0, 1, '0000-00-00 00:00:00', '0000-00-00 00:00:00', 'PAB1573711557', 1, 5, '', '', '', '', '', '', '', '', '', ''),
('BRG1632752240', ' novabiotic ', 0, 3, 8, 1, 0, 1, '0000-00-00 00:00:00', '0000-00-00 00:00:00', 'PAB1573711558', 1, 5, '', '', '', '', '', '', '', '', '', ''),
('BRG1632752241', ' new astar ', 4, 3, 8, 1, 0, 1, '0000-00-00 00:00:00', '0000-00-00 00:00:00', 'PAB1573711559', 1, 5, '', '', '', '', '', '', '', '', '', ''),
('BRG1632752242', ' nypedipine ', 22, 3, 8, 1, 0, 1, '0000-00-00 00:00:00', '0000-00-00 00:00:00', 'PAB1573711560', 1, 5, '', '', '', '', '', '', '', '', '', ''),
('BRG1632752243', ' neurotropic injeksi ', 4, 3, 8, 1, 0, 1, '0000-00-00 00:00:00', '0000-00-00 00:00:00', 'PAB1573711561', 1, 5, '', '', '', '', '', '', '', '', '', ''),
('BRG1632752244', ' neurobion injeksi ', 8, 3, 8, 1, 0, 1, '0000-00-00 00:00:00', '0000-00-00 00:00:00', 'PAB1573711562', 1, 5, '', '', '', '', '', '', '', '', '', ''),
('BRG1632752245', ' nim jiom pei pa ko ', 0, 3, 8, 1, 0, 1, '0000-00-00 00:00:00', '0000-00-00 00:00:00', 'PAB1573711563', 1, 5, '', '', '', '', '', '', '', '', '', ''),
('BRG1632752246', ' novadiar ', 8, 3, 8, 1, 0, 1, '0000-00-00 00:00:00', '0000-00-00 00:00:00', 'PAB1573711564', 1, 5, '', '', '', '', '', '', '', '', '', ''),
('BRG1632752247', ' nestle cerdac ', 0, 3, 8, 1, 0, 1, '0000-00-00 00:00:00', '0000-00-00 00:00:00', 'PAB1573711565', 1, 5, '', '', '', '', '', '', '', '', '', ''),
('BRG1632752248', ' neo napasin ', 0, 3, 8, 1, 0, 1, '0000-00-00 00:00:00', '0000-00-00 00:00:00', 'PAB1573711566', 1, 5, '', '', '', '', '', '', '', '', '', ''),
('BRG1632752249', ' nature e ', 5, 3, 8, 1, 0, 1, '0000-00-00 00:00:00', '0000-00-00 00:00:00', 'PAB1573711567', 1, 5, '', '', '', '', '', '', '', '', '', ''),
('BRG1632752250', ' new diatab ', 14, 3, 8, 1, 0, 1, '0000-00-00 00:00:00', '0000-00-00 00:00:00', 'PAB1573711568', 1, 5, '', '', '', '', '', '', '', '', '', ''),
('BRG1632752251', ' neurobion putih ', 20, 3, 8, 1, 0, 1, '0000-00-00 00:00:00', '0000-00-00 00:00:00', 'PAB1573711569', 1, 5, '', '', '', '', '', '', '', '', '', ''),
('BRG1632752252', ' neozep ', 0, 3, 8, 1, 0, 1, '0000-00-00 00:00:00', '0000-00-00 00:00:00', 'PAB1573711570', 1, 5, '', '', '', '', '', '', '', '', '', ''),
('BRG1632752253', ' norit ', 10, 3, 8, 1, 0, 1, '0000-00-00 00:00:00', '0000-00-00 00:00:00', 'PAB1573711571', 1, 5, '', '', '', '', '', '', '', '', '', ''),
('BRG1632752254', ' omeprazole ', 0, 3, 8, 1, 0, 1, '0000-00-00 00:00:00', '0000-00-00 00:00:00', 'PAB1573711572', 1, 5, '', '', '', '', '', '', '', '', '', ''),
('BRG1632752255', ' ondansentron injeksi ', 0, 3, 8, 1, 0, 1, '0000-00-00 00:00:00', '0000-00-00 00:00:00', 'PAB1573711573', 1, 5, '', '', '', '', '', '', '', '', '', ''),
('BRG1632752256', ' obh combi batuk berdahak ', 1, 3, 8, 1, 0, 1, '0000-00-00 00:00:00', '0000-00-00 00:00:00', 'PAB1573711574', 1, 5, '', '', '', '', '', '', '', '', '', ''),
('BRG1632752257', ' obh combi anak  ', 0, 3, 8, 1, 0, 1, '0000-00-00 00:00:00', '0000-00-00 00:00:00', 'PAB1573711575', 1, 5, '', '', '', '', '', '', '', '', '', ''),
('BRG1632752258', ' obh combi batuk plus ', 0, 3, 8, 1, 0, 1, '0000-00-00 00:00:00', '0000-00-00 00:00:00', 'PAB1573711576', 1, 5, '', '', '', '', '', '', '', '', '', ''),
('BRG1632752259', ' obh combi batuk flu mentol ', 0, 3, 8, 1, 0, 1, '0000-00-00 00:00:00', '0000-00-00 00:00:00', 'PAB1573711577', 1, 5, '', '', '', '', '', '', '', '', '', ''),
('BRG1632752260', ' obh anakonidin ', 0, 3, 8, 1, 0, 1, '0000-00-00 00:00:00', '0000-00-00 00:00:00', 'PAB1573711578', 1, 5, '', '', '', '', '', '', '', '', '', ''),
('BRG1632752261', ' obp itrasol ', 0, 3, 8, 1, 0, 1, '0000-00-00 00:00:00', '0000-00-00 00:00:00', 'PAB1573711579', 1, 5, '', '', '', '', '', '', '', '', '', ''),
('BRG1632752262', ' othopan drop ', 3, 3, 8, 1, 0, 1, '0000-00-00 00:00:00', '0000-00-00 00:00:00', 'PAB1573711580', 1, 5, '', '', '', '', '', '', '', '', '', ''),
('BRG1632752263', ' oralit ', 50, 3, 8, 1, 0, 1, '0000-00-00 00:00:00', '0000-00-00 00:00:00', 'PAB1573711581', 1, 5, '', '', '', '', '', '', '', '', '', ''),
('BRG1632752264', ' paracetamol 650 mg ', 1036, 3, 8, 1, 0, 1, '0000-00-00 00:00:00', '0000-00-00 00:00:00', 'PAB1573711582', 1, 5, '', '', '', '', '', '', '', '', '', ''),
('BRG1632752265', ' paracetamol 500 mg ', 278, 3, 8, 1, 0, 1, '0000-00-00 00:00:00', '0000-00-00 00:00:00', 'PAB1573711583', 1, 5, '', '', '', '', '', '', '', '', '', ''),
('BRG1632752266', ' pil kb andalan ', 18, 3, 8, 1, 0, 1, '0000-00-00 00:00:00', '0000-00-00 00:00:00', 'PAB1573711584', 1, 5, '', '', '', '', '', '', '', '', '', ''),
('BRG1632752267', ' protein gluco test ', 1, 3, 8, 1, 0, 1, '0000-00-00 00:00:00', '0000-00-00 00:00:00', 'PAB1573711585', 1, 5, '', '', '', '', '', '', '', '', '', ''),
('BRG1632752268', ' paracetamol kaleng ', 6, 3, 8, 1, 0, 1, '0000-00-00 00:00:00', '0000-00-00 00:00:00', 'PAB1573711586', 1, 5, '', '', '', '', '', '', '', '', '', ''),
('BRG1632752269', ' promedex ', 1, 3, 8, 1, 0, 1, '0000-00-00 00:00:00', '0000-00-00 00:00:00', 'PAB1573711587', 1, 5, '', '', '', '', '', '', '', '', '', ''),
('BRG1632752270', ' pontiamer b6 ', 180, 3, 8, 1, 0, 1, '0000-00-00 00:00:00', '0000-00-00 00:00:00', 'PAB1573711588', 1, 5, '', '', '', '', '', '', '', '', '', ''),
('BRG1632752271', ' Primolut ', 48, 3, 8, 1, 0, 1, '0000-00-00 00:00:00', '0000-00-00 00:00:00', 'PAB1573711589', 1, 5, '', '', '', '', '', '', '', '', '', ''),
('BRG1632752272', ' primodiar  ', 295, 3, 8, 1, 0, 1, '0000-00-00 00:00:00', '0000-00-00 00:00:00', 'PAB1573711590', 1, 5, '', '', '', '', '', '', '', '', '', ''),
('BRG1632752273', ' paranervon ', 0, 3, 8, 1, 0, 1, '0000-00-00 00:00:00', '0000-00-00 00:00:00', 'PAB1573711591', 1, 5, '', '', '', '', '', '', '', '', '', ''),
('BRG1632752274', ' paraflu ', 0, 3, 8, 1, 0, 1, '0000-00-00 00:00:00', '0000-00-00 00:00:00', 'PAB1573711592', 1, 5, '', '', '', '', '', '', '', '', '', ''),
('BRG1632752275', ' ponstan ', 100, 3, 8, 1, 0, 1, '0000-00-00 00:00:00', '0000-00-00 00:00:00', 'PAB1573711593', 1, 5, '', '', '', '', '', '', '', '', '', ''),
('BRG1632752276', ' primavon ', 313, 3, 8, 1, 0, 1, '0000-00-00 00:00:00', '0000-00-00 00:00:00', 'PAB1573711594', 1, 5, '', '', '', '', '', '', '', '', '', ''),
('BRG1632752277', ' proris sirup ', 2, 3, 8, 1, 0, 1, '0000-00-00 00:00:00', '0000-00-00 00:00:00', 'PAB1573711595', 1, 5, '', '', '', '', '', '', '', '', '', ''),
('BRG1632752278', ' paratusin  ', 0, 3, 8, 1, 0, 1, '0000-00-00 00:00:00', '0000-00-00 00:00:00', 'PAB1573711596', 1, 5, '', '', '', '', '', '', '', '', '', ''),
('BRG1632752279', ' paratusin 60 ml ', 0, 3, 8, 1, 0, 1, '0000-00-00 00:00:00', '0000-00-00 00:00:00', 'PAB1573711597', 1, 5, '', '', '', '', '', '', '', '', '', ''),
('BRG1632752280', ' primavon sirup ', 7, 3, 8, 1, 0, 1, '0000-00-00 00:00:00', '0000-00-00 00:00:00', 'PAB1573711598', 1, 5, '', '', '', '', '', '', '', '', '', ''),
('BRG1632752281', ' praxion drop ', 0, 3, 8, 1, 0, 1, '0000-00-00 00:00:00', '0000-00-00 00:00:00', 'PAB1573711599', 1, 5, '', '', '', '', '', '', '', '', '', ''),
('BRG1632752282', ' paracetamol sirup ', 0, 3, 8, 1, 0, 1, '0000-00-00 00:00:00', '0000-00-00 00:00:00', 'PAB1573711600', 1, 5, '', '', '', '', '', '', '', '', '', ''),
('BRG1632752283', ' praxion forte ', 3, 3, 8, 1, 0, 1, '0000-00-00 00:00:00', '0000-00-00 00:00:00', 'PAB1573711601', 1, 5, '', '', '', '', '', '', '', '', '', ''),
('BRG1632752284', ' plesterin elastis ', 275, 3, 8, 1, 0, 1, '0000-00-00 00:00:00', '0000-00-00 00:00:00', 'PAB1573711602', 1, 5, '', '', '', '', '', '', '', '', '', ''),
('BRG1632752285', ' praxion sirup ', 3, 3, 8, 1, 0, 1, '0000-00-00 00:00:00', '0000-00-00 00:00:00', 'PAB1573711603', 1, 5, '', '', '', '', '', '', '', '', '', ''),
('BRG1632752286', ' pimtrakol  ', 12, 3, 8, 1, 0, 1, '0000-00-00 00:00:00', '0000-00-00 00:00:00', 'PAB1573711604', 1, 5, '', '', '', '', '', '', '', '', '', ''),
('BRG1632752287', ' proris forte ', 0, 3, 8, 1, 0, 1, '0000-00-00 00:00:00', '0000-00-00 00:00:00', 'PAB1573711605', 1, 5, '', '', '', '', '', '', '', '', '', ''),
('BRG1632752288', ' polysilance 100 mg ', 3, 3, 8, 1, 0, 1, '0000-00-00 00:00:00', '0000-00-00 00:00:00', 'PAB1573711606', 1, 5, '', '', '', '', '', '', '', '', '', ''),
('BRG1632752289', ' paramex  ', 0, 3, 8, 1, 0, 1, '0000-00-00 00:00:00', '0000-00-00 00:00:00', 'PAB1573711607', 1, 5, '', '', '', '', '', '', '', '', '', ''),
('BRG1632752290', ' pharmaton formula  ', 0, 3, 8, 1, 0, 1, '0000-00-00 00:00:00', '0000-00-00 00:00:00', 'PAB1573711608', 1, 5, '', '', '', '', '', '', '', '', '', ''),
('BRG1632752291', ' pp test ', 24, 3, 8, 1, 0, 1, '0000-00-00 00:00:00', '0000-00-00 00:00:00', 'PAB1573711609', 1, 5, '', '', '', '', '', '', '', '', '', ''),
('BRG1632752292', ' paramex nyeri otot ', 17, 3, 8, 1, 0, 1, '0000-00-00 00:00:00', '0000-00-00 00:00:00', 'PAB1573711610', 1, 5, '', '', '', '', '', '', '', '', '', ''),
('BRG1632752293', ' panadol hijau ', 0, 3, 8, 1, 0, 1, '0000-00-00 00:00:00', '0000-00-00 00:00:00', 'PAB1573711611', 1, 5, '', '', '', '', '', '', '', '', '', ''),
('BRG1632752294', ' panadol biru ', 0, 3, 8, 1, 0, 1, '0000-00-00 00:00:00', '0000-00-00 00:00:00', 'PAB1573711612', 1, 5, '', '', '', '', '', '', '', '', '', ''),
('BRG1632752295', ' poldan mig ', 0, 3, 8, 1, 0, 1, '0000-00-00 00:00:00', '0000-00-00 00:00:00', 'PAB1573711613', 1, 5, '', '', '', '', '', '', '', '', '', ''),
('BRG1632752296', ' promag tablet ', 0, 3, 8, 1, 0, 1, '0000-00-00 00:00:00', '0000-00-00 00:00:00', 'PAB1573711614', 1, 5, '', '', '', '', '', '', '', '', '', ''),
('BRG1632752297', ' palgoda salep ', 2, 3, 8, 1, 0, 1, '0000-00-00 00:00:00', '0000-00-00 00:00:00', 'PAB1573711615', 1, 5, '', '', '', '', '', '', '', '', '', ''),
('BRG1632752298', ' pikang suang ', 0, 3, 8, 1, 0, 1, '0000-00-00 00:00:00', '0000-00-00 00:00:00', 'PAB1573711616', 1, 5, '', '', '', '', '', '', '', '', '', ''),
('BRG1632752299', ' peditok ', 4, 3, 8, 1, 0, 1, '0000-00-00 00:00:00', '0000-00-00 00:00:00', 'PAB1573711617', 1, 5, '', '', '', '', '', '', '', '', '', ''),
('BRG1632752300', ' ranitidane ', 0, 3, 8, 1, 0, 1, '0000-00-00 00:00:00', '0000-00-00 00:00:00', 'PAB1573711618', 1, 5, '', '', '', '', '', '', '', '', '', ''),
('BRG1632752301', ' ranitidine injeksi ', 25, 3, 8, 1, 0, 1, '0000-00-00 00:00:00', '0000-00-00 00:00:00', 'PAB1573711619', 1, 5, '', '', '', '', '', '', '', '', '', ''),
('BRG1632752302', ' reco tetes mata ', 5, 3, 8, 1, 0, 1, '0000-00-00 00:00:00', '0000-00-00 00:00:00', 'PAB1573711620', 1, 5, '', '', '', '', '', '', '', '', '', ''),
('BRG1632752303', ' renovit botol ', 0, 3, 8, 1, 0, 1, '0000-00-00 00:00:00', '0000-00-00 00:00:00', 'PAB1573711621', 1, 5, '', '', '', '', '', '', '', '', '', ''),
('BRG1632752304', ' renovit ', 0, 3, 8, 1, 0, 1, '0000-00-00 00:00:00', '0000-00-00 00:00:00', 'PAB1573711622', 1, 5, '', '', '', '', '', '', '', '', '', ''),
('BRG1632752305', ' rohto ', 0, 3, 8, 1, 0, 1, '0000-00-00 00:00:00', '0000-00-00 00:00:00', 'PAB1573711623', 1, 5, '', '', '', '', '', '', '', '', '', ''),
('BRG1632752306', ' spasminal ', 0, 3, 8, 1, 0, 1, '0000-00-00 00:00:00', '0000-00-00 00:00:00', 'PAB1573711624', 1, 5, '', '', '', '', '', '', '', '', '', ''),
('BRG1632752307', ' scopma plus ', 122, 3, 8, 1, 0, 1, '0000-00-00 00:00:00', '0000-00-00 00:00:00', 'PAB1573711625', 1, 5, '', '', '', '', '', '', '', '', '', ''),
('BRG1632752308', ' salbutamol ', 229, 3, 8, 1, 0, 1, '0000-00-00 00:00:00', '0000-00-00 00:00:00', 'PAB1573711626', 1, 5, '', '', '', '', '', '', '', '', '', ''),
('BRG1632752309', ' simvastatin 20 mg ', 27, 3, 8, 1, 0, 1, '0000-00-00 00:00:00', '0000-00-00 00:00:00', 'PAB1573711627', 1, 5, '', '', '', '', '', '', '', '', '', ''),
('BRG1632752310', ' solinefec 5 gr (ketoconazole) ', 9, 3, 8, 1, 0, 1, '0000-00-00 00:00:00', '0000-00-00 00:00:00', 'PAB1573711628', 1, 5, '', '', '', '', '', '', '', '', '', ''),
('BRG1632752311', ' simvastatin 10 mg ', 124, 3, 8, 1, 0, 1, '0000-00-00 00:00:00', '0000-00-00 00:00:00', 'PAB1573711629', 1, 5, '', '', '', '', '', '', '', '', '', ''),
('BRG1632752312', ' sidradryl ', 4, 3, 8, 1, 0, 1, '0000-00-00 00:00:00', '0000-00-00 00:00:00', 'PAB1573711630', 1, 5, '', '', '', '', '', '', '', '', '', ''),
('BRG1632752313', ' sari kurma ', 3, 3, 8, 1, 0, 1, '0000-00-00 00:00:00', '0000-00-00 00:00:00', 'PAB1573711631', 1, 5, '', '', '', '', '', '', '', '', '', ''),
('BRG1632752314', ' sakatonic abc ', 2, 3, 8, 1, 0, 1, '0000-00-00 00:00:00', '0000-00-00 00:00:00', 'PAB1573711632', 1, 5, '', '', '', '', '', '', '', '', '', ''),
('BRG1632752315', ' sanmol drop  ', 10, 3, 8, 1, 0, 1, '0000-00-00 00:00:00', '0000-00-00 00:00:00', 'PAB1573711633', 1, 5, '', '', '', '', '', '', '', '', '', ''),
('BRG1632752316', ' siladex cough biru ', 7, 3, 8, 1, 0, 1, '0000-00-00 00:00:00', '0000-00-00 00:00:00', 'PAB1573711634', 1, 5, '', '', '', '', '', '', '', '', '', ''),
('BRG1632752317', ' siladex hijau ', 0, 3, 8, 1, 0, 1, '0000-00-00 00:00:00', '0000-00-00 00:00:00', 'PAB1573711635', 1, 5, '', '', '', '', '', '', '', '', '', ''),
('BRG1632752318', ' sanadryl expectoran  ', 0, 3, 8, 1, 0, 1, '0000-00-00 00:00:00', '0000-00-00 00:00:00', 'PAB1573711636', 1, 5, '', '', '', '', '', '', '', '', '', ''),
('BRG1632752319', ' saandryl DMP ', 0, 3, 8, 1, 0, 1, '0000-00-00 00:00:00', '0000-00-00 00:00:00', 'PAB1573711637', 1, 5, '', '', '', '', '', '', '', '', '', ''),
('BRG1632752320', ' Stimuno syr 60 ml ', 5, 3, 8, 1, 0, 1, '0000-00-00 00:00:00', '0000-00-00 00:00:00', 'PAB1573711638', 1, 5, '', '', '', '', '', '', '', '', '', ''),
('BRG1632752321', ' scot emulson 200 ml ', 0, 3, 8, 1, 0, 1, '0000-00-00 00:00:00', '0000-00-00 00:00:00', 'PAB1573711639', 1, 5, '', '', '', '', '', '', '', '', '', ''),
('BRG1632752322', ' sanmol forte ', 0, 3, 8, 1, 0, 1, '0000-00-00 00:00:00', '0000-00-00 00:00:00', 'PAB1573711640', 1, 5, '', '', '', '', '', '', '', '', '', ''),
('BRG1632752323', ' sanmol syr 120 mg  ', 9, 3, 8, 1, 0, 1, '0000-00-00 00:00:00', '0000-00-00 00:00:00', 'PAB1573711641', 1, 5, '', '', '', '', '', '', '', '', '', ''),
('BRG1632752324', ' siladex merah ', 0, 3, 8, 1, 0, 1, '0000-00-00 00:00:00', '0000-00-00 00:00:00', 'PAB1573711642', 1, 5, '', '', '', '', '', '', '', '', '', ''),
('BRG1632752325', ' sanmol 120 mg ', 0, 3, 8, 1, 0, 1, '0000-00-00 00:00:00', '0000-00-00 00:00:00', 'PAB1573711643', 1, 5, '', '', '', '', '', '', '', '', '', ''),
('BRG1632752326', ' sgm soya  ', 0, 3, 8, 1, 0, 1, '0000-00-00 00:00:00', '0000-00-00 00:00:00', 'PAB1573711644', 1, 5, '', '', '', '', '', '', '', '', '', ''),
('BRG1632752327', ' supratule ', 0, 3, 8, 1, 0, 1, '0000-00-00 00:00:00', '0000-00-00 00:00:00', 'PAB1573711645', 1, 5, '', '', '', '', '', '', '', '', '', '');
INSERT INTO `tbl_obat_alkes_bhp` (`kode_barang`, `nama_barang`, `stok_awal`, `id_kategori_barang`, `id_satuan_barang`, `jenis_barang`, `harga`, `id_klinik`, `dtm_crt`, `dtm_upd`, `kode_pabrik`, `id_golongan_barang`, `minimal_stok`, `deskripsi`, `indikasi`, `kandungan`, `dosis`, `kemasan`, `efek_samping`, `zat_aktif`, `etiket`, `foto_barang`, `barcode`) VALUES
('BRG1632752328', ' samcorbex C ', 140, 3, 8, 1, 0, 1, '0000-00-00 00:00:00', '0000-00-00 00:00:00', 'PAB1573711646', 1, 5, '', '', '', '', '', '', '', '', '', ''),
('BRG1632752329', ' sanmol tablet ', 0, 3, 8, 1, 0, 1, '0000-00-00 00:00:00', '0000-00-00 00:00:00', 'PAB1573711647', 1, 5, '', '', '', '', '', '', '', '', '', ''),
('BRG1632752330', ' sangobion ', 25, 3, 8, 1, 0, 1, '0000-00-00 00:00:00', '0000-00-00 00:00:00', 'PAB1573711648', 1, 5, '', '', '', '', '', '', '', '', '', ''),
('BRG1632752331', ' siobion tab ', 150, 3, 8, 1, 0, 1, '0000-00-00 00:00:00', '0000-00-00 00:00:00', 'PAB1573711649', 1, 5, '', '', '', '', '', '', '', '', '', ''),
('BRG1632752332', ' sumagesic ', 22, 3, 8, 1, 0, 1, '0000-00-00 00:00:00', '0000-00-00 00:00:00', 'PAB1573711650', 1, 5, '', '', '', '', '', '', '', '', '', ''),
('BRG1632752333', ' sulfadrazin silven  ', 0, 3, 8, 1, 0, 1, '0000-00-00 00:00:00', '0000-00-00 00:00:00', 'PAB1573711651', 1, 5, '', '', '', '', '', '', '', '', '', ''),
('BRG1632752334', ' salep 88 ', 4, 3, 8, 1, 0, 1, '0000-00-00 00:00:00', '0000-00-00 00:00:00', 'PAB1573711652', 1, 5, '', '', '', '', '', '', '', '', '', ''),
('BRG1632752335', ' sabun sereh ', 60, 3, 8, 1, 0, 1, '0000-00-00 00:00:00', '0000-00-00 00:00:00', 'PAB1573711653', 1, 5, '', '', '', '', '', '', '', '', '', ''),
('BRG1632752336', ' sanitari gel  ', 33, 3, 8, 1, 0, 1, '0000-00-00 00:00:00', '0000-00-00 00:00:00', 'PAB1573711654', 1, 5, '', '', '', '', '', '', '', '', '', ''),
('BRG1632752337', ' salysili sp 50 ml  ', 10, 3, 8, 1, 0, 1, '0000-00-00 00:00:00', '0000-00-00 00:00:00', 'PAB1573711655', 1, 5, '', '', '', '', '', '', '', '', '', ''),
('BRG1632752338', ' salonpas hot ', 5, 3, 8, 1, 0, 1, '0000-00-00 00:00:00', '0000-00-00 00:00:00', 'PAB1573711656', 1, 5, '', '', '', '', '', '', '', '', '', ''),
('BRG1632752339', ' safe care minyak angin  ', 1, 3, 8, 1, 0, 1, '0000-00-00 00:00:00', '0000-00-00 00:00:00', 'PAB1573711657', 1, 5, '', '', '', '', '', '', '', '', '', ''),
('BRG1632752340', ' salonpas spray ', 1, 3, 8, 1, 0, 1, '0000-00-00 00:00:00', '0000-00-00 00:00:00', 'PAB1573711658', 1, 5, '', '', '', '', '', '', '', '', '', ''),
('BRG1632752341', ' salonpas hisamitsu ', 7, 3, 8, 1, 0, 1, '0000-00-00 00:00:00', '0000-00-00 00:00:00', 'PAB1573711659', 1, 5, '', '', '', '', '', '', '', '', '', ''),
('BRG1632752342', ' Spuit 5cc ', 0, 3, 8, 1, 0, 1, '0000-00-00 00:00:00', '0000-00-00 00:00:00', 'PAB1573711660', 1, 5, '', '', '', '', '', '', '', '', '', ''),
('BRG1632752343', ' Spuit 3cc ', 0, 3, 8, 1, 0, 1, '0000-00-00 00:00:00', '0000-00-00 00:00:00', 'PAB1573711661', 1, 5, '', '', '', '', '', '', '', '', '', ''),
('BRG1632752344', ' sirup indra ', 5, 3, 8, 1, 0, 1, '0000-00-00 00:00:00', '0000-00-00 00:00:00', 'PAB1573711662', 1, 5, '', '', '', '', '', '', '', '', '', ''),
('BRG1632752345', ' stik uric acid easy touch  ', 1, 3, 8, 1, 0, 1, '0000-00-00 00:00:00', '0000-00-00 00:00:00', 'PAB1573711663', 1, 5, '', '', '', '', '', '', '', '', '', ''),
('BRG1632752346', ' stik cholesterol ', 2, 3, 8, 1, 0, 1, '0000-00-00 00:00:00', '0000-00-00 00:00:00', 'PAB1573711664', 1, 5, '', '', '', '', '', '', '', '', '', ''),
('BRG1632752347', ' stik gluco dr ', 2, 3, 8, 1, 0, 1, '0000-00-00 00:00:00', '0000-00-00 00:00:00', 'PAB1573711665', 1, 5, '', '', '', '', '', '', '', '', '', ''),
('BRG1632752348', ' tablet tambah darah ', 650, 3, 8, 1, 0, 1, '0000-00-00 00:00:00', '0000-00-00 00:00:00', 'PAB1573711666', 1, 5, '', '', '', '', '', '', '', '', '', ''),
('BRG1632752349', ' tranaflu ', 0, 3, 8, 1, 0, 1, '0000-00-00 00:00:00', '0000-00-00 00:00:00', 'PAB1573711667', 1, 5, '', '', '', '', '', '', '', '', '', ''),
('BRG1632752350', ' tranabat ', 138, 3, 8, 1, 0, 1, '0000-00-00 00:00:00', '0000-00-00 00:00:00', 'PAB1573711668', 1, 5, '', '', '', '', '', '', '', '', '', ''),
('BRG1632752351', ' tera f ', 457, 3, 8, 1, 0, 1, '0000-00-00 00:00:00', '0000-00-00 00:00:00', 'PAB1573711669', 1, 5, '', '', '', '', '', '', '', '', '', ''),
('BRG1632752352', ' teosal ', 78, 3, 8, 1, 0, 1, '0000-00-00 00:00:00', '0000-00-00 00:00:00', 'PAB1573711670', 1, 5, '', '', '', '', '', '', '', '', '', ''),
('BRG1632752353', ' tryclo ', 122, 3, 8, 1, 0, 1, '0000-00-00 00:00:00', '0000-00-00 00:00:00', 'PAB1573711671', 1, 5, '', '', '', '', '', '', '', '', '', ''),
('BRG1632752354', ' truvit ', 10, 3, 8, 1, 0, 1, '0000-00-00 00:00:00', '0000-00-00 00:00:00', 'PAB1573711672', 1, 5, '', '', '', '', '', '', '', '', '', ''),
('BRG1632752355', ' triaminic pilek 60 ml ', 0, 3, 8, 1, 0, 1, '0000-00-00 00:00:00', '0000-00-00 00:00:00', 'PAB1573711673', 1, 5, '', '', '', '', '', '', '', '', '', ''),
('BRG1632752356', ' triaminic ekspetoran ', 0, 3, 8, 1, 0, 1, '0000-00-00 00:00:00', '0000-00-00 00:00:00', 'PAB1573711674', 1, 5, '', '', '', '', '', '', '', '', '', ''),
('BRG1632752357', ' tonicum bayer ', 0, 3, 8, 1, 0, 1, '0000-00-00 00:00:00', '0000-00-00 00:00:00', 'PAB1573711675', 1, 5, '', '', '', '', '', '', '', '', '', ''),
('BRG1632752358', ' termorex plus kuning ', 0, 3, 8, 1, 0, 1, '0000-00-00 00:00:00', '0000-00-00 00:00:00', 'PAB1573711676', 1, 5, '', '', '', '', '', '', '', '', '', ''),
('BRG1632752359', ' termorex  ', 1, 3, 8, 1, 0, 1, '0000-00-00 00:00:00', '0000-00-00 00:00:00', 'PAB1573711677', 1, 5, '', '', '', '', '', '', '', '', '', ''),
('BRG1632752360', ' tempra forte ', 0, 3, 8, 1, 0, 1, '0000-00-00 00:00:00', '0000-00-00 00:00:00', 'PAB1573711678', 1, 5, '', '', '', '', '', '', '', '', '', ''),
('BRG1632752361', ' termometer  ', 3, 3, 8, 1, 0, 1, '0000-00-00 00:00:00', '0000-00-00 00:00:00', 'PAB1573711679', 1, 5, '', '', '', '', '', '', '', '', '', ''),
('BRG1632752362', ' trombhopop gel 20 gr ', 0, 3, 8, 1, 0, 1, '0000-00-00 00:00:00', '0000-00-00 00:00:00', 'PAB1573711680', 1, 5, '', '', '', '', '', '', '', '', '', ''),
('BRG1632752363', ' theobron ', 0, 3, 8, 1, 0, 1, '0000-00-00 00:00:00', '0000-00-00 00:00:00', 'PAB1573711681', 1, 5, '', '', '', '', '', '', '', '', '', ''),
('BRG1632752364', ' triocid ', 60, 3, 8, 1, 0, 1, '0000-00-00 00:00:00', '0000-00-00 00:00:00', 'PAB1573711682', 1, 5, '', '', '', '', '', '', '', '', '', ''),
('BRG1632752365', ' transpulmin 20 gr ', 0, 3, 8, 1, 0, 1, '0000-00-00 00:00:00', '0000-00-00 00:00:00', 'PAB1573711683', 1, 5, '', '', '', '', '', '', '', '', '', ''),
('BRG1632752366', ' transpulmin 10 gr ', 0, 3, 8, 1, 0, 1, '0000-00-00 00:00:00', '0000-00-00 00:00:00', 'PAB1573711684', 1, 5, '', '', '', '', '', '', '', '', '', ''),
('BRG1632752367', ' tensocrepe 10 x 4,5 cm ', 0, 3, 8, 1, 0, 1, '0000-00-00 00:00:00', '0000-00-00 00:00:00', 'PAB1573711685', 1, 5, '', '', '', '', '', '', '', '', '', ''),
('BRG1632752368', ' telon lang 100 ml ', 1, 3, 8, 1, 0, 1, '0000-00-00 00:00:00', '0000-00-00 00:00:00', 'PAB1573711686', 1, 5, '', '', '', '', '', '', '', '', '', ''),
('BRG1632752369', ' ultrafix 5x5  ', 5, 3, 8, 1, 0, 1, '0000-00-00 00:00:00', '0000-00-00 00:00:00', 'PAB1573711687', 1, 5, '', '', '', '', '', '', '', '', '', ''),
('BRG1632752370', ' underpad ', 0, 3, 8, 1, 0, 1, '0000-00-00 00:00:00', '0000-00-00 00:00:00', 'PAB1573711688', 1, 5, '', '', '', '', '', '', '', '', '', ''),
('BRG1632752371', ' ultrasilin 5 gr ', 0, 3, 8, 1, 0, 1, '0000-00-00 00:00:00', '0000-00-00 00:00:00', 'PAB1573711689', 1, 5, '', '', '', '', '', '', '', '', '', ''),
('BRG1632752372', ' vosea ', 41, 3, 8, 1, 0, 1, '0000-00-00 00:00:00', '0000-00-00 00:00:00', 'PAB1573711690', 1, 5, '', '', '', '', '', '', '', '', '', ''),
('BRG1632752373', ' voltadex ', 62, 3, 8, 1, 0, 1, '0000-00-00 00:00:00', '0000-00-00 00:00:00', 'PAB1573711691', 1, 5, '', '', '', '', '', '', '', '', '', ''),
('BRG1632752374', ' vitonal m  ', 32, 3, 8, 1, 0, 1, '0000-00-00 00:00:00', '0000-00-00 00:00:00', 'PAB1573711692', 1, 5, '', '', '', '', '', '', '', '', '', ''),
('BRG1632752375', ' vitonal genio ', 38, 3, 8, 1, 0, 1, '0000-00-00 00:00:00', '0000-00-00 00:00:00', 'PAB1573711693', 1, 5, '', '', '', '', '', '', '', '', '', ''),
('BRG1632752376', ' Vitonal calci ', 22, 3, 8, 1, 0, 1, '0000-00-00 00:00:00', '0000-00-00 00:00:00', 'PAB1573711694', 1, 5, '', '', '', '', '', '', '', '', '', ''),
('BRG1632752377', ' vitonal f ', 90, 3, 8, 1, 0, 1, '0000-00-00 00:00:00', '0000-00-00 00:00:00', 'PAB1573711695', 1, 5, '', '', '', '', '', '', '', '', '', ''),
('BRG1632752378', ' ventolin ', 14, 3, 8, 1, 0, 1, '0000-00-00 00:00:00', '0000-00-00 00:00:00', 'PAB1573711696', 1, 5, '', '', '', '', '', '', '', '', '', ''),
('BRG1632752379', ' vicks formula 44 54 ml ', 0, 3, 8, 1, 0, 1, '0000-00-00 00:00:00', '0000-00-00 00:00:00', 'PAB1573711697', 1, 5, '', '', '', '', '', '', '', '', '', ''),
('BRG1632752380', ' vicks formula 44 anak 27 ml ', 0, 3, 8, 1, 0, 1, '0000-00-00 00:00:00', '0000-00-00 00:00:00', 'PAB1573711698', 1, 5, '', '', '', '', '', '', '', '', '', ''),
('BRG1632752381', ' vicks formula 44 27 ml ', 0, 3, 8, 1, 0, 1, '0000-00-00 00:00:00', '0000-00-00 00:00:00', 'PAB1573711699', 1, 5, '', '', '', '', '', '', '', '', '', ''),
('BRG1632752382', ' voltaren emulgel  ', 2, 3, 8, 1, 0, 1, '0000-00-00 00:00:00', '0000-00-00 00:00:00', 'PAB1573711700', 1, 5, '', '', '', '', '', '', '', '', '', ''),
('BRG1632752383', ' vicks vapo rub ', 4, 3, 8, 1, 0, 1, '0000-00-00 00:00:00', '0000-00-00 00:00:00', 'PAB1573711701', 1, 5, '', '', '', '', '', '', '', '', '', ''),
('BRG1632752384', ' vicks in haler ', 0, 3, 8, 1, 0, 1, '0000-00-00 00:00:00', '0000-00-00 00:00:00', 'PAB1573711702', 1, 5, '', '', '', '', '', '', '', '', '', ''),
('BRG1632752385', ' vco ', 20, 3, 8, 1, 0, 1, '0000-00-00 00:00:00', '0000-00-00 00:00:00', 'PAB1573711703', 1, 5, '', '', '', '', '', '', '', '', '', ''),
('BRG1632752386', ' vit c ', 20, 3, 8, 1, 0, 1, '0000-00-00 00:00:00', '0000-00-00 00:00:00', 'PAB1573711704', 1, 5, '', '', '', '', '', '', '', '', '', ''),
('BRG1632752387', ' vco minum ', 0, 3, 8, 1, 0, 1, '0000-00-00 00:00:00', '0000-00-00 00:00:00', 'PAB1573711705', 1, 5, '', '', '', '', '', '', '', '', '', ''),
('BRG1632752388', ' wiros 20 mg ', 288, 3, 8, 1, 0, 1, '0000-00-00 00:00:00', '0000-00-00 00:00:00', 'PAB1573711706', 1, 5, '', '', '', '', '', '', '', '', '', ''),
('BRG1632752389', ' woods merah 60 ml ', 2, 3, 8, 1, 0, 1, '0000-00-00 00:00:00', '0000-00-00 00:00:00', 'PAB1573711707', 1, 5, '', '', '', '', '', '', '', '', '', ''),
('BRG1632752390', ' wood merah 100 ml ', 0, 3, 8, 1, 0, 1, '0000-00-00 00:00:00', '0000-00-00 00:00:00', 'PAB1573711708', 1, 5, '', '', '', '', '', '', '', '', '', ''),
('BRG1632752391', ' woods biru 60 ml ', 6, 3, 8, 1, 0, 1, '0000-00-00 00:00:00', '0000-00-00 00:00:00', 'PAB1573711709', 1, 5, '', '', '', '', '', '', '', '', '', ''),
('BRG1632752392', ' wood biru expectoran ', 5, 3, 8, 1, 0, 1, '0000-00-00 00:00:00', '0000-00-00 00:00:00', 'PAB1573711710', 1, 5, '', '', '', '', '', '', '', '', '', ''),
('BRG1632752393', ' wibert ', 0, 3, 8, 1, 0, 1, '0000-00-00 00:00:00', '0000-00-00 00:00:00', 'PAB1573711711', 1, 5, '', '', '', '', '', '', '', '', '', ''),
('BRG1632752394', ' winapen syr 60 ml ', 1, 3, 8, 1, 0, 1, '0000-00-00 00:00:00', '0000-00-00 00:00:00', 'PAB1573711712', 1, 5, '', '', '', '', '', '', '', '', '', ''),
('BRG1632752395', ' welmove tab ', 4, 3, 8, 1, 0, 1, '0000-00-00 00:00:00', '0000-00-00 00:00:00', 'PAB1573711713', 1, 5, '', '', '', '', '', '', '', '', '', ''),
('BRG1632752396', ' zenirec syr 60 ml ', 27, 3, 8, 1, 0, 1, '0000-00-00 00:00:00', '0000-00-00 00:00:00', 'PAB1573711714', 1, 5, '', '', '', '', '', '', '', '', '', ''),
('BRG1632752397', ' Zinc sirup ', 12, 3, 8, 1, 0, 1, '0000-00-00 00:00:00', '0000-00-00 00:00:00', 'PAB1573711715', 1, 5, '', '', '', '', '', '', '', '', '', '');

-- --------------------------------------------------------

--
-- Table structure for table `tbl_obat_racikan`
--

CREATE TABLE `tbl_obat_racikan` (
  `kode_obat_racikan` varchar(25) NOT NULL,
  `nama_obat_racikan` varchar(50) NOT NULL,
  `id_kategori_barang` int(11) NOT NULL,
  `dtm_crt` datetime NOT NULL DEFAULT current_timestamp(),
  `dtm_upd` datetime NOT NULL DEFAULT current_timestamp()
) ENGINE=InnoDB DEFAULT CHARSET=latin1;

-- --------------------------------------------------------

--
-- Table structure for table `tbl_obat_racikan_child_jasa`
--

CREATE TABLE `tbl_obat_racikan_child_jasa` (
  `id_orc_jasa` int(11) NOT NULL,
  `kode_obat_racikan` varchar(15) NOT NULL,
  `kode_jasa` varchar(15) NOT NULL,
  `dtm_crt` datetime NOT NULL DEFAULT current_timestamp(),
  `dtm_upd` datetime NOT NULL DEFAULT current_timestamp()
) ENGINE=InnoDB DEFAULT CHARSET=latin1;

-- --------------------------------------------------------

--
-- Table structure for table `tbl_obat_racikan_child_obat`
--

CREATE TABLE `tbl_obat_racikan_child_obat` (
  `id_orc_obat` int(11) NOT NULL,
  `kode_obat_racikan` varchar(15) NOT NULL,
  `kode_barang` varchar(15) NOT NULL,
  `dtm_crt` datetime NOT NULL DEFAULT current_timestamp(),
  `dtm_upd` datetime NOT NULL DEFAULT current_timestamp()
) ENGINE=InnoDB DEFAULT CHARSET=latin1;

-- --------------------------------------------------------

--
-- Table structure for table `tbl_pabrik`
--

CREATE TABLE `tbl_pabrik` (
  `kode_pabrik` varchar(15) NOT NULL,
  `nama_pabrik` varchar(50) NOT NULL,
  `alamat_pabrik` varchar(100) NOT NULL,
  `kota` varchar(25) NOT NULL,
  `telp` varchar(15) NOT NULL,
  `npwp` varchar(30) NOT NULL,
  `dtm_crt` datetime NOT NULL DEFAULT current_timestamp(),
  `dtm_upd` datetime NOT NULL DEFAULT current_timestamp()
) ENGINE=InnoDB DEFAULT CHARSET=latin1;

--
-- Dumping data for table `tbl_pabrik`
--

INSERT INTO `tbl_pabrik` (`kode_pabrik`, `nama_pabrik`, `alamat_pabrik`, `kota`, `telp`, `npwp`, `dtm_crt`, `dtm_upd`) VALUES
('PAB1573711347', 'PT Obat Sejahtera', 'jl payah kumbuh', 'sulawesi', '08998989898', '09-0909-8849', '2019-11-14 13:02:27', '2019-11-14 07:24:57'),
('PAB1624001874', 'PT Selama Bersama', 'Jalan penjaringan sari II F no 46', 'Surabaya', '082264619988', '198672453688', '2021-06-18 14:37:54', '2021-06-18 14:37:54');

-- --------------------------------------------------------

--
-- Table structure for table `tbl_pasien`
--

CREATE TABLE `tbl_pasien` (
  `no_rekam_medis` varchar(10) NOT NULL,
  `no_id_pasien` varchar(20) NOT NULL,
  `nama_lengkap` varchar(120) NOT NULL,
  `tanggal_lahir` date NOT NULL,
  `golongan_darah` varchar(2) NOT NULL,
  `status_menikah` varchar(20) NOT NULL,
  `pekerjaan` varchar(30) NOT NULL,
  `alamat` varchar(200) NOT NULL,
  `kabupaten` varchar(30) NOT NULL,
  `rt` varchar(30) NOT NULL,
  `rw` varchar(30) NOT NULL,
  `nama_orang_tua_atau_istri` varchar(30) DEFAULT NULL,
  `nomer_telepon` varchar(20) NOT NULL,
  `riwayat_alergi_obat` text NOT NULL,
  `note_dokter` varchar(200) DEFAULT NULL,
  `dtm_crt` datetime NOT NULL DEFAULT current_timestamp(),
  `dtm_upd` datetime NOT NULL DEFAULT current_timestamp()
) ENGINE=MyISAM DEFAULT CHARSET=latin1;

--
-- Dumping data for table `tbl_pasien`
--

INSERT INTO `tbl_pasien` (`no_rekam_medis`, `no_id_pasien`, `nama_lengkap`, `tanggal_lahir`, `golongan_darah`, `status_menikah`, `pekerjaan`, `alamat`, `kabupaten`, `rt`, `rw`, `nama_orang_tua_atau_istri`, `nomer_telepon`, `riwayat_alergi_obat`, `note_dokter`, `dtm_crt`, `dtm_upd`) VALUES
('000001', '23', 'jj', '2000-10-10', 'O', 'Menikah', 'ooo', 'opp', '35.26', '35.26.01', '35.26.01.1004', 'ddds', '089', 'iya', NULL, '2018-03-29 17:19:16', '2020-10-27 07:21:38'),
('000001-1', '3508100104940001', 'Muhammad Ariyanto Wijaya', '1994-04-01', 'O', 'Belum Menikah', 'Software Developer', 'Jl. Bunga Kumis Kucing 29D', 'Lumajang', '03', '01', 'Siti Aminah', '089691402885', 'amouxilin, Paracetamol,', 'Banyak tidur ya', '2018-03-29 14:27:32', '2020-01-21 11:59:39'),
('000002-1-1', '35081002080990999', 'Iwan Fachrozi', '1993-04-23', 'AB', 'Menikah', 'Pengangguran', 'Kumis Kucing', 'Malang', '3', '2', 'Suparmin', '081998889999', 'Paracetamol, amouxilin,', NULL, '2018-04-03 20:00:50', '2019-12-01 15:32:39'),
('000003-1-1', '3518111510930002', 'Achmad Arif Setyoko', '2021-05-22', 'B', 'Belum Menikah', 'Pengusaha', 'Jl. Gatot Subroto No 79', '35.07', '002', '004', 'Sutrisna', '085648800199', 'Paracetamol, mixagrip,', NULL, '2018-04-04 06:10:23', '2021-06-22 03:04:08'),
('000004', '7896', 'BUDI', '0000-00-00', 'A', 'Belum Menikah', 'WIRASWAASTA', 'DAMPIT', '35.73', '35.73.01', '35.73.01.1002', 'AHMAD', '081234567', 'amoxicillin', NULL, '2018-04-14 20:32:52', '2018-04-14 21:09:37'),
('000005', 'gggg', 'ffffff', '0000-00-00', 'A', 'Menikah', 'dddd', 'ddd', '35.73', '35.73.01', '35.73.01.1001', 'hhhh', '4445', 'Paracetamol,', NULL, '2018-04-14 21:19:49', '2018-04-25 11:31:57'),
('000006', '7777', 'HILMY', '0000-00-00', 'A', 'Belum Menikah', 'presiden', 'BCT', '35.73', '35.73.01', '35.73.01.1002', 'harri', '08567778899', 'Ultra Flu,', NULL, '2018-04-17 16:14:25', '2018-04-17 17:05:35'),
('000007-1', '35081001001001001', 'Jauhari', '1987-06-25', 'B', 'Menikah', 'Petani', 'Jalan Letkol Slamet Wardoyo 214 Lumajang', 'Lumajang', '5', '3', 'Siti Aminah', '0813999991919', 'marimas, setop, Ultra Flu,', NULL, '2018-04-23 19:53:49', '2020-06-19 01:59:25'),
('000008-1', '11111', 'Akbar', '1995-05-01', 'B', 'Menikah', 'Guru', 'Jalan Bunga', 'Malang', '2', '3', 'Ja', '0898908', '', NULL, '2018-05-03 22:20:46', '2018-05-03 22:20:46'),
('000008', '3175073012820013', 'Mohamad Ali', '1982-12-30', '', 'Menikah', 'Dokter', 'Jl Jalan', 'Malang', '001', '001', '22222', '000123', 'obat seranggga', NULL, '2018-05-05 13:43:58', '2018-05-10 11:13:26'),
('000009', '000123456', 'topan aji', '1983-12-23', '', 'Menikah', 'pegawai', 'jalan 2', 'Pasuruan', '02', '02', 'ddfsds', '111000', '', NULL, '2018-05-10 10:51:25', '2018-05-10 10:51:25'),
('0000010-1', '351811151093003', 'Wijaya Haryo', '2021-06-18', 'B', 'Menikah', 'Tani', 'Jl. Pegangsaan Timur No 58', 'Malang', '08', '12', 'Juari', '08787889099', 'Ultra Flu,', NULL, '2018-05-17 11:34:18', '2021-06-18 09:31:53'),
('000011', '3812160992002', 'Samuel Hutasoid', '1992-12-09', 'B', 'Menikah', 'Pengacara', 'Jl. Timur Tengah No 08', 'Malang', '1', '2', NULL, '089765554312', '', NULL, '2018-05-17 11:38:01', '2018-05-17 11:38:01'),
('000012', '900087654', 'retramax', '2018-01-11', 'O', 'Belum Menikah', 'WIRASWAASTA', 'sawojajar malang', 'malang', '03', '01', NULL, '0812347778', 'amoxicillin,', NULL, '2018-05-18 23:03:17', '2018-05-18 23:09:12'),
('000013', '11111111', 'Jeeee', '2018-05-19', 'B', 'Menikah', 'Guru', 'Kumis Kucing', 'Malang', '2', '3', 'Juari', '089999999999', '', NULL, '2018-05-19 14:17:56', '2018-05-19 14:17:56'),
('000014-1-1', '11112222', 'Irwansyah', '2018-05-19', 'AB', 'Belum Menikah', 'Su', 'h', 'a', '1', '0', 'kk', '0999', '', NULL, '2018-05-19 14:20:01', '2018-05-19 14:20:01'),
('0000010', '351811151093003', 'Wijaya Haryo', '1992-12-12', 'B', 'Menikah', 'Tani', 'Jl. Pegangsaan Timur No 58', 'Malang', '02', '01', NULL, '08787889099', '', NULL, '2018-05-17 11:34:18', '2018-05-17 11:34:18'),
('000016-1', '34345345', 'jafar', '1996-11-12', 'A', 'Menikah', 'Pengusaha', 'jalan jalan', 'jember', '01', '06', NULL, '08123234234', '', NULL, '2019-11-12 20:49:16', '2019-11-12 20:49:16'),
('000017', '3175073012820013', 'Andre Supriatna', '1988-03-15', 'O', 'Belum Menikah', 'Supir', 'Jakarta', 'Jakarta', '06', '011', 'Indra', '08272232323', '', NULL, '2019-12-16 09:01:22', '2019-12-16 09:01:22'),
('000018', '317120309293832', 'aqsy', '2004-04-15', 'O', 'Belum Menikah', 'kaa', 'aa', 'aaa', '123', '123', '123123jj', '123123', '', NULL, '2019-12-18 20:39:21', '2019-12-18 20:39:21'),
('000019', '1799', 'David Setya', '2021-06-22', 'O', 'Belum Menikah', 'programmer', 'jl. kebahagiaan No. 100', 'Bondowoso', '13', '04', 'Caem', '0812123456', '-', NULL, '2019-12-21 12:56:22', '2019-12-21 06:05:06'),
('000020', '20203910203', 'aksa w', '1982-12-11', 'O', 'Menikah', 'Supir', 'jakarta', 'Jakarta', '02', '021', 'andi', '1203919293', 'amoxicillin,', NULL, '2019-12-30 11:17:10', '2020-01-10 04:57:04'),
('000021', '121122112', 'alpian', '1990-05-12', 'O', 'Menikah', 'wira', 'klandasan', 'balikpapan', '08', '00', 'lala', '082152441225', '', NULL, '2020-01-06 14:49:54', '2020-01-06 14:49:54'),
('000022', '1234576899', 'Melisa fajri', '1993-01-10', 'B', 'Belum Menikah', 'Guru', 'Jl lumbu timur bekasi', 'Bekasi', '6', '33', 'Sukarti', '081357038851', '', NULL, '2020-01-10 11:44:21', '2020-01-10 11:44:21'),
('000023', '3604152609770003', 'firman sidik', '2020-01-06', '', 'Menikah', 'pns', 'kp serdang', 'serang', '01', '01', 'saya', '081808881090', '', NULL, '2020-01-10 19:06:01', '2020-01-10 19:06:01'),
('000024', '00001', 'mashfiyah', '2018-08-30', '', 'Belum Menikah', 'pelajar', 'pringgoboyo', 'lamongan', '9', '1', 'muflih', '081216262955', 'asa', NULL, '2020-01-15 05:42:48', '2021-09-13 04:51:17'),
('000025', '111', 'muntalib', '2001-12-12', 'A', 'Belum Menikah', 'pelajar', 'lamongan', 'lamongan', '8', '7', 'toha', '08119199920099', 'tidak ada', NULL, '2020-01-15 05:48:42', '2021-06-18 08:09:21'),
('000026', '3175073012820013', 'MMM', '2021-06-22', 'A', 'Belum Menikah', 'SWASTA', 'WONOCOLO', 'SURABAYA', '13', '04', 'SSS', '000212255', 'TIDAK ADA', NULL, '2020-01-15 16:15:50', '2020-01-16 06:53:44'),
('000027', '0006', 'mahasiswa', '2020-01-01', 'B', 'Belum Menikah', 'SWASTA', 'wonocolo', 'SURABAYA', '2', '1', 'mahasiswi', '002255522335', 'SASAmarimas, Paracetamol,', NULL, '2020-01-21 18:48:08', '2021-09-16 05:50:29'),
('000028', '122334499', 'Achmad Arif Setyoko', '1993-06-19', 'A', 'Menikah', 'Pengusaha', 'kecamatan rungkut', 'Surabaya', '2', '4', 'Sutrisna', '085648800199', 'Paracetamol,', NULL, '2020-06-19 08:20:25', '2020-06-19 01:22:57'),
('000029', '35081001001001001', 'Jafar Abdi', '1997-06-18', 'B', 'Belum Menikah', 'Pengusaha', 'kecamatan sumbersari', 'jember', '1', '6', 'Sutrisna', '085648800199', 'amoxicillin,', NULL, '2020-06-19 08:32:43', '2020-06-19 01:34:27'),
('000030', '3508100104940001', 'Jafar Abdillah', '1996-06-20', 'AB', 'Belum Menikah', 'Pengusaha', 'kecamatan rungkut', 'Surabaya', '1', '6', 'Sutrisna', '085648800199', 'Ultra Flu,', NULL, '2020-06-19 08:53:26', '2021-06-18 07:59:33'),
('000031', '3518111510930002', 'Achmad Arif Setyoko', '1993-06-24', 'A', 'Menikah', 'Pengusaha', 'rungkut surabaya', 'Surabaya', '1', '4', 'Sutrisna', '085648800199', 'Paracetamol, betametason', NULL, '2020-06-30 08:13:58', '2020-06-30 02:00:58'),
('000032', '1440013313389023', 'Maynar Elvandari', '1992-12-12', 'A', 'Menikah', 'Ibu Rumah Tangga', 'Jalan penjaringan sari II F no 46\r\nJalan penjaringan sari VI no 23', 'Surabaya', '02', '002', 'Mulyono', '082264619988', '', NULL, '2021-06-18 14:50:47', '2021-06-18 14:50:47'),
('000033', '35181115109300021', 'Elvandari', '2021-06-18', 'B', 'Menikah', 'PNS', 'Jalan Sana Sini', 'Malang', '009', '002', 'Nadia', '082264619988', 'asas', NULL, '2021-06-18 16:18:21', '2021-09-15 07:20:12'),
('000034', '7641', 'Ali Wajhah', '2021-06-23', 'B', 'Menikah', 'SWASTA', 'jl ngesong dukuh kupang II / no 51', 'SURABAYA', '13', '04', 'SSS', '081216111136', 'riawayat', NULL, '2021-06-23 09:33:07', '2021-06-23 04:39:58'),
('000035', '123321', 'pasien test', '1981-09-11', 'AB', 'Menikah', 'Non expedita sed por', 'Quo architecto dolor', 'Sunt cupiditate qui', 'Rerum voluptate aut', 'Laboriosam esse qui', 'Quis qui voluptatem', 'Ea anim anim rerum p', 'asas', NULL, '2021-09-21 07:01:54', '2021-09-21 02:15:53');

-- --------------------------------------------------------

--
-- Table structure for table `tbl_pegawai`
--

CREATE TABLE `tbl_pegawai` (
  `id_pegawai` int(11) NOT NULL,
  `nama_pegawai` varchar(100) NOT NULL,
  `email` varchar(50) NOT NULL,
  `no_hp` varchar(20) NOT NULL,
  `alamat_tinggal` varchar(200) NOT NULL,
  `id_jabatan` int(11) NOT NULL,
  `tanggal_mulai_tugas` date NOT NULL,
  `id_shift` int(11) DEFAULT NULL,
  `id_klinik` int(11) NOT NULL,
  `dtm_crt` datetime NOT NULL DEFAULT current_timestamp(),
  `dtm_upd` datetime NOT NULL DEFAULT current_timestamp()
) ENGINE=InnoDB DEFAULT CHARSET=latin1;

--
-- Dumping data for table `tbl_pegawai`
--

INSERT INTO `tbl_pegawai` (`id_pegawai`, `nama_pegawai`, `email`, `no_hp`, `alamat_tinggal`, `id_jabatan`, `tanggal_mulai_tugas`, `id_shift`, `id_klinik`, `dtm_crt`, `dtm_upd`) VALUES
(1, 'jafar', 'mjafar747@gmail.com', '0812392489', 'jember', 4, '2019-11-14', 0, 1, '2019-11-14 08:37:06', '2019-11-14 14:51:16'),
(2, 'Martono', 'Martono@gmail.com', '-', '-', 4, '2019-11-20', 0, 1, '2019-11-20 15:25:51', '2019-11-20 09:31:39'),
(3, 'Ahmad', 'ahmad@gmail.com', '-', '-', 4, '2019-11-20', 0, 1, '2019-11-20 15:25:51', '2019-11-20 15:25:51'),
(4, 'Admin', 'Admin@gmail.com', '-', '-', 4, '2019-11-20', 0, 1, '2019-11-20 15:25:51', '2019-11-20 09:34:49'),
(5, 'Irsam', 'Irsam@gmail.com', '-', '-', 4, '2019-11-20', 0, 1, '2019-11-20 15:25:51', '2019-11-20 09:33:58'),
(6, 'Pardi', 'Pardi@gmail.com', '-', '-', 4, '2019-11-20', 0, 1, '2019-11-20 15:25:51', '2019-11-20 09:33:04'),
(7, 'Tewi', 'Tewi@gmail.com', '-', '-', 4, '2019-11-20', 0, 1, '2019-11-20 15:25:51', '2019-11-20 09:31:54'),
(10, 'Tiara', 'Tiara@gmail.com', '-', '-', 4, '2019-11-20', 0, 1, '2019-11-20 15:25:51', '2019-11-20 09:34:12'),
(11, 'Nurmalasari', 'Nurmalasari@gmail.com', '-', '-', 4, '2019-11-20', 0, 1, '2019-11-20 15:25:51', '2019-11-20 09:33:18'),
(12, 'Farkhanah', 'Farkhanah@gmail.com', '-', '-', 4, '2019-11-20', 0, 1, '2019-11-20 15:25:51', '2019-11-20 09:32:07'),
(15, 'Dian', 'Dian@gmail.com', '-', '-', 4, '2019-11-20', 0, 1, '2019-11-20 15:25:51', '2019-11-20 09:34:30'),
(16, 'Anna', 'Anna@gmail.com', '-', '-', 4, '2019-11-20', 0, 1, '2019-11-20 15:25:51', '2019-11-20 09:33:44'),
(17, 'Nuriya', 'Nuriya@gmail.com', '-', '-', 4, '2019-11-20', 0, 1, '2019-11-20 15:25:51', '2019-11-20 09:32:48'),
(18, 'Aliyah', 'Aliyah@gmail.com', '-', '-', 4, '2019-11-20', 0, 1, '2019-11-20 15:25:51', '2019-11-20 09:30:15'),
(19, 'Andri', 'Andri@gmail.com', '-', '-', 4, '2019-11-20', 0, 1, '2019-11-20 15:25:51', '2019-11-20 09:31:25'),
(20, 'Firman', 'Firman@gmail.com', '-', '-', 4, '2019-11-20', 0, 1, '2019-11-20 15:25:51', '2019-11-20 09:31:13'),
(21, 'Yani', 'Yani@gmail.com', '-', '-', 4, '2019-11-20', 0, 1, '2019-11-20 15:25:51', '2019-11-20 09:30:59'),
(22, 'Wiji', 'Wiji@gmail.com', '-', '-', 4, '2019-11-20', 0, 1, '2019-11-20 15:25:51', '2019-11-20 09:30:45'),
(23, 'Mulyana', 'Mulyana@gmail.com', '-', '-', 4, '2019-11-20', 0, 1, '2019-11-20 15:25:51', '2019-11-20 09:30:32'),
(24, 'Sutiasih', 'Sutiasih@gmail.com', '-', '-', 4, '2019-11-20', 0, 1, '2019-11-20 15:25:51', '2019-11-20 09:29:58'),
(25, 'Sri', 'Sri@gmail.com', '-', '-', 4, '2019-11-20', 0, 1, '2019-11-20 15:25:51', '2019-11-20 09:29:46'),
(26, 'Aminah', 'Aminah@gmail.com', '-', '-', 4, '2019-11-20', 0, 1, '2019-11-20 15:25:51', '2019-11-20 09:29:32'),
(27, 'Kusprantinah', 'Kusprantinah@gmail.com', '-', '-', 4, '2019-11-20', 1, 1, '2019-11-20 15:25:51', '2019-11-26 07:29:51'),
(28, 'Rahma', 'Rahma@gmail.com', '-', '-', 3, '2019-11-20', 2, 1, '2019-11-20 15:25:51', '2019-11-26 07:28:00');

-- --------------------------------------------------------

--
-- Table structure for table `tbl_pendaftaran`
--

CREATE TABLE `tbl_pendaftaran` (
  `no_pendaftaran` varchar(20) NOT NULL,
  `no_rekam_medis` varchar(10) NOT NULL,
  `id_klinik` int(11) NOT NULL,
  `id_dokter` int(11) NOT NULL,
  `is_periksa` int(1) NOT NULL COMMENT '0:"Dalam Antrian" , 1:"Selesai", 2:"Dibatalkan", 3:"Ditunda"',
  `dtm_crt` datetime NOT NULL DEFAULT current_timestamp(),
  `dtm_upd` datetime NOT NULL DEFAULT current_timestamp()
) ENGINE=MyISAM DEFAULT CHARSET=latin1;

--
-- Dumping data for table `tbl_pendaftaran`
--

INSERT INTO `tbl_pendaftaran` (`no_pendaftaran`, `no_rekam_medis`, `id_klinik`, `id_dokter`, `is_periksa`, `dtm_crt`, `dtm_upd`) VALUES
('000038-1', '000003-1', 1, 1, 1, '2019-05-13 12:17:33', '2019-11-12 10:53:16'),
('000040-1', '000003-1-1', 1, 1, 1, '2019-11-12 17:25:07', '2019-12-06 04:35:11'),
('000043-1', '000002-1', 1, 1, 1, '2019-11-12 20:43:27', '2019-11-12 20:43:27'),
('000046-1', '000002-1-1', 1, 1, 1, '2019-11-12 20:45:33', '2019-12-01 15:32:39'),
('000047-1', '000007-1', 1, 1, 1, '2019-11-12 20:46:55', '2019-12-06 14:29:51'),
('000048-1', '000016-1', 1, 1, 2, '2019-11-12 20:49:16', '2019-12-13 02:23:33'),
('000049', '000001-1', 1, 1, 1, '2019-12-06 20:39:10', '2019-12-06 16:02:12'),
('000050', '000017', 1, 3, 2, '2019-12-16 09:01:22', '2019-12-16 02:02:17'),
('000051', '000018', 1, 3, 2, '2019-12-18 20:39:21', '2021-06-18 05:28:45'),
('000052', '000019', 2, 3, 0, '2019-12-21 12:56:22', '2019-12-21 12:56:22'),
('000053', '000019', 2, 1, 1, '2019-12-21 12:58:11', '2019-12-21 06:05:06'),
('000054', '000001', 2, 1, 1, '2019-12-21 13:06:11', '2019-12-21 06:08:22'),
('000055', '000001-1', 2, 1, 1, '2019-12-21 13:06:44', '2020-01-15 09:30:05'),
('000056', '000001-1', 0, 1, 1, '2019-12-23 09:57:46', '2020-01-21 11:59:39'),
('000057', '000020', 1, 1, 1, '2019-12-30 11:17:10', '2020-01-10 04:57:04'),
('000058', '000021', 1, 3, 0, '2020-01-06 14:49:54', '2020-01-06 14:49:54'),
('000059', '000022', 1, 3, 0, '2020-01-10 11:44:21', '2020-01-10 11:44:21'),
('000060', '000023', 1, 3, 0, '2020-01-10 19:06:01', '2020-01-10 19:06:01'),
('000061', '000024', 1, 3, 1, '2020-01-15 05:42:48', '2021-09-13 04:51:17'),
('000062', '000025', 1, 1, 1, '2020-01-15 05:48:42', '2020-01-14 22:56:02'),
('000063', '000026', 1, 1, 1, '2020-01-15 16:15:50', '2020-01-16 06:53:44'),
('000064', '000001', 1, 1, 1, '2020-01-15 16:28:02', '2020-06-19 01:30:02'),
('000065', '000025', 1, 1, 1, '2020-01-15 17:23:43', '2021-06-18 08:09:21'),
('000066', '000026', 1, 1, 0, '2020-01-16 13:48:00', '2020-01-16 13:48:00'),
('000067', '000027', 1, 1, 1, '2020-01-21 18:48:08', '2020-01-21 11:55:51'),
('000068', '000027', 1, 1, 1, '2020-01-21 18:51:12', '2021-09-16 05:50:29'),
('000069', '000003-1-1', 1, 1, 1, '2020-06-17 14:32:28', '2021-06-22 03:04:08'),
('000070', '000028', 1, 1, 1, '2020-06-19 08:20:25', '2020-06-19 01:22:57'),
('000071', '000029', 1, 1, 1, '2020-06-19 08:32:43', '2020-06-19 01:34:27'),
('000072', '000030', 1, 1, 1, '2020-06-19 08:53:26', '2021-06-18 07:59:33'),
('000073', '000007-1', 1, 1, 1, '2020-06-19 08:57:06', '2020-06-19 01:59:25'),
('000074', '000031', 1, 1, 1, '2020-06-30 08:13:58', '2020-06-30 02:00:58'),
('000075', '000001', 1, 1, 1, '2020-10-27 14:13:22', '2020-10-27 07:21:38'),
('000076', '0000010-1', 1, 1, 1, '2021-06-18 12:28:15', '2021-06-18 09:31:53'),
('000077', '000032', 1, 1, 0, '2021-06-18 14:50:47', '2021-06-18 09:20:05'),
('000078', '000033', 1, 1, 1, '2021-06-18 16:18:21', '2021-09-15 07:20:12'),
('000079', '000003-1-1', 1, 3, 0, '2021-06-22 09:58:52', '2021-06-22 09:58:52'),
('000080', '000026', 1, 1, 2, '2021-06-22 14:48:19', '2021-06-22 09:48:54'),
('000081', '000019', 1, 1, 0, '2021-06-22 14:50:29', '2021-06-22 09:50:36'),
('000082', '000034', 1, 1, 1, '2021-06-23 09:33:07', '2021-06-23 04:39:58'),
('000083', '000001', 1, 3, 0, '2021-09-13 09:51:44', '2021-09-13 09:51:44'),
('000084', '000035', 1, 1, 1, '2021-09-21 07:01:54', '2021-09-21 02:15:53');

-- --------------------------------------------------------

--
-- Table structure for table `tbl_periksa`
--

CREATE TABLE `tbl_periksa` (
  `no_periksa` varchar(30) NOT NULL,
  `no_pendaftaran` varchar(30) NOT NULL,
  `no_rekam_medis` varchar(30) NOT NULL,
  `anamnesi` text NOT NULL COMMENT 'Gunakan separator ;',
  `diagnosa` text NOT NULL COMMENT 'Gunakan separator ;',
  `tindakan` text NOT NULL COMMENT 'Gunakan separator ;',
  `is_surat_ket_sakit` int(1) NOT NULL,
  `nomor_skt` varchar(14) NOT NULL,
  `tujuan_surat` varchar(60) DEFAULT NULL,
  `tanggal_mulai` date DEFAULT NULL,
  `lama_istirahat_surat` int(2) DEFAULT NULL,
  `id_dokter` int(11) NOT NULL,
  `note_dokter` varchar(200) DEFAULT NULL,
  `is_ambil_obat` int(1) NOT NULL,
  `obat_detail` text DEFAULT NULL,
  `dtm_crt` datetime NOT NULL DEFAULT current_timestamp(),
  `dtm_upd` datetime NOT NULL DEFAULT current_timestamp()
) ENGINE=MyISAM DEFAULT CHARSET=latin1;

--
-- Dumping data for table `tbl_periksa`
--

INSERT INTO `tbl_periksa` (`no_periksa`, `no_pendaftaran`, `no_rekam_medis`, `anamnesi`, `diagnosa`, `tindakan`, `is_surat_ket_sakit`, `nomor_skt`, `tujuan_surat`, `tanggal_mulai`, `lama_istirahat_surat`, `id_dokter`, `note_dokter`, `is_ambil_obat`, `obat_detail`, `dtm_crt`, `dtm_upd`) VALUES
('000040-1/20191206/000003-1-1', '000040-1', '000003-1-1', 'Batuk, Pusing, Mual, panas', 'baik saja', '-', 1, '', 'pt hahaha', '2019-12-06', 3, 1, NULL, 1, 'OBH IKA, SANMOL F 650MG TAB 4S STRIP 25S', '2019-12-06 10:35:11', '2019-12-16 02:03:20'),
('000020/20180426/000001-1', '000020', '000001-1', 'Pusing', 'sakit kepala', 'Suntik biasa', 0, '', '', NULL, 0, 1, NULL, 1, 'BETADIN', '2018-04-26 11:59:21', '2018-04-26 11:59:47'),
('000046-1/20191201/000002-1-1', '000046-1', '000002-1-1', 'Demam 2 Hari', 'sa', 'Suntik biasa', 0, '', '', NULL, 0, 1, NULL, 0, 'BETADIN', '2019-12-01 21:32:39', '2019-12-01 21:32:39'),
('000022/20180426/000003', '000022', '000003', 'Pusing, Batuk 3 Kali', 'Demam Berdarah, Mutaber', 'Suntik biasa', 1, '', 'HRD CV. Ken Madakarya', '2018-04-26', 3, 1, NULL, 1, 'Bodrex, Amoxilin, Inzana', '2018-04-26 21:33:08', '2018-05-10 11:30:02'),
('000024/20180505/000007', '000024', '000007', 'batuk pilek panas 3 hari', 'ISPA', 'Cek Gula Darah, asam urat', 1, '', '', '2018-05-05', 2, 3, NULL, 1, 'Amoxilin, obat batuk, Bodrex, Ultraflu', '2018-05-05 14:17:26', '2018-05-10 11:30:21'),
('000025/20180505/000008', '000025', '000008', 'asdasd', 'Hipertensi', 'Suntik Rabies', 0, '', '', NULL, 0, 3, NULL, 1, 'Amoxilin, Inzana, Bodrex', '2018-05-05 14:22:40', '2018-05-10 11:30:34'),
('000026/20180510/000008', '000026', '000008', 'mencret', 'Gastro Enteritis', 'Cek Gula Darah', 0, '', '', NULL, 0, 3, NULL, 1, 'BETADIN, obat batuk', '2018-05-10 11:13:26', '2018-05-10 11:30:44'),
('000023/20180510/000002', '000023', '000002', 'Batuk 3 Kali', 'Sakit Pusing', 'diberi obat', 0, '', '', NULL, 0, 1, NULL, 1, 'obat batuk', '2018-05-10 18:14:19', '2018-05-10 19:20:50'),
('000031/20180518/000003', '000031', '000003', 'Demam 2 Hari, batuk pilek panas 3 hari', 'Tyfus', 'Suntik biasa, Pemberian Obat', 1, '', 'PT. Sukses Mekar Abadi', '2018-05-18', 3, 1, NULL, 1, 'obat batuk, Amoxilin, Inzana', '2018-05-18 08:34:59', '2018-05-18 11:19:51'),
('000032/20180518/000012', '000032', '000012', 'panas, Pusing, sakit gigi', 'Sakit demam berdarah', 'Suntik biasa', 1, '', 'PT.NESTLE', '2018-05-18', 3, 3, NULL, 1, 'Amoxilin, Bodrex', '2018-05-18 23:09:12', '2018-05-19 11:03:20'),
('000038-1/20191112/000003-1-1', '000038-1', '000003-1', 'Batuk 3 Kali, Demam 2 Hari', 'Tyfus', 'diberi obat, suntik difteri', 1, '', 'pt haha', '2019-11-12', 4, 1, NULL, 1, 'BETADIN, BETADIN', '2019-11-12 16:53:16', '2019-11-12 11:23:22'),
('000047-1/20191206/000007-1', '000047-1', '000007-1', 'Batuk 3 Kali', 'sakit kepala', 'sasa', 0, '', '', NULL, 0, 1, NULL, 1, 'OBH IKA', '2019-12-06 20:29:51', '2019-12-16 02:03:29'),
('000049/20191206/000001-1', '000049', '000001-1', 'Batuk 3 Kali', 'sakit kepala', 'sasa', 0, '', '', NULL, 0, 1, NULL, 1, 'OBH IKA', '2019-12-06 22:02:12', '2019-12-11 02:01:39'),
('000053/20191221/000019', '000053', '000019', '-', '-', '-', 0, '', '', NULL, 0, 1, NULL, 0, 'OBH IKA, SANMOL F 650MG TAB 4S STRIP 25S', '2019-12-21 13:05:06', '2019-12-21 13:05:06'),
('000054/20191221/000001', '000054', '000001', '-', 'batuk pilek', 'periksa', 0, '', '', NULL, 0, 1, NULL, 0, 'OBH IKA, SANMOL F 650MG TAB 4S STRIP 25S', '2019-12-21 13:08:22', '2019-12-21 13:08:22'),
('000057/20200110/000020', '000057', '000020', 'Demam 2 Hari', 'febris', 'injeksi', 1, '', 'Kepala HRD', '2020-01-10', 1, 1, NULL, 1, 'SANMOL F 650MG TAB 4S STRIP 25S', '2020-01-10 11:57:04', '2020-01-10 05:02:27'),
('000062/20200114/000025', '000062', '000025', 'sakit kepala, mual, muntah', 'DM', 'Pemberian Obat', 1, '', 'pt. indofud', '2020-01-14', 3, 1, NULL, 1, 'SANMOL F 650MG TAB 4S STRIP 25S, OBH IKA', '2020-01-15 05:56:02', '2020-01-14 23:04:31'),
('000055/20200115/000001-1', '000055', '000001-1', 'SAKIT PERUT', 'Gastro Enteritis', 'suntik difteri', 1, '', 'SSSSS', '2020-01-15', 3, 1, NULL, 0, 'OBH IKA, OBH IKA', '2020-01-15 16:30:05', '2020-01-15 16:30:05'),
('000063/20200116/000026', '000063', '000026', 'MUAL MUNTAH', 'GEA', 'INJEKSI RANITIDIN', 1, '', 'PT. SANBE', '2020-01-16', 3, 1, NULL, 1, 'SANMOL F 650MG TAB 4S STRIP 25S', '2020-01-16 13:53:44', '2020-01-16 06:55:03'),
('000067/20200121/000027', '000067', '000027', 'sssssss', 'sssss', 'daffds', 1, '', 'SSSSS', '2020-01-21', 2, 1, NULL, 1, 'OBH IKA', '2020-01-21 18:55:51', '2021-09-13 05:57:27'),
('000056/20200121/000001-1', '000056', '000001-1', 'dqwd', 'dsffgsd', 'dfdaf', 1, '', 'SSSSS', '2020-01-21', 4, 1, NULL, 0, 'OBH IKA', '2020-01-21 18:59:39', '2020-01-21 18:59:39'),
('000070/20200619/000028', '000070', '000028', 'Batuk 3 Kali, Demam 2 Hari', 'Demam Berdarah', 'Suntik biasa, Pemberian Obat', 1, '', 'PT Panca prima', '2020-06-19', 3, 1, NULL, 1, 'OBH IKA', '2020-06-19 08:22:57', '2021-09-27 03:16:56'),
('000064/20200619/000001', '000064', '000001', 'Demam 2 Hari', 'sakit kepala', 'Cek Gula Darah', 0, '', '', NULL, 0, 1, NULL, 0, 'OBH IKA', '2020-06-19 08:30:02', '2020-06-19 08:30:02'),
('000071/20200619/000029', '000071', '000029', 'Batuk 3 Kali, Demam 2 Hari', 'sakit kepala, Sakit Pusing', 'Suntik biasa, Pemberian Obat', 1, '', 'PT Panca prima', '2020-06-19', 3, 1, NULL, 1, 'SANMOL F 650MG TAB 4S STRIP 25S', '2020-06-19 08:34:27', '2020-06-19 01:35:07'),
('000073/20200619/000007-1', '000073', '000007-1', 'Batuk 3 Kali, Demam 2 Hari', 'sakit kepala, Sakit Pusing, batuk pilek', 'Suntik biasa, Pemberian Obat', 1, '', 'Koperasi Unit Sejahtera', '2020-06-19', 3, 1, NULL, 1, 'SANMOL F 650MG TAB 4S STRIP 25S', '2020-06-19 08:59:25', '2020-06-19 02:00:30'),
('000074/20200630/000031', '000074', '000031', 'sakit kepala, Pusing', 'Tyfus', 'injeksi', 1, '', 'Koperasi Unit Sejahtera', '2020-06-30', 3, 1, NULL, 1, 'OBH IKA', '2020-06-30 09:00:58', '2020-06-30 02:03:25'),
('000075/20201027/000001', '000075', '000001', 'tes', 'tes', 'Suntik Rabies', 0, '', '', NULL, 0, 1, NULL, 1, 'SANMOL F 650MG TAB 4S STRIP 25S', '2020-10-27 14:21:38', '2020-10-27 07:55:05'),
('000072/20210618/000030', '000072', '000030', 'Batuk 3 Kali, batuk pilek panas 3 hari', 'DBD, Tyfus', 'injeksi', 0, '', '', NULL, 0, 1, NULL, 1, 'OBH IKA', '2021-06-18 14:59:33', '2021-06-18 08:01:39'),
('000065/20210618/000025', '000065', '000025', 'Demam 2 Hari', 'Tyfus', 'Pemberian Obat', 0, '', '', NULL, 0, 1, NULL, 0, 'SANMOL F 650MG TAB 4S STRIP 25S', '2021-06-18 15:09:21', '2021-06-18 15:09:21'),
('000076/20210618/0000010-1', '000076', '0000010-1', 'pilek dengan dahak, Demam 2 Hari', 'DBD', 'Suntik biasa', 0, '', '', NULL, 0, 1, NULL, 1, 'SANMOL F 650MG TAB 4S STRIP 25S', '2021-06-18 16:31:53', '2021-06-22 03:07:17'),
('000069/20210622/000003-1-1', '000069', '000003-1-1', 'pusing 7 keliling', 'Sakit Pusing', 'Suntik biasa', 0, '', '', NULL, 0, 1, NULL, 1, 'OBH IKA, SANMOL F 650MG TAB 4S STRIP 25S', '2021-06-22 10:04:08', '2021-06-22 03:06:52'),
('000082/20210623/000034', '000082', '000034', 'anamesti', 'tidak kenapa kenapa', 'diberi obat', 0, '', '', NULL, 0, 1, NULL, 1, 'SANMOL F 650MG TAB 4S STRIP 25S', '2021-06-23 09:39:58', '2021-06-23 04:43:17'),
('000061/20210913/000024', '000061', '000024', 'a', 'asa', 'sa', 1, '', 'ada', '2021-09-13', 3, 3, NULL, 0, 'OBH IKA', '2021-09-13 09:51:17', '2021-09-13 09:51:17'),
('000078/20210915/000033', '000078', '000033', 'asa', 'assa', 'asas', 1, '', 'ada', '2021-09-15', 2, 1, NULL, 1, 'OBH IKA', '2021-09-15 12:20:12', '2021-09-27 03:08:13'),
('000068/20210916/000027', '000068', '000027', 'asa', 'ASA', 'ASAS', 1, '', 'DAVID', '2021-09-16', 2, 1, NULL, 1, 'SANMOL F 650MG TAB 4S STRIP 25S', '2021-09-16 10:50:29', '2021-09-22 01:04:04'),
('000084/20210921/000035', '000084', '000035', 'sas', 'sasas', 'asas', 1, 'SKT/21/09/1', 'pasien test', '2021-09-21', 2, 1, NULL, 1, 'SANMOL F 650MG TAB 4S STRIP 25S', '2021-09-21 07:15:53', '2021-09-21 02:18:29');

-- --------------------------------------------------------

--
-- Table structure for table `tbl_periksa_diagnosa`
--

CREATE TABLE `tbl_periksa_diagnosa` (
  `id_periksa_diagnosa` int(5) NOT NULL,
  `no_periksa` varchar(30) NOT NULL,
  `id_diagnosa` int(4) NOT NULL
) ENGINE=InnoDB DEFAULT CHARSET=utf8mb4;

--
-- Dumping data for table `tbl_periksa_diagnosa`
--

INSERT INTO `tbl_periksa_diagnosa` (`id_periksa_diagnosa`, `no_periksa`, `id_diagnosa`) VALUES
(1, '000078/20210915/000033', 4),
(2, '000078/20210915/000033', 5),
(3, '000068/20210916/000027', 2),
(4, '000068/20210916/000027', 5),
(5, '000068/20210916/000027', 954),
(6, '000084/20210921/000035', 3),
(7, '000084/20210921/000035', 4);

-- --------------------------------------------------------

--
-- Table structure for table `tbl_periksa_d_alkes`
--

CREATE TABLE `tbl_periksa_d_alkes` (
  `id_periksa_d_alkes` int(11) NOT NULL,
  `no_periksa` varchar(30) NOT NULL,
  `kode_barang` varchar(6) NOT NULL,
  `jumlah` int(11) NOT NULL,
  `dtm_crt` datetime NOT NULL DEFAULT current_timestamp(),
  `dtm_upd` datetime NOT NULL DEFAULT current_timestamp()
) ENGINE=MyISAM DEFAULT CHARSET=latin1;

-- --------------------------------------------------------

--
-- Table structure for table `tbl_periksa_d_fisik`
--

CREATE TABLE `tbl_periksa_d_fisik` (
  `id_periksa_d_fisik` int(11) NOT NULL,
  `no_periksa` varchar(30) NOT NULL,
  `nama_periksa_fisik` varchar(60) NOT NULL,
  `nilai_periksa_fisik` varchar(10) NOT NULL,
  `dtm_crt` datetime NOT NULL DEFAULT current_timestamp(),
  `dtm_upd` datetime NOT NULL DEFAULT current_timestamp()
) ENGINE=MyISAM DEFAULT CHARSET=latin1;

--
-- Dumping data for table `tbl_periksa_d_fisik`
--

INSERT INTO `tbl_periksa_d_fisik` (`id_periksa_d_fisik`, `no_periksa`, `nama_periksa_fisik`, `nilai_periksa_fisik`, `dtm_crt`, `dtm_upd`) VALUES
(1, '000040-1/20191206/000003-1-1', 'Berat Badan', '60', '2019-12-06 10:35:11', '2019-12-06 10:35:11'),
(2, '000040-1/20191206/000003-1-1', 'Tinggi Badan', '157', '2019-12-06 10:35:11', '2019-12-06 10:35:11'),
(3, '000040-1/20191206/000003-1-1', 'Tekanan Darah', '110', '2019-12-06 10:35:11', '2019-12-06 10:35:11'),
(4, '000040-1/20191206/000003-1-1', 'Suhu Tubuh', '32', '2019-12-06 10:35:11', '2019-12-06 10:35:11'),
(5, '000047-1/20191206/000007-1', 'Berat Badan', '', '2019-12-06 20:29:51', '2019-12-06 20:29:51'),
(6, '000047-1/20191206/000007-1', 'Tinggi Badan', '', '2019-12-06 20:29:51', '2019-12-06 20:29:51'),
(7, '000047-1/20191206/000007-1', 'Tekanan Darah', '', '2019-12-06 20:29:51', '2019-12-06 20:29:51'),
(8, '000047-1/20191206/000007-1', 'Suhu Tubuh', '', '2019-12-06 20:29:51', '2019-12-06 20:29:51'),
(9, '000049/20191206/000001-1', 'Berat Badan', '', '2019-12-06 22:02:12', '2019-12-06 22:02:12'),
(10, '000049/20191206/000001-1', 'Tinggi Badan', '', '2019-12-06 22:02:12', '2019-12-06 22:02:12'),
(11, '000049/20191206/000001-1', 'Tekanan Darah', '', '2019-12-06 22:02:12', '2019-12-06 22:02:12'),
(12, '000049/20191206/000001-1', 'Suhu Tubuh', '', '2019-12-06 22:02:12', '2019-12-06 22:02:12'),
(13, '000053/20191221/000019', 'Berat Badan', '170', '2019-12-21 13:05:06', '2019-12-21 13:05:06'),
(14, '000053/20191221/000019', 'Tinggi Badan', '170', '2019-12-21 13:05:06', '2019-12-21 13:05:06'),
(15, '000053/20191221/000019', 'Tekanan Darah', '20', '2019-12-21 13:05:06', '2019-12-21 13:05:06'),
(16, '000053/20191221/000019', 'Suhu Tubuh', '20', '2019-12-21 13:05:06', '2019-12-21 13:05:06'),
(17, '000054/20191221/000001', 'Berat Badan', '50', '2019-12-21 13:08:22', '2019-12-21 13:08:22'),
(18, '000054/20191221/000001', 'Tinggi Badan', '174', '2019-12-21 13:08:22', '2019-12-21 13:08:22'),
(19, '000054/20191221/000001', 'Tekanan Darah', '110', '2019-12-21 13:08:22', '2019-12-21 13:08:22'),
(20, '000054/20191221/000001', 'Suhu Tubuh', '28', '2019-12-21 13:08:22', '2019-12-21 13:08:22'),
(21, '000057/20200110/000020', 'Berat Badan', '56', '2020-01-10 11:57:04', '2020-01-10 11:57:04'),
(22, '000057/20200110/000020', 'Tinggi Badan', '160', '2020-01-10 11:57:04', '2020-01-10 11:57:04'),
(23, '000057/20200110/000020', 'Tekanan Darah', '120/80', '2020-01-10 11:57:04', '2020-01-10 11:57:04'),
(24, '000057/20200110/000020', 'Suhu Tubuh', '38', '2020-01-10 11:57:04', '2020-01-10 11:57:04'),
(25, '000062/20200114/000025', 'Berat Badan', '59', '2020-01-15 05:56:02', '2020-01-15 05:56:02'),
(26, '000062/20200114/000025', 'Tinggi Badan', '150', '2020-01-15 05:56:02', '2020-01-15 05:56:02'),
(27, '000062/20200114/000025', 'Tekanan Darah', '120/80', '2020-01-15 05:56:02', '2020-01-15 05:56:02'),
(28, '000062/20200114/000025', 'Suhu Tubuh', '36', '2020-01-15 05:56:02', '2020-01-15 05:56:02'),
(29, '000055/20200115/000001-1', 'Berat Badan', '500', '2020-01-15 16:30:05', '2020-01-15 16:30:05'),
(30, '000055/20200115/000001-1', 'Tinggi Badan', '210', '2020-01-15 16:30:05', '2020-01-15 16:30:05'),
(31, '000055/20200115/000001-1', 'Tekanan Darah', '110/80', '2020-01-15 16:30:05', '2020-01-15 16:30:05'),
(32, '000055/20200115/000001-1', 'Suhu Tubuh', '36', '2020-01-15 16:30:05', '2020-01-15 16:30:05'),
(33, '000063/20200116/000026', 'Berat Badan', '70', '2020-01-16 13:53:44', '2020-01-16 13:53:44'),
(34, '000063/20200116/000026', 'Tinggi Badan', '180', '2020-01-16 13:53:44', '2020-01-16 13:53:44'),
(35, '000063/20200116/000026', 'Tekanan Darah', '110/70', '2020-01-16 13:53:44', '2020-01-16 13:53:44'),
(36, '000063/20200116/000026', 'Suhu Tubuh', '36', '2020-01-16 13:53:44', '2020-01-16 13:53:44'),
(37, '000067/20200121/000027', 'Berat Badan', '500', '2020-01-21 18:55:51', '2020-01-21 18:55:51'),
(38, '000067/20200121/000027', 'Tinggi Badan', '210', '2020-01-21 18:55:51', '2020-01-21 18:55:51'),
(39, '000067/20200121/000027', 'Tekanan Darah', '110/80', '2020-01-21 18:55:51', '2020-01-21 18:55:51'),
(40, '000067/20200121/000027', 'Suhu Tubuh', '34', '2020-01-21 18:55:51', '2020-01-21 18:55:51'),
(41, '000056/20200121/000001-1', 'Berat Badan', '500', '2020-01-21 18:59:39', '2020-01-21 18:59:39'),
(42, '000056/20200121/000001-1', 'Tinggi Badan', '210', '2020-01-21 18:59:39', '2020-01-21 18:59:39'),
(43, '000056/20200121/000001-1', 'Tekanan Darah', '110/80', '2020-01-21 18:59:39', '2020-01-21 18:59:39'),
(44, '000056/20200121/000001-1', 'Suhu Tubuh', '22', '2020-01-21 18:59:39', '2020-01-21 18:59:39'),
(45, '000070/20200619/000028', 'Berat Badan', '70', '2020-06-19 08:22:57', '2020-06-19 08:22:57'),
(46, '000070/20200619/000028', 'Tinggi Badan', '170', '2020-06-19 08:22:57', '2020-06-19 08:22:57'),
(47, '000070/20200619/000028', 'Tekanan Darah', '120', '2020-06-19 08:22:57', '2020-06-19 08:22:57'),
(48, '000070/20200619/000028', 'Suhu Tubuh', '36', '2020-06-19 08:22:57', '2020-06-19 08:22:57'),
(49, '000064/20200619/000001', 'Berat Badan', '70', '2020-06-19 08:30:02', '2020-06-19 08:30:02'),
(50, '000064/20200619/000001', 'Tinggi Badan', '', '2020-06-19 08:30:02', '2020-06-19 08:30:02'),
(51, '000064/20200619/000001', 'Tekanan Darah', '120', '2020-06-19 08:30:02', '2020-06-19 08:30:02'),
(52, '000064/20200619/000001', 'Suhu Tubuh', '', '2020-06-19 08:30:02', '2020-06-19 08:30:02'),
(53, '000071/20200619/000029', 'Berat Badan', '70', '2020-06-19 08:34:27', '2020-06-19 08:34:27'),
(54, '000071/20200619/000029', 'Tinggi Badan', '170', '2020-06-19 08:34:27', '2020-06-19 08:34:27'),
(55, '000071/20200619/000029', 'Tekanan Darah', '120', '2020-06-19 08:34:27', '2020-06-19 08:34:27'),
(56, '000071/20200619/000029', 'Suhu Tubuh', '36', '2020-06-19 08:34:27', '2020-06-19 08:34:27'),
(57, '000073/20200619/000007-1', 'Berat Badan', '70', '2020-06-19 08:59:25', '2020-06-19 08:59:25'),
(58, '000073/20200619/000007-1', 'Tinggi Badan', '170', '2020-06-19 08:59:25', '2020-06-19 08:59:25'),
(59, '000073/20200619/000007-1', 'Tekanan Darah', '120', '2020-06-19 08:59:25', '2020-06-19 08:59:25'),
(60, '000073/20200619/000007-1', 'Suhu Tubuh', '36', '2020-06-19 08:59:25', '2020-06-19 08:59:25'),
(61, '000074/20200630/000031', 'Berat Badan', '80', '2020-06-30 09:00:58', '2020-06-30 09:00:58'),
(62, '000074/20200630/000031', 'Tinggi Badan', '170', '2020-06-30 09:00:58', '2020-06-30 09:00:58'),
(63, '000074/20200630/000031', 'Tekanan Darah', '120', '2020-06-30 09:00:58', '2020-06-30 09:00:58'),
(64, '000074/20200630/000031', 'Suhu Tubuh', '36', '2020-06-30 09:00:58', '2020-06-30 09:00:58'),
(65, '000074/20200630/000031', 'gula darah', '80', '2020-06-30 09:00:58', '2020-06-30 09:00:58'),
(66, '000075/20201027/000001', 'Berat Badan', '61', '2020-10-27 14:21:38', '2020-10-27 14:21:38'),
(67, '000075/20201027/000001', 'Tinggi Badan', '170', '2020-10-27 14:21:38', '2020-10-27 14:21:38'),
(68, '000075/20201027/000001', 'Tekanan Darah', '120', '2020-10-27 14:21:38', '2020-10-27 14:21:38'),
(69, '000075/20201027/000001', 'Suhu Tubuh', '23', '2020-10-27 14:21:38', '2020-10-27 14:21:38'),
(70, '000072/20210618/000030', 'Berat Badan', '80', '2021-06-18 14:59:33', '2021-06-18 14:59:33'),
(71, '000072/20210618/000030', 'Tinggi Badan', '180', '2021-06-18 14:59:33', '2021-06-18 14:59:33'),
(72, '000072/20210618/000030', 'Tekanan Darah', '120', '2021-06-18 14:59:33', '2021-06-18 14:59:33'),
(73, '000072/20210618/000030', 'Suhu Tubuh', '33', '2021-06-18 14:59:33', '2021-06-18 14:59:33'),
(74, '000065/20210618/000025', 'Berat Badan', '80', '2021-06-18 15:09:21', '2021-06-18 15:09:21'),
(75, '000065/20210618/000025', 'Tinggi Badan', '180', '2021-06-18 15:09:21', '2021-06-18 15:09:21'),
(76, '000065/20210618/000025', 'Tekanan Darah', '120', '2021-06-18 15:09:21', '2021-06-18 15:09:21'),
(77, '000065/20210618/000025', 'Suhu Tubuh', '33', '2021-06-18 15:09:21', '2021-06-18 15:09:21'),
(78, '000076/20210618/0000010-1', 'Berat Badan', '60', '2021-06-18 16:31:53', '2021-06-18 16:31:53'),
(79, '000076/20210618/0000010-1', 'Tinggi Badan', '160', '2021-06-18 16:31:53', '2021-06-18 16:31:53'),
(80, '000076/20210618/0000010-1', 'Tekanan Darah', '110', '2021-06-18 16:31:53', '2021-06-18 16:31:53'),
(81, '000076/20210618/0000010-1', 'Suhu Tubuh', '35', '2021-06-18 16:31:53', '2021-06-18 16:31:53'),
(82, '000069/20210622/000003-1-1', 'Berat Badan', '80', '2021-06-22 10:04:08', '2021-06-22 10:04:08'),
(83, '000069/20210622/000003-1-1', 'Tinggi Badan', '181', '2021-06-22 10:04:08', '2021-06-22 10:04:08'),
(84, '000069/20210622/000003-1-1', 'Tekanan Darah', '110', '2021-06-22 10:04:08', '2021-06-22 10:04:08'),
(85, '000069/20210622/000003-1-1', 'Suhu Tubuh', '36', '2021-06-22 10:04:08', '2021-06-22 10:04:08'),
(86, '000082/20210623/000034', 'Berat Badan', '60', '2021-06-23 09:39:58', '2021-06-23 09:39:58'),
(87, '000082/20210623/000034', 'Tinggi Badan', '180', '2021-06-23 09:39:58', '2021-06-23 09:39:58'),
(88, '000082/20210623/000034', 'Tekanan Darah', '110', '2021-06-23 09:39:58', '2021-06-23 09:39:58'),
(89, '000082/20210623/000034', 'Suhu Tubuh', '36', '2021-06-23 09:39:58', '2021-06-23 09:39:58'),
(90, '000061/20210913/000024', 'Berat Badan', '12', '2021-09-13 09:51:17', '2021-09-13 09:51:17'),
(91, '000061/20210913/000024', 'Tinggi Badan', '2', '2021-09-13 09:51:17', '2021-09-13 09:51:17'),
(92, '000061/20210913/000024', 'Tekanan Darah', '21', '2021-09-13 09:51:17', '2021-09-13 09:51:17'),
(93, '000061/20210913/000024', 'Suhu Tubuh', '121', '2021-09-13 09:51:17', '2021-09-13 09:51:17'),
(94, '000078/20210915/000033', 'Berat Badan', '12', '2021-09-15 12:20:12', '2021-09-15 12:20:12'),
(95, '000078/20210915/000033', 'Tinggi Badan', '121', '2021-09-15 12:20:12', '2021-09-15 12:20:12'),
(96, '000078/20210915/000033', 'Tekanan Darah', '12', '2021-09-15 12:20:12', '2021-09-15 12:20:12'),
(97, '000078/20210915/000033', 'Suhu Tubuh', '121', '2021-09-15 12:20:12', '2021-09-15 12:20:12'),
(98, '000068/20210916/000027', 'Berat Badan', '12', '2021-09-16 10:50:29', '2021-09-16 10:50:29'),
(99, '000068/20210916/000027', 'Tinggi Badan', '121', '2021-09-16 10:50:29', '2021-09-16 10:50:29'),
(100, '000068/20210916/000027', 'Tekanan Darah', '12', '2021-09-16 10:50:29', '2021-09-16 10:50:29'),
(101, '000068/20210916/000027', 'Suhu Tubuh', '121', '2021-09-16 10:50:29', '2021-09-16 10:50:29'),
(102, '000084/20210921/000035', 'Berat Badan', '12', '2021-09-21 07:15:53', '2021-09-21 07:15:53'),
(103, '000084/20210921/000035', 'Tinggi Badan', '12', '2021-09-21 07:15:53', '2021-09-21 07:15:53'),
(104, '000084/20210921/000035', 'Tekanan Darah', '12', '2021-09-21 07:15:53', '2021-09-21 07:15:53'),
(105, '000084/20210921/000035', 'Suhu Tubuh', '12', '2021-09-21 07:15:53', '2021-09-21 07:15:53');

-- --------------------------------------------------------

--
-- Table structure for table `tbl_periksa_d_obat`
--

CREATE TABLE `tbl_periksa_d_obat` (
  `id_periksa_d_obat` int(11) NOT NULL,
  `no_periksa` varchar(30) NOT NULL,
  `kode_barang` varchar(30) NOT NULL,
  `jumlah` double NOT NULL,
  `anjuran` varchar(60) NOT NULL,
  `keterangan` varchar(60) NOT NULL,
  `penggunaan_obat` varchar(240) DEFAULT NULL,
  `is_tebus` int(1) NOT NULL,
  `dtm_crt` datetime NOT NULL DEFAULT current_timestamp(),
  `dtm_upd` datetime NOT NULL DEFAULT current_timestamp()
) ENGINE=MyISAM DEFAULT CHARSET=latin1;

--
-- Dumping data for table `tbl_periksa_d_obat`
--

INSERT INTO `tbl_periksa_d_obat` (`id_periksa_d_obat`, `no_periksa`, `kode_barang`, `jumlah`, `anjuran`, `keterangan`, `penggunaan_obat`, `is_tebus`, `dtm_crt`, `dtm_upd`) VALUES
(1, '000040-1/20191206/000003-1-1', 'BRG157', 5, '3x1', '0', 'setelah mkn', 0, '2019-12-06 10:35:11', '2019-12-06 10:35:11'),
(2, '000040-1/20191206/000003-1-1', 'BRG157', 5, '3x1', '0', 'sblm mkn', 0, '2019-12-06 10:35:11', '2019-12-06 10:35:11'),
(3, '000047-1/20191206/000007-1', 'BRG157', 5, '3x1', '0', 'asdf', 0, '2019-12-06 20:29:51', '2019-12-06 20:29:51'),
(4, '000049/20191206/000001-1', 'BRG157', 5, '3x1', '0', '', 0, '2019-12-06 22:02:12', '2019-12-06 22:02:12'),
(5, '000053/20191221/000019', 'BRG1575602130', 5, '3x1', '1', '', 0, '2019-12-21 13:05:06', '2019-12-21 13:05:06'),
(6, '000053/20191221/000019', 'BRG1575602404', 5, '3x1', '0', '', 0, '2019-12-21 13:05:06', '2019-12-21 13:05:06'),
(7, '000054/20191221/000001', 'BRG1575602130', 5, '3x1', '1', '', 0, '2019-12-21 13:08:22', '2019-12-21 13:08:22'),
(8, '000054/20191221/000001', 'BRG1575602404', 5, '3x1', '0', '', 0, '2019-12-21 13:08:22', '2019-12-21 13:08:22'),
(9, '000057/20200110/000020', 'BRG1575602404', 5, '3x1', '0', '', 1, '2020-01-10 11:57:04', '2020-01-10 05:02:27'),
(10, '000062/20200114/000025', 'BRG1575602404', 10, '3x1', '0', 'pagi siang sore', 1, '2020-01-15 05:56:02', '2020-01-14 23:04:31'),
(11, '000062/20200114/000025', 'BRG1575602130', 5, '3x1', '1', 'pagi siang sore', 0, '2020-01-15 05:56:02', '2020-01-15 05:56:02'),
(12, '000055/20200115/000001-1', 'BRG1575602130', 5, '3x1', '0', 'PAGI SIANG SORE', 0, '2020-01-15 16:30:05', '2020-01-15 16:30:05'),
(13, '000055/20200115/000001-1', 'BRG1575602130', 5, '3x1', '0', '', 0, '2020-01-15 16:30:05', '2020-01-15 16:30:05'),
(14, '000063/20200116/000026', 'BRG1575602404', 5, '3x1', '0', 'PAGI SIANG SORE', 1, '2020-01-16 13:53:44', '2020-01-16 06:55:03'),
(15, '000067/20200121/000027', 'BRG1575602130', 5, '3x1', '0', '', 1, '2020-01-21 18:55:51', '2021-09-13 05:57:27'),
(16, '000056/20200121/000001-1', 'BRG1575602130', 5, '3x1', '0', '', 0, '2020-01-21 18:59:39', '2020-01-21 18:59:39'),
(17, '000070/20200619/000028', 'BRG1575602130', 5, '3x1', '0', '', 1, '2020-06-19 08:22:57', '2021-09-27 03:16:56'),
(18, '000064/20200619/000001', 'BRG1575602130', 5, '3x1', '0', '', 0, '2020-06-19 08:30:02', '2020-06-19 08:30:02'),
(19, '000071/20200619/000029', 'BRG1575602404', 5, '3x1', '0', '', 1, '2020-06-19 08:34:27', '2020-06-19 01:35:07'),
(20, '000073/20200619/000007-1', 'BRG1575602404', 5, '3x1', '0', '', 1, '2020-06-19 08:59:25', '2020-06-19 02:00:30'),
(21, '000074/20200630/000031', 'BRG1575602130', 0.5, '3x1', '1', '', 1, '2020-06-30 09:00:58', '2020-06-30 02:03:25'),
(22, '000075/20201027/000001', 'BRG1575602404', 0.5, '3x1', '1', 'sebelum minum', 1, '2020-10-27 14:21:38', '2020-10-27 07:55:05'),
(23, '000072/20210618/000030', 'BRG1575602130', 5, '3x1', '0', '', 1, '2021-06-18 14:59:33', '2021-06-18 08:01:39'),
(24, '000065/20210618/000025', 'BRG1575602404', 5, '3x1', '0', '-', 0, '2021-06-18 15:09:21', '2021-06-18 15:09:21'),
(25, '000076/20210618/0000010-1', 'BRG1575602404', 6, '3x1/2', '0', '-', 1, '2021-06-18 16:31:53', '2021-06-22 03:07:17'),
(26, '000069/20210622/000003-1-1', 'BRG1575602130', 5, '3x1', '0', '', 1, '2021-06-22 10:04:08', '2021-06-22 03:06:52'),
(27, '000069/20210622/000003-1-1', 'BRG1575602404', 15, '3x1', '0', '', 1, '2021-06-22 10:04:08', '2021-06-22 03:06:52'),
(28, '000082/20210623/000034', 'BRG1575602404', 5, '3x1', '0', '', 1, '2021-06-23 09:39:58', '2021-06-23 04:43:17'),
(29, '000061/20210913/000024', 'BRG1575602130', 5, '3x1', '0', '', 0, '2021-09-13 09:51:17', '2021-09-13 09:51:17'),
(30, '000078/20210915/000033', 'BRG1575602130', 5, '3x1/2', '0', 'asas', 1, '2021-09-15 12:20:12', '2021-09-27 03:08:13'),
(31, '000068/20210916/000027', 'BRG1575602404', 5, '3x1', '0', '', 1, '2021-09-16 10:50:29', '2021-09-22 01:04:04'),
(32, '000084/20210921/000035', 'BRG1575602404', 5, '3x1', '0', '', 1, '2021-09-21 07:15:53', '2021-09-21 02:18:29');

-- --------------------------------------------------------

--
-- Table structure for table `tbl_potongan_gaji`
--

CREATE TABLE `tbl_potongan_gaji` (
  `id_potongan` int(11) NOT NULL,
  `potongan_bpjs` double DEFAULT NULL,
  `cicilan` double DEFAULT NULL,
  `kasbon` double DEFAULT NULL,
  `bulan` varchar(15) NOT NULL,
  `id_pegawai` int(11) NOT NULL,
  `dtm_crt` datetime NOT NULL DEFAULT current_timestamp(),
  `dtm_upd` datetime NOT NULL DEFAULT current_timestamp()
) ENGINE=InnoDB DEFAULT CHARSET=latin1;

--
-- Dumping data for table `tbl_potongan_gaji`
--

INSERT INTO `tbl_potongan_gaji` (`id_potongan`, `potongan_bpjs`, `cicilan`, `kasbon`, `bulan`, `id_pegawai`, `dtm_crt`, `dtm_upd`) VALUES
(4, 5000, 90000, 10000, '2019-11', 28, '2019-12-01 12:19:04', '2019-12-01 12:19:04');

-- --------------------------------------------------------

--
-- Table structure for table `tbl_profil_rumah_sakit`
--

CREATE TABLE `tbl_profil_rumah_sakit` (
  `id` int(11) NOT NULL,
  `nama_rumah_sakit` varchar(50) NOT NULL,
  `alamat` text NOT NULL,
  `propinsi` varchar(30) NOT NULL,
  `kabupaten` varchar(30) NOT NULL,
  `no_telpon` varchar(30) NOT NULL,
  `logo` text NOT NULL,
  `dtm_crt` datetime NOT NULL DEFAULT current_timestamp(),
  `dtm_upd` datetime NOT NULL DEFAULT current_timestamp()
) ENGINE=InnoDB DEFAULT CHARSET=latin1;

--
-- Dumping data for table `tbl_profil_rumah_sakit`
--

INSERT INTO `tbl_profil_rumah_sakit` (`id`, `nama_rumah_sakit`, `alamat`, `propinsi`, `kabupaten`, `no_telpon`, `logo`, `dtm_crt`, `dtm_upd`) VALUES
(1, 'KLINIK RATIH', 'Jalan Raya Padonan, No 108 Br. Tibubeneng, Kuta Utara\n', 'Bali', 'Tibubeneng', '085737301424 / 087761262228', 'logo.png', '2018-03-27 11:38:32', '2019-12-23 02:28:11');

-- --------------------------------------------------------

--
-- Table structure for table `tbl_purchases`
--

CREATE TABLE `tbl_purchases` (
  `kode_purchase` varchar(15) NOT NULL,
  `kode_supplier` varchar(15) NOT NULL,
  `id_apoteker` int(11) NOT NULL,
  `id_klinik` int(11) NOT NULL,
  `jenis_pembayaran` varchar(15) NOT NULL,
  `is_closed` tinyint(1) NOT NULL,
  `is_receive` tinyint(1) NOT NULL,
  `keterangan` varchar(200) NOT NULL,
  `total_harga` int(11) NOT NULL,
  `tanggal_po` date NOT NULL,
  `pengirim` varchar(50) DEFAULT NULL,
  `dtm_crt` datetime NOT NULL DEFAULT current_timestamp(),
  `dtm_upd` datetime NOT NULL DEFAULT current_timestamp()
) ENGINE=InnoDB DEFAULT CHARSET=latin1;

--
-- Dumping data for table `tbl_purchases`
--

INSERT INTO `tbl_purchases` (`kode_purchase`, `kode_supplier`, `id_apoteker`, `id_klinik`, `jenis_pembayaran`, `is_closed`, `is_receive`, `keterangan`, `total_harga`, `tanggal_po`, `pengirim`, `dtm_crt`, `dtm_upd`) VALUES
('PO1575602528', 'SUP1573714628', 2, 1, '0', 1, 1, '-', 876000, '2019-12-06', 'tiki ekspedisi', '2019-12-06 10:22:08', '2019-12-06 10:22:08'),
('PO1577068770', 'SUP1573714628', 2, 1, '0', 0, 0, '-', 455000, '2019-12-23', NULL, '2019-12-23 09:39:30', '2019-12-23 09:39:30'),
('PO1623994423', 'SUP1573714628', 2, 1, '0', 1, 1, 'PO Pertama', 525000, '2021-06-18', 'Sujono', '2021-06-18 12:33:43', '2021-06-18 12:33:43'),
('PO1624003361', 'SUP1573714628', 2, 1, '0', 0, 0, '-', 1500000, '2021-06-18', NULL, '2021-06-18 15:02:41', '2021-06-18 15:02:41'),
('PO1624003560', 'SUP1573714628', 2, 0, '0', 1, 1, '-', 3000000, '2021-06-18', 'eka', '2021-06-18 15:06:00', '2021-06-18 15:06:00'),
('PO1624347163', 'SUP1573714628', 2, 0, '0', 1, 1, 'ket', 200000, '2021-06-22', 'david', '2021-06-22 14:32:43', '2021-06-22 14:32:43'),
('PO1624347340', 'SUP1573714628', 2, 0, '0', 0, 0, 'ket', 200000, '2021-06-22', NULL, '2021-06-22 14:35:40', '2021-06-22 14:35:40'),
('PO1624348456', 'SUP1573714628', 2, 0, '0', 1, 1, '-', 200000, '2021-06-22', 'david', '2021-06-22 14:54:16', '2021-06-22 14:54:16'),
('PO1632186126', 'SUP1573714628', 2, 1, '0', 1, 1, 'ket', 40000, '2021-09-21', 'as', '2021-09-21 08:02:06', '2021-09-21 08:02:06'),
('PO1632186279', 'SUP1573714628', 2, 1, '1', 1, 1, 'ket', 100000, '2021-09-21', 'sa', '2021-09-21 08:04:39', '2021-09-21 08:04:39');

-- --------------------------------------------------------

--
-- Table structure for table `tbl_purchase_d`
--

CREATE TABLE `tbl_purchase_d` (
  `id_purchase_d` int(11) NOT NULL,
  `kode_purchase` varchar(15) NOT NULL,
  `kode_barang` varchar(15) NOT NULL,
  `jumlah` double NOT NULL,
  `harga` int(11) NOT NULL,
  `diskon` int(11) NOT NULL,
  `dtm_crt` datetime NOT NULL DEFAULT current_timestamp(),
  `dtm_upd` datetime NOT NULL DEFAULT current_timestamp()
) ENGINE=InnoDB DEFAULT CHARSET=latin1;

--
-- Dumping data for table `tbl_purchase_d`
--

INSERT INTO `tbl_purchase_d` (`id_purchase_d`, `kode_purchase`, `kode_barang`, `jumlah`, `harga`, `diskon`, `dtm_crt`, `dtm_upd`) VALUES
(1, 'PO1575602528', 'BRG1575602404', 60, 1800, 400, '2019-12-06 10:22:08', '2019-12-06 10:22:08'),
(2, 'PO1575602528', 'BRG1575602130', 80, 10000, 100, '2019-12-06 10:22:08', '2019-12-06 10:22:08'),
(3, 'PO1577068770', 'BRG1575602404', 50, 10000, 900, '2019-12-23 09:39:30', '2019-12-23 09:39:30'),
(4, 'PO1623994423', 'BRG1575602130', 10, 30000, 0, '2021-06-18 12:33:43', '2021-06-18 12:33:43'),
(5, 'PO1623994423', 'BRG1575602130', 15, 15000, 0, '2021-06-18 12:33:43', '2021-06-18 12:33:43'),
(6, 'PO1624003361', 'BRG1575602404', 50, 30000, 0, '2021-06-18 15:02:41', '2021-06-18 15:02:41'),
(7, 'PO1624003560', 'BRG1575602404', 100, 30000, 0, '2021-06-18 15:06:00', '2021-06-18 15:06:00'),
(8, 'PO1624347163', 'BRG1575602404', 100, 2000, 0, '2021-06-22 14:32:43', '2021-06-22 14:32:43'),
(9, 'PO1624347340', 'BRG1624001973', 2000, 100, 0, '2021-06-22 14:35:40', '2021-06-22 14:35:40'),
(10, 'PO1624348456', 'BRG1575602404', 100, 2000, 0, '2021-06-22 14:54:16', '2021-06-22 14:54:16'),
(12, 'PO1632186126', 'BRG1575602130', 20, 2000, 0, '2021-09-21 08:02:06', '2021-09-21 08:02:06'),
(13, 'PO1632186279', 'BRG1575602404', 50, 2000, 0, '2021-09-21 08:04:39', '2021-09-21 08:04:39');

-- --------------------------------------------------------

--
-- Table structure for table `tbl_rapid_antigen`
--

CREATE TABLE `tbl_rapid_antigen` (
  `id_rapid` int(4) NOT NULL,
  `nama` varchar(150) NOT NULL,
  `no_sampel` varchar(30) NOT NULL,
  `nik_or_passport` varchar(20) NOT NULL,
  `tgl_lahir` date NOT NULL,
  `jenis_kelamin` enum('L','P') DEFAULT NULL,
  `email` varchar(150) NOT NULL,
  `no_hp` varchar(15) NOT NULL,
  `alamat_domisili` text NOT NULL,
  `pekerjaan` varchar(150) NOT NULL,
  `alamat_bekerja` text NOT NULL,
  `keluhan` text NOT NULL,
  `komorbid` text NOT NULL,
  `alasan` text NOT NULL,
  `riwayat_vaksin` enum('Belum','Sudah') NOT NULL,
  `tgl_vaksin_1` date NOT NULL,
  `tgl_vaksin_2` date NOT NULL,
  `riwayat_kontak` enum('Ya','Tidak') NOT NULL,
  `tgl_kontak` date NOT NULL,
  `kontak_di` varchar(200) NOT NULL,
  `riwayat_swab_rapid_sebelumnya` text NOT NULL,
  `id_dokter` int(11) NOT NULL,
  `parameter_pemeriksaan` varchar(255) NOT NULL,
  `hasil` enum('Positif','Negatif') DEFAULT NULL,
  `nilai_rujukan` enum('Positif','Negatif') DEFAULT NULL,
  `saran` text NOT NULL,
  `tgl_pemeriksaan` datetime NOT NULL,
  `tgl_buat` date NOT NULL,
  `status` enum('0','1') NOT NULL DEFAULT '0',
  `qr_code` varchar(50) NOT NULL
) ENGINE=InnoDB DEFAULT CHARSET=utf8mb4;

--
-- Dumping data for table `tbl_rapid_antigen`
--

INSERT INTO `tbl_rapid_antigen` (`id_rapid`, `nama`, `no_sampel`, `nik_or_passport`, `tgl_lahir`, `jenis_kelamin`, `email`, `no_hp`, `alamat_domisili`, `pekerjaan`, `alamat_bekerja`, `keluhan`, `komorbid`, `alasan`, `riwayat_vaksin`, `tgl_vaksin_1`, `tgl_vaksin_2`, `riwayat_kontak`, `tgl_kontak`, `kontak_di`, `riwayat_swab_rapid_sebelumnya`, `id_dokter`, `parameter_pemeriksaan`, `hasil`, `nilai_rujukan`, `saran`, `tgl_pemeriksaan`, `tgl_buat`, `status`, `qr_code`) VALUES
(5, 'Ipsum qui sint odi', '1/IX/COVID-19/KR/2021', '', '0000-00-00', NULL, 'gycyrum@mailinator.com', 'Nihil est autem', 'Nobis ipsum reiciend', 'Velit non voluptatem', 'Cum quos est volupta', 'Provident quis repr', 'In consequuntur nisi', 'Ducimus consequatur', 'Belum', '0000-00-00', '0000-00-00', 'Tidak', '0000-00-00', '', 'Tempore eos cum vol', 1, 'Similique nulla ut a', 'Negatif', 'Positif', 'Blanditiis aspernatu', '2021-09-19 04:30:09', '2021-09-22', '1', '1-IX-COVID-19-KR-2021.png'),
(6, 'Ipsum qui sint odi', '2/IX/COVID-19/KR/2021', '', '0000-00-00', NULL, 'gycyrum@mailinator.com', 'Nihil est autem', 'Nobis ipsum reiciend', 'Velit non voluptatem', 'Cum quos est volupta', 'Provident quis repr', 'In consequuntur nisi', 'Ducimus consequatur', 'Belum', '0000-00-00', '0000-00-00', 'Tidak', '0000-00-00', '', 'Tempore eos cum vol', 1, 'Quis non saepe ipsam', 'Negatif', 'Positif', 'Deserunt dolorum ut', '2021-09-19 04:36:53', '2021-09-22', '1', '2-IX-COVID-19-KR-2021.png'),
(7, 'Ipsum qui sint odi', '3/IX/COVID-19/KR/2021', '', '0000-00-00', NULL, 'gycyrum@mailinator.com', 'Nihil est autem', 'Nobis ipsum reiciend', 'Velit non voluptatem', 'Cum quos est volupta', 'Provident quis repr', 'In consequuntur nisi', 'Ducimus consequatur', 'Belum', '0000-00-00', '0000-00-00', 'Tidak', '0000-00-00', '', 'Tempore eos cum vol', 1, '', NULL, NULL, '', '2021-09-14 09:13:31', '2021-09-22', '0', ''),
(8, 'Dolorem alias dolore', '4/IX/COVID-19/KR/2021', '', '0000-00-00', NULL, 'jelodafiw@mailinator.com', 'Quod aut aut no', 'Minim autem repudian', 'Et libero alias dolo', 'Neque aliquip qui in', 'Quibusdam amet offi', 'Obcaecati qui quae a', 'Et quia non dolorum ', 'Sudah', '1980-03-02', '2021-07-10', 'Tidak', '0000-00-00', '', 'Eos ut in harum seq', 1, '', NULL, NULL, '', '2021-09-14 09:14:00', '2021-09-22', '0', ''),
(9, 'Tempore qui est do', '5/IX/COVID-19/KR/2021', '', '0000-00-00', NULL, 'cuzuxebe@mailinator.com', 'Qui vel aut con', 'Dolore rem aliquip v', 'Illum labore velit ', 'Praesentium voluptat', 'Lorem assumenda cons', 'Atque in nemo quia i', 'Veniam debitis volu', 'Belum', '0000-00-00', '0000-00-00', 'Tidak', '0000-00-00', '', 'Cupidatat in sint a', 1, 'Nulla ullamco corrup', 'Negatif', 'Negatif', 'k', '2021-09-22 06:51:04', '2021-09-22', '1', '5-IX-COVID-19-KR-2021.png'),
(10, 'Quibusdam sequi in a', '6/IX/COVID-19/KR/2021', 'Omnis enim velit mol', '0000-00-00', 'L', 'myfav@mailinator.com', 'Voluptate quo t', 'Eligendi molestiae q', 'Accusamus deserunt f', 'Et animi ea perspic', 'Eius omnis est comm', 'Non sapiente aliqua', 'Odio architecto sunt', 'Belum', '0000-00-00', '0000-00-00', 'Tidak', '0000-00-00', '', 'Exercitation quaerat', 3, '', NULL, NULL, '', '0000-00-00 00:00:00', '2021-09-22', '0', ''),
(11, 'test2', '6/IX/COVID-19/KR/2021', 'Repudiandae dolorem ', '2002-06-03', 'P', 'fexe@mailinator.com', 'Soluta sunt mag', 'Voluptate tempor ips', 'Voluptatem nemo pari', 'Nostrum animi ut et', 'Recusandae Doloremq', 'Dolore voluptatum la', 'Enim aut perspiciati', 'Belum', '0000-00-00', '0000-00-00', 'Ya', '2003-07-09', 'Accusamus veniam fu', 'Laborum Beatae ab e', 1, 'Nulla ullamco corrup', 'Negatif', 'Negatif', 'assa', '2021-09-22 06:26:22', '2021-09-22', '1', '6-IX-COVID-19-KR-2021.png'),
(12, 'david test lagi', '7/IX/COVID-19/KR/2021', 'Amet iste cupidatat', '1979-10-14', 'L', 'zajo@mailinator.com', 'Quasi omnis nob', 'Rerum nobis soluta v', 'Deleniti qui cillum ', 'Aut aute dolorem dol', 'Sint et cum est volu', 'Nulla non nulla cumq', 'Sunt dolor totam qui', 'Sudah', '1978-09-07', '1986-04-09', 'Tidak', '0000-00-00', '', 'Consectetur incidunt', 1, '', NULL, NULL, '', '0000-00-00 00:00:00', '2021-09-22', '0', ''),
(13, 'test 3', '7/IX/COVID-19/KR/2021', 'Provident explicabo', '1974-01-14', 'L', 'xibery@mailinator.com', 'Magna ipsa even', 'Sint modi quod inci', 'Pariatur Blanditiis', 'Id nobis aperiam und', 'Dolor facilis rerum ', 'Eiusmod totam molest', 'Placeat quae nisi i', 'Belum', '0000-00-00', '0000-00-00', 'Tidak', '0000-00-00', '', 'Vitae incididunt ad ', 3, '', NULL, NULL, '', '0000-00-00 00:00:00', '2021-09-22', '0', ''),
(14, 'test 4', '8/IX/COVID-19/KR/2021', 'Velit aliquid quide', '1984-06-13', 'L', 'luwecige@mailinator.com', 'Et incididunt a', 'Facere odio vero exp', 'Impedit adipisci du', 'In et ipsum quod vo', 'Sed quam dolore comm', 'Inventore eum quae p', 'Architecto occaecat ', 'Sudah', '2018-01-03', '2020-12-17', 'Tidak', '0000-00-00', '', 'Odit dolor non praes', 1, '', NULL, NULL, '', '0000-00-00 00:00:00', '2021-09-22', '0', '');

-- --------------------------------------------------------

--
-- Table structure for table `tbl_ref_gaji`
--

CREATE TABLE `tbl_ref_gaji` (
  `id_ref_gaji` int(11) NOT NULL,
  `id_jabatan` int(11) NOT NULL,
  `gaji_pokok` double NOT NULL,
  `uang_kehadiran` double NOT NULL,
  `uang_makan` double NOT NULL,
  `uang_transport` double NOT NULL,
  `uang_lembur` double NOT NULL,
  `dtm_crt` datetime NOT NULL DEFAULT current_timestamp(),
  `dtm_upd` datetime NOT NULL DEFAULT current_timestamp()
) ENGINE=InnoDB DEFAULT CHARSET=latin1;

--
-- Dumping data for table `tbl_ref_gaji`
--

INSERT INTO `tbl_ref_gaji` (`id_ref_gaji`, `id_jabatan`, `gaji_pokok`, `uang_kehadiran`, `uang_makan`, `uang_transport`, `uang_lembur`, `dtm_crt`, `dtm_upd`) VALUES
(1, 5, 2900000, 3000, 5000, 10000, 0, '2019-11-21 15:55:47', '2019-11-27 07:46:31'),
(2, 4, 5000000, 5000, 6000, 70000, 0, '2019-11-21 16:13:40', '2019-11-21 10:17:58'),
(3, 3, 900000, 8000, 9000, 9000, 0, '2019-11-22 15:44:21', '2019-11-22 15:44:21'),
(4, 1, 90000, 80000, 70000, 700050, 0, '2019-11-25 17:58:55', '2019-11-25 17:58:55'),
(5, 2, 500000, 5000, 6000, 70000, 6000, '2019-11-27 19:16:13', '2019-11-27 13:17:04');

-- --------------------------------------------------------

--
-- Table structure for table `tbl_rekap_asuransi`
--

CREATE TABLE `tbl_rekap_asuransi` (
  `id_rekap_asuransi` int(11) NOT NULL,
  `no_transaksi` varchar(30) NOT NULL,
  `amount` decimal(10,0) NOT NULL,
  `dtm_crt` datetime NOT NULL DEFAULT current_timestamp(),
  `dtm_upd` datetime NOT NULL DEFAULT current_timestamp()
) ENGINE=MyISAM DEFAULT CHARSET=latin1;

--
-- Dumping data for table `tbl_rekap_asuransi`
--

INSERT INTO `tbl_rekap_asuransi` (`id_rekap_asuransi`, `no_transaksi`, `amount`, `dtm_crt`, `dtm_upd`) VALUES
(1, '000019/20180426/000007', '200000', '2018-04-26 10:26:13', '2018-04-26 10:26:13'),
(2, '000031/20180518/000003', '259500', '2018-05-18 13:18:09', '2018-05-18 13:18:09'),
(3, '000025/20180505/000008', '85000', '2018-05-18 23:11:18', '2018-05-18 23:11:18');

-- --------------------------------------------------------

--
-- Table structure for table `tbl_saldo_akun`
--

CREATE TABLE `tbl_saldo_akun` (
  `id_saldo` int(11) NOT NULL,
  `id_akun` int(11) NOT NULL,
  `tanggal` varchar(15) NOT NULL,
  `jumlah_saldo` double NOT NULL,
  `is_updated` int(1) NOT NULL,
  `dtm_crt` datetime NOT NULL DEFAULT current_timestamp(),
  `dtm_upd` datetime NOT NULL DEFAULT current_timestamp()
) ENGINE=InnoDB DEFAULT CHARSET=latin1;

--
-- Dumping data for table `tbl_saldo_akun`
--

INSERT INTO `tbl_saldo_akun` (`id_saldo`, `id_akun`, `tanggal`, `jumlah_saldo`, `is_updated`, `dtm_crt`, `dtm_upd`) VALUES
(1, 20, '2019-12', 5362700, 0, '2019-12-08 15:32:10', '2019-12-08 15:32:10'),
(2, 35, '2019-12', 910000, 0, '2019-12-08 15:32:10', '2019-12-08 15:32:10'),
(3, 36, '2019-12', 994000, 0, '2019-12-08 15:32:10', '2019-12-08 15:32:10'),
(4, 55, '2019-12', 2000000, 0, '2019-12-08 15:32:10', '2019-12-08 15:32:10'),
(5, 58, '2019-12', 858500, 0, '2019-12-08 15:32:10', '2019-12-08 15:32:10'),
(6, 42, '2019-12', 10000000, 0, '2019-12-08 15:32:10', '2019-12-08 15:32:10'),
(7, 39, '2019-12', 242000, 0, '2019-12-08 15:32:10', '2019-12-08 15:32:10'),
(8, 45, '2019-12', 32000, 0, '2019-12-08 15:32:10', '2019-12-08 15:32:10'),
(9, 46, '2019-12', -3200, 0, '2019-12-08 15:32:11', '2019-12-08 15:32:11'),
(10, 62, '2019-12', 600, 0, '2019-12-08 15:32:11', '2019-12-08 15:32:11'),
(11, 64, '2019-12', -700, 0, '2019-12-08 15:32:11', '2019-12-08 15:32:11'),
(12, 34, '2019-12', 6000, 0, '2019-12-08 15:32:11', '2019-12-08 15:32:11'),
(13, 43, '2019-12', 40000, 0, '2019-12-08 15:32:11', '2019-12-08 15:32:11'),
(14, 44, '2019-12', 50000, 0, '2019-12-08 15:32:11', '2019-12-08 15:32:11'),
(15, 65, '2019-12', 49500, 0, '2019-12-08 15:32:11', '2019-12-08 15:32:11');

-- --------------------------------------------------------

--
-- Table structure for table `tbl_satuan_barang`
--

CREATE TABLE `tbl_satuan_barang` (
  `id_satuan` int(11) NOT NULL,
  `nama_satuan` varchar(60) NOT NULL,
  `keterangan` varchar(50) NOT NULL,
  `dtm_crt` datetime NOT NULL DEFAULT current_timestamp(),
  `dtm_upd` datetime NOT NULL DEFAULT current_timestamp()
) ENGINE=InnoDB DEFAULT CHARSET=latin1;

--
-- Dumping data for table `tbl_satuan_barang`
--

INSERT INTO `tbl_satuan_barang` (`id_satuan`, `nama_satuan`, `keterangan`, `dtm_crt`, `dtm_upd`) VALUES
(1, 'btl', 'botol', '2018-03-04 21:46:41', '2018-03-04 21:46:41'),
(2, 'ampul', 'ampul', '2018-03-04 21:46:41', '2018-03-04 21:46:41'),
(3, 'box', 'box', '2018-03-04 21:46:41', '2018-03-04 21:46:41'),
(4, 'mg', 'miligram', '2018-03-04 21:46:41', '2018-03-04 21:46:41'),
(6, 'cap', 'kapsul', '2018-03-04 21:46:41', '2018-03-04 21:46:41'),
(7, 'rol 1m', 'Rol 1 Meter', '2018-03-04 21:48:53', '2018-03-04 21:48:53'),
(8, 'Pcs', 'Pcs', '2021-06-18 12:39:32', '2021-06-18 12:39:32');

-- --------------------------------------------------------

--
-- Table structure for table `tbl_setting`
--

CREATE TABLE `tbl_setting` (
  `id_setting` int(11) NOT NULL,
  `nama_setting` varchar(50) NOT NULL,
  `value` varchar(40) NOT NULL,
  `dtm_crt` datetime NOT NULL DEFAULT current_timestamp(),
  `dtm_upd` datetime NOT NULL DEFAULT current_timestamp()
) ENGINE=InnoDB DEFAULT CHARSET=latin1;

--
-- Dumping data for table `tbl_setting`
--

INSERT INTO `tbl_setting` (`id_setting`, `nama_setting`, `value`, `dtm_crt`, `dtm_upd`) VALUES
(1, 'Tampil Menu', 'ya', '2018-03-27 10:46:50', '2018-03-27 10:46:50');

-- --------------------------------------------------------

--
-- Table structure for table `tbl_setting_gaji`
--

CREATE TABLE `tbl_setting_gaji` (
  `id_setting_gaji` int(11) NOT NULL,
  `id_pegawai` int(11) NOT NULL,
  `gaji_pokok` double NOT NULL,
  `uang_kehadiran` double DEFAULT NULL,
  `uang_makan` double DEFAULT NULL,
  `uang_transport` double DEFAULT NULL,
  `uang_lembur` double DEFAULT NULL,
  `potongan_telat` double DEFAULT NULL,
  `tunjangan` double DEFAULT NULL,
  `dtm_crt` datetime NOT NULL DEFAULT current_timestamp(),
  `dtm_upd` datetime NOT NULL DEFAULT current_timestamp()
) ENGINE=InnoDB DEFAULT CHARSET=latin1;

--
-- Dumping data for table `tbl_setting_gaji`
--

INSERT INTO `tbl_setting_gaji` (`id_setting_gaji`, `id_pegawai`, `gaji_pokok`, `uang_kehadiran`, `uang_makan`, `uang_transport`, `uang_lembur`, `potongan_telat`, `tunjangan`, `dtm_crt`, `dtm_upd`) VALUES
(1, 27, 5000000, 5000, 6000, 70000, 0, NULL, 70000, '2019-11-21 17:14:13', '2019-11-21 17:14:13'),
(2, 0, 34534534, 9000000, 89999999, 900000, 0, NULL, 800000, '2019-11-25 17:04:48', '2019-11-25 17:04:48'),
(3, 28, 2500000, 5000, 6000, 70000, 5000, 9000, 8000, '2019-11-25 17:05:23', '2019-12-01 05:04:46'),
(5, 24, 9000000, 5000, 0, 0, 7000, NULL, 800000, '2019-11-27 18:32:12', '2019-11-27 12:51:07');

-- --------------------------------------------------------

--
-- Table structure for table `tbl_shift`
--

CREATE TABLE `tbl_shift` (
  `id_shift` int(11) NOT NULL,
  `nama_shift` varchar(15) NOT NULL,
  `jam_datang` time DEFAULT NULL,
  `jam_pulang` time DEFAULT NULL,
  `id_klinik` int(11) NOT NULL,
  `dtm_crt` datetime NOT NULL DEFAULT current_timestamp(),
  `dtm_upd` datetime NOT NULL DEFAULT current_timestamp()
) ENGINE=InnoDB DEFAULT CHARSET=latin1;

--
-- Dumping data for table `tbl_shift`
--

INSERT INTO `tbl_shift` (`id_shift`, `nama_shift`, `jam_datang`, `jam_pulang`, `id_klinik`, `dtm_crt`, `dtm_upd`) VALUES
(1, 'Shift A', '05:00:00', '10:00:00', 1, '2019-11-26 13:14:02', '2019-11-26 13:14:02'),
(2, 'Shift B', '10:00:00', '14:00:00', 1, '2019-11-26 13:17:05', '2019-11-26 13:17:05'),
(3, 'Shift C', '14:00:00', '17:00:00', 1, '2019-11-26 13:18:03', '2019-11-26 13:18:03'),
(4, 'Shift D', '17:00:00', '21:00:00', 1, '2019-11-26 13:18:25', '2019-11-26 13:18:25');

-- --------------------------------------------------------

--
-- Table structure for table `tbl_sksehat`
--

CREATE TABLE `tbl_sksehat` (
  `nomor` varchar(14) NOT NULL,
  `nama` varchar(100) NOT NULL,
  `umur` int(2) NOT NULL,
  `pekerjaan` varchar(200) NOT NULL,
  `jenis_kelamin` enum('L','P') NOT NULL,
  `tinggi_badan` float NOT NULL,
  `berat_badan` float NOT NULL,
  `golongan_darah` varchar(2) NOT NULL,
  `alamat` text NOT NULL,
  `buta_warna` varchar(150) NOT NULL,
  `keperluan` text NOT NULL,
  `tgl_cetak` date NOT NULL,
  `id_dokter` int(5) NOT NULL
) ENGINE=InnoDB DEFAULT CHARSET=utf8mb4;

--
-- Dumping data for table `tbl_sksehat`
--

INSERT INTO `tbl_sksehat` (`nomor`, `nama`, `umur`, `pekerjaan`, `jenis_kelamin`, `tinggi_badan`, `berat_badan`, `golongan_darah`, `alamat`, `buta_warna`, `keperluan`, `tgl_cetak`, `id_dokter`) VALUES
('SKS/21/09/1', 'Consequat Deserunt', 49, 'Ut amet omnis quibu', 'P', 11, 84, 'Ni', 'Sit velit quis temp', 'Consequatur Et vero', 'Est excepturi eum c', '2021-09-18', 1);

-- --------------------------------------------------------

--
-- Table structure for table `tbl_spesialis`
--

CREATE TABLE `tbl_spesialis` (
  `id_spesialis` int(11) NOT NULL,
  `spesialis` varchar(40) NOT NULL,
  `dtm_crt` datetime NOT NULL DEFAULT current_timestamp(),
  `dtm_upd` datetime NOT NULL DEFAULT current_timestamp()
) ENGINE=InnoDB DEFAULT CHARSET=latin1;

--
-- Dumping data for table `tbl_spesialis`
--

INSERT INTO `tbl_spesialis` (`id_spesialis`, `spesialis`, `dtm_crt`, `dtm_upd`) VALUES
(1, 'THT', '2018-03-27 10:47:49', '2018-03-27 10:47:49'),
(2, 'Kulit', '2018-03-27 10:47:49', '2018-03-27 10:47:49'),
(3, 'Perkembangan Anak', '2018-03-27 10:47:49', '2018-03-27 10:47:49'),
(4, 'Umum', '2018-03-27 10:47:49', '2018-03-27 10:47:49'),
(5, 'Penyakit Dalam', '2018-03-27 10:47:49', '2018-03-27 10:47:49');

-- --------------------------------------------------------

--
-- Table structure for table `tbl_status_menikah`
--

CREATE TABLE `tbl_status_menikah` (
  `id_status_menikah` int(11) NOT NULL,
  `status_menikah` varchar(30) NOT NULL,
  `dtm_crt` datetime NOT NULL DEFAULT current_timestamp(),
  `dtm_upd` datetime NOT NULL DEFAULT current_timestamp()
) ENGINE=InnoDB DEFAULT CHARSET=latin1;

--
-- Dumping data for table `tbl_status_menikah`
--

INSERT INTO `tbl_status_menikah` (`id_status_menikah`, `status_menikah`, `dtm_crt`, `dtm_upd`) VALUES
(1, 'kawin', '2018-03-27 10:48:33', '2018-03-27 10:48:33'),
(2, 'belum kawin', '2018-03-27 10:48:33', '2018-03-27 10:48:33'),
(3, 'duda', '2018-03-27 10:48:33', '2018-03-27 10:48:33'),
(4, 'janda', '2018-03-27 10:48:33', '2018-03-27 10:48:33');

-- --------------------------------------------------------

--
-- Table structure for table `tbl_supplier`
--

CREATE TABLE `tbl_supplier` (
  `kode_supplier` varchar(15) NOT NULL,
  `nama_supplier` varchar(50) NOT NULL,
  `alamat_supplier` varchar(200) NOT NULL,
  `kota` varchar(25) NOT NULL,
  `telp` varchar(25) NOT NULL,
  `npwp` varchar(25) NOT NULL,
  `no_rekening` varchar(25) NOT NULL,
  `dtm_crt` datetime NOT NULL DEFAULT current_timestamp(),
  `dtm_upd` datetime NOT NULL DEFAULT current_timestamp()
) ENGINE=InnoDB DEFAULT CHARSET=latin1;

--
-- Dumping data for table `tbl_supplier`
--

INSERT INTO `tbl_supplier` (`kode_supplier`, `nama_supplier`, `alamat_supplier`, `kota`, `telp`, `npwp`, `no_rekening`, `dtm_crt`, `dtm_upd`) VALUES
('SUP1573714628', 'cv pharma mutia', 'jl cendana', 'yogyakarta', '0809090090909', '00-80909-090909', '08998977', '2019-11-14 13:57:08', '2019-11-14 07:57:30');

-- --------------------------------------------------------

--
-- Table structure for table `tbl_transaksi`
--

CREATE TABLE `tbl_transaksi` (
  `id_transaksi` bigint(20) NOT NULL,
  `kode_transaksi` varchar(20) NOT NULL,
  `id_klinik` int(11) NOT NULL,
  `no_transaksi` varchar(30) NOT NULL,
  `tgl_transaksi` date NOT NULL,
  `status_transaksi` int(2) NOT NULL,
  `atas_nama` varchar(60) DEFAULT NULL,
  `dtm_crt` datetime NOT NULL DEFAULT current_timestamp(),
  `dtm_upd` datetime NOT NULL DEFAULT current_timestamp()
) ENGINE=MyISAM DEFAULT CHARSET=latin1;

--
-- Dumping data for table `tbl_transaksi`
--

INSERT INTO `tbl_transaksi` (`id_transaksi`, `kode_transaksi`, `id_klinik`, `no_transaksi`, `tgl_transaksi`, `status_transaksi`, `atas_nama`, `dtm_crt`, `dtm_upd`) VALUES
(1, 'TRXOBAT', 1, 'TRXOBAT000051', '2019-12-06', 1, 'Bu Utari', '2019-12-06 10:28:54', '2019-12-13 13:23:27'),
(2, 'PRKS', 1, '000040-1/20191206/000003-1-1', '2019-12-06', 1, 'Rahma', '2019-12-06 10:35:11', '2019-12-18 13:18:21'),
(3, 'PRKS', 1, '000047-1/20191206/000007-1', '2019-12-06', 1, 'Rahma', '2019-12-06 20:29:51', '2019-12-18 13:52:20'),
(4, 'PRKS', 1, '000049/20191206/000001-1', '2019-12-06', 1, 'jafar', '2019-12-06 22:02:12', '2019-12-11 15:07:30'),
(5, 'TRXOBAT', 1, 'TRXOBAT000065', '2019-12-08', 1, 'jafar', '2019-12-08 21:16:10', '2019-12-16 01:59:43'),
(6, 'TRXOBAT', 1, 'TRXOBAT000066', '2019-12-08', 1, 'Ibu Sri', '2019-12-08 21:18:47', '2019-12-13 13:25:27'),
(7, 'TRXOBAT', 1, 'TRXOBAT000067', '2019-12-11', 1, 'asd', '2019-12-11 09:02:06', '2020-01-10 05:00:31'),
(8, 'TRXOBAT', 1, 'TRXOBAT000068', '2019-12-11', 0, 'Muhammad Ariyanto Wijaya', '2019-12-11 09:12:00', '2019-12-11 09:12:00'),
(9, 'TRXOBAT', 1, 'TRXOBAT000069', '2019-12-13', 0, 'Ibu Sri', '2019-12-13 09:37:10', '2019-12-13 09:37:10'),
(10, 'TRXOBAT', 1, 'TRXOBAT000070', '2019-12-21', 1, 'ahmad jais', '2019-12-21 12:46:43', '2019-12-21 05:47:49'),
(11, 'PRKS', 2, '000053/20191221/000019', '2019-12-21', 0, NULL, '2019-12-21 13:05:06', '2019-12-21 13:05:06'),
(12, 'PRKS', 2, '000054/20191221/000001', '2019-12-21', 0, NULL, '2019-12-21 13:08:22', '2019-12-21 13:08:22'),
(13, 'TRXOBAT', 1, 'TRXOBAT000071', '2019-12-29', 0, 'Akbar', '2019-12-29 12:17:33', '2019-12-29 12:17:33'),
(14, 'TRXOBAT', 1, 'TRXOBAT000072', '2020-01-04', 1, 'heru', '2020-01-04 17:45:19', '2020-01-14 23:03:00'),
(15, 'PRKS', 1, '000057/20200110/000020', '2020-01-10', 1, 'aksa', '2020-01-10 11:57:04', '2020-01-14 23:01:26'),
(16, 'PRKS', 1, '000062/20200114/000025', '2020-01-14', 1, 'muflih', '2020-01-15 05:56:02', '2020-01-15 09:36:18'),
(17, 'PRKS', 2, '000055/20200115/000001-1', '2020-01-15', 0, NULL, '2020-01-15 16:30:05', '2020-01-15 16:30:05'),
(18, 'TRXOBAT', 1, 'TRXOBAT000073', '2020-01-15', 1, 'muflih', '2020-01-15 17:14:30', '2020-01-15 10:14:47'),
(19, 'PRKS', 1, '000063/20200116/000026', '2020-01-16', 1, 'mmm', '2020-01-16 13:53:44', '2020-01-16 06:56:56'),
(20, 'TRXOBAT', 1, 'TRXOBAT000074', '2020-01-16', 0, 'mmm', '2020-01-16 13:57:51', '2020-01-16 13:57:51'),
(21, 'PRKS', 1, '000067/20200121/000027', '2020-01-21', 1, 'david', '2020-01-21 18:55:51', '2021-09-16 05:51:22'),
(22, 'PRKS', 0, '000056/20200121/000001-1', '2020-01-21', 0, NULL, '2020-01-21 18:59:39', '2020-01-21 18:59:39'),
(23, 'PRKS', 1, '000070/20200619/000028', '2020-06-19', 1, 'david', '2020-06-19 08:22:57', '2021-09-27 08:15:38'),
(24, 'PRKS', 1, '000064/20200619/000001', '2020-06-19', 0, NULL, '2020-06-19 08:30:02', '2020-06-19 08:30:02'),
(25, 'PRKS', 1, '000071/20200619/000029', '2020-06-19', 1, 'jafar', '2020-06-19 08:34:27', '2020-06-19 01:35:54'),
(26, 'PRKS', 1, '000073/20200619/000007-1', '2020-06-19', 1, 'Jauhari', '2020-06-19 08:59:25', '2020-06-19 02:01:23'),
(27, 'PRKS', 1, '000074/20200630/000031', '2020-06-30', 1, 'Ahmad Arif', '2020-06-30 09:00:58', '2020-06-30 02:05:20'),
(28, 'PRKS', 1, '000075/20201027/000001', '2020-10-27', 1, 'nn', '2020-10-27 14:21:38', '2020-10-27 08:22:22'),
(29, 'TRXOBAT', 1, 'TRXOBAT000075', '2020-10-27', 1, 'Jafar', '2020-10-27 15:26:12', '2020-10-27 08:28:50'),
(30, 'PRKS', 1, '000072/20210618/000030', '2021-06-18', 1, 'Jafar', '2021-06-18 14:59:33', '2021-06-18 08:18:37'),
(31, 'PRKS', 1, '000065/20210618/000025', '2021-06-18', 0, NULL, '2021-06-18 15:09:21', '2021-06-18 15:09:21'),
(32, 'PRKS', 1, '000076/20210618/0000010-1', '2021-06-18', 1, 'david', '2021-06-18 16:31:53', '2021-09-19 08:30:03'),
(33, 'TRXOBAT', 1, 'TRXOBAT000076', '2021-06-18', 1, 'Jafar', '2021-06-18 16:47:33', '2021-09-22 06:05:35'),
(34, 'PRKS', 1, '000069/20210622/000003-1-1', '2021-06-22', 1, 'Achmad Arif', '2021-06-22 10:04:08', '2021-06-22 03:09:28'),
(35, 'PRKS', 1, '000082/20210623/000034', '2021-06-23', 0, NULL, '2021-06-23 09:39:58', '2021-06-23 09:39:58'),
(36, 'PRKS', 1, '000061/20210913/000024', '2021-09-13', 0, NULL, '2021-09-13 09:51:17', '2021-09-13 09:51:17'),
(37, 'PRKS', 1, '000078/20210915/000033', '2021-09-15', 0, NULL, '2021-09-15 12:20:12', '2021-09-15 12:20:12'),
(38, 'PRKS', 1, '000068/20210916/000027', '2021-09-16', 1, 'david', '2021-09-16 10:50:29', '2021-09-22 06:04:42'),
(39, 'TRXOBAT', 1, 'TRXOBAT000077', '2021-09-16', 1, 'david', '2021-09-16 11:08:29', '2021-09-22 06:05:00'),
(40, 'TRXOBAT', 1, 'TRXOBAT000078', '2021-09-16', 1, 'david', '2021-09-16 11:08:41', '2021-09-21 02:29:58'),
(44, 'SKS', 1, 'SKS/21/09/1', '2021-09-18', 1, 'David', '2021-09-18 10:50:26', '2021-09-18 22:13:40'),
(45, 'RAPANTIGEN', 1, '1/IX/COVID-19/KR/2021', '2021-09-19', 1, 'david', '2021-09-19 03:30:10', '2021-09-19 08:30:52'),
(46, 'RAPANTIGEN', 1, '2/IX/COVID-19/KR/2021', '2021-09-19', 1, 'david', '2021-09-19 03:36:53', '2021-09-19 13:33:19'),
(47, 'PRKS', 1, '000084/20210921/000035', '2021-09-21', 1, 'david', '2021-09-21 07:15:53', '2021-09-21 02:20:23'),
(48, 'RAPANTIGEN', 1, '6/IX/COVID-19/KR/2021', '2021-09-22', 0, 'test2', '2021-09-22 05:26:22', '2021-09-22 05:26:22'),
(49, 'RAPANTIGEN', 1, '5/IX/COVID-19/KR/2021', '2021-09-22', 0, 'Tempore qui est do', '2021-09-22 05:51:04', '2021-09-22 05:51:04'),
(50, 'TRXOBAT', 1, 'TRXOBAT000079', '2021-09-27', 1, 'david', '2021-09-27 08:06:41', '2021-09-27 08:07:09');

-- --------------------------------------------------------

--
-- Table structure for table `tbl_transaksi_d`
--

CREATE TABLE `tbl_transaksi_d` (
  `id_transaksi_d` bigint(20) NOT NULL,
  `no_transaksi` varchar(30) NOT NULL,
  `deskripsi` varchar(200) NOT NULL,
  `amount_transaksi` bigint(20) NOT NULL,
  `dc` varchar(2) NOT NULL,
  `dtm_crt` datetime NOT NULL DEFAULT current_timestamp(),
  `dtm_upd` datetime NOT NULL DEFAULT current_timestamp()
) ENGINE=MyISAM DEFAULT CHARSET=latin1;

--
-- Dumping data for table `tbl_transaksi_d`
--

INSERT INTO `tbl_transaksi_d` (`id_transaksi_d`, `no_transaksi`, `deskripsi`, `amount_transaksi`, `dc`, `dtm_crt`, `dtm_upd`) VALUES
(1, 'TRXOBAT000051', 'Total Obat-obatan', 32000, 'd', '2019-12-06 10:28:54', '2019-12-06 10:28:54'),
(2, '000040-1/20191206/000003-1-1', 'Total Obat-obatan', 0, 'd', '2019-12-06 10:35:11', '2019-12-16 02:03:20'),
(3, '000040-1/20191206/000003-1-1', 'Subsidi Obat-obatan', 25000, 'c', '2019-12-06 10:35:11', '2019-12-06 10:35:11'),
(4, '000040-1/20191206/000003-1-1', 'Biaya Pemeriksaan', 150000, 'd', '2019-12-06 10:35:11', '2019-12-06 10:35:11'),
(5, '000040-1/20191206/000003-1-1', 'Biaya Tindakan', 150000, 'd', '2019-12-06 10:35:11', '2019-12-06 10:35:11'),
(6, '000047-1/20191206/000007-1', 'Total Obat-obatan', 0, 'd', '2019-12-06 20:29:51', '2019-12-16 02:03:29'),
(7, '000047-1/20191206/000007-1', 'Subsidi Obat-obatan', 900, 'c', '2019-12-06 20:29:51', '2019-12-06 20:29:51'),
(8, '000047-1/20191206/000007-1', 'Biaya Pemeriksaan', 5000, 'd', '2019-12-06 20:29:51', '2019-12-06 20:29:51'),
(9, '000047-1/20191206/000007-1', 'Biaya Tindakan', 500, 'd', '2019-12-06 20:29:51', '2019-12-06 20:29:51'),
(10, '000049/20191206/000001-1', 'Total Obat-obatan', 0, 'd', '2019-12-06 22:02:12', '2019-12-11 02:01:39'),
(11, '000049/20191206/000001-1', 'Subsidi Obat-obatan', 500, 'c', '2019-12-06 22:02:12', '2019-12-06 22:02:12'),
(12, '000049/20191206/000001-1', 'Biaya Pemeriksaan', 400, 'd', '2019-12-06 22:02:12', '2019-12-06 22:02:12'),
(13, '000049/20191206/000001-1', 'Biaya Tindakan', 7000, 'd', '2019-12-06 22:02:12', '2019-12-06 22:02:12'),
(14, 'TRXOBAT000058', 'Total Obat-obatan', 49000, 'd', '2019-12-08 21:16:10', '2019-12-08 21:16:10'),
(15, 'TRXOBAT000066', 'Total Obat-obatan', 60000, 'd', '2019-12-08 21:18:47', '2019-12-08 21:18:47'),
(16, 'TRXOBAT000067', 'Total Obat-obatan', 25000, 'd', '2019-12-11 09:02:06', '2019-12-11 09:02:06'),
(17, 'TRXOBAT000068', 'Total Obat-obatan', 60000, 'd', '2019-12-11 09:12:00', '2019-12-11 09:12:00'),
(18, '000049/20191206/000001-1', 'Pembayaran Biaya Medis a/n jafar', 7300, 'c', '2019-12-11 22:07:30', '2019-12-11 22:07:30'),
(19, '000049/20191206/000001-1', 'Biaya Administrasi', 400, 'd', '2019-12-11 22:07:30', '2019-12-11 22:07:30'),
(20, 'TRXOBAT000069', 'Total Obat-obatan', 30000, 'd', '2019-12-13 09:37:10', '2019-12-13 09:37:10'),
(21, 'TRXOBAT000051', 'Subsidi dari Kasir', 3200, 'c', '2019-12-13 20:23:27', '2019-12-13 20:23:27'),
(22, 'TRXOBAT000051', 'Pembayaran Biaya Medis', 28800, 'c', '2019-12-13 20:23:27', '2019-12-13 20:23:27'),
(23, 'TRXOBAT000066', 'Subsidi dari Kasir', 6000, 'c', '2019-12-13 20:25:27', '2019-12-13 20:25:27'),
(24, 'TRXOBAT000066', 'Pembayaran Biaya Medis', 54000, 'c', '2019-12-13 20:25:27', '2019-12-13 20:25:27'),
(25, 'TRXOBAT000065', 'Subsidi dari Kasir', 0, 'c', '2019-12-16 08:59:43', '2019-12-16 08:59:43'),
(26, 'TRXOBAT000065', 'Pembayaran Biaya Medis', 0, 'c', '2019-12-16 08:59:43', '2019-12-16 08:59:43'),
(27, '000040-1/20191206/000003-1-1', 'Subsidi dari Kasir', 200000, 'c', '2019-12-18 20:18:21', '2019-12-18 20:18:21'),
(28, '000040-1/20191206/000003-1-1', 'Pembayaran Biaya Medis a/n Rahma', 13123198123, 'c', '2019-12-18 20:18:21', '2019-12-18 20:18:21'),
(29, '000040-1/20191206/000003-1-1', 'Biaya Administrasi', 13123123123, 'd', '2019-12-18 20:18:21', '2019-12-18 20:18:21'),
(30, '000047-1/20191206/000007-1', 'Subsidi dari Kasir', 127723, 'c', '2019-12-18 20:52:20', '2019-12-18 20:52:20'),
(31, '000047-1/20191206/000007-1', 'Pembayaran Biaya Medis a/n Rahma', 0, 'c', '2019-12-18 20:52:20', '2019-12-18 20:52:20'),
(32, '000047-1/20191206/000007-1', 'Biaya Administrasi', 123123, 'd', '2019-12-18 20:52:20', '2019-12-18 20:52:20'),
(33, 'TRXOBAT000070', 'Total Obat-obatan', 17000, 'd', '2019-12-21 12:46:43', '2019-12-21 12:46:43'),
(34, 'TRXOBAT000070', 'Subsidi dari Kasir', 1700, 'c', '2019-12-21 12:47:49', '2019-12-21 12:47:49'),
(35, 'TRXOBAT000070', 'Pembayaran Biaya Medis', 15300, 'c', '2019-12-21 12:47:49', '2019-12-21 12:47:49'),
(36, '000053/20191221/000019', 'Total Obat-obatan', 85000, 'd', '2019-12-21 13:05:06', '2019-12-21 13:05:06'),
(37, '000053/20191221/000019', 'Subsidi Obat-obatan', 0, 'c', '2019-12-21 13:05:06', '2019-12-21 13:05:06'),
(38, '000053/20191221/000019', 'Biaya Pemeriksaan', 10000, 'd', '2019-12-21 13:05:06', '2019-12-21 13:05:06'),
(39, '000053/20191221/000019', 'Biaya Tindakan', 10000, 'd', '2019-12-21 13:05:06', '2019-12-21 13:05:06'),
(40, '000054/20191221/000001', 'Total Obat-obatan', 85000, 'd', '2019-12-21 13:08:22', '2019-12-21 13:08:22'),
(41, '000054/20191221/000001', 'Subsidi Obat-obatan', 0, 'c', '2019-12-21 13:08:22', '2019-12-21 13:08:22'),
(42, '000054/20191221/000001', 'Biaya Pemeriksaan', 0, 'd', '2019-12-21 13:08:22', '2019-12-21 13:08:22'),
(43, '000054/20191221/000001', 'Biaya Tindakan', 0, 'd', '2019-12-21 13:08:22', '2019-12-21 13:08:22'),
(44, 'TRXOBAT000071', 'Total Obat-obatan', 2000, 'd', '2019-12-29 12:17:33', '2019-12-29 12:17:33'),
(45, 'TRXOBAT000072', 'Total Obat-obatan', 35000, 'd', '2020-01-04 17:45:19', '2020-01-04 17:45:19'),
(46, '000057/20200110/000020', 'Total Obat-obatan', 10000, 'd', '2020-01-10 11:57:04', '2020-01-10 05:02:27'),
(47, '000057/20200110/000020', 'Subsidi Obat-obatan', 0, 'c', '2020-01-10 11:57:04', '2020-01-10 11:57:04'),
(48, '000057/20200110/000020', 'Biaya Pemeriksaan', 0, 'd', '2020-01-10 11:57:04', '2020-01-10 11:57:04'),
(49, '000057/20200110/000020', 'Biaya Tindakan', 0, 'd', '2020-01-10 11:57:04', '2020-01-10 11:57:04'),
(50, 'TRXOBAT000067', 'Subsidi dari Kasir', 0, 'c', '2020-01-10 12:00:31', '2020-01-10 12:00:31'),
(51, 'TRXOBAT000067', 'Pembayaran Biaya Medis', 25000, 'c', '2020-01-10 12:00:31', '2020-01-10 12:00:31'),
(52, '000062/20200114/000025', 'Total Obat-obatan', 20000, 'd', '2020-01-15 05:56:02', '2020-01-14 23:04:31'),
(53, '000062/20200114/000025', 'Subsidi Obat-obatan', 0, 'c', '2020-01-15 05:56:02', '2020-01-15 05:56:02'),
(54, '000062/20200114/000025', 'Biaya Pemeriksaan', 35000, 'd', '2020-01-15 05:56:02', '2020-01-15 05:56:02'),
(55, '000062/20200114/000025', 'Biaya Tindakan', 0, 'd', '2020-01-15 05:56:02', '2020-01-15 05:56:02'),
(56, '000057/20200110/000020', 'Pembayaran Biaya Medis a/n aksa', 10000, 'c', '2020-01-15 06:01:26', '2020-01-15 06:01:26'),
(57, '000057/20200110/000020', 'Biaya Administrasi', 0, 'd', '2020-01-15 06:01:26', '2020-01-15 06:01:26'),
(58, 'TRXOBAT000072', 'Subsidi dari Kasir', 0, 'c', '2020-01-15 06:03:00', '2020-01-15 06:03:00'),
(59, 'TRXOBAT000072', 'Pembayaran Biaya Medis', 35000, 'c', '2020-01-15 06:03:00', '2020-01-15 06:03:00'),
(60, '000055/20200115/000001-1', 'Total Obat-obatan', 150000, 'd', '2020-01-15 16:30:05', '2020-01-15 16:30:05'),
(61, '000055/20200115/000001-1', 'Subsidi Obat-obatan', 0, 'c', '2020-01-15 16:30:05', '2020-01-15 16:30:05'),
(62, '000055/20200115/000001-1', 'Biaya Pemeriksaan', 35000, 'd', '2020-01-15 16:30:05', '2020-01-15 16:30:05'),
(63, '000055/20200115/000001-1', 'Biaya Tindakan', 15000, 'd', '2020-01-15 16:30:05', '2020-01-15 16:30:05'),
(64, '000062/20200114/000025', 'Pembayaran Biaya Medis a/n muflih', 55000, 'c', '2020-01-15 16:36:18', '2020-01-15 16:36:18'),
(65, '000062/20200114/000025', 'Biaya Administrasi', 0, 'd', '2020-01-15 16:36:18', '2020-01-15 16:36:18'),
(66, 'TRXOBAT000073', 'Total Obat-obatan', 62000, 'd', '2020-01-15 17:14:30', '2020-01-15 17:14:30'),
(67, 'TRXOBAT000073', 'Subsidi dari Kasir', 0, 'c', '2020-01-15 17:14:47', '2020-01-15 17:14:47'),
(68, 'TRXOBAT000073', 'Pembayaran Biaya Medis', 62000, 'c', '2020-01-15 17:14:47', '2020-01-15 17:14:47'),
(69, '000063/20200116/000026', 'Total Obat-obatan', 10000, 'd', '2020-01-16 13:53:44', '2020-01-16 06:55:03'),
(70, '000063/20200116/000026', 'Subsidi Obat-obatan', 0, 'c', '2020-01-16 13:53:44', '2020-01-16 13:53:44'),
(71, '000063/20200116/000026', 'Biaya Pemeriksaan', 30000, 'd', '2020-01-16 13:53:44', '2020-01-16 13:53:44'),
(72, '000063/20200116/000026', 'Biaya Tindakan', 5000, 'd', '2020-01-16 13:53:44', '2020-01-16 13:53:44'),
(73, '000063/20200116/000026', 'Pembayaran Biaya Medis a/n mmm', 45000, 'c', '2020-01-16 13:56:56', '2020-01-16 13:56:56'),
(74, '000063/20200116/000026', 'Biaya Administrasi', 0, 'd', '2020-01-16 13:56:56', '2020-01-16 13:56:56'),
(75, 'TRXOBAT000074', 'Total Obat-obatan', 15000, 'd', '2020-01-16 13:57:51', '2020-01-16 13:57:51'),
(76, '000067/20200121/000027', 'Total Obat-obatan', 75000, 'd', '2020-01-21 18:55:51', '2021-09-13 05:57:27'),
(77, '000067/20200121/000027', 'Subsidi Obat-obatan', 0, 'c', '2020-01-21 18:55:51', '2020-01-21 18:55:51'),
(78, '000067/20200121/000027', 'Biaya Pemeriksaan', 20000, 'd', '2020-01-21 18:55:51', '2020-01-21 18:55:51'),
(79, '000067/20200121/000027', 'Biaya Tindakan', 10000, 'd', '2020-01-21 18:55:51', '2020-01-21 18:55:51'),
(80, '000056/20200121/000001-1', 'Total Obat-obatan', 75000, 'd', '2020-01-21 18:59:39', '2020-01-21 18:59:39'),
(81, '000056/20200121/000001-1', 'Subsidi Obat-obatan', 0, 'c', '2020-01-21 18:59:39', '2020-01-21 18:59:39'),
(82, '000056/20200121/000001-1', 'Biaya Pemeriksaan', 12000, 'd', '2020-01-21 18:59:39', '2020-01-21 18:59:39'),
(83, '000056/20200121/000001-1', 'Biaya Tindakan', 50000, 'd', '2020-01-21 18:59:39', '2020-01-21 18:59:39'),
(84, '000070/20200619/000028', 'Total Obat-obatan', 75000, 'd', '2020-06-19 08:22:57', '2021-09-27 03:16:56'),
(85, '000070/20200619/000028', 'Subsidi Obat-obatan', 0, 'c', '2020-06-19 08:22:57', '2020-06-19 08:22:57'),
(86, '000070/20200619/000028', 'Biaya Pemeriksaan', 10000, 'd', '2020-06-19 08:22:57', '2020-06-19 08:22:57'),
(87, '000070/20200619/000028', 'Biaya Tindakan', 0, 'd', '2020-06-19 08:22:57', '2020-06-19 08:22:57'),
(88, '000064/20200619/000001', 'Total Obat-obatan', 75000, 'd', '2020-06-19 08:30:02', '2020-06-19 08:30:02'),
(89, '000064/20200619/000001', 'Subsidi Obat-obatan', 0, 'c', '2020-06-19 08:30:02', '2020-06-19 08:30:02'),
(90, '000064/20200619/000001', 'Biaya Pemeriksaan', 0, 'd', '2020-06-19 08:30:02', '2020-06-19 08:30:02'),
(91, '000064/20200619/000001', 'Biaya Tindakan', 0, 'd', '2020-06-19 08:30:02', '2020-06-19 08:30:02'),
(92, '000071/20200619/000029', 'Total Obat-obatan', 10000, 'd', '2020-06-19 08:34:27', '2020-06-19 01:35:07'),
(93, '000071/20200619/000029', 'Subsidi Obat-obatan', 0, 'c', '2020-06-19 08:34:27', '2020-06-19 08:34:27'),
(94, '000071/20200619/000029', 'Biaya Pemeriksaan', 1000, 'd', '2020-06-19 08:34:27', '2020-06-19 08:34:27'),
(95, '000071/20200619/000029', 'Biaya Tindakan', 0, 'd', '2020-06-19 08:34:27', '2020-06-19 08:34:27'),
(96, '000071/20200619/000029', 'Pembayaran Biaya Medis a/n jafar', 13000, 'c', '2020-06-19 08:35:54', '2020-06-19 08:35:54'),
(97, '000071/20200619/000029', 'Biaya Administrasi', 2000, 'd', '2020-06-19 08:35:54', '2020-06-19 08:35:54'),
(98, '000073/20200619/000007-1', 'Total Obat-obatan', 10000, 'd', '2020-06-19 08:59:25', '2020-06-19 02:00:30'),
(99, '000073/20200619/000007-1', 'Subsidi Obat-obatan', 0, 'c', '2020-06-19 08:59:25', '2020-06-19 08:59:25'),
(100, '000073/20200619/000007-1', 'Biaya Pemeriksaan', 2000, 'd', '2020-06-19 08:59:25', '2020-06-19 08:59:25'),
(101, '000073/20200619/000007-1', 'Biaya Tindakan', 0, 'd', '2020-06-19 08:59:25', '2020-06-19 08:59:25'),
(102, '000073/20200619/000007-1', 'Pembayaran Biaya Medis a/n Jauhari', 14000, 'c', '2020-06-19 09:01:23', '2020-06-19 09:01:23'),
(103, '000073/20200619/000007-1', 'Biaya Administrasi', 2000, 'd', '2020-06-19 09:01:23', '2020-06-19 09:01:23'),
(104, '000074/20200630/000031', 'Total Obat-obatan', 15000, 'd', '2020-06-30 09:00:58', '2020-06-30 02:03:25'),
(105, '000074/20200630/000031', 'Subsidi Obat-obatan', 0, 'c', '2020-06-30 09:00:58', '2020-06-30 09:00:58'),
(106, '000074/20200630/000031', 'Biaya Pemeriksaan', 150000, 'd', '2020-06-30 09:00:58', '2020-06-30 09:00:58'),
(107, '000074/20200630/000031', 'Biaya Tindakan', 150000, 'd', '2020-06-30 09:00:58', '2020-06-30 09:00:58'),
(108, '000074/20200630/000031', 'Pembayaran Biaya Medis a/n Ahmad Arif', 325000, 'c', '2020-06-30 09:05:20', '2020-06-30 09:05:20'),
(109, '000074/20200630/000031', 'Biaya Administrasi', 10000, 'd', '2020-06-30 09:05:20', '2020-06-30 09:05:20'),
(110, '000075/20201027/000001', 'Total Obat-obatan', 2000, 'd', '2020-10-27 14:21:38', '2020-10-27 07:55:05'),
(111, '000075/20201027/000001', 'Subsidi Obat-obatan', 0, 'c', '2020-10-27 14:21:38', '2020-10-27 14:21:38'),
(112, '000075/20201027/000001', 'Biaya Pemeriksaan', 99984, 'd', '2020-10-27 14:21:38', '2020-10-27 14:21:38'),
(113, '000075/20201027/000001', 'Biaya Tindakan', 0, 'd', '2020-10-27 14:21:38', '2020-10-27 14:21:38'),
(114, '000075/20201027/000001', 'Pembayaran Biaya Medis a/n nn', 101984, 'c', '2020-10-27 15:22:22', '2020-10-27 15:22:22'),
(115, '000075/20201027/000001', 'Biaya Administrasi', 0, 'd', '2020-10-27 15:22:22', '2020-10-27 15:22:22'),
(116, 'TRXOBAT000075', 'Total Obat-obatan', 32000, 'd', '2020-10-27 15:26:12', '2020-10-27 15:26:12'),
(117, 'TRXOBAT000075', 'Subsidi dari Kasir', 0, 'c', '2020-10-27 15:28:50', '2020-10-27 15:28:50'),
(118, 'TRXOBAT000075', 'Pembayaran Biaya Medis', 32000, 'c', '2020-10-27 15:28:50', '2020-10-27 15:28:50'),
(119, '000072/20210618/000030', 'Total Obat-obatan', 75000, 'd', '2021-06-18 14:59:33', '2021-06-18 08:01:39'),
(120, '000072/20210618/000030', 'Subsidi Obat-obatan', 0, 'c', '2021-06-18 14:59:33', '2021-06-18 14:59:33'),
(121, '000072/20210618/000030', 'Biaya Pemeriksaan', 30000, 'd', '2021-06-18 14:59:33', '2021-06-18 14:59:33'),
(122, '000072/20210618/000030', 'Biaya Tindakan', 30000, 'd', '2021-06-18 14:59:33', '2021-06-18 14:59:33'),
(123, '000065/20210618/000025', 'Total Obat-obatan', 10000, 'd', '2021-06-18 15:09:21', '2021-06-18 15:09:21'),
(124, '000065/20210618/000025', 'Subsidi Obat-obatan', 0, 'c', '2021-06-18 15:09:21', '2021-06-18 15:09:21'),
(125, '000065/20210618/000025', 'Biaya Pemeriksaan', 30000, 'd', '2021-06-18 15:09:21', '2021-06-18 15:09:21'),
(126, '000065/20210618/000025', 'Biaya Tindakan', 20000, 'd', '2021-06-18 15:09:21', '2021-06-18 15:09:21'),
(127, '000072/20210618/000030', 'Pembayaran Biaya Medis a/n Jafar', 136000, 'c', '2021-06-18 15:18:37', '2021-06-18 15:18:37'),
(128, '000072/20210618/000030', 'Biaya Administrasi', 1000, 'd', '2021-06-18 15:18:37', '2021-06-18 15:18:37'),
(129, '000076/20210618/0000010-1', 'Total Obat-obatan', 12000, 'd', '2021-06-18 16:31:53', '2021-06-22 03:07:17'),
(130, '000076/20210618/0000010-1', 'Subsidi Obat-obatan', 0, 'c', '2021-06-18 16:31:53', '2021-06-18 16:31:53'),
(131, '000076/20210618/0000010-1', 'Biaya Pemeriksaan', 110000, 'd', '2021-06-18 16:31:53', '2021-06-18 16:31:53'),
(132, '000076/20210618/0000010-1', 'Biaya Tindakan', 210000, 'd', '2021-06-18 16:31:53', '2021-06-18 16:31:53'),
(133, 'TRXOBAT000076', 'Total Obat-obatan', 30000, 'd', '2021-06-18 16:47:33', '2021-06-18 16:47:33'),
(134, '000069/20210622/000003-1-1', 'Total Obat-obatan', 105000, 'd', '2021-06-22 10:04:08', '2021-06-22 03:06:52'),
(135, '000069/20210622/000003-1-1', 'Subsidi Obat-obatan', 0, 'c', '2021-06-22 10:04:08', '2021-06-22 10:04:08'),
(136, '000069/20210622/000003-1-1', 'Biaya Pemeriksaan', 70000, 'd', '2021-06-22 10:04:08', '2021-06-22 10:04:08'),
(137, '000069/20210622/000003-1-1', 'Biaya Tindakan', 85000, 'd', '2021-06-22 10:04:08', '2021-06-22 10:04:08'),
(138, '000069/20210622/000003-1-1', 'Pembayaran Biaya Medis a/n Achmad Arif', 267000, 'c', '2021-06-22 10:09:28', '2021-06-22 10:09:28'),
(139, '000069/20210622/000003-1-1', 'Biaya Administrasi', 7000, 'd', '2021-06-22 10:09:28', '2021-06-22 10:09:28'),
(140, '000082/20210623/000034', 'Total Obat-obatan', 10000, 'd', '2021-06-23 09:39:58', '2021-06-23 04:43:17'),
(141, '000082/20210623/000034', 'Subsidi Obat-obatan', 0, 'c', '2021-06-23 09:39:58', '2021-06-23 09:39:58'),
(142, '000082/20210623/000034', 'Biaya Pemeriksaan', 10000, 'd', '2021-06-23 09:39:58', '2021-06-23 09:39:58'),
(143, '000082/20210623/000034', 'Biaya Tindakan', 10000, 'd', '2021-06-23 09:39:58', '2021-06-23 09:39:58'),
(144, '000061/20210913/000024', 'Total Obat-obatan', 75000, 'd', '2021-09-13 09:51:17', '2021-09-13 09:51:17'),
(145, '000061/20210913/000024', 'Subsidi Obat-obatan', 0, 'c', '2021-09-13 09:51:17', '2021-09-13 09:51:17'),
(146, '000061/20210913/000024', 'Biaya Pemeriksaan', 10000, 'd', '2021-09-13 09:51:17', '2021-09-13 09:51:17'),
(147, '000061/20210913/000024', 'Biaya Tindakan', 100000, 'd', '2021-09-13 09:51:17', '2021-09-13 09:51:17'),
(148, '000078/20210915/000033', 'Total Obat-obatan', 75000, 'd', '2021-09-15 12:20:12', '2021-09-27 03:08:13'),
(149, '000078/20210915/000033', 'Subsidi Obat-obatan', 0, 'c', '2021-09-15 12:20:12', '2021-09-15 12:20:12'),
(150, '000078/20210915/000033', 'Biaya Pemeriksaan', 10000, 'd', '2021-09-15 12:20:12', '2021-09-15 12:20:12'),
(151, '000078/20210915/000033', 'Biaya Tindakan', 10000, 'd', '2021-09-15 12:20:12', '2021-09-15 12:20:12'),
(152, '000068/20210916/000027', 'Total Obat-obatan', 10000, 'd', '2021-09-16 10:50:29', '2021-09-22 01:04:04'),
(153, '000068/20210916/000027', 'Subsidi Obat-obatan', 0, 'c', '2021-09-16 10:50:29', '2021-09-16 10:50:29'),
(154, '000068/20210916/000027', 'Biaya Pemeriksaan', 10000, 'd', '2021-09-16 10:50:29', '2021-09-16 10:50:29'),
(155, '000068/20210916/000027', 'Biaya Tindakan', 10000, 'd', '2021-09-16 10:50:29', '2021-09-16 10:50:29'),
(156, '000067/20200121/000027', 'Pembayaran Biaya Medis a/n david', 115000, 'c', '2021-09-16 10:51:22', '2021-09-16 10:51:22'),
(157, '000067/20200121/000027', 'Biaya Administrasi', 10000, 'd', '2021-09-16 10:51:22', '2021-09-16 10:51:22'),
(158, 'TRXOBAT000077', 'Total Obat-obatan', 2000, 'd', '2021-09-16 11:08:29', '2021-09-16 11:08:29'),
(159, 'TRXOBAT000078', 'Total Obat-obatan', 2000, 'd', '2021-09-16 11:08:41', '2021-09-16 11:08:41'),
(162, 'SKS/21/09/1', 'Biaya Pemeriksaan', 50000, 'd', '2021-09-18 10:50:26', '2021-09-18 10:50:26'),
(163, 'SKS/21/09/1', 'Subsidi dari Kasir', 5000, 'c', '2021-09-19 03:13:40', '2021-09-19 03:13:40'),
(164, 'SKS/21/09/1', 'Pembayaran Biaya Medis a/n David', 55000, 'c', '2021-09-19 03:13:40', '2021-09-19 03:13:40'),
(165, 'SKS/21/09/1', 'Biaya Administrasi', 10000, 'd', '2021-09-19 03:13:40', '2021-09-19 03:13:40'),
(166, '1/IX/COVID-19/KR/2021', 'Biaya Pemeriksaan', 30000, 'd', '2021-09-19 03:30:10', '2021-09-19 03:30:10'),
(167, '2/IX/COVID-19/KR/2021', 'Biaya Pemeriksaan', 30000, 'd', '2021-09-19 03:36:53', '2021-09-19 03:36:53'),
(168, '000076/20210618/0000010-1', 'Pembayaran Biaya Medis a/n david', 333000, 'c', '2021-09-19 13:30:03', '2021-09-19 13:30:03'),
(169, '000076/20210618/0000010-1', 'Biaya Administrasi', 1000, 'd', '2021-09-19 13:30:03', '2021-09-19 13:30:03'),
(170, '1/IX/COVID-19/KR/2021', 'Pembayaran Biaya Medis a/n david', 31000, 'c', '2021-09-19 13:30:52', '2021-09-19 13:30:52'),
(171, '1/IX/COVID-19/KR/2021', 'Biaya Administrasi', 1000, 'd', '2021-09-19 13:30:52', '2021-09-19 13:30:52'),
(172, '2/IX/COVID-19/KR/2021', 'Pembayaran Biaya Medis a/n david', 31000, 'c', '2021-09-19 18:33:19', '2021-09-19 18:33:19'),
(173, '2/IX/COVID-19/KR/2021', 'Biaya Administrasi', 1000, 'd', '2021-09-19 18:33:19', '2021-09-19 18:33:19'),
(174, '000084/20210921/000035', 'Total Obat-obatan', 10000, 'd', '2021-09-21 07:15:53', '2021-09-21 02:18:29'),
(175, '000084/20210921/000035', 'Subsidi Obat-obatan', 50, 'c', '2021-09-21 07:15:53', '2021-09-21 07:15:53'),
(176, '000084/20210921/000035', 'Biaya Pemeriksaan', 10000, 'd', '2021-09-21 07:15:53', '2021-09-21 07:15:53'),
(177, '000084/20210921/000035', 'Biaya Tindakan', 10000, 'd', '2021-09-21 07:15:53', '2021-09-21 07:15:53'),
(178, '000084/20210921/000035', 'Subsidi dari Kasir', 1000, 'c', '2021-09-21 07:20:23', '2021-09-21 07:20:23'),
(179, '000084/20210921/000035', 'Pembayaran Biaya Medis a/n david', 38950, 'c', '2021-09-21 07:20:23', '2021-09-21 07:20:23'),
(180, '000084/20210921/000035', 'Biaya Administrasi', 10000, 'd', '2021-09-21 07:20:23', '2021-09-21 07:20:23'),
(181, 'TRXOBAT000078', 'Subsidi dari Kasir', 0, 'c', '2021-09-21 07:29:58', '2021-09-21 07:29:58'),
(182, 'TRXOBAT000078', 'Pembayaran Biaya Medis', 2000, 'c', '2021-09-21 07:29:58', '2021-09-21 07:29:58'),
(183, '6/IX/COVID-19/KR/2021', 'Biaya Pemeriksaan', 30000, 'd', '2021-09-22 05:26:22', '2021-09-22 05:26:22'),
(184, '5/IX/COVID-19/KR/2021', 'Biaya Pemeriksaan', 30000, 'd', '2021-09-22 05:51:04', '2021-09-22 05:51:04'),
(185, '000068/20210916/000027', 'Pembayaran Biaya Medis a/n david', 35000, 'c', '2021-09-22 06:04:42', '2021-09-22 06:04:42'),
(186, '000068/20210916/000027', 'Biaya Administrasi', 5000, 'd', '2021-09-22 06:04:42', '2021-09-22 06:04:42'),
(187, 'TRXOBAT000077', 'Subsidi dari Kasir', 0, 'c', '2021-09-22 06:05:00', '2021-09-22 06:05:00'),
(188, 'TRXOBAT000077', 'Pembayaran Biaya Medis', 2000, 'c', '2021-09-22 06:05:00', '2021-09-22 06:05:00'),
(189, 'TRXOBAT000076', 'Subsidi dari Kasir', 0, 'c', '2021-09-22 06:05:35', '2021-09-22 06:05:35'),
(190, 'TRXOBAT000076', 'Pembayaran Biaya Medis', 30000, 'c', '2021-09-22 06:05:35', '2021-09-22 06:05:35'),
(191, 'TRXOBAT000079', 'Total Obat-obatan', 15000, 'd', '2021-09-27 08:06:41', '2021-09-27 08:06:41'),
(192, 'TRXOBAT000079', 'Subsidi dari Kasir', 0, 'c', '2021-09-27 08:07:09', '2021-09-27 08:07:09'),
(193, 'TRXOBAT000079', 'Pembayaran Biaya Medis', 15000, 'c', '2021-09-27 08:07:09', '2021-09-27 08:07:09'),
(194, '000070/20200619/000028', 'Pembayaran Biaya Medis a/n david', 95000, 'c', '2021-09-27 08:15:38', '2021-09-27 08:15:38'),
(195, '000070/20200619/000028', 'Biaya Administrasi', 10000, 'd', '2021-09-27 08:15:38', '2021-09-27 08:15:38');

-- --------------------------------------------------------

--
-- Table structure for table `tbl_transaksi_d_obat`
--

CREATE TABLE `tbl_transaksi_d_obat` (
  `id_transaksi_d_obat` int(11) NOT NULL,
  `no_transaksi` varchar(30) NOT NULL,
  `kode_barang` varchar(30) NOT NULL,
  `jumlah` int(11) NOT NULL,
  `harga` int(11) NOT NULL,
  `dtm_crt` datetime NOT NULL DEFAULT current_timestamp(),
  `dtm_upd` datetime NOT NULL DEFAULT current_timestamp()
) ENGINE=MyISAM DEFAULT CHARSET=latin1;

--
-- Dumping data for table `tbl_transaksi_d_obat`
--

INSERT INTO `tbl_transaksi_d_obat` (`id_transaksi_d_obat`, `no_transaksi`, `kode_barang`, `jumlah`, `harga`, `dtm_crt`, `dtm_upd`) VALUES
(1, 'TRXOBAT000051', 'BRG1575602130', 2, 15000, '2019-12-06 10:28:54', '2019-12-06 10:28:54'),
(2, 'TRXOBAT000051', 'BRG1575602404', 1, 2000, '2019-12-06 10:28:54', '2019-12-06 10:28:54'),
(3, 'TRXOBAT000058', 'BRG1575602130', 3, 15000, '2019-12-08 21:16:10', '2019-12-08 21:16:10'),
(4, 'TRXOBAT000058', 'BRG1575602404', 2, 2000, '2019-12-08 21:16:10', '2019-12-08 21:16:10'),
(5, 'TRXOBAT000066', 'BRG1575602130', 4, 15000, '2019-12-08 21:18:47', '2019-12-08 21:18:47'),
(6, 'TRXOBAT000067', 'BRG1575602130', 1, 15000, '2019-12-11 09:02:06', '2019-12-11 09:02:06'),
(7, 'TRXOBAT000067', 'BRG1575602404', 5, 2000, '2019-12-11 09:02:06', '2019-12-11 09:02:06'),
(8, 'TRXOBAT000068', 'BRG1575602130', 4, 15000, '2019-12-11 09:12:00', '2019-12-11 09:12:00'),
(9, 'TRXOBAT000069', 'BRG1575602130', 2, 15000, '2019-12-13 09:37:10', '2019-12-13 09:37:10'),
(10, 'TRXOBAT000070', 'BRG1575602404', 1, 2000, '2019-12-21 12:46:43', '2019-12-21 12:46:43'),
(11, 'TRXOBAT000070', 'BRG1575602130', 1, 15000, '2019-12-21 12:46:43', '2019-12-21 12:46:43'),
(12, 'TRXOBAT000071', 'BRG1575602404', 1, 2000, '2019-12-29 12:17:33', '2019-12-29 12:17:33'),
(13, 'TRXOBAT000072', 'BRG1575602130', 1, 15000, '2020-01-04 17:45:19', '2020-01-04 17:45:19'),
(14, 'TRXOBAT000072', 'BRG1575602404', 10, 2000, '2020-01-04 17:45:19', '2020-01-04 17:45:19'),
(15, 'TRXOBAT000073', 'BRG1575602130', 4, 15000, '2020-01-15 17:14:30', '2020-01-15 17:14:30'),
(16, 'TRXOBAT000073', 'BRG1575602404', 1, 2000, '2020-01-15 17:14:30', '2020-01-15 17:14:30'),
(17, 'TRXOBAT000074', 'BRG1575602130', 1, 15000, '2020-01-16 13:57:51', '2020-01-16 13:57:51'),
(18, 'TRXOBAT000075', 'BRG1575602130', 1, 15000, '2020-10-27 15:26:12', '2020-10-27 15:26:12'),
(19, 'TRXOBAT000075', 'BRG1575602130', 1, 15000, '2020-10-27 15:26:12', '2020-10-27 15:26:12'),
(20, 'TRXOBAT000075', 'BRG1575602404', 1, 2000, '2020-10-27 15:26:12', '2020-10-27 15:26:12'),
(21, 'TRXOBAT000076', 'BRG1575602130', 2, 15000, '2021-06-18 16:47:33', '2021-06-18 16:47:33'),
(22, 'TRXOBAT000077', 'BRG1575602404', 1, 2000, '2021-09-16 11:08:29', '2021-09-16 11:08:29'),
(23, 'TRXOBAT000078', 'BRG1575602404', 1, 2000, '2021-09-16 11:08:41', '2021-09-16 11:08:41'),
(24, 'TRXOBAT000079', 'BRG1575602130', 1, 15000, '2021-09-27 08:06:42', '2021-09-27 08:06:42');

-- --------------------------------------------------------

--
-- Table structure for table `tbl_trx_akuntansi`
--

CREATE TABLE `tbl_trx_akuntansi` (
  `id_trx_akun` int(11) NOT NULL,
  `deskripsi` varchar(100) NOT NULL,
  `tanggal` date NOT NULL,
  `dtm_crt` datetime DEFAULT current_timestamp(),
  `dtm_upd` datetime NOT NULL DEFAULT current_timestamp()
) ENGINE=InnoDB DEFAULT CHARSET=latin1;

--
-- Dumping data for table `tbl_trx_akuntansi`
--

INSERT INTO `tbl_trx_akuntansi` (`id_trx_akun`, `deskripsi`, `tanggal`, `dtm_crt`, `dtm_upd`) VALUES
(67, 'Saldo Awal setor kas dari bank BRI', '2019-11-06', '2019-12-06 09:41:16', '2019-12-06 09:41:16'),
(68, 'Pembelian aset klinik', '2019-11-06', '2019-12-06 09:45:51', '2019-12-06 09:45:51'),
(69, 'Pembelian Barang dengan Kode PO1575602528', '2019-11-06', '2019-12-06 10:22:46', '2019-12-06 10:22:46'),
(70, 'Penjualan Obat dengan Kode Transaksi TRXOBAT000051', '2019-11-06', '2019-12-06 10:28:54', '2019-12-06 10:28:54'),
(71, 'Penjualan Obat', '2019-11-06', '2019-12-06 10:35:11', '2019-12-06 10:35:11'),
(72, 'iuran kebersihan', '2019-11-06', '2019-12-06 13:15:09', '2019-12-06 13:15:09'),
(73, 'Uang Transport', '2019-11-06', '2019-12-06 13:26:18', '2019-12-06 13:26:18'),
(74, 'Penjualan Obat', '2019-11-06', '2019-12-06 20:29:50', '2019-12-06 20:29:50'),
(94, 'Penjualan Obat dari Nomor Pemeriksaan 000048-1/20191207/000016-1', '2019-11-07', '2019-12-07 10:08:03', '2019-12-07 10:08:03'),
(95, 'Pendapatan dari Nomor Pemeriksaan 000048-1/20191207/000016-1', '2019-11-07', '2019-12-07 10:08:04', '2019-12-07 10:08:04'),
(96, 'tambah saldo petty cash', '2019-11-06', '2019-12-07 10:58:00', '2019-12-07 10:58:00'),
(97, 'tambah saldo rekening rumah tangga', '2019-11-07', '2019-12-07 11:00:13', '2019-12-07 11:00:13'),
(98, 'Beli Kebutuhan RT', '2019-11-07', '2019-12-07 11:01:09', '2019-12-07 11:01:09'),
(99, 'iuran kebersihan', '2019-12-08', '2019-12-08 16:14:05', '2019-12-08 16:14:05'),
(100, 'Membeli Perlengkapan Rumah Tangga', '2019-12-08', '2019-12-08 17:06:30', '2019-12-08 17:06:30'),
(102, 'Penjualan Obat dari Nomor Pemeriksaan 000048-1/20191208/000016-1', '2019-12-08', '2019-12-08 20:18:52', '2019-12-08 20:18:52'),
(103, 'Pendapatan dari Nomor Pemeriksaan 000048-1/20191208/000016-1', '2019-12-08', '2019-12-08 20:22:17', '2019-12-08 20:22:17'),
(106, 'Penjualan Obat dengan Kode Transaksi TRXOBAT000064', '2019-12-08', '2019-12-08 21:13:54', '2019-12-08 21:13:54'),
(107, 'Penjualan Obat dengan Kode Transaksi TRXOBAT000065', '2019-12-08', '2019-12-08 21:16:10', '2019-12-08 21:16:10'),
(108, 'Penjualan Obat dengan Kode Transaksi TRXOBAT000066', '2019-12-08', '2019-12-08 21:18:46', '2019-12-08 21:18:46'),
(109, 'Iuran Kebersihan lagi', '2019-12-09', '2019-12-08 23:15:40', '2019-12-08 23:15:40'),
(110, 'kasbon', '2019-12-09', '2019-12-09 14:55:41', '2019-12-09 14:55:41'),
(120, 'makanan dapur', '2019-12-11', '2019-12-11 09:16:32', '2019-12-11 09:16:32'),
(121, 'Penjualan Obat dengan Kode Transaksi TRXOBAT000069', '2019-12-13', '2019-12-13 09:37:10', '2019-12-13 09:37:10'),
(122, 'Pendapatan dari Nomor Pemeriksaan 000040-1/20191206/000003-1-1', '2019-12-18', '2019-12-18 20:18:21', '2019-12-18 20:18:21'),
(123, 'Pendapatan dari Nomor Pemeriksaan 000047-1/20191206/000007-1', '2019-12-18', '2019-12-18 20:52:20', '2019-12-18 20:52:20'),
(124, 'Penjualan Obat dengan Kode Transaksi TRXOBAT000070', '2019-12-21', '2019-12-21 12:46:43', '2019-12-21 12:46:43'),
(125, 'Penjualan Obat dari Nomor Pemeriksaan 000053/20191221/000019', '2019-12-21', '2019-12-21 13:05:06', '2019-12-21 13:05:06'),
(126, 'Penjualan Obat dari Nomor Pemeriksaan 000054/20191221/000001', '2019-12-21', '2019-12-21 13:08:22', '2019-12-21 13:08:22'),
(127, 'Penjualan Obat dengan Kode Transaksi TRXOBAT000071', '2019-12-29', '2019-12-29 12:17:33', '2019-12-29 12:17:33'),
(128, 'Penjualan Obat dengan Kode Transaksi TRXOBAT000072', '2020-01-04', '2020-01-04 17:45:19', '2020-01-04 17:45:19'),
(129, 'Penjualan Obat dari Nomor Pemeriksaan 000057/20200110/000020', '2020-01-10', '2020-01-10 11:57:04', '2020-01-10 11:57:04'),
(130, 'Penjualan Obat dari Nomor Pemeriksaan 000062/20200114/000025', '2020-01-14', '2020-01-15 05:56:02', '2020-01-15 05:56:02'),
(131, 'Penjualan Obat dari Nomor Pemeriksaan 000055/20200115/000001-1', '2020-01-15', '2020-01-15 16:30:05', '2020-01-15 16:30:05'),
(132, 'Pendapatan dari Nomor Pemeriksaan 000062/20200114/000025', '2020-01-15', '2020-01-15 16:36:18', '2020-01-15 16:36:18'),
(133, 'Penjualan Obat dengan Kode Transaksi TRXOBAT000073', '2020-01-15', '2020-01-15 17:14:30', '2020-01-15 17:14:30'),
(134, 'Penjualan Obat dari Nomor Pemeriksaan 000063/20200116/000026', '2020-01-16', '2020-01-16 13:53:44', '2020-01-16 13:53:44'),
(135, 'Pendapatan dari Nomor Pemeriksaan 000063/20200116/000026', '2020-01-16', '2020-01-16 13:56:56', '2020-01-16 13:56:56'),
(136, 'Penjualan Obat dengan Kode Transaksi TRXOBAT000074', '2020-01-16', '2020-01-16 13:57:51', '2020-01-16 13:57:51'),
(137, 'Penjualan Obat dari Nomor Pemeriksaan 000067/20200121/000027', '2020-01-21', '2020-01-21 18:55:51', '2020-01-21 18:55:51'),
(138, 'Penjualan Obat dari Nomor Pemeriksaan 000056/20200121/000001-1', '2020-01-21', '2020-01-21 18:59:39', '2020-01-21 18:59:39'),
(139, 'Penjualan Obat dari Nomor Pemeriksaan 000070/20200619/000028', '2020-06-19', '2020-06-19 08:22:57', '2020-06-19 08:22:57'),
(140, 'Penjualan Obat dari Nomor Pemeriksaan 000070/20200619/000028', '2020-06-19', '2020-06-19 08:27:20', '2020-06-19 08:27:20'),
(141, 'Penjualan Obat dari Nomor Pemeriksaan 000064/20200619/000001', '2020-06-19', '2020-06-19 08:30:02', '2020-06-19 08:30:02'),
(142, 'Penjualan Obat dari Nomor Pemeriksaan 000071/20200619/000029', '2020-06-19', '2020-06-19 08:34:27', '2020-06-19 08:34:27'),
(143, 'Pendapatan dari Nomor Pemeriksaan 000071/20200619/000029', '2020-06-19', '2020-06-19 08:35:54', '2020-06-19 08:35:54'),
(144, 'Penjualan Obat dari Nomor Pemeriksaan 000073/20200619/000007-1', '2020-06-19', '2020-06-19 08:59:25', '2020-06-19 08:59:25'),
(145, 'Penjualan Obat dari Nomor Pemeriksaan 000074/20200630/000031', '2020-06-30', '2020-06-30 09:00:58', '2020-06-30 09:00:58'),
(146, 'Penjualan Obat dari Nomor Pemeriksaan 000075/20201027/000001', '2020-10-27', '2020-10-27 14:21:38', '2020-10-27 14:21:38'),
(147, 'Penjualan Obat dengan Kode Transaksi TRXOBAT000075', '2020-10-27', '2020-10-27 15:26:12', '2020-10-27 15:26:12'),
(148, 'Pembelian Barang dengan Kode PO1623994423', '2021-06-18', '2021-06-18 12:34:13', '2021-06-18 12:34:13'),
(149, 'Penjualan Obat dari Nomor Pemeriksaan 000072/20210618/000030', '2021-06-18', '2021-06-18 14:59:33', '2021-06-18 14:59:33'),
(150, 'Pembelian Barang dengan Kode PO1624003560', '2021-06-18', '2021-06-18 15:06:29', '2021-06-18 15:06:29'),
(151, 'Penjualan Obat dari Nomor Pemeriksaan 000065/20210618/000025', '2021-06-18', '2021-06-18 15:09:21', '2021-06-18 15:09:21'),
(152, 'Penjualan Obat dari Nomor Pemeriksaan 000076/20210618/0000010-1', '2021-06-18', '2021-06-18 16:31:53', '2021-06-18 16:31:53'),
(153, 'Penjualan Obat dengan Kode Transaksi TRXOBAT000076', '2021-06-18', '2021-06-18 16:47:32', '2021-06-18 16:47:32'),
(154, 'Penjualan Obat dari Nomor Pemeriksaan 000069/20210622/000003-1-1', '2021-06-22', '2021-06-22 10:04:07', '2021-06-22 10:04:07'),
(155, 'Pembelian Barang dengan Kode PO1624347163', '2021-06-22', '2021-06-22 14:34:35', '2021-06-22 14:34:35'),
(156, 'Pembelian Barang dengan Kode PO1624348456', '2021-06-22', '2021-06-22 14:54:40', '2021-06-22 14:54:40'),
(157, 'Penjualan Obat dari Nomor Pemeriksaan 000082/20210623/000034', '2021-06-23', '2021-06-23 09:39:58', '2021-06-23 09:39:58'),
(158, 'Penjualan Obat dari Nomor Pemeriksaan 000061/20210913/000024', '2021-09-13', '2021-09-13 09:51:17', '2021-09-13 09:51:17'),
(159, 'Penjualan Obat dari Nomor Pemeriksaan 000078/20210915/000033', '2021-09-15', '2021-09-15 12:20:12', '2021-09-15 12:20:12'),
(160, 'Penjualan Obat dari Nomor Pemeriksaan 000068/20210916/000027', '2021-09-16', '2021-09-16 10:50:29', '2021-09-16 10:50:29'),
(161, 'Penjualan Obat dengan Kode Transaksi TRXOBAT000077', '2021-09-16', '2021-09-16 11:08:29', '2021-09-16 11:08:29'),
(162, 'Penjualan Obat dengan Kode Transaksi TRXOBAT000078', '2021-09-16', '2021-09-16 11:08:41', '2021-09-16 11:08:41'),
(165, 'Biaya Pemeriksaan SKS/21/09/1', '2021-09-18', '2021-09-18 10:50:26', '2021-09-18 10:50:26'),
(166, 'Biaya Pemeriksaan 1/IX/COVID-19/KR/2021', '2021-09-19', '2021-09-19 03:30:10', '2021-09-19 03:30:10'),
(167, 'Biaya Pemeriksaan 2/IX/COVID-19/KR/2021', '2021-09-19', '2021-09-19 03:36:53', '2021-09-19 03:36:53'),
(168, 'Penjualan Obat dari Nomor Pemeriksaan 000084/20210921/000035', '2021-09-21', '2021-09-21 07:15:53', '2021-09-21 07:15:53'),
(169, 'Pembelian Barang dengan Kode PO1632186126', '2021-09-21', '2021-09-21 08:02:30', '2021-09-21 08:02:30'),
(170, 'Pembelian Barang dengan Kode PO1632186279', '2021-09-21', '2021-09-21 08:05:03', '2021-09-21 08:05:03'),
(171, 'Biaya Pemeriksaan 6/IX/COVID-19/KR/2021', '2021-09-22', '2021-09-22 05:26:22', '2021-09-22 05:26:22'),
(172, 'Biaya Pemeriksaan 5/IX/COVID-19/KR/2021', '2021-09-22', '2021-09-22 05:51:04', '2021-09-22 05:51:04'),
(173, 'Penjualan Obat dengan Kode Transaksi TRXOBAT000079', '2021-09-27', '2021-09-27 08:06:41', '2021-09-27 08:06:41');

-- --------------------------------------------------------

--
-- Table structure for table `tbl_trx_akuntansi_detail`
--

CREATE TABLE `tbl_trx_akuntansi_detail` (
  `id_trx_akun_detail` int(11) NOT NULL,
  `id_trx_akun` int(11) NOT NULL,
  `id_akun` int(11) NOT NULL,
  `jumlah` double NOT NULL,
  `tipe` varchar(10) NOT NULL,
  `keterangan` varchar(15) NOT NULL,
  `dtm_crt` datetime NOT NULL DEFAULT current_timestamp(),
  `dtm_upd` datetime NOT NULL DEFAULT current_timestamp()
) ENGINE=InnoDB DEFAULT CHARSET=latin1;

--
-- Dumping data for table `tbl_trx_akuntansi_detail`
--

INSERT INTO `tbl_trx_akuntansi_detail` (`id_trx_akun_detail`, `id_trx_akun`, `id_akun`, `jumlah`, `tipe`, `keterangan`, `dtm_crt`, `dtm_upd`) VALUES
(121, 67, 22, 10000000, 'DEBIT', 'akun', '2019-12-06 09:41:16', '2019-12-06 09:41:16'),
(122, 67, 42, 10000000, 'KREDIT', 'lawan', '2019-12-06 09:41:17', '2019-12-06 09:41:17'),
(123, 68, 22, 2000000, 'KREDIT', 'akun', '2019-12-06 09:45:51', '2019-12-06 09:45:51'),
(124, 68, 55, 2000000, 'DEBIT', 'lawan', '2019-12-06 09:45:51', '2019-12-06 09:45:51'),
(125, 69, 58, 908000, 'DEBIT', 'akun', '2019-12-06 10:22:46', '2019-12-06 10:22:46'),
(126, 69, 45, 32000, 'KREDIT', 'akun', '2019-12-06 10:22:46', '2019-12-06 10:22:46'),
(127, 69, 20, 876000, 'KREDIT', 'lawan', '2019-12-06 10:22:46', '2019-12-06 10:22:46'),
(128, 70, 39, 32000, 'KREDIT', 'akun', '2019-12-06 10:28:54', '2019-12-06 10:28:54'),
(129, 70, 46, 3200, 'DEBIT', 'akun', '2019-12-06 10:28:54', '2019-12-06 10:28:54'),
(130, 70, 20, 28800, 'DEBIT', 'lawan', '2019-12-06 10:28:54', '2019-12-06 10:28:54'),
(131, 71, 39, 85000, 'KREDIT', 'akun', '2019-12-06 10:35:11', '2019-12-06 10:35:11'),
(132, 71, 20, 85000, 'DEBIT', 'lawan', '2019-12-06 10:35:11', '2019-12-06 10:35:11'),
(133, 72, 44, 50000, 'DEBIT', 'akun', '2019-12-06 13:15:09', '2019-12-06 13:15:09'),
(134, 72, 35, 50000, 'KREDIT', 'lawan', '2019-12-06 13:15:09', '2019-12-06 13:15:09'),
(135, 73, 43, 40000, 'DEBIT', 'akun', '2019-12-06 13:26:18', '2019-12-06 13:26:18'),
(136, 73, 35, 40000, 'KREDIT', 'lawan', '2019-12-06 13:26:18', '2019-12-06 13:26:18'),
(137, 74, 39, 75000, 'KREDIT', 'akun', '2019-12-06 20:29:51', '2019-12-06 20:29:51'),
(138, 74, 20, 75000, 'DEBIT', 'lawan', '2019-12-06 20:29:51', '2019-12-06 20:29:51'),
(219, 94, 20, 49300, 'DEBIT', 'lawan', '2019-12-07 10:08:03', '2019-12-07 10:08:03'),
(220, 94, 65, 49500, 'DEBIT', 'lawan', '2019-12-07 10:08:03', '2019-12-07 10:08:03'),
(221, 94, 58, 49500, 'KREDIT', 'akun', '2019-12-07 10:08:04', '2019-12-07 10:08:04'),
(222, 94, 39, 50000, 'KREDIT', 'akun', '2019-12-07 10:08:04', '2019-12-07 10:08:04'),
(223, 94, 64, 700, 'DEBIT', 'akun', '2019-12-07 10:08:04', '2019-12-07 10:08:04'),
(224, 95, 62, 600, 'KREDIT', 'akun', '2019-12-07 10:08:04', '2019-12-07 10:08:04'),
(225, 95, 20, 600, 'DEBIT', 'lawan', '2019-12-07 10:08:04', '2019-12-07 10:08:04'),
(226, 96, 35, 1000000, 'DEBIT', 'akun', '2019-12-07 10:58:00', '2019-12-07 10:58:00'),
(227, 96, 22, 1000000, 'KREDIT', 'lawan', '2019-12-07 10:58:00', '2019-12-07 10:58:00'),
(228, 97, 36, 1000000, 'DEBIT', 'akun', '2019-12-07 11:00:13', '2019-12-07 11:00:13'),
(229, 97, 52, 1000000, 'KREDIT', 'lawan', '2019-12-07 11:00:13', '2019-12-07 11:00:13'),
(230, 98, 34, 6000, 'DEBIT', 'akun', '2019-12-07 11:01:10', '2019-12-07 11:01:10'),
(231, 98, 36, 6000, 'KREDIT', 'lawan', '2019-12-07 11:01:10', '2019-12-07 11:01:10'),
(232, 99, 44, 4000, 'DEBIT', 'akun', '2019-12-08 16:14:05', '2019-12-08 16:14:05'),
(233, 99, 35, 4000, 'KREDIT', 'lawan', '2019-12-08 16:14:05', '2019-12-08 16:14:05'),
(234, 100, 34, 3000, 'DEBIT', 'akun', '2019-12-08 17:06:30', '2019-12-08 17:06:30'),
(235, 100, 36, 3000, 'KREDIT', 'lawan', '2019-12-08 17:06:30', '2019-12-08 17:06:30'),
(241, 102, 20, 74100, 'DEBIT', 'lawan', '2019-12-08 20:18:52', '2019-12-08 20:18:52'),
(242, 102, 65, 49500, 'DEBIT', 'lawan', '2019-12-08 20:18:52', '2019-12-08 20:18:52'),
(243, 102, 58, 49500, 'KREDIT', 'akun', '2019-12-08 20:18:52', '2019-12-08 20:18:52'),
(244, 102, 39, 75000, 'KREDIT', 'akun', '2019-12-08 20:18:52', '2019-12-08 20:18:52'),
(245, 102, 64, 900, 'DEBIT', 'akun', '2019-12-08 20:18:52', '2019-12-08 20:18:52'),
(246, 103, 63, 1000, 'KREDIT', 'akun', '2019-12-08 20:22:17', '2019-12-08 20:22:17'),
(247, 103, 62, 1000, 'KREDIT', 'akun', '2019-12-08 20:22:17', '2019-12-08 20:22:17'),
(248, 103, 20, 2000, 'DEBIT', 'lawan', '2019-12-08 20:22:18', '2019-12-08 20:22:18'),
(256, 106, 39, 49000, 'KREDIT', 'akun', '2019-12-08 21:13:54', '2019-12-08 21:13:54'),
(257, 106, 58, 32500, 'KREDIT', 'akun', '2019-12-08 21:13:54', '2019-12-08 21:13:54'),
(258, 106, 46, 4900, 'DEBIT', 'akun', '2019-12-08 21:13:54', '2019-12-08 21:13:54'),
(259, 106, 20, 44100, 'DEBIT', 'lawan', '2019-12-08 21:13:54', '2019-12-08 21:13:54'),
(260, 106, 65, 32500, 'DEBIT', 'lawan', '2019-12-08 21:13:54', '2019-12-08 21:13:54'),
(261, 107, 39, 49000, 'KREDIT', 'akun', '2019-12-08 21:16:10', '2019-12-08 21:16:10'),
(262, 107, 58, 32500, 'KREDIT', 'akun', '2019-12-08 21:16:10', '2019-12-08 21:16:10'),
(263, 107, 46, 4900, 'DEBIT', 'akun', '2019-12-08 21:16:10', '2019-12-08 21:16:10'),
(264, 107, 20, 44100, 'DEBIT', 'lawan', '2019-12-08 21:16:10', '2019-12-08 21:16:10'),
(265, 107, 65, 32500, 'DEBIT', 'lawan', '2019-12-08 21:16:10', '2019-12-08 21:16:10'),
(266, 108, 39, 60000, 'KREDIT', 'akun', '2019-12-08 21:18:47', '2019-12-08 21:18:47'),
(267, 108, 58, 39600, 'KREDIT', 'akun', '2019-12-08 21:18:47', '2019-12-08 21:18:47'),
(268, 108, 46, 6000, 'DEBIT', 'akun', '2019-12-08 21:18:47', '2019-12-08 21:18:47'),
(269, 108, 20, 54000, 'DEBIT', 'lawan', '2019-12-08 21:18:47', '2019-12-08 21:18:47'),
(270, 108, 65, 39600, 'DEBIT', 'lawan', '2019-12-08 21:18:47', '2019-12-08 21:18:47'),
(271, 109, 44, 6000, 'DEBIT', 'akun', '2019-12-08 23:15:40', '2019-12-08 23:15:40'),
(272, 109, 35, 6000, 'KREDIT', 'lawan', '2019-12-08 23:15:40', '2019-12-08 23:15:40'),
(273, 110, 66, 3000, 'DEBIT', 'akun', '2019-12-09 14:55:41', '2019-12-09 14:55:41'),
(274, 110, 22, 3000, 'KREDIT', 'lawan', '2019-12-09 14:55:41', '2019-12-09 14:55:41'),
(299, 120, 34, 500000, 'DEBIT', 'akun', '2019-12-11 09:16:32', '2019-12-11 09:16:32'),
(300, 120, 36, 500000, 'KREDIT', 'lawan', '2019-12-11 09:16:32', '2019-12-11 09:16:32'),
(301, 121, 39, 30000, 'KREDIT', 'akun', '2019-12-13 09:37:10', '2019-12-13 09:37:10'),
(302, 121, 58, 19800, 'KREDIT', 'akun', '2019-12-13 09:37:10', '2019-12-13 09:37:10'),
(303, 121, 46, 3000, 'DEBIT', 'akun', '2019-12-13 09:37:10', '2019-12-13 09:37:10'),
(304, 121, 20, 27000, 'DEBIT', 'lawan', '2019-12-13 09:37:10', '2019-12-13 09:37:10'),
(305, 121, 65, 19800, 'DEBIT', 'lawan', '2019-12-13 09:37:10', '2019-12-13 09:37:10'),
(306, 122, 63, 150000, 'KREDIT', 'akun', '2019-12-18 20:18:21', '2019-12-18 20:18:21'),
(307, 122, 62, 150000, 'KREDIT', 'akun', '2019-12-18 20:18:21', '2019-12-18 20:18:21'),
(308, 122, 68, 13123123123, 'KREDIT', 'akun', '2019-12-18 20:18:21', '2019-12-18 20:18:21'),
(309, 122, 69, 200000, 'DEBIT', 'akun', '2019-12-18 20:18:21', '2019-12-18 20:18:21'),
(310, 122, 20, 13123223123, 'DEBIT', 'lawan', '2019-12-18 20:18:21', '2019-12-18 20:18:21'),
(311, 123, 63, 500, 'KREDIT', 'akun', '2019-12-18 20:52:20', '2019-12-18 20:52:20'),
(312, 123, 62, 5000, 'KREDIT', 'akun', '2019-12-18 20:52:20', '2019-12-18 20:52:20'),
(313, 123, 68, 123123, 'KREDIT', 'akun', '2019-12-18 20:52:20', '2019-12-18 20:52:20'),
(314, 123, 69, 127723, 'DEBIT', 'akun', '2019-12-18 20:52:20', '2019-12-18 20:52:20'),
(315, 123, 20, 900, 'DEBIT', 'lawan', '2019-12-18 20:52:20', '2019-12-18 20:52:20'),
(316, 124, 39, 17000, 'KREDIT', 'akun', '2019-12-21 12:46:43', '2019-12-21 12:46:43'),
(317, 124, 58, 11300, 'KREDIT', 'akun', '2019-12-21 12:46:43', '2019-12-21 12:46:43'),
(318, 124, 46, 1700, 'DEBIT', 'akun', '2019-12-21 12:46:43', '2019-12-21 12:46:43'),
(319, 124, 20, 15300, 'DEBIT', 'lawan', '2019-12-21 12:46:43', '2019-12-21 12:46:43'),
(320, 124, 65, 11300, 'DEBIT', 'lawan', '2019-12-21 12:46:43', '2019-12-21 12:46:43'),
(321, 125, 20, 85000, 'DEBIT', 'lawan', '2019-12-21 13:05:06', '2019-12-21 13:05:06'),
(322, 125, 65, 56500, 'DEBIT', 'lawan', '2019-12-21 13:05:06', '2019-12-21 13:05:06'),
(323, 125, 58, 56500, 'KREDIT', 'akun', '2019-12-21 13:05:06', '2019-12-21 13:05:06'),
(324, 125, 39, 85000, 'KREDIT', 'akun', '2019-12-21 13:05:06', '2019-12-21 13:05:06'),
(325, 125, 64, 0, 'DEBIT', 'akun', '2019-12-21 13:05:06', '2019-12-21 13:05:06'),
(326, 126, 20, 85000, 'DEBIT', 'lawan', '2019-12-21 13:08:22', '2019-12-21 13:08:22'),
(327, 126, 65, 56500, 'DEBIT', 'lawan', '2019-12-21 13:08:22', '2019-12-21 13:08:22'),
(328, 126, 58, 56500, 'KREDIT', 'akun', '2019-12-21 13:08:22', '2019-12-21 13:08:22'),
(329, 126, 39, 85000, 'KREDIT', 'akun', '2019-12-21 13:08:22', '2019-12-21 13:08:22'),
(330, 126, 64, 0, 'DEBIT', 'akun', '2019-12-21 13:08:22', '2019-12-21 13:08:22'),
(331, 127, 39, 2000, 'KREDIT', 'akun', '2019-12-29 12:17:33', '2019-12-29 12:17:33'),
(332, 127, 58, 1400, 'KREDIT', 'akun', '2019-12-29 12:17:33', '2019-12-29 12:17:33'),
(333, 127, 46, 200, 'DEBIT', 'akun', '2019-12-29 12:17:33', '2019-12-29 12:17:33'),
(334, 127, 20, 1800, 'DEBIT', 'lawan', '2019-12-29 12:17:33', '2019-12-29 12:17:33'),
(335, 127, 65, 1400, 'DEBIT', 'lawan', '2019-12-29 12:17:33', '2019-12-29 12:17:33'),
(336, 128, 39, 35000, 'KREDIT', 'akun', '2020-01-04 17:45:19', '2020-01-04 17:45:19'),
(337, 128, 58, 23900, 'KREDIT', 'akun', '2020-01-04 17:45:19', '2020-01-04 17:45:19'),
(338, 128, 46, 0, 'DEBIT', 'akun', '2020-01-04 17:45:19', '2020-01-04 17:45:19'),
(339, 128, 20, 35000, 'DEBIT', 'lawan', '2020-01-04 17:45:19', '2020-01-04 17:45:19'),
(340, 128, 65, 23900, 'DEBIT', 'lawan', '2020-01-04 17:45:19', '2020-01-04 17:45:19'),
(341, 129, 20, 10000, 'DEBIT', 'lawan', '2020-01-10 11:57:04', '2020-01-10 11:57:04'),
(342, 129, 65, 7000, 'DEBIT', 'lawan', '2020-01-10 11:57:04', '2020-01-10 11:57:04'),
(343, 129, 58, 7000, 'KREDIT', 'akun', '2020-01-10 11:57:04', '2020-01-10 11:57:04'),
(344, 129, 39, 10000, 'KREDIT', 'akun', '2020-01-10 11:57:04', '2020-01-10 11:57:04'),
(345, 129, 64, 0, 'DEBIT', 'akun', '2020-01-10 11:57:04', '2020-01-10 11:57:04'),
(346, 130, 20, 95000, 'DEBIT', 'lawan', '2020-01-15 05:56:02', '2020-01-15 05:56:02'),
(347, 130, 65, 63500, 'DEBIT', 'lawan', '2020-01-15 05:56:02', '2020-01-15 05:56:02'),
(348, 130, 58, 63500, 'KREDIT', 'akun', '2020-01-15 05:56:02', '2020-01-15 05:56:02'),
(349, 130, 39, 95000, 'KREDIT', 'akun', '2020-01-15 05:56:02', '2020-01-15 05:56:02'),
(350, 130, 64, 0, 'DEBIT', 'akun', '2020-01-15 05:56:02', '2020-01-15 05:56:02'),
(351, 131, 20, 150000, 'DEBIT', 'lawan', '2020-01-15 16:30:05', '2020-01-15 16:30:05'),
(352, 131, 65, 99000, 'DEBIT', 'lawan', '2020-01-15 16:30:05', '2020-01-15 16:30:05'),
(353, 131, 58, 99000, 'KREDIT', 'akun', '2020-01-15 16:30:05', '2020-01-15 16:30:05'),
(354, 131, 39, 150000, 'KREDIT', 'akun', '2020-01-15 16:30:05', '2020-01-15 16:30:05'),
(355, 131, 64, 0, 'DEBIT', 'akun', '2020-01-15 16:30:05', '2020-01-15 16:30:05'),
(356, 132, 62, 35000, 'KREDIT', 'akun', '2020-01-15 16:36:18', '2020-01-15 16:36:18'),
(357, 132, 20, 35000, 'DEBIT', 'lawan', '2020-01-15 16:36:18', '2020-01-15 16:36:18'),
(358, 133, 39, 62000, 'KREDIT', 'akun', '2020-01-15 17:14:30', '2020-01-15 17:14:30'),
(359, 133, 58, 41000, 'KREDIT', 'akun', '2020-01-15 17:14:30', '2020-01-15 17:14:30'),
(360, 133, 46, 0, 'DEBIT', 'akun', '2020-01-15 17:14:30', '2020-01-15 17:14:30'),
(361, 133, 20, 62000, 'DEBIT', 'lawan', '2020-01-15 17:14:30', '2020-01-15 17:14:30'),
(362, 133, 65, 41000, 'DEBIT', 'lawan', '2020-01-15 17:14:30', '2020-01-15 17:14:30'),
(363, 134, 20, 10000, 'DEBIT', 'lawan', '2020-01-16 13:53:44', '2020-01-16 13:53:44'),
(364, 134, 65, 7000, 'DEBIT', 'lawan', '2020-01-16 13:53:44', '2020-01-16 13:53:44'),
(365, 134, 58, 7000, 'KREDIT', 'akun', '2020-01-16 13:53:44', '2020-01-16 13:53:44'),
(366, 134, 39, 10000, 'KREDIT', 'akun', '2020-01-16 13:53:44', '2020-01-16 13:53:44'),
(367, 134, 64, 0, 'DEBIT', 'akun', '2020-01-16 13:53:44', '2020-01-16 13:53:44'),
(368, 135, 63, 5000, 'KREDIT', 'akun', '2020-01-16 13:56:56', '2020-01-16 13:56:56'),
(369, 135, 62, 30000, 'KREDIT', 'akun', '2020-01-16 13:56:56', '2020-01-16 13:56:56'),
(370, 135, 20, 35000, 'DEBIT', 'lawan', '2020-01-16 13:56:56', '2020-01-16 13:56:56'),
(371, 136, 39, 15000, 'KREDIT', 'akun', '2020-01-16 13:57:51', '2020-01-16 13:57:51'),
(372, 136, 58, 9900, 'KREDIT', 'akun', '2020-01-16 13:57:51', '2020-01-16 13:57:51'),
(373, 136, 46, 0, 'DEBIT', 'akun', '2020-01-16 13:57:51', '2020-01-16 13:57:51'),
(374, 136, 20, 15000, 'DEBIT', 'lawan', '2020-01-16 13:57:51', '2020-01-16 13:57:51'),
(375, 136, 65, 9900, 'DEBIT', 'lawan', '2020-01-16 13:57:51', '2020-01-16 13:57:51'),
(376, 137, 20, 75000, 'DEBIT', 'lawan', '2020-01-21 18:55:51', '2020-01-21 18:55:51'),
(377, 137, 65, 49500, 'DEBIT', 'lawan', '2020-01-21 18:55:51', '2020-01-21 18:55:51'),
(378, 137, 58, 49500, 'KREDIT', 'akun', '2020-01-21 18:55:51', '2020-01-21 18:55:51'),
(379, 137, 39, 75000, 'KREDIT', 'akun', '2020-01-21 18:55:51', '2020-01-21 18:55:51'),
(380, 137, 64, 0, 'DEBIT', 'akun', '2020-01-21 18:55:51', '2020-01-21 18:55:51'),
(381, 138, 20, 75000, 'DEBIT', 'lawan', '2020-01-21 18:59:39', '2020-01-21 18:59:39'),
(382, 138, 65, 49500, 'DEBIT', 'lawan', '2020-01-21 18:59:39', '2020-01-21 18:59:39'),
(383, 138, 58, 49500, 'KREDIT', 'akun', '2020-01-21 18:59:39', '2020-01-21 18:59:39'),
(384, 138, 39, 75000, 'KREDIT', 'akun', '2020-01-21 18:59:39', '2020-01-21 18:59:39'),
(385, 138, 64, 0, 'DEBIT', 'akun', '2020-01-21 18:59:39', '2020-01-21 18:59:39'),
(386, 139, 20, 75000, 'DEBIT', 'lawan', '2020-06-19 08:22:57', '2020-06-19 08:22:57'),
(387, 139, 65, 49500, 'DEBIT', 'lawan', '2020-06-19 08:22:57', '2020-06-19 08:22:57'),
(388, 139, 58, 49500, 'KREDIT', 'akun', '2020-06-19 08:22:57', '2020-06-19 08:22:57'),
(389, 139, 39, 75000, 'KREDIT', 'akun', '2020-06-19 08:22:57', '2020-06-19 08:22:57'),
(390, 139, 64, 0, 'DEBIT', 'akun', '2020-06-19 08:22:57', '2020-06-19 08:22:57'),
(391, 140, 20, 75000, 'DEBIT', 'lawan', '2020-06-19 08:27:20', '2020-06-19 08:27:20'),
(392, 140, 65, 49500, 'DEBIT', 'lawan', '2020-06-19 08:27:20', '2020-06-19 08:27:20'),
(393, 140, 58, 49500, 'KREDIT', 'akun', '2020-06-19 08:27:20', '2020-06-19 08:27:20'),
(394, 140, 39, 75000, 'KREDIT', 'akun', '2020-06-19 08:27:20', '2020-06-19 08:27:20'),
(395, 140, 64, 0, 'DEBIT', 'akun', '2020-06-19 08:27:20', '2020-06-19 08:27:20'),
(396, 141, 20, 75000, 'DEBIT', 'lawan', '2020-06-19 08:30:02', '2020-06-19 08:30:02'),
(397, 141, 65, 49500, 'DEBIT', 'lawan', '2020-06-19 08:30:02', '2020-06-19 08:30:02'),
(398, 141, 58, 49500, 'KREDIT', 'akun', '2020-06-19 08:30:02', '2020-06-19 08:30:02'),
(399, 141, 39, 75000, 'KREDIT', 'akun', '2020-06-19 08:30:02', '2020-06-19 08:30:02'),
(400, 141, 64, 0, 'DEBIT', 'akun', '2020-06-19 08:30:02', '2020-06-19 08:30:02'),
(401, 142, 20, 10000, 'DEBIT', 'lawan', '2020-06-19 08:34:27', '2020-06-19 08:34:27'),
(402, 142, 65, 7000, 'DEBIT', 'lawan', '2020-06-19 08:34:27', '2020-06-19 08:34:27'),
(403, 142, 58, 7000, 'KREDIT', 'akun', '2020-06-19 08:34:27', '2020-06-19 08:34:27'),
(404, 142, 39, 10000, 'KREDIT', 'akun', '2020-06-19 08:34:27', '2020-06-19 08:34:27'),
(405, 142, 64, 0, 'DEBIT', 'akun', '2020-06-19 08:34:27', '2020-06-19 08:34:27'),
(406, 143, 62, 1000, 'KREDIT', 'akun', '2020-06-19 08:35:54', '2020-06-19 08:35:54'),
(407, 143, 68, 2000, 'KREDIT', 'akun', '2020-06-19 08:35:54', '2020-06-19 08:35:54'),
(408, 143, 20, 3000, 'DEBIT', 'lawan', '2020-06-19 08:35:54', '2020-06-19 08:35:54'),
(409, 144, 20, 10000, 'DEBIT', 'lawan', '2020-06-19 08:59:25', '2020-06-19 08:59:25'),
(410, 144, 65, 7000, 'DEBIT', 'lawan', '2020-06-19 08:59:25', '2020-06-19 08:59:25'),
(411, 144, 58, 7000, 'KREDIT', 'akun', '2020-06-19 08:59:25', '2020-06-19 08:59:25'),
(412, 144, 39, 10000, 'KREDIT', 'akun', '2020-06-19 08:59:25', '2020-06-19 08:59:25'),
(413, 144, 64, 0, 'DEBIT', 'akun', '2020-06-19 08:59:25', '2020-06-19 08:59:25'),
(414, 145, 20, 15000, 'DEBIT', 'lawan', '2020-06-30 09:00:58', '2020-06-30 09:00:58'),
(415, 145, 65, 4950, 'DEBIT', 'lawan', '2020-06-30 09:00:58', '2020-06-30 09:00:58'),
(416, 145, 58, 4950, 'KREDIT', 'akun', '2020-06-30 09:00:58', '2020-06-30 09:00:58'),
(417, 145, 39, 15000, 'KREDIT', 'akun', '2020-06-30 09:00:58', '2020-06-30 09:00:58'),
(418, 145, 64, 0, 'DEBIT', 'akun', '2020-06-30 09:00:58', '2020-06-30 09:00:58'),
(419, 146, 20, 2000, 'DEBIT', 'lawan', '2020-10-27 14:21:38', '2020-10-27 14:21:38'),
(420, 146, 65, 700, 'DEBIT', 'lawan', '2020-10-27 14:21:38', '2020-10-27 14:21:38'),
(421, 146, 58, 700, 'KREDIT', 'akun', '2020-10-27 14:21:38', '2020-10-27 14:21:38'),
(422, 146, 39, 2000, 'KREDIT', 'akun', '2020-10-27 14:21:38', '2020-10-27 14:21:38'),
(423, 146, 64, 0, 'DEBIT', 'akun', '2020-10-27 14:21:38', '2020-10-27 14:21:38'),
(424, 147, 39, 32000, 'KREDIT', 'akun', '2020-10-27 15:26:12', '2020-10-27 15:26:12'),
(425, 147, 58, 21200, 'KREDIT', 'akun', '2020-10-27 15:26:12', '2020-10-27 15:26:12'),
(426, 147, 46, 0, 'DEBIT', 'akun', '2020-10-27 15:26:12', '2020-10-27 15:26:12'),
(427, 147, 20, 32000, 'DEBIT', 'lawan', '2020-10-27 15:26:12', '2020-10-27 15:26:12'),
(428, 147, 65, 21200, 'DEBIT', 'lawan', '2020-10-27 15:26:12', '2020-10-27 15:26:12'),
(429, 148, 58, 525000, 'DEBIT', 'akun', '2021-06-18 12:34:13', '2021-06-18 12:34:13'),
(430, 148, 45, 0, 'KREDIT', 'akun', '2021-06-18 12:34:13', '2021-06-18 12:34:13'),
(431, 148, 20, 525000, 'KREDIT', 'lawan', '2021-06-18 12:34:13', '2021-06-18 12:34:13'),
(432, 149, 20, 75000, 'DEBIT', 'lawan', '2021-06-18 14:59:33', '2021-06-18 14:59:33'),
(433, 149, 65, 149500, 'DEBIT', 'lawan', '2021-06-18 14:59:33', '2021-06-18 14:59:33'),
(434, 149, 58, 149500, 'KREDIT', 'akun', '2021-06-18 14:59:33', '2021-06-18 14:59:33'),
(435, 149, 39, 75000, 'KREDIT', 'akun', '2021-06-18 14:59:33', '2021-06-18 14:59:33'),
(436, 149, 64, 0, 'DEBIT', 'akun', '2021-06-18 14:59:33', '2021-06-18 14:59:33'),
(437, 150, 58, 3000000, 'DEBIT', 'akun', '2021-06-18 15:06:29', '2021-06-18 15:06:29'),
(438, 150, 45, 0, 'KREDIT', 'akun', '2021-06-18 15:06:29', '2021-06-18 15:06:29'),
(439, 150, 20, 3000000, 'KREDIT', 'lawan', '2021-06-18 15:06:29', '2021-06-18 15:06:29'),
(440, 151, 20, 10000, 'DEBIT', 'lawan', '2021-06-18 15:09:21', '2021-06-18 15:09:21'),
(441, 151, 65, 148000, 'DEBIT', 'lawan', '2021-06-18 15:09:21', '2021-06-18 15:09:21'),
(442, 151, 58, 148000, 'KREDIT', 'akun', '2021-06-18 15:09:21', '2021-06-18 15:09:21'),
(443, 151, 39, 10000, 'KREDIT', 'akun', '2021-06-18 15:09:21', '2021-06-18 15:09:21'),
(444, 151, 64, 0, 'DEBIT', 'akun', '2021-06-18 15:09:21', '2021-06-18 15:09:21'),
(445, 152, 20, 12000, 'DEBIT', 'lawan', '2021-06-18 16:31:53', '2021-06-18 16:31:53'),
(446, 152, 65, 177600, 'DEBIT', 'lawan', '2021-06-18 16:31:53', '2021-06-18 16:31:53'),
(447, 152, 58, 177600, 'KREDIT', 'akun', '2021-06-18 16:31:53', '2021-06-18 16:31:53'),
(448, 152, 39, 12000, 'KREDIT', 'akun', '2021-06-18 16:31:53', '2021-06-18 16:31:53'),
(449, 152, 64, 0, 'DEBIT', 'akun', '2021-06-18 16:31:53', '2021-06-18 16:31:53'),
(450, 153, 39, 30000, 'KREDIT', 'akun', '2021-06-18 16:47:32', '2021-06-18 16:47:32'),
(451, 153, 58, 59800, 'KREDIT', 'akun', '2021-06-18 16:47:32', '2021-06-18 16:47:32'),
(452, 153, 46, 0, 'DEBIT', 'akun', '2021-06-18 16:47:33', '2021-06-18 16:47:33'),
(453, 153, 20, 30000, 'DEBIT', 'lawan', '2021-06-18 16:47:33', '2021-06-18 16:47:33'),
(454, 153, 65, 59800, 'DEBIT', 'lawan', '2021-06-18 16:47:33', '2021-06-18 16:47:33'),
(455, 154, 20, 105000, 'DEBIT', 'lawan', '2021-06-22 10:04:08', '2021-06-22 10:04:08'),
(456, 154, 65, 593500, 'DEBIT', 'lawan', '2021-06-22 10:04:08', '2021-06-22 10:04:08'),
(457, 154, 58, 593500, 'KREDIT', 'akun', '2021-06-22 10:04:08', '2021-06-22 10:04:08'),
(458, 154, 39, 105000, 'KREDIT', 'akun', '2021-06-22 10:04:08', '2021-06-22 10:04:08'),
(459, 154, 64, 0, 'DEBIT', 'akun', '2021-06-22 10:04:08', '2021-06-22 10:04:08'),
(460, 155, 58, 200000, 'DEBIT', 'akun', '2021-06-22 14:34:35', '2021-06-22 14:34:35'),
(461, 155, 45, 0, 'KREDIT', 'akun', '2021-06-22 14:34:35', '2021-06-22 14:34:35'),
(462, 155, 20, 200000, 'KREDIT', 'lawan', '2021-06-22 14:34:35', '2021-06-22 14:34:35'),
(463, 156, 58, 200000, 'DEBIT', 'akun', '2021-06-22 14:54:40', '2021-06-22 14:54:40'),
(464, 156, 45, 0, 'KREDIT', 'akun', '2021-06-22 14:54:40', '2021-06-22 14:54:40'),
(465, 156, 20, 200000, 'KREDIT', 'lawan', '2021-06-22 14:54:40', '2021-06-22 14:54:40'),
(466, 157, 20, 10000, 'DEBIT', 'lawan', '2021-06-23 09:39:58', '2021-06-23 09:39:58'),
(467, 157, 65, 148000, 'DEBIT', 'lawan', '2021-06-23 09:39:58', '2021-06-23 09:39:58'),
(468, 157, 58, 148000, 'KREDIT', 'akun', '2021-06-23 09:39:58', '2021-06-23 09:39:58'),
(469, 157, 39, 10000, 'KREDIT', 'akun', '2021-06-23 09:39:58', '2021-06-23 09:39:58'),
(470, 157, 64, 0, 'DEBIT', 'akun', '2021-06-23 09:39:58', '2021-06-23 09:39:58'),
(471, 158, 20, 75000, 'DEBIT', 'lawan', '2021-09-13 09:51:17', '2021-09-13 09:51:17'),
(472, 158, 65, 149500, 'DEBIT', 'lawan', '2021-09-13 09:51:17', '2021-09-13 09:51:17'),
(473, 158, 58, 149500, 'KREDIT', 'akun', '2021-09-13 09:51:17', '2021-09-13 09:51:17'),
(474, 158, 39, 75000, 'KREDIT', 'akun', '2021-09-13 09:51:17', '2021-09-13 09:51:17'),
(475, 158, 64, 0, 'DEBIT', 'akun', '2021-09-13 09:51:17', '2021-09-13 09:51:17'),
(476, 159, 20, 75000, 'DEBIT', 'lawan', '2021-09-15 12:20:12', '2021-09-15 12:20:12'),
(477, 159, 65, 149500, 'DEBIT', 'lawan', '2021-09-15 12:20:12', '2021-09-15 12:20:12'),
(478, 159, 58, 149500, 'KREDIT', 'akun', '2021-09-15 12:20:12', '2021-09-15 12:20:12'),
(479, 159, 39, 75000, 'KREDIT', 'akun', '2021-09-15 12:20:12', '2021-09-15 12:20:12'),
(480, 159, 64, 0, 'DEBIT', 'akun', '2021-09-15 12:20:12', '2021-09-15 12:20:12'),
(481, 160, 20, 10000, 'DEBIT', 'lawan', '2021-09-16 10:50:29', '2021-09-16 10:50:29'),
(482, 160, 65, 148000, 'DEBIT', 'lawan', '2021-09-16 10:50:29', '2021-09-16 10:50:29'),
(483, 160, 58, 148000, 'KREDIT', 'akun', '2021-09-16 10:50:29', '2021-09-16 10:50:29'),
(484, 160, 39, 10000, 'KREDIT', 'akun', '2021-09-16 10:50:29', '2021-09-16 10:50:29'),
(485, 160, 64, 0, 'DEBIT', 'akun', '2021-09-16 10:50:29', '2021-09-16 10:50:29'),
(486, 161, 39, 2000, 'KREDIT', 'akun', '2021-09-16 11:08:29', '2021-09-16 11:08:29'),
(487, 161, 58, 29600, 'KREDIT', 'akun', '2021-09-16 11:08:29', '2021-09-16 11:08:29'),
(488, 161, 46, 0, 'DEBIT', 'akun', '2021-09-16 11:08:29', '2021-09-16 11:08:29'),
(489, 161, 20, 2000, 'DEBIT', 'lawan', '2021-09-16 11:08:29', '2021-09-16 11:08:29'),
(490, 161, 65, 29600, 'DEBIT', 'lawan', '2021-09-16 11:08:29', '2021-09-16 11:08:29'),
(491, 162, 39, 2000, 'KREDIT', 'akun', '2021-09-16 11:08:41', '2021-09-16 11:08:41'),
(492, 162, 58, 29600, 'KREDIT', 'akun', '2021-09-16 11:08:41', '2021-09-16 11:08:41'),
(493, 162, 46, 0, 'DEBIT', 'akun', '2021-09-16 11:08:41', '2021-09-16 11:08:41'),
(494, 162, 20, 2000, 'DEBIT', 'lawan', '2021-09-16 11:08:41', '2021-09-16 11:08:41'),
(495, 162, 65, 29600, 'DEBIT', 'lawan', '2021-09-16 11:08:41', '2021-09-16 11:08:41'),
(496, 165, 62, 50000, 'KREDIT', 'akun', '2021-09-18 10:50:26', '2021-09-18 10:50:26'),
(497, 165, 20, 50000, 'DEBIT', 'lawan', '2021-09-18 10:50:26', '2021-09-18 10:50:26'),
(498, 166, 62, 30000, 'KREDIT', 'akun', '2021-09-19 03:30:10', '2021-09-19 03:30:10'),
(499, 166, 20, 30000, 'DEBIT', 'lawan', '2021-09-19 03:30:10', '2021-09-19 03:30:10'),
(500, 167, 62, 30000, 'KREDIT', 'akun', '2021-09-19 03:36:53', '2021-09-19 03:36:53'),
(501, 167, 20, 30000, 'DEBIT', 'lawan', '2021-09-19 03:36:53', '2021-09-19 03:36:53'),
(502, 168, 20, 9950, 'DEBIT', 'lawan', '2021-09-21 07:15:53', '2021-09-21 07:15:53'),
(503, 168, 65, 148000, 'DEBIT', 'lawan', '2021-09-21 07:15:53', '2021-09-21 07:15:53'),
(504, 168, 58, 148000, 'KREDIT', 'akun', '2021-09-21 07:15:53', '2021-09-21 07:15:53'),
(505, 168, 39, 10000, 'KREDIT', 'akun', '2021-09-21 07:15:53', '2021-09-21 07:15:53'),
(506, 168, 64, 50, 'DEBIT', 'akun', '2021-09-21 07:15:53', '2021-09-21 07:15:53'),
(507, 169, 58, 40000, 'DEBIT', 'akun', '2021-09-21 08:02:30', '2021-09-21 08:02:30'),
(508, 169, 45, 0, 'KREDIT', 'akun', '2021-09-21 08:02:30', '2021-09-21 08:02:30'),
(509, 169, 20, 40000, 'KREDIT', 'lawan', '2021-09-21 08:02:30', '2021-09-21 08:02:30'),
(510, 170, 58, 100000, 'DEBIT', 'akun', '2021-09-21 08:05:03', '2021-09-21 08:05:03'),
(511, 170, 45, 0, 'KREDIT', 'akun', '2021-09-21 08:05:03', '2021-09-21 08:05:03'),
(512, 170, 20, 100000, 'KREDIT', 'lawan', '2021-09-21 08:05:03', '2021-09-21 08:05:03'),
(513, 171, 62, 30000, 'KREDIT', 'akun', '2021-09-22 05:26:22', '2021-09-22 05:26:22'),
(514, 171, 20, 30000, 'DEBIT', 'lawan', '2021-09-22 05:26:22', '2021-09-22 05:26:22'),
(515, 172, 62, 30000, 'KREDIT', 'akun', '2021-09-22 05:51:04', '2021-09-22 05:51:04'),
(516, 172, 20, 30000, 'DEBIT', 'lawan', '2021-09-22 05:51:04', '2021-09-22 05:51:04'),
(517, 173, 39, 15000, 'KREDIT', 'akun', '2021-09-27 08:06:41', '2021-09-27 08:06:41'),
(518, 173, 58, 29900, 'KREDIT', 'akun', '2021-09-27 08:06:41', '2021-09-27 08:06:41'),
(519, 173, 46, 0, 'DEBIT', 'akun', '2021-09-27 08:06:41', '2021-09-27 08:06:41'),
(520, 173, 20, 15000, 'DEBIT', 'lawan', '2021-09-27 08:06:41', '2021-09-27 08:06:41'),
(521, 173, 65, 29900, 'DEBIT', 'lawan', '2021-09-27 08:06:41', '2021-09-27 08:06:41');

-- --------------------------------------------------------

--
-- Table structure for table `tbl_user`
--

CREATE TABLE `tbl_user` (
  `id_users` int(11) NOT NULL,
  `full_name` varchar(50) NOT NULL,
  `email` varchar(50) NOT NULL,
  `password` varchar(50) NOT NULL,
  `images` text NOT NULL,
  `id_user_level` int(11) NOT NULL,
  `is_aktif` enum('y','n') NOT NULL,
  `id_dokter` int(11) NOT NULL COMMENT 'Jika user_level merupakan dokter',
  `id_pegawai` int(11) NOT NULL COMMENT 'jika user adalah pegawai',
  `id_apoteker` int(11) NOT NULL COMMENT 'jika user adalah apoteker',
  `id_klinik` int(11) NOT NULL,
  `dtm_crt` datetime NOT NULL DEFAULT current_timestamp(),
  `dtm_upd` datetime NOT NULL DEFAULT current_timestamp(),
  `usr_upd` varchar(100) DEFAULT NULL
) ENGINE=InnoDB DEFAULT CHARSET=latin1;

--
-- Dumping data for table `tbl_user`
--

INSERT INTO `tbl_user` (`id_users`, `full_name`, `email`, `password`, `images`, `id_user_level`, `is_aktif`, `id_dokter`, `id_pegawai`, `id_apoteker`, `id_klinik`, `dtm_crt`, `dtm_upd`, `usr_upd`) VALUES
(1, 'Super Admin', 'super.admin@gmail.com', '5f4dcc3b5aa765d61d8327deb882cf99', 'logo-rs2.jpg', 1, 'y', 0, 0, 0, 0, '2018-03-21 17:34:00', '2019-12-23 02:27:25', NULL),
(3, 'Bag Apotik', 'bagapotik@gmail.com', '5f4dcc3b5aa765d61d8327deb882cf99', 'logo-rs10.jpg', 3, 'y', 0, 0, 0, 1, '2018-03-21 17:34:00', '2019-12-23 02:30:42', NULL),
(4, 'Bag Pendaftaran', 'bagpendaftaran@gmail.com', '5f4dcc3b5aa765d61d8327deb882cf99', 'logo-rs9.jpg', 4, 'y', 0, 0, 0, 1, '2018-03-21 17:34:00', '2019-12-23 02:30:34', NULL),
(7, 'Dokter Sunari', 'bagdokter@gmail.com', '5f4dcc3b5aa765d61d8327deb882cf99', 'logo-rs8.jpg', 5, 'y', 1, 0, 0, 1, '2018-03-21 17:34:00', '2021-06-18 09:15:52', 'bagpendaftaran@gmail.com'),
(8, 'Gudang', 'baggudang@gmail.com', '5f4dcc3b5aa765d61d8327deb882cf99', 'Steven_Hallam-slide.jpg', 6, 'y', 0, 0, 0, 1, '2018-03-21 17:34:00', '2018-03-21 17:34:00', NULL),
(9, 'Dokter Wijaya', 'dokter@gmail.com', '5f4dcc3b5aa765d61d8327deb882cf99', 'Steven_Hallam-slide.jpg', 5, 'y', 3, 0, 0, 1, '2018-03-21 17:34:00', '2019-12-30 04:16:36', 'bagpendaftaran@gmail.com'),
(10, 'Pendaftaran', 'bagpendaftaran2@gmail.com', '5f4dcc3b5aa765d61d8327deb882cf99', 'logo-rs7.jpg', 4, 'y', 0, 0, 0, 0, '2018-03-23 14:19:05', '2019-12-23 02:30:11', NULL),
(11, 'Bagian Apotek 2', 'bagapotik2@gmail.com', '5f4dcc3b5aa765d61d8327deb882cf99', 'Logo.jpg', 3, 'y', 0, 0, 0, 2, '2018-03-26 10:40:39', '2018-03-26 10:40:39', NULL),
(12, 'HRD Klinik', 'baghrd@gmail.com', '5f4dcc3b5aa765d61d8327deb882cf99', 'logo-rs6.jpg', 6, 'y', 0, 0, 0, 1, '2019-11-26 09:27:19', '2019-12-23 02:29:57', NULL),
(13, 'Akuntan', 'bagakuntan@gmail.com', '5f4dcc3b5aa765d61d8327deb882cf99', 'logo-rs5.jpg', 7, 'y', 0, 0, 0, 1, '2019-11-26 09:30:10', '2019-12-23 02:29:45', NULL),
(14, 'kasir', 'bagkasir@gmail.com', '5f4dcc3b5aa765d61d8327deb882cf99', 'logo-rs4.jpg', 8, 'y', 0, 0, 0, 1, '2019-12-13 09:13:52', '2019-12-23 02:29:38', NULL);

-- --------------------------------------------------------

--
-- Table structure for table `tbl_user_level`
--

CREATE TABLE `tbl_user_level` (
  `id_user_level` int(11) NOT NULL,
  `nama_level` varchar(30) NOT NULL,
  `dtm_crt` datetime NOT NULL DEFAULT current_timestamp(),
  `dtm_upd` datetime NOT NULL DEFAULT current_timestamp()
) ENGINE=InnoDB DEFAULT CHARSET=latin1;

--
-- Dumping data for table `tbl_user_level`
--

INSERT INTO `tbl_user_level` (`id_user_level`, `nama_level`, `dtm_crt`, `dtm_upd`) VALUES
(1, 'Super Admin', '2018-03-27 10:49:30', '2018-03-27 10:49:30'),
(3, 'Petugas Apotek', '2018-03-27 10:49:30', '2018-05-10 19:17:58'),
(4, 'Pendaftaran', '2018-03-27 10:49:30', '2018-03-27 10:49:30'),
(5, 'Dokter', '2018-03-27 10:49:30', '2018-03-27 10:49:30'),
(6, 'HRD', '2019-11-26 09:25:50', '2019-11-26 09:25:50'),
(7, 'Accounting', '2019-11-26 09:28:18', '2019-11-26 09:28:18'),
(8, 'Kasir', '2019-12-13 09:14:04', '2019-12-13 09:14:04');

-- --------------------------------------------------------

--
-- Table structure for table `tbl_wilayah`
--

CREATE TABLE `tbl_wilayah` (
  `kode` varchar(13) NOT NULL,
  `nama` varchar(25) DEFAULT NULL,
  `dtm_crt` datetime NOT NULL DEFAULT current_timestamp(),
  `dtm_upd` datetime NOT NULL DEFAULT current_timestamp()
) ENGINE=MyISAM DEFAULT CHARSET=latin1;

--
-- Dumping data for table `tbl_wilayah`
--

INSERT INTO `tbl_wilayah` (`kode`, `nama`, `dtm_crt`, `dtm_upd`) VALUES
('35', 'JAWA TIMUR', '2018-03-27 10:50:42', '2018-03-27 10:50:42'),
('35.01', 'KAB. PACITAN', '2018-03-27 10:50:42', '2018-03-27 10:50:42'),
('35.01.01', 'Donorojo', '2018-03-27 10:50:42', '2018-03-27 10:50:42'),
('35.01.01.2001', 'Widoro', '2018-03-27 10:50:42', '2018-03-27 10:50:42'),
('35.01.01.2002', 'Sawahan', '2018-03-27 10:50:42', '2018-03-27 10:50:42'),
('35.01.01.2003', 'Kalak', '2018-03-27 10:50:42', '2018-03-27 10:50:42'),
('35.01.01.2004', 'Sendang', '2018-03-27 10:50:42', '2018-03-27 10:50:42'),
('35.01.01.2005', 'Klepu', '2018-03-27 10:50:42', '2018-03-27 10:50:42'),
('35.01.01.2006', 'Gedompol', '2018-03-27 10:50:42', '2018-03-27 10:50:42'),
('35.01.01.2007', 'Cemeng', '2018-03-27 10:50:42', '2018-03-27 10:50:42'),
('35.01.01.2008', 'Gendaran', '2018-03-27 10:50:42', '2018-03-27 10:50:42'),
('35.01.01.2009', 'Sukodono', '2018-03-27 10:50:42', '2018-03-27 10:50:42'),
('35.01.01.2010', 'Sekar', '2018-03-27 10:50:42', '2018-03-27 10:50:42'),
('35.01.01.2011', 'Donorojo', '2018-03-27 10:50:42', '2018-03-27 10:50:42'),
('35.01.01.2012', 'Belah', '2018-03-27 10:50:42', '2018-03-27 10:50:42'),
('35.01.02', 'Pringkuku', '2018-03-27 10:50:42', '2018-03-27 10:50:42'),
('35.01.02.2001', 'Dersono', '2018-03-27 10:50:42', '2018-03-27 10:50:42'),
('35.01.02.2002', 'Sugihwaras', '2018-03-27 10:50:42', '2018-03-27 10:50:42'),
('35.01.02.2003', 'Watukarung', '2018-03-27 10:50:42', '2018-03-27 10:50:42'),
('35.01.02.2004', 'Jlubang', '2018-03-27 10:50:42', '2018-03-27 10:50:42'),
('35.01.02.2005', 'Candi', '2018-03-27 10:50:42', '2018-03-27 10:50:42'),
('35.01.02.2006', 'Poko', '2018-03-27 10:50:42', '2018-03-27 10:50:42'),
('35.01.02.2007', 'Dadapan', '2018-03-27 10:50:42', '2018-03-27 10:50:42'),
('35.01.02.2008', 'Pringkuku', '2018-03-27 10:50:42', '2018-03-27 10:50:42'),
('35.01.02.2009', 'Sobo', '2018-03-27 10:50:42', '2018-03-27 10:50:42'),
('35.01.02.2010', 'Ngadirejan', '2018-03-27 10:50:42', '2018-03-27 10:50:42'),
('35.01.02.2011', 'Glinggangan', '2018-03-27 10:50:42', '2018-03-27 10:50:42'),
('35.01.02.2012', 'Pelem', '2018-03-27 10:50:42', '2018-03-27 10:50:42'),
('35.01.02.2013', 'Tamanasri', '2018-03-27 10:50:42', '2018-03-27 10:50:42'),
('35.01.03', 'Punung', '2018-03-27 10:50:42', '2018-03-27 10:50:42'),
('35.01.03.2001', 'Bomo', '2018-03-27 10:50:42', '2018-03-27 10:50:42'),
('35.01.03.2002', 'Sooko', '2018-03-27 10:50:42', '2018-03-27 10:50:42'),
('35.01.03.2003', 'Punung', '2018-03-27 10:50:42', '2018-03-27 10:50:42'),
('35.01.03.2004', 'Mendolo Kidul', '2018-03-27 10:50:42', '2018-03-27 10:50:42'),
('35.01.03.2005', 'Piton', '2018-03-27 10:50:42', '2018-03-27 10:50:42'),
('35.01.03.2006', 'Kendal', '2018-03-27 10:50:42', '2018-03-27 10:50:42'),
('35.01.03.2007', 'Wareng', '2018-03-27 10:50:42', '2018-03-27 10:50:42'),
('35.01.03.2008', 'Mantren', '2018-03-27 10:50:42', '2018-03-27 10:50:42'),
('35.01.03.2009', 'Mendolo Lor', '2018-03-27 10:50:42', '2018-03-27 10:50:42'),
('35.01.03.2010', 'Ploso', '2018-03-27 10:50:42', '2018-03-27 10:50:42'),
('35.01.03.2011', 'Gondosari', '2018-03-27 10:50:42', '2018-03-27 10:50:42'),
('35.01.03.2012', 'Kebonsari', '2018-03-27 10:50:42', '2018-03-27 10:50:42'),
('35.01.03.2013', 'Tinatar', '2018-03-27 10:50:42', '2018-03-27 10:50:42'),
('35.01.04', 'Pacitan', '2018-03-27 10:50:42', '2018-03-27 10:50:42'),
('35.01.04.1001', 'Sidoharjo', '2018-03-27 10:50:42', '2018-03-27 10:50:42'),
('35.01.04.1002', 'Ploso', '2018-03-27 10:50:42', '2018-03-27 10:50:42'),
('35.01.04.2003', 'Kembang', '2018-03-27 10:50:42', '2018-03-27 10:50:42'),
('35.01.04.2004', 'Sukoharjo', '2018-03-27 10:50:42', '2018-03-27 10:50:42'),
('35.01.04.2005', 'Kayen', '2018-03-27 10:50:42', '2018-03-27 10:50:42'),
('35.01.04.2006', 'Sirnoboyo', '2018-03-27 10:50:42', '2018-03-27 10:50:42'),
('35.01.04.2007', 'Arjowinangun', '2018-03-27 10:50:42', '2018-03-27 10:50:42'),
('35.01.04.1008', 'Baleharjo', '2018-03-27 10:50:42', '2018-03-27 10:50:42'),
('35.01.04.2009', 'Bangunsari', '2018-03-27 10:50:42', '2018-03-27 10:50:42'),
('35.01.04.2010', 'Sedeng', '2018-03-27 10:50:42', '2018-03-27 10:50:42'),
('35.01.04.2011', 'Sumberharjo', '2018-03-27 10:50:42', '2018-03-27 10:50:42'),
('35.01.04.1012', 'Pucungsewu', '2018-03-27 10:50:42', '2018-03-27 10:50:42'),
('35.01.04.1013', 'Pacitan', '2018-03-27 10:50:42', '2018-03-27 10:50:42'),
('35.01.04.2014', 'Tanjungsari', '2018-03-27 10:50:42', '2018-03-27 10:50:42'),
('35.01.04.2015', 'Menadi', '2018-03-27 10:50:42', '2018-03-27 10:50:42'),
('35.01.04.2016', 'Mentoro', '2018-03-27 10:50:42', '2018-03-27 10:50:42'),
('35.01.04.2017', 'Purworejo', '2018-03-27 10:50:42', '2018-03-27 10:50:42'),
('35.01.04.2018', 'Nanggungan', '2018-03-27 10:50:42', '2018-03-27 10:50:42'),
('35.01.04.2019', 'Widoro', '2018-03-27 10:50:42', '2018-03-27 10:50:42'),
('35.01.04.2020', 'Semantren', '2018-03-27 10:50:42', '2018-03-27 10:50:42'),
('35.01.04.2021', 'Sambong', '2018-03-27 10:50:42', '2018-03-27 10:50:42'),
('35.01.04.2022', 'Banjarsari', '2018-03-27 10:50:42', '2018-03-27 10:50:42'),
('35.01.04.2023', 'Bolosingo', '2018-03-27 10:50:42', '2018-03-27 10:50:42'),
('35.01.04.2024', 'Ponggok', '2018-03-27 10:50:42', '2018-03-27 10:50:42'),
('35.01.04.2025', 'Tambakrejo', '2018-03-27 10:50:42', '2018-03-27 10:50:42'),
('35.01.05', 'Kebonagung', '2018-03-27 10:50:42', '2018-03-27 10:50:42'),
('35.01.05.2001', 'Plumbungan', '2018-03-27 10:50:42', '2018-03-27 10:50:42'),
('35.01.05.2002', 'Karangnongko', '2018-03-27 10:50:42', '2018-03-27 10:50:42'),
('35.01.05.2003', 'Kalipelus', '2018-03-27 10:50:42', '2018-03-27 10:50:42'),
('35.01.05.2004', 'Karanganyar', '2018-03-27 10:50:42', '2018-03-27 10:50:42'),
('35.01.05.2005', 'Katipugal', '2018-03-27 10:50:42', '2018-03-27 10:50:42'),
('35.01.05.2006', 'Klesem', '2018-03-27 10:50:42', '2018-03-27 10:50:42'),
('35.01.05.2007', 'Sidomulyo', '2018-03-27 10:50:42', '2018-03-27 10:50:42'),
('35.01.05.2008', 'Worawari', '2018-03-27 10:50:42', '2018-03-27 10:50:42'),
('35.01.05.2009', 'Mantren', '2018-03-27 10:50:42', '2018-03-27 10:50:42'),
('35.01.05.2010', 'Gawang', '2018-03-27 10:50:42', '2018-03-27 10:50:42'),
('35.01.05.2011', 'Kebonagung', '2018-03-27 10:50:42', '2018-03-27 10:50:42'),
('35.01.05.2012', 'Purwoasri', '2018-03-27 10:50:42', '2018-03-27 10:50:42'),
('35.01.05.2013', 'Banjarjo', '2018-03-27 10:50:42', '2018-03-27 10:50:42'),
('35.01.05.2014', 'Gembuk', '2018-03-27 10:50:42', '2018-03-27 10:50:42'),
('35.01.05.2015', 'Sanggrahan', '2018-03-27 10:50:42', '2018-03-27 10:50:42'),
('35.01.05.2016', 'Punjung', '2018-03-27 10:50:42', '2018-03-27 10:50:42'),
('35.01.05.2017', 'Wonogondo', '2018-03-27 10:50:42', '2018-03-27 10:50:42'),
('35.01.05.2018', 'Ketepung', '2018-03-27 10:50:42', '2018-03-27 10:50:42'),
('35.01.05.2019', 'Ketro', '2018-03-27 10:50:42', '2018-03-27 10:50:42'),
('35.01.06', 'Arjosari', '2018-03-27 10:50:42', '2018-03-27 10:50:42'),
('35.01.06.2001', 'Mlati', '2018-03-27 10:50:42', '2018-03-27 10:50:42'),
('35.01.06.2002', 'Sedayu', '2018-03-27 10:50:42', '2018-03-27 10:50:42'),
('35.01.06.2003', 'Tremas', '2018-03-27 10:50:42', '2018-03-27 10:50:42'),
('35.01.06.2004', 'Arjosari', '2018-03-27 10:50:42', '2018-03-27 10:50:42'),
('35.01.06.2005', 'Gunungsari', '2018-03-27 10:50:42', '2018-03-27 10:50:42'),
('35.01.06.2006', 'Pagutan', '2018-03-27 10:50:42', '2018-03-27 10:50:42'),
('35.01.06.2007', 'Gembong', '2018-03-27 10:50:42', '2018-03-27 10:50:42'),
('35.01.06.2008', 'Borang', '2018-03-27 10:50:42', '2018-03-27 10:50:42'),
('35.01.06.2009', 'Gegeran', '2018-03-27 10:50:42', '2018-03-27 10:50:42'),
('35.01.06.2010', 'Kedungbendo', '2018-03-27 10:50:42', '2018-03-27 10:50:42'),
('35.01.06.2011', 'Mangunharjo', '2018-03-27 10:50:42', '2018-03-27 10:50:42'),
('35.01.06.2012', 'Jetiskidul', '2018-03-27 10:50:42', '2018-03-27 10:50:42'),
('35.01.06.2013', 'Temon', '2018-03-27 10:50:42', '2018-03-27 10:50:42'),
('35.01.06.2014', 'Karanggede', '2018-03-27 10:50:42', '2018-03-27 10:50:42'),
('35.01.06.2015', 'Gayuhan', '2018-03-27 10:50:42', '2018-03-27 10:50:42'),
('35.01.06.2016', 'Karangrejo', '2018-03-27 10:50:42', '2018-03-27 10:50:42'),
('35.01.06.2017', 'Jatimalang', '2018-03-27 10:50:42', '2018-03-27 10:50:42'),
('35.01.07', 'Nawangan', '2018-03-27 10:50:42', '2018-03-27 10:50:42'),
('35.01.07.2001', 'Gondang', '2018-03-27 10:50:42', '2018-03-27 10:50:42'),
('35.01.07.2002', 'Mujing', '2018-03-27 10:50:42', '2018-03-27 10:50:42'),
('35.01.07.2003', 'Sempu', '2018-03-27 10:50:42', '2018-03-27 10:50:42'),
('35.01.07.2004', 'Nawangan', '2018-03-27 10:50:42', '2018-03-27 10:50:42'),
('35.01.07.2005', 'Tokawi', '2018-03-27 10:50:42', '2018-03-27 10:50:42'),
('35.01.07.2006', 'Jetis Lor', '2018-03-27 10:50:42', '2018-03-27 10:50:42'),
('35.01.07.2007', 'Penggung', '2018-03-27 10:50:42', '2018-03-27 10:50:42'),
('35.01.07.2008', 'Pakis Baru', '2018-03-27 10:50:42', '2018-03-27 10:50:42'),
('35.01.07.2009', 'Ngromo', '2018-03-27 10:50:42', '2018-03-27 10:50:42'),
('35.01.08', 'Bandar', '2018-03-27 10:50:42', '2018-03-27 10:50:42'),
('35.01.08.2001', 'Petungsinarang', '2018-03-27 10:50:42', '2018-03-27 10:50:42'),
('35.01.08.2002', 'Ngunut', '2018-03-27 10:50:42', '2018-03-27 10:50:42'),
('35.01.08.2003', 'Bandar', '2018-03-27 10:50:42', '2018-03-27 10:50:42'),
('35.01.08.2004', 'Kledung', '2018-03-27 10:50:42', '2018-03-27 10:50:42'),
('35.01.08.2005', 'Tumpuk', '2018-03-27 10:50:42', '2018-03-27 10:50:42'),
('35.01.08.2006', 'Watupatok', '2018-03-27 10:50:42', '2018-03-27 10:50:42'),
('35.01.08.2007', 'Bangunsari', '2018-03-27 10:50:42', '2018-03-27 10:50:42'),
('35.01.08.2008', 'Jeruk', '2018-03-27 10:50:42', '2018-03-27 10:50:42'),
('35.01.09', 'Tegalombo', '2018-03-27 10:50:42', '2018-03-27 10:50:42'),
('35.01.09.2001', 'Kebondalem', '2018-03-27 10:50:42', '2018-03-27 10:50:42'),
('35.01.09.2002', 'Gedangan', '2018-03-27 10:50:42', '2018-03-27 10:50:42'),
('35.01.09.2003', 'Ngreco', '2018-03-27 10:50:42', '2018-03-27 10:50:42'),
('35.01.09.2004', 'Kasihan', '2018-03-27 10:50:42', '2018-03-27 10:50:42'),
('35.01.09.2005', 'Pucangombo', '2018-03-27 10:50:42', '2018-03-27 10:50:42'),
('35.01.09.2006', 'Gemaharjo', '2018-03-27 10:50:42', '2018-03-27 10:50:42'),
('35.01.09.2007', 'Ploso', '2018-03-27 10:50:42', '2018-03-27 10:50:42'),
('35.01.09.2008', 'Tegalombo', '2018-03-27 10:50:42', '2018-03-27 10:50:42'),
('35.01.09.2009', 'Kemuning', '2018-03-27 10:50:42', '2018-03-27 10:50:42'),
('35.01.09.2010', 'Tahunan', '2018-03-27 10:50:42', '2018-03-27 10:50:42'),
('35.01.09.2011', 'Tahunan Baru', '2018-03-27 10:50:42', '2018-03-27 10:50:42'),
('35.01.10', 'Tulakan', '2018-03-27 10:50:42', '2018-03-27 10:50:42'),
('35.01.10.2001', 'Jetak', '2018-03-27 10:50:42', '2018-03-27 10:50:42'),
('35.01.10.2002', 'Nglaran', '2018-03-27 10:50:42', '2018-03-27 10:50:42'),
('35.01.10.2003', 'Wonoanti', '2018-03-27 10:50:42', '2018-03-27 10:50:42'),
('35.01.10.2004', 'Padi', '2018-03-27 10:50:42', '2018-03-27 10:50:42'),
('35.01.10.2005', 'Kluwih', '2018-03-27 10:50:42', '2018-03-27 10:50:42'),
('35.01.10.2006', 'Bungur', '2018-03-27 10:50:42', '2018-03-27 10:50:42'),
('35.01.10.2007', 'Tulakan', '2018-03-27 10:50:42', '2018-03-27 10:50:42'),
('35.01.10.2008', 'Jatigunung', '2018-03-27 10:50:42', '2018-03-27 10:50:42'),
('35.01.10.2009', 'Gasang', '2018-03-27 10:50:42', '2018-03-27 10:50:42'),
('35.01.10.2010', 'Kalikuning', '2018-03-27 10:50:42', '2018-03-27 10:50:42'),
('35.01.10.2011', 'Ngile', '2018-03-27 10:50:42', '2018-03-27 10:50:42'),
('35.01.10.2012', 'Bubakan', '2018-03-27 10:50:42', '2018-03-27 10:50:42'),
('35.01.10.2013', 'Losari', '2018-03-27 10:50:42', '2018-03-27 10:50:42'),
('35.01.10.2014', 'Ngumbul', '2018-03-27 10:50:42', '2018-03-27 10:50:42'),
('35.01.10.2015', 'Wonosidi', '2018-03-27 10:50:42', '2018-03-27 10:50:42'),
('35.01.10.2016', 'Ketro', '2018-03-27 10:50:42', '2018-03-27 10:50:42'),
('35.01.11', 'Ngadirojo', '2018-03-27 10:50:42', '2018-03-27 10:50:42'),
('35.01.11.2001', 'Sidomulyo', '2018-03-27 10:50:42', '2018-03-27 10:50:42'),
('35.01.11.2002', 'Hadiwarno', '2018-03-27 10:50:42', '2018-03-27 10:50:42'),
('35.01.11.2003', 'Tanjungpuro', '2018-03-27 10:50:42', '2018-03-27 10:50:42'),
('35.01.11.2004', 'Hadiluwih', '2018-03-27 10:50:42', '2018-03-27 10:50:42'),
('35.01.11.2005', 'Pagerejo', '2018-03-27 10:50:42', '2018-03-27 10:50:42'),
('35.01.11.2006', 'Wiyoro', '2018-03-27 10:50:42', '2018-03-27 10:50:42'),
('35.01.11.2007', 'Ngadirojo', '2018-03-27 10:50:42', '2018-03-27 10:50:42'),
('35.01.11.2008', 'Bogoharjo', '2018-03-27 10:50:42', '2018-03-27 10:50:42'),
('35.01.11.2009', 'Cokrokembang', '2018-03-27 10:50:42', '2018-03-27 10:50:42'),
('35.01.11.2010', 'Bodag', '2018-03-27 10:50:42', '2018-03-27 10:50:42'),
('35.01.11.2011', 'Tanjunglor', '2018-03-27 10:50:42', '2018-03-27 10:50:42'),
('35.01.11.2012', 'Nogosari', '2018-03-27 10:50:42', '2018-03-27 10:50:42'),
('35.01.11.2013', 'Cangkring', '2018-03-27 10:50:42', '2018-03-27 10:50:42'),
('35.01.11.2014', 'Wonodadi Wetan', '2018-03-27 10:50:42', '2018-03-27 10:50:42'),
('35.01.11.2015', 'Wonodadi Wetan', '2018-03-27 10:50:42', '2018-03-27 10:50:42'),
('35.01.11.2016', 'Wonokarto', '2018-03-27 10:50:42', '2018-03-27 10:50:42'),
('35.01.11.2017', 'Wonosobo', '2018-03-27 10:50:42', '2018-03-27 10:50:42'),
('35.01.11.2018', 'Wonoasri', '2018-03-27 10:50:42', '2018-03-27 10:50:42'),
('35.01.12', 'Sudimoro', '2018-03-27 10:50:42', '2018-03-27 10:50:42'),
('35.01.12.2001', 'Pagerkidul', '2018-03-27 10:50:42', '2018-03-27 10:50:42'),
('35.01.12.2002', 'Pagerlor', '2018-03-27 10:50:42', '2018-03-27 10:50:42'),
('35.01.12.2003', 'Sukoharjo', '2018-03-27 10:50:42', '2018-03-27 10:50:42'),
('35.01.12.2004', 'Sudimoro', '2018-03-27 10:50:42', '2018-03-27 10:50:42'),
('35.01.12.2005', 'Ketanggung', '2018-03-27 10:50:42', '2018-03-27 10:50:42'),
('35.01.12.2006', 'Klepu', '2018-03-27 10:50:42', '2018-03-27 10:50:42'),
('35.01.12.2007', 'Sembowo', '2018-03-27 10:50:42', '2018-03-27 10:50:42'),
('35.01.12.2008', 'Karangmulyo', '2018-03-27 10:50:42', '2018-03-27 10:50:42'),
('35.01.12.2009', 'Gunungrejo', '2018-03-27 10:50:42', '2018-03-27 10:50:42'),
('35.01.12.2010', 'Sumberejo', '2018-03-27 10:50:42', '2018-03-27 10:50:42'),
('35.02', 'KAB. PONOROGO', '2018-03-27 10:50:42', '2018-03-27 10:50:42'),
('35.02.01', 'Slahung', '2018-03-27 10:50:42', '2018-03-27 10:50:42'),
('35.02.01.2001', 'Tugurejo', '2018-03-27 10:50:42', '2018-03-27 10:50:42'),
('35.02.01.2002', 'Senepo', '2018-03-27 10:50:42', '2018-03-27 10:50:42'),
('35.02.01.2003', 'Slahung', '2018-03-27 10:50:42', '2018-03-27 10:50:42'),
('35.02.01.2004', 'Caluk', '2018-03-27 10:50:42', '2018-03-27 10:50:42'),
('35.02.01.2005', 'Broto', '2018-03-27 10:50:42', '2018-03-27 10:50:42'),
('35.02.01.2006', 'Menggare', '2018-03-27 10:50:42', '2018-03-27 10:50:42'),
('35.02.01.2007', 'Kambeng', '2018-03-27 10:50:42', '2018-03-27 10:50:42'),
('35.02.01.2008', 'Wates', '2018-03-27 10:50:42', '2018-03-27 10:50:42'),
('35.02.01.2009', 'Ngilo-Ilo', '2018-03-27 10:50:42', '2018-03-27 10:50:42'),
('35.02.01.2010', 'Duri', '2018-03-27 10:50:42', '2018-03-27 10:50:42'),
('35.02.01.2011', 'Ngloning', '2018-03-27 10:50:42', '2018-03-27 10:50:42'),
('35.02.01.2012', 'Plancungan', '2018-03-27 10:50:42', '2018-03-27 10:50:42'),
('35.02.01.2013', 'Jebeng', '2018-03-27 10:50:42', '2018-03-27 10:50:42'),
('35.02.01.2014', 'Galak', '2018-03-27 10:50:42', '2018-03-27 10:50:42'),
('35.02.01.2015', 'Truneng', '2018-03-27 10:50:42', '2018-03-27 10:50:42'),
('35.02.01.2016', 'Simo', '2018-03-27 10:50:42', '2018-03-27 10:50:42'),
('35.02.01.2017', 'Crabak', '2018-03-27 10:50:42', '2018-03-27 10:50:42'),
('35.02.01.2018', 'Mojopitu', '2018-03-27 10:50:42', '2018-03-27 10:50:42'),
('35.02.01.2019', 'Gundik', '2018-03-27 10:50:42', '2018-03-27 10:50:42'),
('35.02.01.2020', 'Nailan', '2018-03-27 10:50:42', '2018-03-27 10:50:42'),
('35.02.01.2021', 'Gombang', '2018-03-27 10:50:42', '2018-03-27 10:50:42'),
('35.02.01.2022', 'Janti', '2018-03-27 10:50:42', '2018-03-27 10:50:42'),
('35.02.02', 'Ngrayun', '2018-03-27 10:50:42', '2018-03-27 10:50:42'),
('35.02.02.2001', 'Wonodadi', '2018-03-27 10:50:42', '2018-03-27 10:50:42'),
('35.02.02.2002', 'Sendang', '2018-03-27 10:50:42', '2018-03-27 10:50:42'),
('35.02.02.2003', 'Baosan Kidul', '2018-03-27 10:50:42', '2018-03-27 10:50:42'),
('35.02.02.2004', 'Binade', '2018-03-27 10:50:42', '2018-03-27 10:50:42'),
('35.02.02.2005', 'Mrayan', '2018-03-27 10:50:42', '2018-03-27 10:50:42'),
('35.02.02.2006', 'Baosan Lor', '2018-03-27 10:50:42', '2018-03-27 10:50:42'),
('35.02.02.2007', 'Temon', '2018-03-27 10:50:42', '2018-03-27 10:50:42'),
('35.02.02.2008', 'Selur', '2018-03-27 10:50:42', '2018-03-27 10:50:42'),
('35.02.02.2009', 'Ngrayun', '2018-03-27 10:50:42', '2018-03-27 10:50:42'),
('35.02.02.2010', 'Cepoko', '2018-03-27 10:50:42', '2018-03-27 10:50:42'),
('35.02.02.2011', 'Gedangan', '2018-03-27 10:50:42', '2018-03-27 10:50:42'),
('35.02.03', 'Bungkal', '2018-03-27 10:50:42', '2018-03-27 10:50:42'),
('35.02.03.2001', 'Pelem', '2018-03-27 10:50:42', '2018-03-27 10:50:42'),
('35.02.03.2002', 'Koripan', '2018-03-27 10:50:42', '2018-03-27 10:50:42'),
('35.02.03.2003', 'Bekare', '2018-03-27 10:50:42', '2018-03-27 10:50:42'),
('35.02.03.2004', 'Nambak', '2018-03-27 10:50:42', '2018-03-27 10:50:42'),
('35.02.03.2005', 'Kalisat', '2018-03-27 10:50:42', '2018-03-27 10:50:42'),
('35.02.03.2006', 'Munggu', '2018-03-27 10:50:42', '2018-03-27 10:50:42'),
('35.02.03.2007', 'Pager', '2018-03-27 10:50:42', '2018-03-27 10:50:42'),
('35.02.03.2008', 'Belang', '2018-03-27 10:50:42', '2018-03-27 10:50:42'),
('35.02.03.2009', 'Bungkal', '2018-03-27 10:50:42', '2018-03-27 10:50:42'),
('35.02.03.2010', 'Ketonggo', '2018-03-27 10:50:42', '2018-03-27 10:50:42'),
('35.02.03.2011', 'Kunti', '2018-03-27 10:50:42', '2018-03-27 10:50:42'),
('35.02.03.2012', 'Bancar', '2018-03-27 10:50:42', '2018-03-27 10:50:42'),
('35.02.03.2013', 'Padas', '2018-03-27 10:50:42', '2018-03-27 10:50:42'),
('35.02.03.2014', 'Bungu', '2018-03-27 10:50:42', '2018-03-27 10:50:42'),
('35.02.03.2015', 'Kupuk', '2018-03-27 10:50:42', '2018-03-27 10:50:42'),
('35.02.03.2016', 'Sambilawang', '2018-03-27 10:50:42', '2018-03-27 10:50:42'),
('35.02.03.2017', 'Kwajon', '2018-03-27 10:50:42', '2018-03-27 10:50:42'),
('35.02.03.2018', 'Bediwetan', '2018-03-27 10:50:42', '2018-03-27 10:50:42'),
('35.02.03.2019', 'Bedikulon', '2018-03-27 10:50:42', '2018-03-27 10:50:42'),
('35.02.04', 'Sambit', '2018-03-27 10:50:42', '2018-03-27 10:50:42'),
('35.02.04.2001', 'Gajah', '2018-03-27 10:50:42', '2018-03-27 10:50:42'),
('35.02.04.2002', 'Wringinanom', '2018-03-27 10:50:42', '2018-03-27 10:50:42'),
('35.02.04.2003', 'Ngadisanan', '2018-03-27 10:50:42', '2018-03-27 10:50:42'),
('35.02.04.2004', 'Maguwan', '2018-03-27 10:50:42', '2018-03-27 10:50:42'),
('35.02.04.2005', 'Nglewan', '2018-03-27 10:50:42', '2018-03-27 10:50:42'),
('35.02.04.2006', 'Bedingin', '2018-03-27 10:50:42', '2018-03-27 10:50:42'),
('35.02.04.2007', 'Bancangan', '2018-03-27 10:50:42', '2018-03-27 10:50:42'),
('35.02.04.2008', 'Campurejo', '2018-03-27 10:50:42', '2018-03-27 10:50:42'),
('35.02.04.2009', 'Campursari', '2018-03-27 10:50:42', '2018-03-27 10:50:42'),
('35.02.04.2010', 'Bulu', '2018-03-27 10:50:42', '2018-03-27 10:50:42'),
('35.02.04.2011', 'Sambit', '2018-03-27 10:50:42', '2018-03-27 10:50:42'),
('35.02.04.2012', 'Besuki', '2018-03-27 10:50:42', '2018-03-27 10:50:42'),
('35.02.04.2013', 'Wilangan', '2018-03-27 10:50:42', '2018-03-27 10:50:42'),
('35.02.04.2014', 'Bangsalan', '2018-03-27 10:50:42', '2018-03-27 10:50:42'),
('35.02.04.2015', 'Kemuning', '2018-03-27 10:50:42', '2018-03-27 10:50:42'),
('35.02.04.2016', 'Jrakah', '2018-03-27 10:50:42', '2018-03-27 10:50:42'),
('35.02.05', 'Sawoo', '2018-03-27 10:50:42', '2018-03-27 10:50:42'),
('35.02.05.2001', 'Tumpuk', '2018-03-27 10:50:42', '2018-03-27 10:50:42'),
('35.02.05.2002', 'Pangkal', '2018-03-27 10:50:42', '2018-03-27 10:50:42'),
('35.02.05.2003', 'Tumpak Pelem', '2018-03-27 10:50:42', '2018-03-27 10:50:42'),
('35.02.05.2004', 'Tempuran', '2018-03-27 10:50:42', '2018-03-27 10:50:42'),
('35.02.05.2005', 'Sriti', '2018-03-27 10:50:42', '2018-03-27 10:50:42'),
('35.02.05.2006', 'Temon', '2018-03-27 10:50:42', '2018-03-27 10:50:42'),
('35.02.05.2007', 'Sawoo', '2018-03-27 10:50:42', '2018-03-27 10:50:42'),
('35.02.05.2008', 'Prayungan', '2018-03-27 10:50:42', '2018-03-27 10:50:42'),
('35.02.05.2009', 'Tugurejo', '2018-03-27 10:50:42', '2018-03-27 10:50:42'),
('35.02.05.2010', 'Grogol', '2018-03-27 10:50:42', '2018-03-27 10:50:42'),
('35.02.05.2011', 'Ketro', '2018-03-27 10:50:42', '2018-03-27 10:50:42'),
('35.02.05.2012', 'Kori', '2018-03-27 10:50:42', '2018-03-27 10:50:42'),
('35.02.05.2013', 'Bondrang', '2018-03-27 10:50:42', '2018-03-27 10:50:42'),
('35.02.05.2014', 'Ngindeng', '2018-03-27 10:50:42', '2018-03-27 10:50:42'),
('35.02.06', 'Sooko', '2018-03-27 10:50:42', '2018-03-27 10:50:42'),
('35.02.06.2001', 'Ngadirojo', '2018-03-27 10:50:42', '2018-03-27 10:50:42'),
('35.02.06.2002', 'Klepu', '2018-03-27 10:50:42', '2018-03-27 10:50:42'),
('35.02.06.2003', 'Suru', '2018-03-27 10:50:42', '2018-03-27 10:50:42'),
('35.02.06.2004', 'Sooko', '2018-03-27 10:50:42', '2018-03-27 10:50:42'),
('35.02.06.2005', 'Bedoho', '2018-03-27 10:50:42', '2018-03-27 10:50:42'),
('35.02.06.2006', 'Jurug', '2018-03-27 10:50:42', '2018-03-27 10:50:42'),
('35.02.07', 'Pulung', '2018-03-27 10:50:42', '2018-03-27 10:50:42'),
('35.02.07.2001', 'Karangpatihan', '2018-03-27 10:50:42', '2018-03-27 10:50:42'),
('35.02.07.2002', 'Tegalrejo', '2018-03-27 10:50:42', '2018-03-27 10:50:42'),
('35.02.07.2003', 'Bedrug', '2018-03-27 10:50:42', '2018-03-27 10:50:42'),
('35.02.07.2004', 'Wagir Kidul', '2018-03-27 10:50:42', '2018-03-27 10:50:42'),
('35.02.07.2005', 'Singgahan', '2018-03-27 10:50:42', '2018-03-27 10:50:42'),
('35.02.07.2006', 'Patik', '2018-03-27 10:50:42', '2018-03-27 10:50:42'),
('35.02.07.2007', 'Pulung', '2018-03-27 10:50:42', '2018-03-27 10:50:42'),
('35.02.07.2008', 'Pulung Merdiko', '2018-03-27 10:50:42', '2018-03-27 10:50:42'),
('35.02.07.2009', 'Sidoharjo', '2018-03-27 10:50:42', '2018-03-27 10:50:42'),
('35.02.07.2010', 'Wotan', '2018-03-27 10:50:42', '2018-03-27 10:50:42'),
('35.02.07.2011', 'Plunturan', '2018-03-27 10:50:42', '2018-03-27 10:50:42'),
('35.02.07.2012', 'Pomahan', '2018-03-27 10:50:42', '2018-03-27 10:50:42'),
('35.02.07.2013', 'Kesugihan', '2018-03-27 10:50:42', '2018-03-27 10:50:42'),
('35.02.07.2014', 'Serag', '2018-03-27 10:50:42', '2018-03-27 10:50:42'),
('35.02.07.2015', 'Wayang', '2018-03-27 10:50:42', '2018-03-27 10:50:42'),
('35.02.07.2016', 'Munggung', '2018-03-27 10:50:42', '2018-03-27 10:50:42'),
('35.02.07.2017', 'Bekiring', '2018-03-27 10:50:42', '2018-03-27 10:50:42'),
('35.02.07.2018', 'Banaran', '2018-03-27 10:50:42', '2018-03-27 10:50:42'),
('35.02.08', 'Mlarak', '2018-03-27 10:50:42', '2018-03-27 10:50:42'),
('35.02.08.2001', 'Tugu', '2018-03-27 10:50:42', '2018-03-27 10:50:42'),
('35.02.08.2002', 'Candi', '2018-03-27 10:50:42', '2018-03-27 10:50:42'),
('35.02.08.2003', 'Totokan', '2018-03-27 10:50:42', '2018-03-27 10:50:42'),
('35.02.08.2004', 'Ngrukem', '2018-03-27 10:50:42', '2018-03-27 10:50:42'),
('35.02.08.2005', 'Siwalan', '2018-03-27 10:50:42', '2018-03-27 10:50:42'),
('35.02.08.2006', 'Joresan', '2018-03-27 10:50:42', '2018-03-27 10:50:42'),
('35.02.08.2007', 'Nglumpang', '2018-03-27 10:50:42', '2018-03-27 10:50:42'),
('35.02.08.2008', 'Gontor', '2018-03-27 10:50:42', '2018-03-27 10:50:42'),
('35.02.08.2009', 'Gandu', '2018-03-27 10:50:42', '2018-03-27 10:50:42'),
('35.02.08.2010', 'Jabung', '2018-03-27 10:50:42', '2018-03-27 10:50:42'),
('35.02.08.2011', 'Bajang', '2018-03-27 10:50:42', '2018-03-27 10:50:42'),
('35.02.08.2012', 'Mlarak', '2018-03-27 10:50:42', '2018-03-27 10:50:42'),
('35.02.08.2013', 'Serangan', '2018-03-27 10:50:42', '2018-03-27 10:50:42'),
('35.02.08.2014', 'Suren', '2018-03-27 10:50:42', '2018-03-27 10:50:42'),
('35.02.08.2015', 'Kaponan', '2018-03-27 10:50:42', '2018-03-27 10:50:42'),
('35.02.09', 'Jetis', '2018-03-27 10:50:42', '2018-03-27 10:50:42'),
('35.02.09.2001', 'Ngasinan', '2018-03-27 10:50:42', '2018-03-27 10:50:42'),
('35.02.09.2002', 'Kutu Kulon', '2018-03-27 10:50:42', '2018-03-27 10:50:42'),
('35.02.09.2003', 'Kutu Wetan', '2018-03-27 10:50:42', '2018-03-27 10:50:42'),
('35.02.09.2004', 'Kradenan', '2018-03-27 10:50:42', '2018-03-27 10:50:42'),
('35.02.09.2005', 'Mojomati', '2018-03-27 10:50:42', '2018-03-27 10:50:42'),
('35.02.09.2006', 'Coper', '2018-03-27 10:50:42', '2018-03-27 10:50:42'),
('35.02.09.2007', 'Mojorejo', '2018-03-27 10:50:42', '2018-03-27 10:50:42'),
('35.02.09.2008', 'Karanggebang', '2018-03-27 10:50:42', '2018-03-27 10:50:42'),
('35.02.09.2009', 'Jetis', '2018-03-27 10:50:42', '2018-03-27 10:50:42'),
('35.02.09.2010', 'Tegalsari', '2018-03-27 10:50:42', '2018-03-27 10:50:42'),
('35.02.09.2011', 'Wonoketro', '2018-03-27 10:50:42', '2018-03-27 10:50:42'),
('35.02.09.2012', 'Josari', '2018-03-27 10:50:42', '2018-03-27 10:50:42'),
('35.02.09.2013', 'Turi', '2018-03-27 10:50:42', '2018-03-27 10:50:42'),
('35.02.09.2014', 'Winong', '2018-03-27 10:50:42', '2018-03-27 10:50:42'),
('35.02.10', 'Siman', '2018-03-27 10:50:42', '2018-03-27 10:50:42'),
('35.02.10.2001', 'Demangan', '2018-03-27 10:50:42', '2018-03-27 10:50:42'),
('35.02.10.2002', 'Ngabar', '2018-03-27 10:50:42', '2018-03-27 10:50:42'),
('35.02.10.2003', 'Madusari', '2018-03-27 10:50:42', '2018-03-27 10:50:42'),
('35.02.10.2004', 'Beton', '2018-03-27 10:50:42', '2018-03-27 10:50:42'),
('35.02.10.2005', 'Sekaran', '2018-03-27 10:50:42', '2018-03-27 10:50:42'),
('35.02.10.2006', 'Brahu', '2018-03-27 10:50:42', '2018-03-27 10:50:42'),
('35.02.10.2007', 'Kepuhrubuh', '2018-03-27 10:50:42', '2018-03-27 10:50:42'),
('35.02.10.2008', 'Sawuh', '2018-03-27 10:50:42', '2018-03-27 10:50:42'),
('35.02.10.2009', 'Jarak', '2018-03-27 10:50:42', '2018-03-27 10:50:42'),
('35.02.10.2010', 'Tranjang', '2018-03-27 10:50:42', '2018-03-27 10:50:42'),
('35.02.10.2011', 'Pijeran', '2018-03-27 10:50:42', '2018-03-27 10:50:42'),
('35.02.10.2012', 'Manuk', '2018-03-27 10:50:42', '2018-03-27 10:50:42'),
('35.02.10.2013', 'Siman', '2018-03-27 10:50:42', '2018-03-27 10:50:42'),
('35.02.10.2014', 'Patihan Kidul', '2018-03-27 10:50:42', '2018-03-27 10:50:42'),
('35.02.10.2015', 'Ronosentanan', '2018-03-27 10:50:42', '2018-03-27 10:50:42'),
('35.02.10.2016', 'Tajug', '2018-03-27 10:50:42', '2018-03-27 10:50:42'),
('35.02.10.1017', 'Ronowijayan', '2018-03-27 10:50:42', '2018-03-27 10:50:42'),
('35.02.10.1018', 'Mangunsuman', '2018-03-27 10:50:42', '2018-03-27 10:50:42'),
('35.02.11', 'Balong', '2018-03-27 10:50:42', '2018-03-27 10:50:42'),
('35.02.11.2001', 'Pandak', '2018-03-27 10:50:42', '2018-03-27 10:50:42'),
('35.02.11.2002', 'Bulu Kidul', '2018-03-27 10:50:42', '2018-03-27 10:50:42'),
('35.02.11.2003', 'Bulak', '2018-03-27 10:50:42', '2018-03-27 10:50:42'),
('35.02.11.2004', 'Ngendut', '2018-03-27 10:50:42', '2018-03-27 10:50:42'),
('35.02.11.2005', 'Karangpatihan', '2018-03-27 10:50:42', '2018-03-27 10:50:42'),
('35.02.11.2006', 'Sumberejo', '2018-03-27 10:50:42', '2018-03-27 10:50:42'),
('35.02.11.2007', 'Ngumpul', '2018-03-27 10:50:42', '2018-03-27 10:50:42'),
('35.02.11.2008', 'Ngraket', '2018-03-27 10:50:42', '2018-03-27 10:50:42'),
('35.02.11.2009', 'Dadapan', '2018-03-27 10:50:42', '2018-03-27 10:50:42'),
('35.02.11.2010', 'Singkil', '2018-03-27 10:50:42', '2018-03-27 10:50:42'),
('35.02.11.2011', 'Karangan', '2018-03-27 10:50:42', '2018-03-27 10:50:42'),
('35.02.11.2012', 'Bajang', '2018-03-27 10:50:42', '2018-03-27 10:50:42'),
('35.02.11.2013', 'Balong', '2018-03-27 10:50:42', '2018-03-27 10:50:42'),
('35.02.11.2014', 'Jalen', '2018-03-27 10:50:42', '2018-03-27 10:50:42'),
('35.02.11.2015', 'Karangmojo', '2018-03-27 10:50:42', '2018-03-27 10:50:42'),
('35.02.11.2016', 'Sedarat', '2018-03-27 10:50:42', '2018-03-27 10:50:42'),
('35.02.11.2017', 'Purworejo', '2018-03-27 10:50:42', '2018-03-27 10:50:42'),
('35.02.11.2018', 'Tatung', '2018-03-27 10:50:42', '2018-03-27 10:50:42'),
('35.02.11.2019', 'Muneng', '2018-03-27 10:50:42', '2018-03-27 10:50:42'),
('35.02.11.2020', 'Ngampel', '2018-03-27 10:50:42', '2018-03-27 10:50:42'),
('35.02.12', 'Kauman', '2018-03-27 10:50:42', '2018-03-27 10:50:42'),
('35.02.12.2001', 'Tegalombo', '2018-03-27 10:50:42', '2018-03-27 10:50:42'),
('35.02.12.2002', 'Nongkodono', '2018-03-27 10:50:42', '2018-03-27 10:50:42'),
('35.02.12.2003', 'Sukosari', '2018-03-27 10:50:42', '2018-03-27 10:50:42'),
('35.02.12.2004', 'Ngrandu', '2018-03-27 10:50:42', '2018-03-27 10:50:42'),
('35.02.12.2005', 'Nglarangan', '2018-03-27 10:50:42', '2018-03-27 10:50:42'),
('35.02.12.2006', 'Bringin', '2018-03-27 10:50:42', '2018-03-27 10:50:42'),
('35.02.12.2007', 'Pengkol', '2018-03-27 10:50:42', '2018-03-27 10:50:42'),
('35.02.12.2008', 'Gabel', '2018-03-27 10:50:42', '2018-03-27 10:50:42'),
('35.02.12.2009', 'Ciluk', '2018-03-27 10:50:42', '2018-03-27 10:50:42'),
('35.02.12.2010', 'Semanding', '2018-03-27 10:50:42', '2018-03-27 10:50:42'),
('35.02.12.2011', 'Tosanan', '2018-03-27 10:50:42', '2018-03-27 10:50:42'),
('35.02.12.2012', 'Maron', '2018-03-27 10:50:42', '2018-03-27 10:50:42'),
('35.02.12.2013', 'Somoroto', '2018-03-27 10:50:42', '2018-03-27 10:50:42'),
('35.02.12.2014', 'Plosojenar', '2018-03-27 10:50:42', '2018-03-27 10:50:42'),
('35.02.12.2015', 'Carat', '2018-03-27 10:50:42', '2018-03-27 10:50:42'),
('35.02.12.2016', 'Kauman', '2018-03-27 10:50:42', '2018-03-27 10:50:42'),
('35.02.13', 'Badegan', '2018-03-27 10:50:42', '2018-03-27 10:50:42'),
('35.02.13.2001', 'Dayakan', '2018-03-27 10:50:42', '2018-03-27 10:50:42'),
('35.02.13.2002', 'Karangan', '2018-03-27 10:50:42', '2018-03-27 10:50:42'),
('35.02.13.2003', 'Tanjunggunung', '2018-03-27 10:50:42', '2018-03-27 10:50:42'),
('35.02.13.2004', 'Karangjoho', '2018-03-27 10:50:42', '2018-03-27 10:50:42'),
('35.02.13.2005', 'Tanjungrejo', '2018-03-27 10:50:42', '2018-03-27 10:50:42'),
('35.02.13.2006', 'Bandaralim', '2018-03-27 10:50:42', '2018-03-27 10:50:42'),
('35.02.13.2007', 'Kapuran', '2018-03-27 10:50:42', '2018-03-27 10:50:42'),
('35.02.13.2008', 'Watubonang', '2018-03-27 10:50:42', '2018-03-27 10:50:42'),
('35.02.13.2009', 'Biting', '2018-03-27 10:50:42', '2018-03-27 10:50:42'),
('35.02.13.2010', 'Badegan', '2018-03-27 10:50:42', '2018-03-27 10:50:42'),
('35.02.14', 'Sampung', '2018-03-27 10:50:42', '2018-03-27 10:50:42'),
('35.02.14.2001', 'Sampung', '2018-03-27 10:50:42', '2018-03-27 10:50:42'),
('35.02.14.2002', 'Pohijo', '2018-03-27 10:50:42', '2018-03-27 10:50:42'),
('35.02.14.2003', 'Jenangan', '2018-03-27 10:50:42', '2018-03-27 10:50:42'),
('35.02.14.2004', 'Nglurup', '2018-03-27 10:50:42', '2018-03-27 10:50:42'),
('35.02.14.2005', 'Tulung', '2018-03-27 10:50:42', '2018-03-27 10:50:42'),
('35.02.14.2006', 'Carangrejo', '2018-03-27 10:50:42', '2018-03-27 10:50:42'),
('35.02.14.2007', 'Pagerukir', '2018-03-27 10:50:42', '2018-03-27 10:50:42'),
('35.02.14.2008', 'Kunti', '2018-03-27 10:50:42', '2018-03-27 10:50:42'),
('35.02.14.2009', 'Glinggang', '2018-03-27 10:50:42', '2018-03-27 10:50:42'),
('35.02.14.2010', 'Gelangkulon', '2018-03-27 10:50:42', '2018-03-27 10:50:42'),
('35.02.14.2011', 'Karangwaluh', '2018-03-27 10:50:42', '2018-03-27 10:50:42'),
('35.02.14.2012', 'Ringinputih', '2018-03-27 10:50:42', '2018-03-27 10:50:42'),
('35.02.15', 'Sukorejo', '2018-03-27 10:50:42', '2018-03-27 10:50:42'),
('35.02.15.2001', 'Sukorejo', '2018-03-27 10:50:42', '2018-03-27 10:50:42'),
('35.02.15.2002', 'Bangunrejo', '2018-03-27 10:50:42', '2018-03-27 10:50:42'),
('35.02.15.2003', 'Sidorejo', '2018-03-27 10:50:42', '2018-03-27 10:50:42'),
('35.02.15.2004', 'Nambangrejo', '2018-03-27 10:50:42', '2018-03-27 10:50:42'),
('35.02.15.2005', 'Lengkong', '2018-03-27 10:50:42', '2018-03-27 10:50:42'),
('35.02.15.2006', 'Gelang Lor', '2018-03-27 10:50:42', '2018-03-27 10:50:42'),
('35.02.15.2007', 'Serangan', '2018-03-27 10:50:42', '2018-03-27 10:50:42'),
('35.02.15.2008', 'Nampan', '2018-03-27 10:50:42', '2018-03-27 10:50:42'),
('35.02.15.2009', 'Kranggan', '2018-03-27 10:50:42', '2018-03-27 10:50:42'),
('35.02.15.2010', 'Golan', '2018-03-27 10:50:42', '2018-03-27 10:50:42'),
('35.02.15.2011', 'Prajegan', '2018-03-27 10:50:42', '2018-03-27 10:50:42'),
('35.02.15.2012', 'Kedungbanteng', '2018-03-27 10:50:42', '2018-03-27 10:50:42'),
('35.02.15.2013', 'Karanglo Lor', '2018-03-27 10:50:42', '2018-03-27 10:50:42'),
('35.02.15.2014', 'Gegeran', '2018-03-27 10:50:42', '2018-03-27 10:50:42'),
('35.02.15.2015', 'Gandukepuh', '2018-03-27 10:50:42', '2018-03-27 10:50:42'),
('35.02.15.2016', 'Kalimalang', '2018-03-27 10:50:42', '2018-03-27 10:50:42'),
('35.02.15.2017', 'Sragi', '2018-03-27 10:50:42', '2018-03-27 10:50:42'),
('35.02.15.2018', 'Morosari', '2018-03-27 10:50:42', '2018-03-27 10:50:42'),
('35.02.16', 'Babadan', '2018-03-27 10:50:42', '2018-03-27 10:50:42'),
('35.02.16.1001', 'Kertosari', '2018-03-27 10:50:42', '2018-03-27 10:50:42'),
('35.02.16.2002', 'Cekok', '2018-03-27 10:50:42', '2018-03-27 10:50:42'),
('35.02.16.1003', 'Patihan Wetan', '2018-03-27 10:50:42', '2018-03-27 10:50:42'),
('35.02.16.2004', 'Japan', '2018-03-27 10:50:42', '2018-03-27 10:50:42'),
('35.02.16.1005', 'Kadipaten', '2018-03-27 10:50:42', '2018-03-27 10:50:42'),
('35.02.16.2006', 'Gupolo', '2018-03-27 10:50:42', '2018-03-27 10:50:42'),
('35.02.16.2007', 'Polorejo', '2018-03-27 10:50:42', '2018-03-27 10:50:42'),
('35.02.16.2008', 'Bareng', '2018-03-27 10:50:42', '2018-03-27 10:50:42'),
('35.02.16.2009', 'Ngunut', '2018-03-27 10:50:42', '2018-03-27 10:50:42'),
('35.02.16.2010', 'Sukosari', '2018-03-27 10:50:42', '2018-03-27 10:50:42'),
('35.02.16.2011', 'Lembah', '2018-03-27 10:50:42', '2018-03-27 10:50:42'),
('35.02.16.2012', 'Pondok', '2018-03-27 10:50:42', '2018-03-27 10:50:42'),
('35.02.16.2013', 'Babadan', '2018-03-27 10:50:42', '2018-03-27 10:50:42'),
('35.02.16.2014', 'Purwosari', '2018-03-27 10:50:42', '2018-03-27 10:50:42'),
('35.02.16.2015', 'Trisono', '2018-03-27 10:50:42', '2018-03-27 10:50:42'),
('35.02.17', 'Ponorogo', '2018-03-27 10:50:42', '2018-03-27 10:50:42'),
('35.02.17.1001', 'Paju', '2018-03-27 10:50:42', '2018-03-27 10:50:42'),
('35.02.17.1002', 'Brotonegaran', '2018-03-27 10:50:42', '2018-03-27 10:50:42'),
('35.02.17.1003', 'Pakunden', '2018-03-27 10:50:42', '2018-03-27 10:50:42'),
('35.02.17.1004', 'Kepatihan', '2018-03-27 10:50:42', '2018-03-27 10:50:42'),
('35.02.17.1005', 'Surodikraman', '2018-03-27 10:50:42', '2018-03-27 10:50:42'),
('35.02.17.1006', 'Purbosuman', '2018-03-27 10:50:42', '2018-03-27 10:50:42'),
('35.02.17.1007', 'Tonatan', '2018-03-27 10:50:42', '2018-03-27 10:50:42'),
('35.02.17.1008', 'Bangunsari', '2018-03-27 10:50:42', '2018-03-27 10:50:42'),
('35.02.17.1009', 'Tamanarum', '2018-03-27 10:50:42', '2018-03-27 10:50:42'),
('35.02.17.1010', 'Kauman', '2018-03-27 10:50:42', '2018-03-27 10:50:42'),
('35.02.17.1011', 'Tambakbayan', '2018-03-27 10:50:42', '2018-03-27 10:50:42'),
('35.02.17.1012', 'Pinggirsari', '2018-03-27 10:50:42', '2018-03-27 10:50:42'),
('35.02.17.1013', 'Mangkujayan', '2018-03-27 10:50:42', '2018-03-27 10:50:42'),
('35.02.17.1014', 'Banyudono', '2018-03-27 10:50:42', '2018-03-27 10:50:42'),
('35.02.17.1015', 'Nologaten', '2018-03-27 10:50:42', '2018-03-27 10:50:42'),
('35.02.17.1016', 'Cokromenggalan', '2018-03-27 10:50:42', '2018-03-27 10:50:42'),
('35.02.17.1017', 'Keniten', '2018-03-27 10:50:42', '2018-03-27 10:50:42'),
('35.02.17.1018', 'Jingglong', '2018-03-27 10:50:42', '2018-03-27 10:50:42'),
('35.02.17.1019', 'Beduri', '2018-03-27 10:50:42', '2018-03-27 10:50:42'),
('35.02.18', 'Jenangan', '2018-03-27 10:50:42', '2018-03-27 10:50:42'),
('35.02.18.1001', 'Setono', '2018-03-27 10:50:42', '2018-03-27 10:50:42'),
('35.02.18.1002', 'Singosaren', '2018-03-27 10:50:42', '2018-03-27 10:50:42'),
('35.02.18.2003', 'Mrican', '2018-03-27 10:50:42', '2018-03-27 10:50:42'),
('35.02.18.2004', 'Plalangan', '2018-03-27 10:50:42', '2018-03-27 10:50:42'),
('35.02.18.2005', 'Nglayang', '2018-03-27 10:50:42', '2018-03-27 10:50:42'),
('35.02.18.2006', 'Jenangan', '2018-03-27 10:50:42', '2018-03-27 10:50:42'),
('35.02.18.2007', 'Jimbe', '2018-03-27 10:50:42', '2018-03-27 10:50:42'),
('35.02.18.2008', 'Ngrupit', '2018-03-27 10:50:42', '2018-03-27 10:50:42'),
('35.02.18.2009', 'Pintu', '2018-03-27 10:50:42', '2018-03-27 10:50:42'),
('35.02.18.2010', 'Sedah', '2018-03-27 10:50:42', '2018-03-27 10:50:42'),
('35.02.18.2011', 'Panjeng', '2018-03-27 10:50:42', '2018-03-27 10:50:42'),
('35.02.18.2012', 'Sraten', '2018-03-27 10:50:42', '2018-03-27 10:50:42'),
('35.02.18.2013', 'Semanding', '2018-03-27 10:50:42', '2018-03-27 10:50:42'),
('35.02.18.2014', 'Tanjungsari', '2018-03-27 10:50:42', '2018-03-27 10:50:42'),
('35.02.18.2015', 'Paringan', '2018-03-27 10:50:42', '2018-03-27 10:50:42'),
('35.02.18.2016', 'Wates', '2018-03-27 10:50:42', '2018-03-27 10:50:42'),
('35.02.18.2017', 'Kemiri', '2018-03-27 10:50:42', '2018-03-27 10:50:42'),
('35.02.19', 'Ngebel', '2018-03-27 10:50:42', '2018-03-27 10:50:42'),
('35.02.19.2001', 'Ngrogung', '2018-03-27 10:50:42', '2018-03-27 10:50:42'),
('35.02.19.2002', 'Sahang', '2018-03-27 10:50:42', '2018-03-27 10:50:42'),
('35.02.19.2003', 'Wagir Lor', '2018-03-27 10:50:42', '2018-03-27 10:50:42'),
('35.02.19.2004', 'Talun', '2018-03-27 10:50:42', '2018-03-27 10:50:42'),
('35.02.19.2005', 'Gondowido', '2018-03-27 10:50:42', '2018-03-27 10:50:42'),
('35.02.19.2006', 'Pupus', '2018-03-27 10:50:42', '2018-03-27 10:50:42'),
('35.02.19.2007', 'Ngebel', '2018-03-27 10:50:42', '2018-03-27 10:50:42'),
('35.02.19.2008', 'Sempu', '2018-03-27 10:50:42', '2018-03-27 10:50:42'),
('35.02.20', 'Jambon', '2018-03-27 10:50:42', '2018-03-27 10:50:42'),
('35.02.20.2001', 'Jonggol', '2018-03-27 10:50:42', '2018-03-27 10:50:42'),
('35.02.20.2002', 'Poko', '2018-03-27 10:50:42', '2018-03-27 10:50:42'),
('35.02.20.2003', 'Sendang', '2018-03-27 10:50:42', '2018-03-27 10:50:42'),
('35.02.20.2004', 'Bringinan', '2018-03-27 10:50:42', '2018-03-27 10:50:42'),
('35.02.20.2005', 'Karanglo Kidul', '2018-03-27 10:50:42', '2018-03-27 10:50:42'),
('35.02.20.2006', 'Krebet', '2018-03-27 10:50:42', '2018-03-27 10:50:42'),
('35.02.20.2007', 'Bulu Lor', '2018-03-27 10:50:42', '2018-03-27 10:50:42'),
('35.02.20.2008', 'Jambon', '2018-03-27 10:50:42', '2018-03-27 10:50:42'),
('35.02.20.2009', 'Blembem', '2018-03-27 10:50:42', '2018-03-27 10:50:42'),
('35.02.20.2010', 'Pulosari', '2018-03-27 10:50:42', '2018-03-27 10:50:42'),
('35.02.20.2011', 'Menang', '2018-03-27 10:50:42', '2018-03-27 10:50:42'),
('35.02.20.2012', 'Srandil', '2018-03-27 10:50:42', '2018-03-27 10:50:42'),
('35.02.20.2013', 'Sidoharjo', '2018-03-27 10:50:42', '2018-03-27 10:50:42'),
('35.02.21', 'Pudak', '2018-03-27 10:50:42', '2018-03-27 10:50:42'),
('35.02.21.2001', 'Bareng', '2018-03-27 10:50:42', '2018-03-27 10:50:42'),
('35.02.21.2002', 'Tambang', '2018-03-27 10:50:42', '2018-03-27 10:50:42'),
('35.02.21.2003', 'Krisik', '2018-03-27 10:50:42', '2018-03-27 10:50:42'),
('35.02.21.2004', 'Pudak Wetan', '2018-03-27 10:50:42', '2018-03-27 10:50:42'),
('35.02.21.2005', 'Banjarejo', '2018-03-27 10:50:42', '2018-03-27 10:50:42'),
('35.02.21.2006', 'Pudak Kulon', '2018-03-27 10:50:42', '2018-03-27 10:50:42'),
('35.03', 'KAB. TRENGGALEK', '2018-03-27 10:50:42', '2018-03-27 10:50:42'),
('35.03.01', 'Panggul', '2018-03-27 10:50:42', '2018-03-27 10:50:42'),
('35.03.01.2001', 'Besuki', '2018-03-27 10:50:42', '2018-03-27 10:50:42'),
('35.03.01.2002', 'Terbis', '2018-03-27 10:50:42', '2018-03-27 10:50:42'),
('35.03.01.2003', 'Karangtengah', '2018-03-27 10:50:42', '2018-03-27 10:50:42'),
('35.03.01.2004', 'Wonocoyo', '2018-03-27 10:50:42', '2018-03-27 10:50:42'),
('35.03.01.2005', 'Depok', '2018-03-27 10:50:42', '2018-03-27 10:50:42'),
('35.03.01.2006', 'Kertosono', '2018-03-27 10:50:42', '2018-03-27 10:50:42'),
('35.03.01.2007', 'Gayam', '2018-03-27 10:50:42', '2018-03-27 10:50:42'),
('35.03.01.2008', 'Panggul', '2018-03-27 10:50:42', '2018-03-27 10:50:42'),
('35.03.01.2009', 'Bodag', '2018-03-27 10:50:42', '2018-03-27 10:50:42'),
('35.03.01.2010', 'Tangkil', '2018-03-27 10:50:42', '2018-03-27 10:50:42'),
('35.03.01.2011', 'Nglebeng', '2018-03-27 10:50:42', '2018-03-27 10:50:42'),
('35.03.01.2012', 'Banjar', '2018-03-27 10:50:42', '2018-03-27 10:50:42'),
('35.03.01.2013', 'Ngrencak', '2018-03-27 10:50:42', '2018-03-27 10:50:42'),
('35.03.01.2014', 'Barang', '2018-03-27 10:50:42', '2018-03-27 10:50:42'),
('35.03.01.2015', 'Sawahan', '2018-03-27 10:50:42', '2018-03-27 10:50:42'),
('35.03.01.2016', 'Manggis', '2018-03-27 10:50:42', '2018-03-27 10:50:42'),
('35.03.01.2017', 'Ngrambingan', '2018-03-27 10:50:42', '2018-03-27 10:50:42'),
('35.03.02', 'Munjungan', '2018-03-27 10:50:42', '2018-03-27 10:50:42'),
('35.03.02.2001', 'Ngulungkulon', '2018-03-27 10:50:42', '2018-03-27 10:50:42'),
('35.03.02.2002', 'Sobo', '2018-03-27 10:50:42', '2018-03-27 10:50:42'),
('35.03.02.2003', 'Ngulungwetan', '2018-03-27 10:50:42', '2018-03-27 10:50:42'),
('35.03.02.2004', 'Craken', '2018-03-27 10:50:42', '2018-03-27 10:50:42'),
('35.03.02.2005', 'Masaran', '2018-03-27 10:50:42', '2018-03-27 10:50:42'),
('35.03.02.2006', 'Tawing', '2018-03-27 10:50:42', '2018-03-27 10:50:42'),
('35.03.02.2007', 'Karangturi', '2018-03-27 10:50:42', '2018-03-27 10:50:42'),
('35.03.02.2008', 'Munjungan', '2018-03-27 10:50:42', '2018-03-27 10:50:42'),
('35.03.02.2009', 'Besuki', '2018-03-27 10:50:42', '2018-03-27 10:50:42'),
('35.03.02.2010', 'Bendoroto', '2018-03-27 10:50:42', '2018-03-27 10:50:42'),
('35.03.02.2011', 'Bangun', '2018-03-27 10:50:42', '2018-03-27 10:50:42'),
('35.03.03', 'Pule', '2018-03-27 10:50:42', '2018-03-27 10:50:42'),
('35.03.03.2001', 'Sidomulyo', '2018-03-27 10:50:42', '2018-03-27 10:50:42'),
('35.03.03.2002', 'Puyung', '2018-03-27 10:50:42', '2018-03-27 10:50:42'),
('35.03.03.2003', 'Joho', '2018-03-27 10:50:42', '2018-03-27 10:50:42'),
('35.03.03.2004', 'Kembangan', '2018-03-27 10:50:42', '2018-03-27 10:50:42'),
('35.03.03.2005', 'Pakel', '2018-03-27 10:50:42', '2018-03-27 10:50:42'),
('35.03.03.2006', 'Pule', '2018-03-27 10:50:42', '2018-03-27 10:50:42'),
('35.03.03.2007', 'Tanggaran', '2018-03-27 10:50:42', '2018-03-27 10:50:42'),
('35.03.03.2008', 'Karang Anyar', '2018-03-27 10:50:42', '2018-03-27 10:50:42'),
('35.03.03.2009', 'Jombok', '2018-03-27 10:50:42', '2018-03-27 10:50:42'),
('35.03.03.2010', 'Sukokidul', '2018-03-27 10:50:42', '2018-03-27 10:50:42'),
('35.03.04', 'Dongko', '2018-03-27 10:50:42', '2018-03-27 10:50:42'),
('35.03.04.2001', 'Cakul', '2018-03-27 10:50:42', '2018-03-27 10:50:42'),
('35.03.04.2002', 'Siki', '2018-03-27 10:50:42', '2018-03-27 10:50:42'),
('35.03.04.2003', 'Watuagung', '2018-03-27 10:50:42', '2018-03-27 10:50:42'),
('35.03.04.2004', 'Pandean', '2018-03-27 10:50:42', '2018-03-27 10:50:42'),
('35.03.04.2005', 'Petung', '2018-03-27 10:50:42', '2018-03-27 10:50:42'),
('35.03.04.2006', 'Salam Wates', '2018-03-27 10:50:42', '2018-03-27 10:50:42'),
('35.03.04.2007', 'Dongko', '2018-03-27 10:50:42', '2018-03-27 10:50:42'),
('35.03.04.2008', 'Sumber Bening', '2018-03-27 10:50:42', '2018-03-27 10:50:42'),
('35.03.04.2009', 'Ngerdani', '2018-03-27 10:50:42', '2018-03-27 10:50:42'),
('35.03.04.2010', 'Pringapus', '2018-03-27 10:50:42', '2018-03-27 10:50:42'),
('35.03.05', 'Tugu', '2018-03-27 10:50:42', '2018-03-27 10:50:42'),
('35.03.05.2001', 'Nglinggis', '2018-03-27 10:50:42', '2018-03-27 10:50:42'),
('35.03.05.2002', 'Gading', '2018-03-27 10:50:42', '2018-03-27 10:50:42'),
('35.03.05.2003', 'Duren', '2018-03-27 10:50:42', '2018-03-27 10:50:42'),
('35.03.05.2004', 'Pucanganak', '2018-03-27 10:50:42', '2018-03-27 10:50:42'),
('35.03.05.2005', 'Ngepeh', '2018-03-27 10:50:42', '2018-03-27 10:50:42'),
('35.03.05.2006', 'Jambu', '2018-03-27 10:50:42', '2018-03-27 10:50:42'),
('35.03.05.2007', 'Dermosari', '2018-03-27 10:50:42', '2018-03-27 10:50:42'),
('35.03.05.2008', 'Sukorejo', '2018-03-27 10:50:42', '2018-03-27 10:50:42'),
('35.03.05.2009', 'Tumpuk', '2018-03-27 10:50:42', '2018-03-27 10:50:42'),
('35.03.05.2010', 'Winong', '2018-03-27 10:50:42', '2018-03-27 10:50:42'),
('35.03.05.2011', 'Tegaren', '2018-03-27 10:50:42', '2018-03-27 10:50:42'),
('35.03.05.2012', 'Gondang', '2018-03-27 10:50:42', '2018-03-27 10:50:42'),
('35.03.05.2013', 'Nglongsor', '2018-03-27 10:50:42', '2018-03-27 10:50:42'),
('35.03.05.2014', 'Banaran', '2018-03-27 10:50:42', '2018-03-27 10:50:42'),
('35.03.05.2015', 'Prambon', '2018-03-27 10:50:42', '2018-03-27 10:50:42'),
('35.03.06', 'Karangan', '2018-03-27 10:50:42', '2018-03-27 10:50:42'),
('35.03.06.2001', 'Kayen', '2018-03-27 10:50:42', '2018-03-27 10:50:42'),
('35.03.06.2002', 'Jati', '2018-03-27 10:50:42', '2018-03-27 10:50:42'),
('35.03.06.2003', 'Karangan', '2018-03-27 10:50:42', '2018-03-27 10:50:42'),
('35.03.06.2004', 'Kerjo', '2018-03-27 10:50:42', '2018-03-27 10:50:42'),
('35.03.06.2005', 'Kedungsigit', '2018-03-27 10:50:42', '2018-03-27 10:50:42'),
('35.03.06.2006', 'Salamrejo', '2018-03-27 10:50:42', '2018-03-27 10:50:42'),
('35.03.06.2007', 'Sukowetan', '2018-03-27 10:50:42', '2018-03-27 10:50:42'),
('35.03.06.2008', 'Ngentrong', '2018-03-27 10:50:42', '2018-03-27 10:50:42'),
('35.03.06.2009', 'Sumber', '2018-03-27 10:50:42', '2018-03-27 10:50:42'),
('35.03.06.2010', 'Buluagung', '2018-03-27 10:50:42', '2018-03-27 10:50:42'),
('35.03.06.2011', 'Sumberingin', '2018-03-27 10:50:42', '2018-03-27 10:50:42'),
('35.03.06.2012', 'Jatiprahu', '2018-03-27 10:50:42', '2018-03-27 10:50:42'),
('35.03.07', 'Kampak', '2018-03-27 10:50:42', '2018-03-27 10:50:42'),
('35.03.07.2001', 'Ngadimulyo', '2018-03-27 10:50:42', '2018-03-27 10:50:42'),
('35.03.07.2002', 'Bogoran', '2018-03-27 10:50:42', '2018-03-27 10:50:42'),
('35.03.07.2003', 'Timahan', '2018-03-27 10:50:42', '2018-03-27 10:50:42'),
('35.03.07.2004', 'Bendoagung', '2018-03-27 10:50:42', '2018-03-27 10:50:42'),
('35.03.07.2005', 'Karangrejo', '2018-03-27 10:50:42', '2018-03-27 10:50:42'),
('35.03.07.2006', 'Sugihan', '2018-03-27 10:50:42', '2018-03-27 10:50:42'),
('35.03.07.2007', 'Senden', '2018-03-27 10:50:42', '2018-03-27 10:50:42'),
('35.03.08', 'Watulimo', '2018-03-27 10:50:42', '2018-03-27 10:50:42'),
('35.03.08.2001', 'Karanggandu', '2018-03-27 10:50:42', '2018-03-27 10:50:42'),
('35.03.08.2002', 'Sawahan', '2018-03-27 10:50:42', '2018-03-27 10:50:42'),
('35.03.08.2003', 'Dukuh', '2018-03-27 10:50:42', '2018-03-27 10:50:42'),
('35.03.08.2004', 'Pakel', '2018-03-27 10:50:42', '2018-03-27 10:50:42'),
('35.03.08.2005', 'Margomulyo', '2018-03-27 10:50:42', '2018-03-27 10:50:42'),
('35.03.08.2006', 'Ngembel', '2018-03-27 10:50:42', '2018-03-27 10:50:42'),
('35.03.08.2007', 'Slawe', '2018-03-27 10:50:42', '2018-03-27 10:50:42'),
('35.03.08.2008', 'Gemaharjo', '2018-03-27 10:50:42', '2018-03-27 10:50:42'),
('35.03.08.2009', 'Watulimo', '2018-03-27 10:50:42', '2018-03-27 10:50:42'),
('35.03.08.2010', 'Watuagung', '2018-03-27 10:50:42', '2018-03-27 10:50:42'),
('35.03.08.2011', 'Prigi', '2018-03-27 10:50:42', '2018-03-27 10:50:42'),
('35.03.08.2012', 'Tasikmadu', '2018-03-27 10:50:42', '2018-03-27 10:50:42'),
('35.03.09', 'Bendungan', '2018-03-27 10:50:42', '2018-03-27 10:50:42'),
('35.03.09.2001', 'Masaran', '2018-03-27 10:50:42', '2018-03-27 10:50:42'),
('35.03.09.2002', 'Sengon', '2018-03-27 10:50:42', '2018-03-27 10:50:42'),
('35.03.09.2003', 'Suren Lor', '2018-03-27 10:50:42', '2018-03-27 10:50:42'),
('35.03.09.2004', 'Sumurup', '2018-03-27 10:50:42', '2018-03-27 10:50:42'),
('35.03.09.2005', 'Srabah', '2018-03-27 10:50:42', '2018-03-27 10:50:42'),
('35.03.09.2006', 'Dompyong', '2018-03-27 10:50:42', '2018-03-27 10:50:42'),
('35.03.09.2007', 'Depok', '2018-03-27 10:50:42', '2018-03-27 10:50:42'),
('35.03.09.2008', 'Botoputih', '2018-03-27 10:50:42', '2018-03-27 10:50:42'),
('35.03.10', 'Gandusari', '2018-03-27 10:50:42', '2018-03-27 10:50:42'),
('35.03.10.2001', 'Ngrayung', '2018-03-27 10:50:42', '2018-03-27 10:50:42'),
('35.03.10.2002', 'Wonorejo', '2018-03-27 10:50:42', '2018-03-27 10:50:42'),
('35.03.10.2003', 'Sukorejo', '2018-03-27 10:50:42', '2018-03-27 10:50:42'),
('35.03.10.2004', 'Wonoanti', '2018-03-27 10:50:42', '2018-03-27 10:50:42'),
('35.03.10.2005', 'Jajar', '2018-03-27 10:50:42', '2018-03-27 10:50:42'),
('35.03.10.2006', 'Gandusari', '2018-03-27 10:50:42', '2018-03-27 10:50:42'),
('35.03.10.2007', 'Widoro', '2018-03-27 10:50:42', '2018-03-27 10:50:42'),
('35.03.10.2008', 'Karanganyar', '2018-03-27 10:50:42', '2018-03-27 10:50:42'),
('35.03.10.2009', 'Melis', '2018-03-27 10:50:42', '2018-03-27 10:50:42'),
('35.03.10.2010', 'Krandegan', '2018-03-27 10:50:42', '2018-03-27 10:50:42'),
('35.03.10.2011', 'Sukorame', '2018-03-27 10:50:42', '2018-03-27 10:50:42'),
('35.03.11', 'Trenggalek', '2018-03-27 10:50:42', '2018-03-27 10:50:42'),
('35.03.11.2001', 'Ngares', '2018-03-27 10:50:42', '2018-03-27 10:50:42'),
('35.03.11.1002', 'Tamanan', '2018-03-27 10:50:42', '2018-03-27 10:50:42'),
('35.03.11.1003', 'Ngantru', '2018-03-27 10:50:42', '2018-03-27 10:50:42'),
('35.03.11.2004', 'Karangsoko', '2018-03-27 10:50:42', '2018-03-27 10:50:42'),
('35.03.11.1005', 'Kelutan', '2018-03-27 10:50:42', '2018-03-27 10:50:42'),
('35.03.11.1006', 'Surodakan', '2018-03-27 10:50:42', '2018-03-27 10:50:42'),
('35.03.11.1007', 'Sumbergedong', '2018-03-27 10:50:42', '2018-03-27 10:50:42'),
('35.03.11.2008', 'Sambirejo', '2018-03-27 10:50:42', '2018-03-27 10:50:42'),
('35.03.11.2009', 'Sumberdadi', '2018-03-27 10:50:42', '2018-03-27 10:50:42'),
('35.03.11.2010', 'Rejowinangun', '2018-03-27 10:50:42', '2018-03-27 10:50:42'),
('35.03.11.2011', 'Sukosari', '2018-03-27 10:50:42', '2018-03-27 10:50:42'),
('35.03.11.2012', 'Parakan', '2018-03-27 10:50:42', '2018-03-27 10:50:42'),
('35.03.11.2013', 'Dawuhan', '2018-03-27 10:50:42', '2018-03-27 10:50:42'),
('35.03.12', 'Pogalan', '2018-03-27 10:50:42', '2018-03-27 10:50:42'),
('35.03.12.2001', 'Wonocoyo', '2018-03-27 10:50:42', '2018-03-27 10:50:42'),
('35.03.12.2002', 'Ngetal', '2018-03-27 10:50:42', '2018-03-27 10:50:42'),
('35.03.12.2003', 'Ngadirenggo', '2018-03-27 10:50:42', '2018-03-27 10:50:42'),
('35.03.12.2004', 'Pogalan', '2018-03-27 10:50:42', '2018-03-27 10:50:42'),
('35.03.12.2005', 'Ngulungkulon', '2018-03-27 10:50:42', '2018-03-27 10:50:42'),
('35.03.12.2006', 'Bendorejo', '2018-03-27 10:50:42', '2018-03-27 10:50:42'),
('35.03.12.2007', 'Gembleb', '2018-03-27 10:50:42', '2018-03-27 10:50:42'),
('35.03.12.2008', 'Ngadirejo', '2018-03-27 10:50:42', '2018-03-27 10:50:42'),
('35.03.12.2009', 'Gulung Wetan', '2018-03-27 10:50:42', '2018-03-27 10:50:42'),
('35.03.12.2010', 'Kedunglurah', '2018-03-27 10:50:42', '2018-03-27 10:50:42'),
('35.03.13', 'Durenan', '2018-03-27 10:50:42', '2018-03-27 10:50:42'),
('35.03.13.2001', 'Ngadisuko', '2018-03-27 10:50:42', '2018-03-27 10:50:42'),
('35.03.13.2002', 'Gador', '2018-03-27 10:50:42', '2018-03-27 10:50:42'),
('35.03.13.2003', 'Kendal Rejo', '2018-03-27 10:50:42', '2018-03-27 10:50:42'),
('35.03.13.2004', 'Semarum', '2018-03-27 10:50:42', '2018-03-27 10:50:42'),
('35.03.13.2005', 'Sumberejo', '2018-03-27 10:50:42', '2018-03-27 10:50:42'),
('35.03.13.2006', 'Durenan', '2018-03-27 10:50:42', '2018-03-27 10:50:42'),
('35.03.13.2007', 'Pakis', '2018-03-27 10:50:42', '2018-03-27 10:50:42'),
('35.03.13.2008', 'Pandean', '2018-03-27 10:50:42', '2018-03-27 10:50:42');
INSERT INTO `tbl_wilayah` (`kode`, `nama`, `dtm_crt`, `dtm_upd`) VALUES
('35.03.13.2009', 'Panggungsari', '2018-03-27 10:50:42', '2018-03-27 10:50:42'),
('35.03.13.2010', 'Sumbergayam', '2018-03-27 10:50:42', '2018-03-27 10:50:42'),
('35.03.13.2011', 'Kamulan', '2018-03-27 10:50:42', '2018-03-27 10:50:42'),
('35.03.13.2012', 'Malasan', '2018-03-27 10:50:42', '2018-03-27 10:50:42'),
('35.03.13.2013', 'Baruharjo', '2018-03-27 10:50:42', '2018-03-27 10:50:42'),
('35.03.13.2014', 'Karanganom', '2018-03-27 10:50:42', '2018-03-27 10:50:42'),
('35.03.14', 'Suruh', '2018-03-27 10:50:42', '2018-03-27 10:50:42'),
('35.03.14.2001', 'Puru', '2018-03-27 10:50:42', '2018-03-27 10:50:42'),
('35.03.14.2002', 'Wonokerto', '2018-03-27 10:50:42', '2018-03-27 10:50:42'),
('35.03.14.2003', 'Nglebo', '2018-03-27 10:50:42', '2018-03-27 10:50:42'),
('35.03.14.2004', 'Ngrandu', '2018-03-27 10:50:42', '2018-03-27 10:50:42'),
('35.03.14.2005', 'Gamping', '2018-03-27 10:50:42', '2018-03-27 10:50:42'),
('35.03.14.2006', 'Suruh', '2018-03-27 10:50:42', '2018-03-27 10:50:42'),
('35.03.14.2007', 'Mlinjon', '2018-03-27 10:50:42', '2018-03-27 10:50:42'),
('35.04', 'KAB. TULUNGAGUNG', '2018-03-27 10:50:42', '2018-03-27 10:50:42'),
('35.04.01', 'Tulungagung', '2018-03-27 10:50:42', '2018-03-27 10:50:42'),
('35.04.01.1001', 'Kedungsoko', '2018-03-27 10:50:42', '2018-03-27 10:50:42'),
('35.04.01.1002', 'Tertek', '2018-03-27 10:50:42', '2018-03-27 10:50:42'),
('35.04.01.1003', 'Karangwaru', '2018-03-27 10:50:42', '2018-03-27 10:50:42'),
('35.04.01.1004', 'Tamanan', '2018-03-27 10:50:42', '2018-03-27 10:50:42'),
('35.04.01.1005', 'Jepun', '2018-03-27 10:50:42', '2018-03-27 10:50:42'),
('35.04.01.1006', 'Bago', '2018-03-27 10:50:42', '2018-03-27 10:50:42'),
('35.04.01.1007', 'Kepatihan', '2018-03-27 10:50:42', '2018-03-27 10:50:42'),
('35.04.01.1008', 'Kenayan', '2018-03-27 10:50:42', '2018-03-27 10:50:42'),
('35.04.01.1009', 'Kampungdalem', '2018-03-27 10:50:42', '2018-03-27 10:50:42'),
('35.04.01.1010', 'Kauman', '2018-03-27 10:50:42', '2018-03-27 10:50:42'),
('35.04.01.1011', 'Kutoanyar', '2018-03-27 10:50:42', '2018-03-27 10:50:42'),
('35.04.01.1012', 'Sembung', '2018-03-27 10:50:42', '2018-03-27 10:50:42'),
('35.04.01.1013', 'Panggungrejo', '2018-03-27 10:50:42', '2018-03-27 10:50:42'),
('35.04.01.1014', 'Botoran', '2018-03-27 10:50:42', '2018-03-27 10:50:42'),
('35.04.02', 'Boyolangu', '2018-03-27 10:50:42', '2018-03-27 10:50:42'),
('35.04.02.2001', 'Wajak Kidul', '2018-03-27 10:50:42', '2018-03-27 10:50:42'),
('35.04.02.2002', 'Sanggrahan', '2018-03-27 10:50:42', '2018-03-27 10:50:42'),
('35.04.02.2003', 'Pucungkidul', '2018-03-27 10:50:42', '2018-03-27 10:50:42'),
('35.04.02.2004', 'Boyolangu', '2018-03-27 10:50:42', '2018-03-27 10:50:42'),
('35.04.02.2005', 'Ngranti', '2018-03-27 10:50:42', '2018-03-27 10:50:42'),
('35.04.02.2006', 'Kendalbulur', '2018-03-27 10:50:42', '2018-03-27 10:50:42'),
('35.04.02.2007', 'Bono', '2018-03-27 10:50:42', '2018-03-27 10:50:42'),
('35.04.02.2008', 'Waung', '2018-03-27 10:50:42', '2018-03-27 10:50:42'),
('35.04.02.2009', 'Moyoketen', '2018-03-27 10:50:42', '2018-03-27 10:50:42'),
('35.04.02.2010', 'Wajak Lor', '2018-03-27 10:50:42', '2018-03-27 10:50:42'),
('35.04.02.2011', 'Karangrejo', '2018-03-27 10:50:42', '2018-03-27 10:50:42'),
('35.04.02.2012', 'Kepuh', '2018-03-27 10:50:42', '2018-03-27 10:50:42'),
('35.04.02.2013', 'Tanjungsari', '2018-03-27 10:50:42', '2018-03-27 10:50:42'),
('35.04.02.2014', 'Serut', '2018-03-27 10:50:42', '2018-03-27 10:50:42'),
('35.04.02.2015', 'Beji', '2018-03-27 10:50:42', '2018-03-27 10:50:42'),
('35.04.02.2016', 'Sobontoro', '2018-03-27 10:50:42', '2018-03-27 10:50:42'),
('35.04.02.2017', 'Gedangsewu', '2018-03-27 10:50:42', '2018-03-27 10:50:42'),
('35.04.03', 'Kedungwaru', '2018-03-27 10:50:42', '2018-03-27 10:50:42'),
('35.04.03.2001', 'Plosokandang', '2018-03-27 10:50:42', '2018-03-27 10:50:42'),
('35.04.03.2002', 'Tunggulsari', '2018-03-27 10:50:42', '2018-03-27 10:50:42'),
('35.04.03.2003', 'Ringinpitu', '2018-03-27 10:50:42', '2018-03-27 10:50:42'),
('35.04.03.2004', 'Loderesan', '2018-03-27 10:50:42', '2018-03-27 10:50:42'),
('35.04.03.2005', 'Bulusari', '2018-03-27 10:50:42', '2018-03-27 10:50:42'),
('35.04.03.2006', 'Bangoan', '2018-03-27 10:50:42', '2018-03-27 10:50:42'),
('35.04.03.2007', 'Boro', '2018-03-27 10:50:42', '2018-03-27 10:50:42'),
('35.04.03.2008', 'Tapan', '2018-03-27 10:50:42', '2018-03-27 10:50:42'),
('35.04.03.2009', 'Rejoagung', '2018-03-27 10:50:42', '2018-03-27 10:50:42'),
('35.04.03.2010', 'Kedungwaru', '2018-03-27 10:50:42', '2018-03-27 10:50:42'),
('35.04.03.2011', 'Plandaan', '2018-03-27 10:50:42', '2018-03-27 10:50:42'),
('35.04.03.2012', 'Ketanon', '2018-03-27 10:50:42', '2018-03-27 10:50:42'),
('35.04.03.2013', 'Tawangsari', '2018-03-27 10:50:42', '2018-03-27 10:50:42'),
('35.04.03.2014', 'Mangunsari', '2018-03-27 10:50:42', '2018-03-27 10:50:42'),
('35.04.03.2015', 'Winong', '2018-03-27 10:50:42', '2018-03-27 10:50:42'),
('35.04.03.2016', 'Majan', '2018-03-27 10:50:42', '2018-03-27 10:50:42'),
('35.04.03.2017', 'Simo', '2018-03-27 10:50:42', '2018-03-27 10:50:42'),
('35.04.03.2018', 'Gendingan', '2018-03-27 10:50:42', '2018-03-27 10:50:42'),
('35.04.03.2019', 'Ngujang', '2018-03-27 10:50:42', '2018-03-27 10:50:42'),
('35.04.04', 'Ngantru', '2018-03-27 10:50:42', '2018-03-27 10:50:42'),
('35.04.04.2001', 'Pakel', '2018-03-27 10:50:42', '2018-03-27 10:50:42'),
('35.04.04.2002', 'Pucunglor', '2018-03-27 10:50:42', '2018-03-27 10:50:42'),
('35.04.04.2003', 'Srikaton', '2018-03-27 10:50:42', '2018-03-27 10:50:42'),
('35.04.04.2004', 'Padangan', '2018-03-27 10:50:42', '2018-03-27 10:50:42'),
('35.04.04.2005', 'Banjarsari', '2018-03-27 10:50:42', '2018-03-27 10:50:42'),
('35.04.04.2006', 'Pulerejo', '2018-03-27 10:50:42', '2018-03-27 10:50:42'),
('35.04.04.2007', 'Bendosari', '2018-03-27 10:50:42', '2018-03-27 10:50:42'),
('35.04.04.2008', 'Ngantru', '2018-03-27 10:50:42', '2018-03-27 10:50:42'),
('35.04.04.2009', 'Mojoagung', '2018-03-27 10:50:42', '2018-03-27 10:50:42'),
('35.04.04.2010', 'Batokan', '2018-03-27 10:50:42', '2018-03-27 10:50:42'),
('35.04.04.2011', 'Kepuhrejo', '2018-03-27 10:50:42', '2018-03-27 10:50:42'),
('35.04.04.2012', 'Pojok', '2018-03-27 10:50:42', '2018-03-27 10:50:42'),
('35.04.04.2013', 'Pinggirsari', '2018-03-27 10:50:42', '2018-03-27 10:50:42'),
('35.04.05', 'Kauman', '2018-03-27 10:50:42', '2018-03-27 10:50:42'),
('35.04.05.2001', 'Bolorejo', '2018-03-27 10:50:42', '2018-03-27 10:50:42'),
('35.04.05.2002', 'Kauman', '2018-03-27 10:50:42', '2018-03-27 10:50:42'),
('35.04.05.2003', 'Balerejo', '2018-03-27 10:50:42', '2018-03-27 10:50:42'),
('35.04.05.2004', 'Batangsaren', '2018-03-27 10:50:42', '2018-03-27 10:50:42'),
('35.04.05.2005', 'Panggungrejo', '2018-03-27 10:50:42', '2018-03-27 10:50:42'),
('35.04.05.2006', 'Kalangbret', '2018-03-27 10:50:42', '2018-03-27 10:50:42'),
('35.04.05.2007', 'Sidorejo', '2018-03-27 10:50:42', '2018-03-27 10:50:42'),
('35.04.05.2008', 'Mojosari', '2018-03-27 10:50:42', '2018-03-27 10:50:42'),
('35.04.05.2009', 'Karanganom', '2018-03-27 10:50:42', '2018-03-27 10:50:42'),
('35.04.05.2010', 'Pucangan', '2018-03-27 10:50:42', '2018-03-27 10:50:42'),
('35.04.05.2011', 'Kates', '2018-03-27 10:50:42', '2018-03-27 10:50:42'),
('35.04.05.2012', 'Banaran', '2018-03-27 10:50:42', '2018-03-27 10:50:42'),
('35.04.05.2013', 'Jatimulyo', '2018-03-27 10:50:42', '2018-03-27 10:50:42'),
('35.04.06', 'Pagerwojo', '2018-03-27 10:50:42', '2018-03-27 10:50:42'),
('35.04.06.2001', 'Wonorejo', '2018-03-27 10:50:42', '2018-03-27 10:50:42'),
('35.04.06.2002', 'Kedungcangkring', '2018-03-27 10:50:42', '2018-03-27 10:50:42'),
('35.04.06.2003', 'Mulyosari', '2018-03-27 10:50:42', '2018-03-27 10:50:42'),
('35.04.06.2004', 'Segawe', '2018-03-27 10:50:42', '2018-03-27 10:50:42'),
('35.04.06.2005', 'Samar', '2018-03-27 10:50:42', '2018-03-27 10:50:42'),
('35.04.06.2006', 'Penjor', '2018-03-27 10:50:42', '2018-03-27 10:50:42'),
('35.04.06.2007', 'Pagerwojo', '2018-03-27 10:50:42', '2018-03-27 10:50:42'),
('35.04.06.2008', 'Kradinan', '2018-03-27 10:50:42', '2018-03-27 10:50:42'),
('35.04.06.2009', 'Sidomulyo', '2018-03-27 10:50:42', '2018-03-27 10:50:42'),
('35.04.06.2010', 'Gondanggunung', '2018-03-27 10:50:42', '2018-03-27 10:50:42'),
('35.04.06.2011', 'Gambiran', '2018-03-27 10:50:42', '2018-03-27 10:50:42'),
('35.04.07', 'Sendang', '2018-03-27 10:50:42', '2018-03-27 10:50:42'),
('35.04.07.2001', 'Kedoyo', '2018-03-27 10:50:42', '2018-03-27 10:50:42'),
('35.04.07.2002', 'Nglutung', '2018-03-27 10:50:42', '2018-03-27 10:50:42'),
('35.04.07.2003', 'Talang', '2018-03-27 10:50:42', '2018-03-27 10:50:42'),
('35.04.07.2004', 'Krosok', '2018-03-27 10:50:42', '2018-03-27 10:50:42'),
('35.04.07.2005', 'Dono', '2018-03-27 10:50:42', '2018-03-27 10:50:42'),
('35.04.07.2006', 'Tugu', '2018-03-27 10:50:42', '2018-03-27 10:50:42'),
('35.04.07.2007', 'Picisan', '2018-03-27 10:50:42', '2018-03-27 10:50:42'),
('35.04.07.2008', 'Nyawangan', '2018-03-27 10:50:42', '2018-03-27 10:50:42'),
('35.04.07.2009', 'Sendang', '2018-03-27 10:50:42', '2018-03-27 10:50:42'),
('35.04.07.2010', 'Nglurup', '2018-03-27 10:50:42', '2018-03-27 10:50:42'),
('35.04.07.2011', 'Geger', '2018-03-27 10:50:42', '2018-03-27 10:50:42'),
('35.04.08', 'Karangrejo', '2018-03-27 10:50:42', '2018-03-27 10:50:42'),
('35.04.08.2001', 'Bungur', '2018-03-27 10:50:42', '2018-03-27 10:50:42'),
('35.04.08.2002', 'Babadan', '2018-03-27 10:50:42', '2018-03-27 10:50:42'),
('35.04.08.2003', 'Sukowiyono', '2018-03-27 10:50:42', '2018-03-27 10:50:42'),
('35.04.08.2004', 'Sembon', '2018-03-27 10:50:42', '2018-03-27 10:50:42'),
('35.04.08.2005', 'Sukowidodo', '2018-03-27 10:50:42', '2018-03-27 10:50:42'),
('35.04.08.2006', 'Tanjungsari', '2018-03-27 10:50:42', '2018-03-27 10:50:42'),
('35.04.08.2007', 'Gedangan', '2018-03-27 10:50:42', '2018-03-27 10:50:42'),
('35.04.08.2008', 'Sukodono', '2018-03-27 10:50:42', '2018-03-27 10:50:42'),
('35.04.08.2009', 'Karangrejo', '2018-03-27 10:50:42', '2018-03-27 10:50:42'),
('35.04.08.2010', 'Sukorejo', '2018-03-27 10:50:42', '2018-03-27 10:50:42'),
('35.04.08.2011', 'Punjul', '2018-03-27 10:50:42', '2018-03-27 10:50:42'),
('35.04.08.2012', 'Jeli', '2018-03-27 10:50:42', '2018-03-27 10:50:42'),
('35.04.08.2013', 'Tulungrejo', '2018-03-27 10:50:42', '2018-03-27 10:50:42'),
('35.04.09', 'Gondang', '2018-03-27 10:50:42', '2018-03-27 10:50:42'),
('35.04.09.2001', 'Kendal', '2018-03-27 10:50:42', '2018-03-27 10:50:42'),
('35.04.09.2002', 'Tawing', '2018-03-27 10:50:42', '2018-03-27 10:50:42'),
('35.04.09.2003', 'Gondosuli', '2018-03-27 10:50:42', '2018-03-27 10:50:42'),
('35.04.09.2004', 'Dukuh', '2018-03-27 10:50:42', '2018-03-27 10:50:42'),
('35.04.09.2005', 'Sepatan', '2018-03-27 10:50:42', '2018-03-27 10:50:42'),
('35.04.09.2006', 'Macanbang', '2018-03-27 10:50:42', '2018-03-27 10:50:42'),
('35.04.09.2007', 'Kiping', '2018-03-27 10:50:42', '2018-03-27 10:50:42'),
('35.04.09.2008', 'Rejosari', '2018-03-27 10:50:42', '2018-03-27 10:50:42'),
('35.04.09.2009', 'Bendo', '2018-03-27 10:50:42', '2018-03-27 10:50:42'),
('35.04.09.2010', 'Ngrendeng', '2018-03-27 10:50:42', '2018-03-27 10:50:42'),
('35.04.09.2011', 'Gondang', '2018-03-27 10:50:42', '2018-03-27 10:50:42'),
('35.04.09.2012', 'Bendungan', '2018-03-27 10:50:42', '2018-03-27 10:50:42'),
('35.04.09.2013', 'Notorejo', '2018-03-27 10:50:42', '2018-03-27 10:50:42'),
('35.04.09.2014', 'Sidem', '2018-03-27 10:50:42', '2018-03-27 10:50:42'),
('35.04.09.2015', 'Sidomulyo', '2018-03-27 10:50:42', '2018-03-27 10:50:42'),
('35.04.09.2016', 'Blendis', '2018-03-27 10:50:42', '2018-03-27 10:50:42'),
('35.04.09.2017', 'Mojoarum', '2018-03-27 10:50:42', '2018-03-27 10:50:42'),
('35.04.09.2018', 'Tiudan', '2018-03-27 10:50:42', '2018-03-27 10:50:42'),
('35.04.09.2019', 'Jarakan', '2018-03-27 10:50:42', '2018-03-27 10:50:42'),
('35.04.09.2020', 'Wonokromo', '2018-03-27 10:50:42', '2018-03-27 10:50:42'),
('35.04.10', 'Sumbergempol', '2018-03-27 10:50:42', '2018-03-27 10:50:42'),
('35.04.10.2001', 'Sambidoplang', '2018-03-27 10:50:42', '2018-03-27 10:50:42'),
('35.04.10.2002', 'Wates', '2018-03-27 10:50:42', '2018-03-27 10:50:42'),
('35.04.10.2003', 'Mirigambar', '2018-03-27 10:50:42', '2018-03-27 10:50:42'),
('35.04.10.2004', 'Trenceng', '2018-03-27 10:50:42', '2018-03-27 10:50:42'),
('35.04.10.2005', 'Bendilwungu', '2018-03-27 10:50:42', '2018-03-27 10:50:42'),
('35.04.10.2006', 'Sambijajar', '2018-03-27 10:50:42', '2018-03-27 10:50:42'),
('35.04.10.2007', 'Podorejo', '2018-03-27 10:50:42', '2018-03-27 10:50:42'),
('35.04.10.2008', 'Doroampel', '2018-03-27 10:50:42', '2018-03-27 10:50:42'),
('35.04.10.2009', 'Junjung', '2018-03-27 10:50:42', '2018-03-27 10:50:42'),
('35.04.10.2010', 'Tambakrejo', '2018-03-27 10:50:42', '2018-03-27 10:50:42'),
('35.04.10.2011', 'Wonorejo', '2018-03-27 10:50:42', '2018-03-27 10:50:42'),
('35.04.10.2012', 'Bendiljati Kulon', '2018-03-27 10:50:42', '2018-03-27 10:50:42'),
('35.04.10.2013', 'Bendiljati Wetan', '2018-03-27 10:50:42', '2018-03-27 10:50:42'),
('35.04.10.2014', 'Sumberdadi', '2018-03-27 10:50:42', '2018-03-27 10:50:42'),
('35.04.10.2015', 'Jabalsari', '2018-03-27 10:50:42', '2018-03-27 10:50:42'),
('35.04.10.2016', 'Sambirobyong', '2018-03-27 10:50:42', '2018-03-27 10:50:42'),
('35.04.10.2017', 'Bukur', '2018-03-27 10:50:42', '2018-03-27 10:50:42'),
('35.04.11', 'Ngunut', '2018-03-27 10:50:42', '2018-03-27 10:50:42'),
('35.04.11.2001', 'Karangsono', '2018-03-27 10:50:42', '2018-03-27 10:50:42'),
('35.04.11.2002', 'Samir', '2018-03-27 10:50:42', '2018-03-27 10:50:42'),
('35.04.11.2003', 'Kacangan', '2018-03-27 10:50:42', '2018-03-27 10:50:42'),
('35.04.11.2004', 'Selorejo', '2018-03-27 10:50:42', '2018-03-27 10:50:42'),
('35.04.11.2005', 'Balesono', '2018-03-27 10:50:42', '2018-03-27 10:50:42'),
('35.04.11.2006', 'Pandansari', '2018-03-27 10:50:42', '2018-03-27 10:50:42'),
('35.04.11.2007', 'Sumberingin Kulon', '2018-03-27 10:50:42', '2018-03-27 10:50:42'),
('35.04.11.2008', 'Sumberingin Kidul', '2018-03-27 10:50:42', '2018-03-27 10:50:42'),
('35.04.11.2009', 'Kaliwungu', '2018-03-27 10:50:42', '2018-03-27 10:50:42'),
('35.04.11.2010', 'Sumberejo Wetan', '2018-03-27 10:50:42', '2018-03-27 10:50:42'),
('35.04.11.2011', 'Ngunut', '2018-03-27 10:50:42', '2018-03-27 10:50:42'),
('35.04.11.2012', 'Kalangan', '2018-03-27 10:50:42', '2018-03-27 10:50:42'),
('35.04.11.2013', 'Gilang', '2018-03-27 10:50:42', '2018-03-27 10:50:42'),
('35.04.11.2014', 'Sumberejo Kulon', '2018-03-27 10:50:42', '2018-03-27 10:50:42'),
('35.04.11.2015', 'Purworejo', '2018-03-27 10:50:42', '2018-03-27 10:50:42'),
('35.04.11.2016', 'Kromasan', '2018-03-27 10:50:42', '2018-03-27 10:50:42'),
('35.04.11.2017', 'Pulosari', '2018-03-27 10:50:42', '2018-03-27 10:50:42'),
('35.04.11.2018', 'Pulotondo', '2018-03-27 10:50:42', '2018-03-27 10:50:42'),
('35.04.12', 'Pucanglaban', '2018-03-27 10:50:42', '2018-03-27 10:50:42'),
('35.04.12.2001', 'Pucanglaban', '2018-03-27 10:50:42', '2018-03-27 10:50:42'),
('35.04.12.2002', 'Kalidawe', '2018-03-27 10:50:42', '2018-03-27 10:50:42'),
('35.04.12.2003', 'Panggungkalak', '2018-03-27 10:50:42', '2018-03-27 10:50:42'),
('35.04.12.2004', 'Kaligentong', '2018-03-27 10:50:42', '2018-03-27 10:50:42'),
('35.04.12.2005', 'Sumberbendo', '2018-03-27 10:50:42', '2018-03-27 10:50:42'),
('35.04.12.2006', 'Manding', '2018-03-27 10:50:42', '2018-03-27 10:50:42'),
('35.04.12.2007', 'Panggunguni', '2018-03-27 10:50:42', '2018-03-27 10:50:42'),
('35.04.12.2008', 'Sumberdadap', '2018-03-27 10:50:42', '2018-03-27 10:50:42'),
('35.04.12.2009', 'Demuk', '2018-03-27 10:50:42', '2018-03-27 10:50:42'),
('35.04.13', 'Rejotangan', '2018-03-27 10:50:42', '2018-03-27 10:50:42'),
('35.04.13.2001', 'Tenggur', '2018-03-27 10:50:42', '2018-03-27 10:50:42'),
('35.04.13.2002', 'Panjerejo', '2018-03-27 10:50:42', '2018-03-27 10:50:42'),
('35.04.13.2003', 'Karangsari', '2018-03-27 10:50:42', '2018-03-27 10:50:42'),
('35.04.13.2004', 'Tugu', '2018-03-27 10:50:42', '2018-03-27 10:50:42'),
('35.04.13.2005', 'Sukorejo Wetan', '2018-03-27 10:50:42', '2018-03-27 10:50:42'),
('35.04.13.2006', 'Jatidowo', '2018-03-27 10:50:42', '2018-03-27 10:50:42'),
('35.04.13.2007', 'Banjarejo', '2018-03-27 10:50:42', '2018-03-27 10:50:42'),
('35.04.13.2008', 'Tanen', '2018-03-27 10:50:42', '2018-03-27 10:50:42'),
('35.04.13.2009', 'Sumberagung', '2018-03-27 10:50:42', '2018-03-27 10:50:42'),
('35.04.13.2010', 'Blimbing', '2018-03-27 10:50:42', '2018-03-27 10:50:42'),
('35.04.13.2011', 'Rejotangan', '2018-03-27 10:50:42', '2018-03-27 10:50:42'),
('35.04.13.2012', 'Pakisrejo', '2018-03-27 10:50:42', '2018-03-27 10:50:42'),
('35.04.13.2013', 'Tegalrejo', '2018-03-27 10:50:42', '2018-03-27 10:50:42'),
('35.04.13.2014', 'Ariyojeding', '2018-03-27 10:50:42', '2018-03-27 10:50:42'),
('35.04.13.2015', 'Tenggong', '2018-03-27 10:50:42', '2018-03-27 10:50:42'),
('35.04.13.2016', 'Buntaran', '2018-03-27 10:50:42', '2018-03-27 10:50:42'),
('35.04.14', 'Kalidawir', '2018-03-27 10:50:42', '2018-03-27 10:50:42'),
('35.04.14.2001', 'Kalibatur', '2018-03-27 10:50:42', '2018-03-27 10:50:42'),
('35.04.14.2002', 'Rejosari', '2018-03-27 10:50:42', '2018-03-27 10:50:42'),
('35.04.14.2003', 'Sukorejo Kulon', '2018-03-27 10:50:42', '2018-03-27 10:50:42'),
('35.04.14.2004', 'Kalidawir', '2018-03-27 10:50:42', '2018-03-27 10:50:42'),
('35.04.14.2005', 'Karangtalun', '2018-03-27 10:50:42', '2018-03-27 10:50:42'),
('35.04.14.2006', 'Banyu Urip', '2018-03-27 10:50:42', '2018-03-27 10:50:42'),
('35.04.14.2007', 'Winong', '2018-03-27 10:50:42', '2018-03-27 10:50:42'),
('35.04.14.2008', 'Joho', '2018-03-27 10:50:42', '2018-03-27 10:50:42'),
('35.04.14.2009', 'Pakisaji', '2018-03-27 10:50:42', '2018-03-27 10:50:42'),
('35.04.14.2010', 'Jabon', '2018-03-27 10:50:42', '2018-03-27 10:50:42'),
('35.04.14.2011', 'Tunggangri', '2018-03-27 10:50:42', '2018-03-27 10:50:42'),
('35.04.14.2012', 'Salakkembang', '2018-03-27 10:50:42', '2018-03-27 10:50:42'),
('35.04.14.2013', 'Ngubalan', '2018-03-27 10:50:42', '2018-03-27 10:50:42'),
('35.04.14.2014', 'Domasan', '2018-03-27 10:50:42', '2018-03-27 10:50:42'),
('35.04.14.2015', 'Tanjung', '2018-03-27 10:50:42', '2018-03-27 10:50:42'),
('35.04.14.2016', 'Betak', '2018-03-27 10:50:42', '2018-03-27 10:50:42'),
('35.04.14.2017', 'Pagersari', '2018-03-27 10:50:42', '2018-03-27 10:50:42'),
('35.04.15', 'Besuki', '2018-03-27 10:50:42', '2018-03-27 10:50:42'),
('35.04.15.2001', 'Besole', '2018-03-27 10:50:42', '2018-03-27 10:50:42'),
('35.04.15.2002', 'Tanggulwelahan', '2018-03-27 10:50:42', '2018-03-27 10:50:42'),
('35.04.15.2003', 'Besuki', '2018-03-27 10:50:42', '2018-03-27 10:50:42'),
('35.04.15.2004', 'Keboireng', '2018-03-27 10:50:42', '2018-03-27 10:50:42'),
('35.04.15.2005', 'Tanggulturus', '2018-03-27 10:50:42', '2018-03-27 10:50:42'),
('35.04.15.2006', 'Sedayugunung', '2018-03-27 10:50:42', '2018-03-27 10:50:42'),
('35.04.15.2007', 'Tangulkundung', '2018-03-27 10:50:42', '2018-03-27 10:50:42'),
('35.04.15.2008', 'Wates Kroyo', '2018-03-27 10:50:42', '2018-03-27 10:50:42'),
('35.04.15.2009', 'Sitoyobagus', '2018-03-27 10:50:42', '2018-03-27 10:50:42'),
('35.04.15.2010', 'Tulungrejo', '2018-03-27 10:50:42', '2018-03-27 10:50:42'),
('35.04.16', 'Campurdarat', '2018-03-27 10:50:42', '2018-03-27 10:50:42'),
('35.04.16.2001', 'Ngentrong', '2018-03-27 10:50:42', '2018-03-27 10:50:42'),
('35.04.16.2002', 'Gedangan', '2018-03-27 10:50:42', '2018-03-27 10:50:42'),
('35.04.16.2003', 'Sawo', '2018-03-27 10:50:42', '2018-03-27 10:50:42'),
('35.04.16.2004', 'Gamping', '2018-03-27 10:50:42', '2018-03-27 10:50:42'),
('35.04.16.2005', 'Campurdarat', '2018-03-27 10:50:42', '2018-03-27 10:50:42'),
('35.04.16.2006', 'Wates', '2018-03-27 10:50:42', '2018-03-27 10:50:42'),
('35.04.16.2007', 'Pelem', '2018-03-27 10:50:42', '2018-03-27 10:50:42'),
('35.04.16.2008', 'Pojok', '2018-03-27 10:50:42', '2018-03-27 10:50:42'),
('35.04.16.2009', 'Tanggung', '2018-03-27 10:50:42', '2018-03-27 10:50:42'),
('35.04.17', 'Bandung', '2018-03-27 10:50:42', '2018-03-27 10:50:42'),
('35.04.17.2001', 'Nglampir', '2018-03-27 10:50:42', '2018-03-27 10:50:42'),
('35.04.17.2002', 'Talun Kulon', '2018-03-27 10:50:42', '2018-03-27 10:50:42'),
('35.04.17.2003', 'Bantengan', '2018-03-27 10:50:42', '2018-03-27 10:50:42'),
('35.04.17.2004', 'Kedungwilut', '2018-03-27 10:50:42', '2018-03-27 10:50:42'),
('35.04.17.2005', 'Suwaru', '2018-03-27 10:50:42', '2018-03-27 10:50:42'),
('35.04.17.2006', 'Ngunggahan', '2018-03-27 10:50:42', '2018-03-27 10:50:42'),
('35.04.17.2007', 'Suruhan Kidul', '2018-03-27 10:50:42', '2018-03-27 10:50:42'),
('35.04.17.2008', 'Bandung', '2018-03-27 10:50:42', '2018-03-27 10:50:42'),
('35.04.17.2009', 'Mergayu', '2018-03-27 10:50:42', '2018-03-27 10:50:42'),
('35.04.17.2010', 'Sebalor', '2018-03-27 10:50:42', '2018-03-27 10:50:42'),
('35.04.17.2011', 'Sukoharjo', '2018-03-27 10:50:42', '2018-03-27 10:50:42'),
('35.04.17.2012', 'Soko', '2018-03-27 10:50:42', '2018-03-27 10:50:42'),
('35.04.17.2013', 'Singgit', '2018-03-27 10:50:42', '2018-03-27 10:50:42'),
('35.04.17.2014', 'Ngepeh', '2018-03-27 10:50:42', '2018-03-27 10:50:42'),
('35.04.17.2015', 'Suruhan Lor', '2018-03-27 10:50:42', '2018-03-27 10:50:42'),
('35.04.17.2016', 'Bulus', '2018-03-27 10:50:42', '2018-03-27 10:50:42'),
('35.04.17.2017', 'Kesambi', '2018-03-27 10:50:42', '2018-03-27 10:50:42'),
('35.04.17.2018', 'Gandong', '2018-03-27 10:50:42', '2018-03-27 10:50:42'),
('35.04.18', 'Pakel', '2018-03-27 10:50:42', '2018-03-27 10:50:42'),
('35.04.18.2001', 'Sambitan', '2018-03-27 10:50:42', '2018-03-27 10:50:42'),
('35.04.18.2002', 'Bono', '2018-03-27 10:50:42', '2018-03-27 10:50:42'),
('35.04.18.2003', 'Sukoanyar', '2018-03-27 10:50:42', '2018-03-27 10:50:42'),
('35.04.18.2004', 'Duwet', '2018-03-27 10:50:42', '2018-03-27 10:50:42'),
('35.04.18.2005', 'Tamban', '2018-03-27 10:50:42', '2018-03-27 10:50:42'),
('35.04.18.2006', 'Ngebong', '2018-03-27 10:50:42', '2018-03-27 10:50:42'),
('35.04.18.2007', 'Sodo', '2018-03-27 10:50:42', '2018-03-27 10:50:42'),
('35.04.18.2008', 'Gombang', '2018-03-27 10:50:42', '2018-03-27 10:50:42'),
('35.04.18.2009', 'Pakel', '2018-03-27 10:50:42', '2018-03-27 10:50:42'),
('35.04.18.2010', 'Suwaluh', '2018-03-27 10:50:42', '2018-03-27 10:50:42'),
('35.04.18.2011', 'Pecuk', '2018-03-27 10:50:42', '2018-03-27 10:50:42'),
('35.04.18.2012', 'Bangunmulyo', '2018-03-27 10:50:42', '2018-03-27 10:50:42'),
('35.04.18.2013', 'Kasreman', '2018-03-27 10:50:42', '2018-03-27 10:50:42'),
('35.04.18.2014', 'Sanan', '2018-03-27 10:50:42', '2018-03-27 10:50:42'),
('35.04.18.2015', 'Bangunjaya', '2018-03-27 10:50:42', '2018-03-27 10:50:42'),
('35.04.18.2016', 'Ngrance', '2018-03-27 10:50:42', '2018-03-27 10:50:42'),
('35.04.18.2017', 'Gebang', '2018-03-27 10:50:42', '2018-03-27 10:50:42'),
('35.04.18.2018', 'Gesikan', '2018-03-27 10:50:42', '2018-03-27 10:50:42'),
('35.04.18.2019', 'Gempolan', '2018-03-27 10:50:42', '2018-03-27 10:50:42'),
('35.04.19', 'Tanggunggunung', '2018-03-27 10:50:42', '2018-03-27 10:50:42'),
('35.04.19.2001', 'Kresikan', '2018-03-27 10:50:42', '2018-03-27 10:50:42'),
('35.04.19.2002', 'Jenglungharjo', '2018-03-27 10:50:42', '2018-03-27 10:50:42'),
('35.04.19.2003', 'Ngrejo', '2018-03-27 10:50:42', '2018-03-27 10:50:42'),
('35.04.19.2004', 'Tanggung Gunung', '2018-03-27 10:50:42', '2018-03-27 10:50:42'),
('35.04.19.2005', 'Ngepoh', '2018-03-27 10:50:42', '2018-03-27 10:50:42'),
('35.04.19.2006', 'Tenggarejo', '2018-03-27 10:50:42', '2018-03-27 10:50:42'),
('35.04.19.2007', 'Pakisrejo', '2018-03-27 10:50:42', '2018-03-27 10:50:42'),
('35.05', 'KAB. BLITAR', '2018-03-27 10:50:42', '2018-03-27 10:50:42'),
('35.05.01', 'Wonodadi', '2018-03-27 10:50:42', '2018-03-27 10:50:42'),
('35.05.01.2001', 'Jaten', '2018-03-27 10:50:42', '2018-03-27 10:50:42'),
('35.05.01.2002', 'Salam', '2018-03-27 10:50:42', '2018-03-27 10:50:42'),
('35.05.01.2003', 'Rejosari', '2018-03-27 10:50:42', '2018-03-27 10:50:42'),
('35.05.01.2004', 'Kaliboto', '2018-03-27 10:50:42', '2018-03-27 10:50:42'),
('35.05.01.2005', 'Wonodadi', '2018-03-27 10:50:42', '2018-03-27 10:50:42'),
('35.05.01.2006', 'Tawangrejo', '2018-03-27 10:50:42', '2018-03-27 10:50:42'),
('35.05.01.2007', 'Kebonagung', '2018-03-27 10:50:42', '2018-03-27 10:50:42'),
('35.05.01.2008', 'Pikatan', '2018-03-27 10:50:42', '2018-03-27 10:50:42'),
('35.05.01.2009', 'Gandekan', '2018-03-27 10:50:42', '2018-03-27 10:50:42'),
('35.05.01.2010', 'Kunir', '2018-03-27 10:50:42', '2018-03-27 10:50:42'),
('35.05.01.2011', 'Kolomayan', '2018-03-27 10:50:42', '2018-03-27 10:50:42'),
('35.05.02', 'Udanawu', '2018-03-27 10:50:42', '2018-03-27 10:50:42'),
('35.05.02.2001', 'Jati', '2018-03-27 10:50:42', '2018-03-27 10:50:42'),
('35.05.02.2002', 'Temenggungan', '2018-03-27 10:50:42', '2018-03-27 10:50:42'),
('35.05.02.2003', 'Besuki', '2018-03-27 10:50:42', '2018-03-27 10:50:42'),
('35.05.02.2004', 'Tunjung', '2018-03-27 10:50:42', '2018-03-27 10:50:42'),
('35.05.02.2005', 'Bakung', '2018-03-27 10:50:42', '2018-03-27 10:50:42'),
('35.05.02.2006', 'Mangunan', '2018-03-27 10:50:42', '2018-03-27 10:50:42'),
('35.05.02.2007', 'Karanggondang', '2018-03-27 10:50:42', '2018-03-27 10:50:42'),
('35.05.02.2008', 'Ringinanom', '2018-03-27 10:50:42', '2018-03-27 10:50:42'),
('35.05.02.2009', 'Sukorejo', '2018-03-27 10:50:42', '2018-03-27 10:50:42'),
('35.05.02.2010', 'Slemanan', '2018-03-27 10:50:42', '2018-03-27 10:50:42'),
('35.05.02.2011', 'Sumbersari', '2018-03-27 10:50:42', '2018-03-27 10:50:42'),
('35.05.02.2012', 'Bendorejo', '2018-03-27 10:50:42', '2018-03-27 10:50:42'),
('35.05.03', 'Srengat', '2018-03-27 10:50:42', '2018-03-27 10:50:42'),
('35.05.03.2001', 'Karanggayam', '2018-03-27 10:50:42', '2018-03-27 10:50:42'),
('35.05.03.2002', 'Dermojayan', '2018-03-27 10:50:42', '2018-03-27 10:50:42'),
('35.05.03.2003', 'Kerjen', '2018-03-27 10:50:42', '2018-03-27 10:50:42'),
('35.05.03.1004', 'Togogan', '2018-03-27 10:50:42', '2018-03-27 10:50:42'),
('35.05.03.2005', 'Pakisrejo', '2018-03-27 10:50:42', '2018-03-27 10:50:42'),
('35.05.03.2006', 'Purwokerto', '2018-03-27 10:50:42', '2018-03-27 10:50:42'),
('35.05.03.1007', 'Srengat', '2018-03-27 10:50:42', '2018-03-27 10:50:42'),
('35.05.03.2008', 'Wonorejo', '2018-03-27 10:50:42', '2018-03-27 10:50:42'),
('35.05.03.1009', 'Dandong', '2018-03-27 10:50:42', '2018-03-27 10:50:42'),
('35.05.03.1010', 'Kauman', '2018-03-27 10:50:42', '2018-03-27 10:50:42'),
('35.05.03.2011', 'Maron', '2018-03-27 10:50:42', '2018-03-27 10:50:42'),
('35.05.03.2012', 'Bagelenan', '2018-03-27 10:50:42', '2018-03-27 10:50:42'),
('35.05.03.2013', 'Kandangan', '2018-03-27 10:50:42', '2018-03-27 10:50:42'),
('35.05.03.2014', 'Kendalrejo', '2018-03-27 10:50:42', '2018-03-27 10:50:42'),
('35.05.03.2015', 'Selokajang', '2018-03-27 10:50:42', '2018-03-27 10:50:42'),
('35.05.03.2016', 'Ngaglik', '2018-03-27 10:50:42', '2018-03-27 10:50:42'),
('35.05.04', 'Kademangan', '2018-03-27 10:50:42', '2018-03-27 10:50:42'),
('35.05.04.2001', 'Panggungduwet', '2018-03-27 10:50:42', '2018-03-27 10:50:42'),
('35.05.04.2002', 'Maron', '2018-03-27 10:50:42', '2018-03-27 10:50:42'),
('35.05.04.2003', 'Pakisaji', '2018-03-27 10:50:42', '2018-03-27 10:50:42'),
('35.05.04.2004', 'Kebonsari', '2018-03-27 10:50:42', '2018-03-27 10:50:42'),
('35.05.04.2005', 'Bendosari', '2018-03-27 10:50:42', '2018-03-27 10:50:42'),
('35.05.04.2006', 'Sumberjo', '2018-03-27 10:50:42', '2018-03-27 10:50:42'),
('35.05.04.2007', 'Suruhwadang', '2018-03-27 10:50:42', '2018-03-27 10:50:42'),
('35.05.04.2008', 'Plumpungrejo', '2018-03-27 10:50:42', '2018-03-27 10:50:42'),
('35.05.04.2009', 'Jimbe', '2018-03-27 10:50:42', '2018-03-27 10:50:42'),
('35.05.04.2010', 'Dawuhan', '2018-03-27 10:50:42', '2018-03-27 10:50:42'),
('35.05.04.1011', 'Kademangan', '2018-03-27 10:50:42', '2018-03-27 10:50:42'),
('35.05.04.2012', 'Sumberjati', '2018-03-27 10:50:42', '2018-03-27 10:50:42'),
('35.05.04.2013', 'Rejowinangun', '2018-03-27 10:50:42', '2018-03-27 10:50:42'),
('35.05.04.2014', 'Plosorejo', '2018-03-27 10:50:42', '2018-03-27 10:50:42'),
('35.05.04.2015', 'Darungan', '2018-03-27 10:50:42', '2018-03-27 10:50:42'),
('35.05.05', 'Bakung', '2018-03-27 10:50:42', '2018-03-27 10:50:42'),
('35.05.05.2001', 'Pulerejo', '2018-03-27 10:50:42', '2018-03-27 10:50:42'),
('35.05.05.2002', 'Tumpakoyot', '2018-03-27 10:50:42', '2018-03-27 10:50:42'),
('35.05.05.2003', 'Plandirejo', '2018-03-27 10:50:42', '2018-03-27 10:50:42'),
('35.05.05.2004', 'Sumberdadi', '2018-03-27 10:50:42', '2018-03-27 10:50:42'),
('35.05.05.2005', 'Bakung', '2018-03-27 10:50:42', '2018-03-27 10:50:42'),
('35.05.05.2006', 'Ngrejo', '2018-03-27 10:50:42', '2018-03-27 10:50:42'),
('35.05.05.2007', 'Bululawang', '2018-03-27 10:50:42', '2018-03-27 10:50:42'),
('35.05.05.2008', 'Kedungbanteng', '2018-03-27 10:50:42', '2018-03-27 10:50:42'),
('35.05.05.2009', 'Sidomulyo', '2018-03-27 10:50:42', '2018-03-27 10:50:42'),
('35.05.05.2010', 'Lorejo', '2018-03-27 10:50:42', '2018-03-27 10:50:42'),
('35.05.05.2011', 'Tumpakkepuh', '2018-03-27 10:50:42', '2018-03-27 10:50:42'),
('35.05.06', 'Ponggok', '2018-03-27 10:50:42', '2018-03-27 10:50:42'),
('35.05.06.2001', 'Dadaplangu', '2018-03-27 10:50:42', '2018-03-27 10:50:42'),
('35.05.06.2002', 'Langon', '2018-03-27 10:50:42', '2018-03-27 10:50:42'),
('35.05.06.2003', 'Gembongan', '2018-03-27 10:50:42', '2018-03-27 10:50:42'),
('35.05.06.2004', 'Ringinanyar', '2018-03-27 10:50:42', '2018-03-27 10:50:42'),
('35.05.06.2005', 'Kebonduren', '2018-03-27 10:50:42', '2018-03-27 10:50:42'),
('35.05.06.2006', 'Bacem', '2018-03-27 10:50:42', '2018-03-27 10:50:42'),
('35.05.06.2007', 'Ponggok', '2018-03-27 10:50:42', '2018-03-27 10:50:42'),
('35.05.06.2008', 'Pojok', '2018-03-27 10:50:42', '2018-03-27 10:50:42'),
('35.05.06.2009', 'Kawedusan', '2018-03-27 10:50:42', '2018-03-27 10:50:42'),
('35.05.06.2010', 'Jatilengger', '2018-03-27 10:50:42', '2018-03-27 10:50:42'),
('35.05.06.2011', 'Bendo', '2018-03-27 10:50:42', '2018-03-27 10:50:42'),
('35.05.06.2012', 'Sidorejo', '2018-03-27 10:50:42', '2018-03-27 10:50:42'),
('35.05.06.2013', 'Maliran', '2018-03-27 10:50:42', '2018-03-27 10:50:42'),
('35.05.06.2014', 'Candirejo', '2018-03-27 10:50:42', '2018-03-27 10:50:42'),
('35.05.06.2015', 'Karangbendo', '2018-03-27 10:50:42', '2018-03-27 10:50:42'),
('35.05.07', 'Sanankulon', '2018-03-27 10:50:42', '2018-03-27 10:50:42'),
('35.05.07.2001', 'Kalipucung', '2018-03-27 10:50:42', '2018-03-27 10:50:42'),
('35.05.07.2002', 'Bendosari', '2018-03-27 10:50:42', '2018-03-27 10:50:42'),
('35.05.07.2003', 'Sumber', '2018-03-27 10:50:42', '2018-03-27 10:50:42'),
('35.05.07.2004', 'Sanankulon', '2018-03-27 10:50:42', '2018-03-27 10:50:42'),
('35.05.07.2005', 'Sumberingin', '2018-03-27 10:50:42', '2018-03-27 10:50:42'),
('35.05.07.2006', 'Purworejo', '2018-03-27 10:50:42', '2018-03-27 10:50:42'),
('35.05.07.2007', 'Bendowulung', '2018-03-27 10:50:42', '2018-03-27 10:50:42'),
('35.05.07.2008', 'Tuliskriyo', '2018-03-27 10:50:42', '2018-03-27 10:50:42'),
('35.05.07.2009', 'Sumberjo', '2018-03-27 10:50:42', '2018-03-27 10:50:42'),
('35.05.07.2010', 'Gledug', '2018-03-27 10:50:42', '2018-03-27 10:50:42'),
('35.05.07.2011', 'Jeding', '2018-03-27 10:50:42', '2018-03-27 10:50:42'),
('35.05.07.2012', 'Plosoarang', '2018-03-27 10:50:42', '2018-03-27 10:50:42'),
('35.05.08', 'Wonotirto', '2018-03-27 10:50:42', '2018-03-27 10:50:42'),
('35.05.08.2001', 'Pasiraman', '2018-03-27 10:50:42', '2018-03-27 10:50:42'),
('35.05.08.2002', 'Kaligrenjeng', '2018-03-27 10:50:42', '2018-03-27 10:50:42'),
('35.05.08.2003', 'Tambakrejo', '2018-03-27 10:50:42', '2018-03-27 10:50:42'),
('35.05.08.2004', 'Sumberboto', '2018-03-27 10:50:42', '2018-03-27 10:50:42'),
('35.05.08.2005', 'Gununggede', '2018-03-27 10:50:42', '2018-03-27 10:50:42'),
('35.05.08.2006', 'Wonotirto', '2018-03-27 10:50:42', '2018-03-27 10:50:42'),
('35.05.08.2007', 'Ngeni', '2018-03-27 10:50:42', '2018-03-27 10:50:42'),
('35.05.08.2008', 'Ngadipuro', '2018-03-27 10:50:42', '2018-03-27 10:50:42'),
('35.05.09', 'Nglegok', '2018-03-27 10:50:42', '2018-03-27 10:50:42'),
('35.05.09.2001', 'Sumberasri', '2018-03-27 10:50:42', '2018-03-27 10:50:42'),
('35.05.09.2002', 'Kedawung', '2018-03-27 10:50:42', '2018-03-27 10:50:42'),
('35.05.09.2003', 'Ngoran', '2018-03-27 10:50:42', '2018-03-27 10:50:42'),
('35.05.09.2004', 'Dayu', '2018-03-27 10:50:42', '2018-03-27 10:50:42'),
('35.05.09.2005', 'Bangsri', '2018-03-27 10:50:42', '2018-03-27 10:50:42'),
('35.05.09.2006', 'Kemloko', '2018-03-27 10:50:42', '2018-03-27 10:50:42'),
('35.05.09.2007', 'Penataran', '2018-03-27 10:50:42', '2018-03-27 10:50:42'),
('35.05.09.2008', 'Krenceng', '2018-03-27 10:50:42', '2018-03-27 10:50:42'),
('35.05.09.1009', 'Nglegok', '2018-03-27 10:50:42', '2018-03-27 10:50:42'),
('35.05.09.2010', 'Jiwut', '2018-03-27 10:50:42', '2018-03-27 10:50:42'),
('35.05.09.2011', 'Modangan', '2018-03-27 10:50:42', '2018-03-27 10:50:42'),
('35.05.10', 'Kanigoro', '2018-03-27 10:50:42', '2018-03-27 10:50:42'),
('35.05.10.2001', 'Minggirsari', '2018-03-27 10:50:42', '2018-03-27 10:50:42'),
('35.05.10.2002', 'Jatinom', '2018-03-27 10:50:42', '2018-03-27 10:50:42'),
('35.05.10.2003', 'Gogodeso', '2018-03-27 10:50:42', '2018-03-27 10:50:42'),
('35.05.10.2004', 'Gaprang', '2018-03-27 10:50:42', '2018-03-27 10:50:42'),
('35.05.10.2005', 'Papungan', '2018-03-27 10:50:42', '2018-03-27 10:50:42'),
('35.05.10.2006', 'Tlogo', '2018-03-27 10:50:42', '2018-03-27 10:50:42'),
('35.05.10.2007', 'Karangsono', '2018-03-27 10:50:42', '2018-03-27 10:50:42'),
('35.05.10.1008', 'Kanigoro', '2018-03-27 10:50:42', '2018-03-27 10:50:42'),
('35.05.10.2009', 'Banggle', '2018-03-27 10:50:42', '2018-03-27 10:50:42'),
('35.05.10.1010', 'Satreyan', '2018-03-27 10:50:42', '2018-03-27 10:50:42'),
('35.05.10.2011', 'Sawentar', '2018-03-27 10:50:42', '2018-03-27 10:50:42'),
('35.05.10.2012', 'Kuningan', '2018-03-27 10:50:42', '2018-03-27 10:50:42'),
('35.05.11', 'Garum', '2018-03-27 10:50:42', '2018-03-27 10:50:42'),
('35.05.11.2001', 'Pojok', '2018-03-27 10:50:42', '2018-03-27 10:50:42'),
('35.05.11.1002', 'Sumberdiren', '2018-03-27 10:50:42', '2018-03-27 10:50:42'),
('35.05.11.1003', 'Tawangsari', '2018-03-27 10:50:42', '2018-03-27 10:50:42'),
('35.05.11.1004', 'Garum', '2018-03-27 10:50:42', '2018-03-27 10:50:42'),
('35.05.11.2005', 'Tingal', '2018-03-27 10:50:42', '2018-03-27 10:50:42'),
('35.05.11.1006', 'Bence', '2018-03-27 10:50:42', '2018-03-27 10:50:42'),
('35.05.11.2007', 'Slorok', '2018-03-27 10:50:42', '2018-03-27 10:50:42'),
('35.05.11.2008', 'Sidodadi', '2018-03-27 10:50:42', '2018-03-27 10:50:42'),
('35.05.11.2009', 'Karangrejo', '2018-03-27 10:50:42', '2018-03-27 10:50:42'),
('35.05.12', 'Sutojayan', '2018-03-27 10:50:42', '2018-03-27 10:50:42'),
('35.05.12.2001', 'Pandanarum', '2018-03-27 10:50:42', '2018-03-27 10:50:42'),
('35.05.12.1002', 'Kedungbunder', '2018-03-27 10:50:42', '2018-03-27 10:50:42'),
('35.05.12.1003', 'Kembangarum', '2018-03-27 10:50:42', '2018-03-27 10:50:42'),
('35.05.12.1004', 'Kalipang', '2018-03-27 10:50:42', '2018-03-27 10:50:42'),
('35.05.12.1005', 'Sutojayan', '2018-03-27 10:50:42', '2018-03-27 10:50:42'),
('35.05.12.1006', 'Jingglong', '2018-03-27 10:50:42', '2018-03-27 10:50:42'),
('35.05.12.1007', 'Sukorejo', '2018-03-27 10:50:42', '2018-03-27 10:50:42'),
('35.05.12.1008', 'Jegu', '2018-03-27 10:50:42', '2018-03-27 10:50:42'),
('35.05.12.2009', 'Bacem', '2018-03-27 10:50:42', '2018-03-27 10:50:42'),
('35.05.12.2010', 'Sumberjo', '2018-03-27 10:50:42', '2018-03-27 10:50:42'),
('35.05.12.2011', 'Kaulon', '2018-03-27 10:50:42', '2018-03-27 10:50:42'),
('35.05.13', 'Panggungrejo', '2018-03-27 10:50:42', '2018-03-27 10:50:42'),
('35.05.13.2001', 'Serang', '2018-03-27 10:50:42', '2018-03-27 10:50:42'),
('35.05.13.2002', 'Kalitengah', '2018-03-27 10:50:42', '2018-03-27 10:50:42'),
('35.05.13.2003', 'Margomulyo', '2018-03-27 10:50:42', '2018-03-27 10:50:42'),
('35.05.13.2004', 'Panggungrejo', '2018-03-27 10:50:42', '2018-03-27 10:50:42'),
('35.05.13.2005', 'Sumbersih', '2018-03-27 10:50:42', '2018-03-27 10:50:42'),
('35.05.13.2006', 'Kaligambir', '2018-03-27 10:50:42', '2018-03-27 10:50:42'),
('35.05.13.2007', 'Bumiayu', '2018-03-27 10:50:42', '2018-03-27 10:50:42'),
('35.05.13.2008', 'Panggungasri', '2018-03-27 10:50:42', '2018-03-27 10:50:42'),
('35.05.13.2009', 'Sumberagung', '2018-03-27 10:50:42', '2018-03-27 10:50:42'),
('35.05.13.2010', 'Balerejo', '2018-03-27 10:50:42', '2018-03-27 10:50:42'),
('35.05.14', 'Talun', '2018-03-27 10:50:42', '2018-03-27 10:50:42'),
('35.05.14.2001', 'Tumpang', '2018-03-27 10:50:42', '2018-03-27 10:50:42'),
('35.05.14.2002', 'Kendalrejo', '2018-03-27 10:50:42', '2018-03-27 10:50:42'),
('35.05.14.2003', 'Pasirharjo', '2018-03-27 10:50:42', '2018-03-27 10:50:42'),
('35.05.14.2004', 'Jeblog', '2018-03-27 10:50:42', '2018-03-27 10:50:42'),
('35.05.14.2005', 'Jabung', '2018-03-27 10:50:42', '2018-03-27 10:50:42'),
('35.05.14.2006', 'Bendosewu', '2018-03-27 10:50:42', '2018-03-27 10:50:42'),
('35.05.14.2007', 'Wonorejo', '2018-03-27 10:50:42', '2018-03-27 10:50:42'),
('35.05.14.1008', 'Talun', '2018-03-27 10:50:42', '2018-03-27 10:50:42'),
('35.05.14.1009', 'Kamulan', '2018-03-27 10:50:42', '2018-03-27 10:50:42'),
('35.05.14.2010', 'Duren', '2018-03-27 10:50:42', '2018-03-27 10:50:42'),
('35.05.14.2011', 'Sragi', '2018-03-27 10:50:42', '2018-03-27 10:50:42'),
('35.05.14.2012', 'Jajar', '2018-03-27 10:50:42', '2018-03-27 10:50:42'),
('35.05.14.1013', 'Bajang', '2018-03-27 10:50:42', '2018-03-27 10:50:42'),
('35.05.14.1014', 'Kaweron', '2018-03-27 10:50:42', '2018-03-27 10:50:42'),
('35.05.15', 'Gandusari', '2018-03-27 10:50:42', '2018-03-27 10:50:42'),
('35.05.15.2001', 'Sumberagung', '2018-03-27 10:50:42', '2018-03-27 10:50:42'),
('35.05.15.2002', 'Gadungan', '2018-03-27 10:50:42', '2018-03-27 10:50:42'),
('35.05.15.2003', 'Kotes', '2018-03-27 10:50:42', '2018-03-27 10:50:42'),
('35.05.15.2004', 'Sukosewu', '2018-03-27 10:50:42', '2018-03-27 10:50:42'),
('35.05.15.2005', 'Gondang', '2018-03-27 10:50:42', '2018-03-27 10:50:42'),
('35.05.15.2006', 'Tambakan', '2018-03-27 10:50:42', '2018-03-27 10:50:42'),
('35.05.15.2007', 'Gandusari', '2018-03-27 10:50:42', '2018-03-27 10:50:42'),
('35.05.15.2008', 'Butun', '2018-03-27 10:50:42', '2018-03-27 10:50:42'),
('35.05.15.2009', 'Ngaringan', '2018-03-27 10:50:42', '2018-03-27 10:50:42'),
('35.05.15.2010', 'Soso', '2018-03-27 10:50:42', '2018-03-27 10:50:42'),
('35.05.15.2011', 'Slumbung', '2018-03-27 10:50:42', '2018-03-27 10:50:42'),
('35.05.15.2012', 'Semen', '2018-03-27 10:50:42', '2018-03-27 10:50:42'),
('35.05.15.2013', 'Tulungrejo', '2018-03-27 10:50:42', '2018-03-27 10:50:42'),
('35.05.15.2014', 'Krisik', '2018-03-27 10:50:42', '2018-03-27 10:50:42'),
('35.05.16', 'Binangun', '2018-03-27 10:50:42', '2018-03-27 10:50:42'),
('35.05.16.2001', 'Kedungwungu', '2018-03-27 10:50:42', '2018-03-27 10:50:42'),
('35.05.16.2002', 'Salamrejo', '2018-03-27 10:50:42', '2018-03-27 10:50:42'),
('35.05.16.2003', 'Sumberkembar', '2018-03-27 10:50:42', '2018-03-27 10:50:42'),
('35.05.16.2004', 'Binangun', '2018-03-27 10:50:42', '2018-03-27 10:50:42'),
('35.05.16.2005', 'Rejoso', '2018-03-27 10:50:42', '2018-03-27 10:50:42'),
('35.05.16.2006', 'Ngembul', '2018-03-27 10:50:42', '2018-03-27 10:50:42'),
('35.05.16.2007', 'Sambigede', '2018-03-27 10:50:42', '2018-03-27 10:50:42'),
('35.05.16.2008', 'Tawangrejo', '2018-03-27 10:50:42', '2018-03-27 10:50:42'),
('35.05.16.2009', 'Umbuldamar', '2018-03-27 10:50:42', '2018-03-27 10:50:42'),
('35.05.16.2010', 'Ngadri', '2018-03-27 10:50:42', '2018-03-27 10:50:42'),
('35.05.16.2011', 'Birowo', '2018-03-27 10:50:42', '2018-03-27 10:50:42'),
('35.05.16.2012', 'Sukorame', '2018-03-27 10:50:42', '2018-03-27 10:50:42'),
('35.05.17', 'Wlingi', '2018-03-27 10:50:42', '2018-03-27 10:50:42'),
('35.05.17.1001', 'Beru', '2018-03-27 10:50:42', '2018-03-27 10:50:42'),
('35.05.17.1002', 'Babadan', '2018-03-27 10:50:42', '2018-03-27 10:50:42'),
('35.05.17.1003', 'Tangkil', '2018-03-27 10:50:42', '2018-03-27 10:50:42'),
('35.05.17.1004', 'Wlingi', '2018-03-27 10:50:42', '2018-03-27 10:50:42'),
('35.05.17.2005', 'Tembalang', '2018-03-27 10:50:42', '2018-03-27 10:50:42'),
('35.05.17.1006', 'Klemunan', '2018-03-27 10:50:42', '2018-03-27 10:50:42'),
('35.05.17.2007', 'Ngadirenggo', '2018-03-27 10:50:42', '2018-03-27 10:50:42'),
('35.05.17.2008', 'Tegalasri', '2018-03-27 10:50:42', '2018-03-27 10:50:42'),
('35.05.17.2009', 'Balerejo', '2018-03-27 10:50:42', '2018-03-27 10:50:42'),
('35.05.18', 'Doko', '2018-03-27 10:50:42', '2018-03-27 10:50:42'),
('35.05.18.2001', 'Slorok', '2018-03-27 10:50:42', '2018-03-27 10:50:42'),
('35.05.18.2002', 'Suru', '2018-03-27 10:50:42', '2018-03-27 10:50:42'),
('35.05.18.2003', 'Plumbangan', '2018-03-27 10:50:42', '2018-03-27 10:50:42'),
('35.05.18.2004', 'Sumberurip', '2018-03-27 10:50:42', '2018-03-27 10:50:42'),
('35.05.18.2005', 'Genengan', '2018-03-27 10:50:42', '2018-03-27 10:50:42'),
('35.05.18.2006', 'Doko', '2018-03-27 10:50:42', '2018-03-27 10:50:42'),
('35.05.18.2007', 'Jambepawon', '2018-03-27 10:50:42', '2018-03-27 10:50:42'),
('35.05.18.2008', 'Sidorejo', '2018-03-27 10:50:42', '2018-03-27 10:50:42'),
('35.05.18.2009', 'Resapombo', '2018-03-27 10:50:42', '2018-03-27 10:50:42'),
('35.05.18.2010', 'Kalimanis', '2018-03-27 10:50:42', '2018-03-27 10:50:42'),
('35.05.19', 'Kesamben', '2018-03-27 10:50:42', '2018-03-27 10:50:42'),
('35.05.19.2001', 'Siraman', '2018-03-27 10:50:42', '2018-03-27 10:50:42'),
('35.05.19.2002', 'Kesamben', '2018-03-27 10:50:42', '2018-03-27 10:50:42'),
('35.05.19.2003', 'Jugo', '2018-03-27 10:50:42', '2018-03-27 10:50:42'),
('35.05.19.2004', 'Pagerwojo', '2018-03-27 10:50:42', '2018-03-27 10:50:42'),
('35.05.19.2005', 'Pagergunung', '2018-03-27 10:50:42', '2018-03-27 10:50:42'),
('35.05.19.2006', 'Tepas', '2018-03-27 10:50:42', '2018-03-27 10:50:42'),
('35.05.19.2007', 'Kemirigede', '2018-03-27 10:50:42', '2018-03-27 10:50:42'),
('35.05.19.2008', 'Tapakrejo', '2018-03-27 10:50:42', '2018-03-27 10:50:42'),
('35.05.19.2009', 'Bumirejo', '2018-03-27 10:50:42', '2018-03-27 10:50:42'),
('35.05.19.2010', 'Sukoanyar', '2018-03-27 10:50:42', '2018-03-27 10:50:42'),
('35.05.20', 'Wates', '2018-03-27 10:50:42', '2018-03-27 10:50:42'),
('35.05.20.2001', 'Purworejo', '2018-03-27 10:50:42', '2018-03-27 10:50:42'),
('35.05.20.2002', 'Tulungrejo', '2018-03-27 10:50:42', '2018-03-27 10:50:42'),
('35.05.20.2003', 'Sumberarum', '2018-03-27 10:50:42', '2018-03-27 10:50:42'),
('35.05.20.2004', 'Ringinrejo', '2018-03-27 10:50:42', '2018-03-27 10:50:42'),
('35.05.20.2005', 'Mojorejo', '2018-03-27 10:50:42', '2018-03-27 10:50:42'),
('35.05.20.2006', 'Sukorejo', '2018-03-27 10:50:42', '2018-03-27 10:50:42'),
('35.05.20.2007', 'Wates', '2018-03-27 10:50:42', '2018-03-27 10:50:42'),
('35.05.20.2008', 'Tugurejo', '2018-03-27 10:50:42', '2018-03-27 10:50:42'),
('35.05.21', 'Selorejo', '2018-03-27 10:50:42', '2018-03-27 10:50:42'),
('35.05.21.2001', 'Banjarsari', '2018-03-27 10:50:42', '2018-03-27 10:50:42'),
('35.05.21.2002', 'Pohgajih', '2018-03-27 10:50:42', '2018-03-27 10:50:42'),
('35.05.21.2003', 'Selorejo', '2018-03-27 10:50:42', '2018-03-27 10:50:42'),
('35.05.21.2004', 'Sumberagung', '2018-03-27 10:50:42', '2018-03-27 10:50:42'),
('35.05.21.2005', 'Ngrendeng', '2018-03-27 10:50:42', '2018-03-27 10:50:42'),
('35.05.21.2006', 'Sidomulyo', '2018-03-27 10:50:42', '2018-03-27 10:50:42'),
('35.05.21.2007', 'Ampelgading', '2018-03-27 10:50:42', '2018-03-27 10:50:42'),
('35.05.21.2008', 'Olak Alen', '2018-03-27 10:50:42', '2018-03-27 10:50:42'),
('35.05.21.2009', 'Boro', '2018-03-27 10:50:42', '2018-03-27 10:50:42'),
('35.05.21.2010', 'Ngreco', '2018-03-27 10:50:42', '2018-03-27 10:50:42'),
('35.05.22', 'Selopuro', '2018-03-27 10:50:42', '2018-03-27 10:50:42'),
('35.05.22.2001', 'Mandesan', '2018-03-27 10:50:42', '2018-03-27 10:50:42'),
('35.05.22.2002', 'Jatitengah', '2018-03-27 10:50:42', '2018-03-27 10:50:42'),
('35.05.22.2003', 'Jambewangi', '2018-03-27 10:50:42', '2018-03-27 10:50:42'),
('35.05.22.2004', 'Selopuro', '2018-03-27 10:50:42', '2018-03-27 10:50:42'),
('35.05.22.2005', 'Tegalrejo', '2018-03-27 10:50:42', '2018-03-27 10:50:42'),
('35.05.22.2006', 'Ploso', '2018-03-27 10:50:42', '2018-03-27 10:50:42'),
('35.05.22.2007', 'Popoh', '2018-03-27 10:50:42', '2018-03-27 10:50:42'),
('35.05.22.2008', 'Mronjo', '2018-03-27 10:50:42', '2018-03-27 10:50:42'),
('35.06', 'KAB. KEDIRI', '2018-03-27 10:50:42', '2018-03-27 10:50:42'),
('35.06.01', 'Semen', '2018-03-27 10:50:42', '2018-03-27 10:50:42'),
('35.06.01.2001', 'Bulu', '2018-03-27 10:50:42', '2018-03-27 10:50:42'),
('35.06.01.2002', 'Sidomulyo', '2018-03-27 10:50:42', '2018-03-27 10:50:42'),
('35.06.01.2003', 'Puhrubuh', '2018-03-27 10:50:42', '2018-03-27 10:50:42'),
('35.06.01.2004', 'Selopanggung', '2018-03-27 10:50:42', '2018-03-27 10:50:42'),
('35.06.01.2005', 'Kanyoran', '2018-03-27 10:50:42', '2018-03-27 10:50:42'),
('35.06.01.2006', 'Puhsarang', '2018-03-27 10:50:42', '2018-03-27 10:50:42'),
('35.06.01.2007', 'Bobang', '2018-03-27 10:50:42', '2018-03-27 10:50:42'),
('35.06.01.2008', 'Semen', '2018-03-27 10:50:42', '2018-03-27 10:50:42'),
('35.06.01.2009', 'Titik', '2018-03-27 10:50:42', '2018-03-27 10:50:42'),
('35.06.01.2010', 'Kedak', '2018-03-27 10:50:42', '2018-03-27 10:50:42'),
('35.06.01.2011', 'Pagung', '2018-03-27 10:50:42', '2018-03-27 10:50:42'),
('35.06.01.2012', 'Joho', '2018-03-27 10:50:42', '2018-03-27 10:50:42'),
('35.06.02', 'Mojo', '2018-03-27 10:50:42', '2018-03-27 10:50:42'),
('35.06.02.2001', 'Jugo', '2018-03-27 10:50:42', '2018-03-27 10:50:42'),
('35.06.02.2002', 'Blimbing', '2018-03-27 10:50:42', '2018-03-27 10:50:42'),
('35.06.02.2003', 'Pamongan', '2018-03-27 10:50:42', '2018-03-27 10:50:42'),
('35.06.02.2004', 'Petungroto', '2018-03-27 10:50:42', '2018-03-27 10:50:42'),
('35.06.02.2005', 'Ngetrep', '2018-03-27 10:50:42', '2018-03-27 10:50:42'),
('35.06.02.2006', 'Ponggok', '2018-03-27 10:50:42', '2018-03-27 10:50:42'),
('35.06.02.2007', 'Ngadi', '2018-03-27 10:50:42', '2018-03-27 10:50:42'),
('35.06.02.2008', 'Kranding', '2018-03-27 10:50:42', '2018-03-27 10:50:42'),
('35.06.02.2009', 'Maesan', '2018-03-27 10:50:42', '2018-03-27 10:50:42'),
('35.06.02.2010', 'Kedawung', '2018-03-27 10:50:42', '2018-03-27 10:50:42'),
('35.06.02.2011', 'Ploso', '2018-03-27 10:50:42', '2018-03-27 10:50:42'),
('35.06.02.2012', 'Kraton', '2018-03-27 10:50:42', '2018-03-27 10:50:42'),
('35.06.02.2013', 'Tambibendo', '2018-03-27 10:50:42', '2018-03-27 10:50:42'),
('35.06.02.2014', 'Mojo', '2018-03-27 10:50:42', '2018-03-27 10:50:42'),
('35.06.02.2015', 'Mlati', '2018-03-27 10:50:42', '2018-03-27 10:50:42'),
('35.06.02.2016', 'Surat', '2018-03-27 10:50:42', '2018-03-27 10:50:42'),
('35.06.02.2017', 'Sukoanyar', '2018-03-27 10:50:42', '2018-03-27 10:50:42'),
('35.06.02.2018', 'Keniten', '2018-03-27 10:50:42', '2018-03-27 10:50:42'),
('35.06.02.2019', 'Mondo', '2018-03-27 10:50:42', '2018-03-27 10:50:42'),
('35.06.02.2020', 'Petok', '2018-03-27 10:50:42', '2018-03-27 10:50:42'),
('35.06.03', 'Kras', '2018-03-27 10:50:42', '2018-03-27 10:50:42'),
('35.06.03.2001', 'Setonorejo', '2018-03-27 10:50:42', '2018-03-27 10:50:42'),
('35.06.03.2002', 'Pelas', '2018-03-27 10:50:42', '2018-03-27 10:50:42'),
('35.06.03.2003', 'Bleber', '2018-03-27 10:50:42', '2018-03-27 10:50:42'),
('35.06.03.2004', 'Butuh', '2018-03-27 10:50:42', '2018-03-27 10:50:42'),
('35.06.03.2005', 'Jabang', '2018-03-27 10:50:42', '2018-03-27 10:50:42'),
('35.06.03.2006', 'Mojosari', '2018-03-27 10:50:42', '2018-03-27 10:50:42'),
('35.06.03.2007', 'Rejomulyo', '2018-03-27 10:50:42', '2018-03-27 10:50:42'),
('35.06.03.2008', 'Karangtalun', '2018-03-27 10:50:42', '2018-03-27 10:50:42'),
('35.06.03.2009', 'Nyawangan', '2018-03-27 10:50:42', '2018-03-27 10:50:42'),
('35.06.03.2010', 'Purwodadi', '2018-03-27 10:50:42', '2018-03-27 10:50:42'),
('35.06.03.2011', 'Kras', '2018-03-27 10:50:42', '2018-03-27 10:50:42'),
('35.06.03.2012', 'Bendosari', '2018-03-27 10:50:42', '2018-03-27 10:50:42'),
('35.06.03.2013', 'Kanigoro', '2018-03-27 10:50:42', '2018-03-27 10:50:42'),
('35.06.03.2014', 'Krandang', '2018-03-27 10:50:42', '2018-03-27 10:50:42'),
('35.06.03.2015', 'Banjaranyar', '2018-03-27 10:50:42', '2018-03-27 10:50:42'),
('35.06.03.2016', 'Jambean', '2018-03-27 10:50:42', '2018-03-27 10:50:42'),
('35.06.04', 'Ngadiluwih', '2018-03-27 10:50:42', '2018-03-27 10:50:42'),
('35.06.04.2001', 'Tales', '2018-03-27 10:50:42', '2018-03-27 10:50:42'),
('35.06.04.2002', 'Seketi', '2018-03-27 10:50:42', '2018-03-27 10:50:42'),
('35.06.04.2003', 'Banggle', '2018-03-27 10:50:42', '2018-03-27 10:50:42'),
('35.06.04.2004', 'Branggahan', '2018-03-27 10:50:42', '2018-03-27 10:50:42'),
('35.06.04.2005', 'Slumbung', '2018-03-27 10:50:42', '2018-03-27 10:50:42'),
('35.06.04.2006', 'Dukuh', '2018-03-27 10:50:42', '2018-03-27 10:50:42'),
('35.06.04.2007', 'Purwokerto', '2018-03-27 10:50:42', '2018-03-27 10:50:42'),
('35.06.04.2008', 'Ngadiluwih', '2018-03-27 10:50:42', '2018-03-27 10:50:42'),
('35.06.04.2009', 'Badal', '2018-03-27 10:50:42', '2018-03-27 10:50:42'),
('35.06.04.2010', 'Badal Pandean', '2018-03-27 10:50:42', '2018-03-27 10:50:42'),
('35.06.04.2011', 'Rembang', '2018-03-27 10:50:42', '2018-03-27 10:50:42'),
('35.06.04.2012', 'Rembangkepuh', '2018-03-27 10:50:42', '2018-03-27 10:50:42'),
('35.06.04.2013', 'Bedug', '2018-03-27 10:50:42', '2018-03-27 10:50:42'),
('35.06.04.2014', 'Mangunrejo', '2018-03-27 10:50:42', '2018-03-27 10:50:42'),
('35.06.04.2015', 'Banjarejo', '2018-03-27 10:50:42', '2018-03-27 10:50:42'),
('35.06.04.2016', 'Wonorejo', '2018-03-27 10:50:42', '2018-03-27 10:50:42'),
('35.06.05', 'Kandat', '2018-03-27 10:50:42', '2018-03-27 10:50:42'),
('35.06.05.2001', 'Sumberejo', '2018-03-27 10:50:42', '2018-03-27 10:50:42'),
('35.06.05.2002', 'Selosari', '2018-03-27 10:50:42', '2018-03-27 10:50:42'),
('35.06.05.2003', 'Karangrejo', '2018-03-27 10:50:42', '2018-03-27 10:50:42'),
('35.06.05.2004', 'Kandat', '2018-03-27 10:50:42', '2018-03-27 10:50:42'),
('35.06.05.2005', 'Cendono', '2018-03-27 10:50:42', '2018-03-27 10:50:42'),
('35.06.05.2006', 'Ringinsari', '2018-03-27 10:50:42', '2018-03-27 10:50:42'),
('35.06.05.2007', 'Tegalan', '2018-03-27 10:50:42', '2018-03-27 10:50:42'),
('35.06.05.2008', 'Ngletih', '2018-03-27 10:50:42', '2018-03-27 10:50:42'),
('35.06.05.2009', 'Purworejo', '2018-03-27 10:50:42', '2018-03-27 10:50:42'),
('35.06.05.2010', 'Pule', '2018-03-27 10:50:42', '2018-03-27 10:50:42'),
('35.06.05.2011', 'Blabak', '2018-03-27 10:50:42', '2018-03-27 10:50:42'),
('35.06.05.2012', 'Ngreco', '2018-03-27 10:50:42', '2018-03-27 10:50:42'),
('35.06.06', 'Wates', '2018-03-27 10:50:42', '2018-03-27 10:50:42'),
('35.06.06.2001', 'Duwet', '2018-03-27 10:50:42', '2018-03-27 10:50:42'),
('35.06.06.2002', 'Pojok', '2018-03-27 10:50:42', '2018-03-27 10:50:42'),
('35.06.06.2003', 'Segaran', '2018-03-27 10:50:42', '2018-03-27 10:50:42'),
('35.06.06.2004', 'Gadungan', '2018-03-27 10:50:42', '2018-03-27 10:50:42'),
('35.06.06.2005', 'Wates', '2018-03-27 10:50:42', '2018-03-27 10:50:42'),
('35.06.06.2006', 'Tawang', '2018-03-27 10:50:42', '2018-03-27 10:50:42'),
('35.06.06.2007', 'Jajar', '2018-03-27 10:50:42', '2018-03-27 10:50:42'),
('35.06.06.2008', 'Tunge', '2018-03-27 10:50:42', '2018-03-27 10:50:42'),
('35.06.06.2009', 'Tempurejo', '2018-03-27 10:50:42', '2018-03-27 10:50:42');
INSERT INTO `tbl_wilayah` (`kode`, `nama`, `dtm_crt`, `dtm_upd`) VALUES
('35.06.06.2010', 'Plaosan', '2018-03-27 10:50:42', '2018-03-27 10:50:42'),
('35.06.06.2011', 'Karanganyar', '2018-03-27 10:50:42', '2018-03-27 10:50:42'),
('35.06.06.2012', 'Wonorejo', '2018-03-27 10:50:42', '2018-03-27 10:50:42'),
('35.06.06.2013', 'Pagu', '2018-03-27 10:50:42', '2018-03-27 10:50:42'),
('35.06.06.2014', 'Joho', '2018-03-27 10:50:42', '2018-03-27 10:50:42'),
('35.06.06.2015', 'Silir', '2018-03-27 10:50:42', '2018-03-27 10:50:42'),
('35.06.06.2016', 'Sumberagung', '2018-03-27 10:50:42', '2018-03-27 10:50:42'),
('35.06.06.2017', 'Sidomulyo', '2018-03-27 10:50:42', '2018-03-27 10:50:42'),
('35.06.06.2018', 'Janti', '2018-03-27 10:50:42', '2018-03-27 10:50:42'),
('35.06.07', 'Ngancar', '2018-03-27 10:50:42', '2018-03-27 10:50:42'),
('35.06.07.2001', 'Sempu', '2018-03-27 10:50:42', '2018-03-27 10:50:42'),
('35.06.07.2002', 'Pandantoyo', '2018-03-27 10:50:42', '2018-03-27 10:50:42'),
('35.06.07.2003', 'Margourip', '2018-03-27 10:50:42', '2018-03-27 10:50:42'),
('35.06.07.2004', 'Bedali', '2018-03-27 10:50:42', '2018-03-27 10:50:42'),
('35.06.07.2005', 'Kunjang', '2018-03-27 10:50:42', '2018-03-27 10:50:42'),
('35.06.07.2006', 'Manggis', '2018-03-27 10:50:42', '2018-03-27 10:50:42'),
('35.06.07.2007', 'Ngancar', '2018-03-27 10:50:42', '2018-03-27 10:50:42'),
('35.06.07.2008', 'Sugihwaras', '2018-03-27 10:50:42', '2018-03-27 10:50:42'),
('35.06.07.2009', 'Babadan', '2018-03-27 10:50:42', '2018-03-27 10:50:42'),
('35.06.07.2010', 'Jagul', '2018-03-27 10:50:42', '2018-03-27 10:50:42'),
('35.06.08', 'Puncu', '2018-03-27 10:50:42', '2018-03-27 10:50:42'),
('35.06.08.2001', 'Puncu', '2018-03-27 10:50:42', '2018-03-27 10:50:42'),
('35.06.08.2002', 'Asmorobangun', '2018-03-27 10:50:42', '2018-03-27 10:50:42'),
('35.06.08.2003', 'Manggis', '2018-03-27 10:50:42', '2018-03-27 10:50:42'),
('35.06.08.2004', 'Sidomulyo', '2018-03-27 10:50:42', '2018-03-27 10:50:42'),
('35.06.08.2005', 'Watugede', '2018-03-27 10:50:42', '2018-03-27 10:50:42'),
('35.06.08.2006', 'Gadungan', '2018-03-27 10:50:42', '2018-03-27 10:50:42'),
('35.06.08.2007', 'Wonorejo', '2018-03-27 10:50:42', '2018-03-27 10:50:42'),
('35.06.08.2008', 'Satak', '2018-03-27 10:50:42', '2018-03-27 10:50:42'),
('35.06.09', 'Plosoklaten', '2018-03-27 10:50:42', '2018-03-27 10:50:42'),
('35.06.09.2001', 'Gondang', '2018-03-27 10:50:42', '2018-03-27 10:50:42'),
('35.06.09.2002', 'Kayunan', '2018-03-27 10:50:42', '2018-03-27 10:50:42'),
('35.06.09.2003', 'Panjer', '2018-03-27 10:50:42', '2018-03-27 10:50:42'),
('35.06.09.2004', 'Jarak', '2018-03-27 10:50:42', '2018-03-27 10:50:42'),
('35.06.09.2005', 'Ploso Kidul', '2018-03-27 10:50:42', '2018-03-27 10:50:42'),
('35.06.09.2006', 'Ploso Lor', '2018-03-27 10:50:42', '2018-03-27 10:50:42'),
('35.06.09.2007', 'Brenggolo', '2018-03-27 10:50:42', '2018-03-27 10:50:42'),
('35.06.09.2008', 'Donganti', '2018-03-27 10:50:42', '2018-03-27 10:50:42'),
('35.06.09.2009', 'Kawedusan', '2018-03-27 10:50:42', '2018-03-27 10:50:42'),
('35.06.09.2010', 'Klanderan', '2018-03-27 10:50:42', '2018-03-27 10:50:42'),
('35.06.09.2011', 'Punjul', '2018-03-27 10:50:42', '2018-03-27 10:50:42'),
('35.06.09.2012', 'Pranggang', '2018-03-27 10:50:42', '2018-03-27 10:50:42'),
('35.06.09.2013', 'Sumberagung', '2018-03-27 10:50:42', '2018-03-27 10:50:42'),
('35.06.09.2014', 'Wonorejo Trisulo', '2018-03-27 10:50:42', '2018-03-27 10:50:42'),
('35.06.09.2015', 'Sepawon', '2018-03-27 10:50:42', '2018-03-27 10:50:42'),
('35.06.10', 'Gurah', '2018-03-27 10:50:42', '2018-03-27 10:50:42'),
('35.06.10.2001', 'Nglumbang', '2018-03-27 10:50:42', '2018-03-27 10:50:42'),
('35.06.10.2002', 'Blimbing', '2018-03-27 10:50:42', '2018-03-27 10:50:42'),
('35.06.10.2003', 'Ngasem', '2018-03-27 10:50:42', '2018-03-27 10:50:42'),
('35.06.10.2004', 'Bogem', '2018-03-27 10:50:42', '2018-03-27 10:50:42'),
('35.06.10.2005', 'Kranggan', '2018-03-27 10:50:42', '2018-03-27 10:50:42'),
('35.06.10.2006', 'Turus', '2018-03-27 10:50:42', '2018-03-27 10:50:42'),
('35.06.10.2007', 'Gabru', '2018-03-27 10:50:42', '2018-03-27 10:50:42'),
('35.06.10.2008', 'Wonojoyo', '2018-03-27 10:50:42', '2018-03-27 10:50:42'),
('35.06.10.2009', 'Bangkok', '2018-03-27 10:50:42', '2018-03-27 10:50:42'),
('35.06.10.2010', 'Gurah', '2018-03-27 10:50:42', '2018-03-27 10:50:42'),
('35.06.10.2011', 'Banyuanyar', '2018-03-27 10:50:42', '2018-03-27 10:50:42'),
('35.06.10.2012', 'Besuk', '2018-03-27 10:50:42', '2018-03-27 10:50:42'),
('35.06.10.2013', 'Sumbercangkring', '2018-03-27 10:50:42', '2018-03-27 10:50:42'),
('35.06.10.2014', 'Sukorejo', '2018-03-27 10:50:42', '2018-03-27 10:50:42'),
('35.06.10.2015', 'Kerkep', '2018-03-27 10:50:42', '2018-03-27 10:50:42'),
('35.06.10.2016', 'Gempolan', '2018-03-27 10:50:42', '2018-03-27 10:50:42'),
('35.06.10.2017', 'Tambakrejo', '2018-03-27 10:50:42', '2018-03-27 10:50:42'),
('35.06.10.2018', 'Tiru Kidul', '2018-03-27 10:50:42', '2018-03-27 10:50:42'),
('35.06.10.2019', 'Tiru Lor', '2018-03-27 10:50:42', '2018-03-27 10:50:42'),
('35.06.10.2020', 'Gayam', '2018-03-27 10:50:42', '2018-03-27 10:50:42'),
('35.06.10.2021', 'Adan-adan', '2018-03-27 10:50:42', '2018-03-27 10:50:42'),
('35.06.11', 'Pagu', '2018-03-27 10:50:42', '2018-03-27 10:50:42'),
('35.06.11.2001', 'Bulupasar', '2018-03-27 10:50:42', '2018-03-27 10:50:42'),
('35.06.11.2002', 'Wonosari', '2018-03-27 10:50:42', '2018-03-27 10:50:42'),
('35.06.11.2003', 'Kambingan', '2018-03-27 10:50:42', '2018-03-27 10:50:42'),
('35.06.11.2004', 'Tanjung', '2018-03-27 10:50:42', '2018-03-27 10:50:42'),
('35.06.11.2005', 'Wates', '2018-03-27 10:50:42', '2018-03-27 10:50:42'),
('35.06.11.2006', 'Menang', '2018-03-27 10:50:42', '2018-03-27 10:50:42'),
('35.06.11.2007', 'Tengger Kidul', '2018-03-27 10:50:42', '2018-03-27 10:50:42'),
('35.06.11.2008', 'Semanding', '2018-03-27 10:50:42', '2018-03-27 10:50:42'),
('35.06.11.2009', 'Sitimerto', '2018-03-27 10:50:42', '2018-03-27 10:50:42'),
('35.06.11.2010', 'Pagu', '2018-03-27 10:50:42', '2018-03-27 10:50:42'),
('35.06.11.2011', 'Bendo', '2018-03-27 10:50:42', '2018-03-27 10:50:42'),
('35.06.11.2012', 'Semen', '2018-03-27 10:50:42', '2018-03-27 10:50:42'),
('35.06.11.2016', 'Jagung', '2018-03-27 10:50:42', '2018-03-27 10:50:42'),
('35.06.12', 'Gampengrejo', '2018-03-27 10:50:42', '2018-03-27 10:50:42'),
('35.06.12.2010', 'Jongbiru', '2018-03-27 10:50:42', '2018-03-27 10:50:42'),
('35.06.12.2011', 'Putih', '2018-03-27 10:50:42', '2018-03-27 10:50:42'),
('35.06.12.2012', 'Sambirejo', '2018-03-27 10:50:42', '2018-03-27 10:50:42'),
('35.06.12.2016', 'Kepuhrejo', '2018-03-27 10:50:42', '2018-03-27 10:50:42'),
('35.06.12.2017', 'Kalibelo', '2018-03-27 10:50:42', '2018-03-27 10:50:42'),
('35.06.12.2018', 'Plosorejo', '2018-03-27 10:50:42', '2018-03-27 10:50:42'),
('35.06.12.2019', 'Turus', '2018-03-27 10:50:42', '2018-03-27 10:50:42'),
('35.06.12.2020', 'Sambiresik', '2018-03-27 10:50:42', '2018-03-27 10:50:42'),
('35.06.12.2021', 'Gampeng', '2018-03-27 10:50:42', '2018-03-27 10:50:42'),
('35.06.12.2022', 'Ngebrak', '2018-03-27 10:50:42', '2018-03-27 10:50:42'),
('35.06.12.2023', 'Wanengpaten', '2018-03-27 10:50:42', '2018-03-27 10:50:42'),
('35.06.13', 'Grogol', '2018-03-27 10:50:42', '2018-03-27 10:50:42'),
('35.06.13.2001', 'Kalipang', '2018-03-27 10:50:42', '2018-03-27 10:50:42'),
('35.06.13.2002', 'Grogol', '2018-03-27 10:50:42', '2018-03-27 10:50:42'),
('35.06.13.2003', 'Cerme', '2018-03-27 10:50:42', '2018-03-27 10:50:42'),
('35.06.13.2004', 'Wonoasri', '2018-03-27 10:50:42', '2018-03-27 10:50:42'),
('35.06.13.2005', 'Sonorejo', '2018-03-27 10:50:42', '2018-03-27 10:50:42'),
('35.06.13.2006', 'Datengan', '2018-03-27 10:50:42', '2018-03-27 10:50:42'),
('35.06.13.2007', 'Sumberejo', '2018-03-27 10:50:42', '2018-03-27 10:50:42'),
('35.06.13.2008', 'Gambyok', '2018-03-27 10:50:42', '2018-03-27 10:50:42'),
('35.06.13.2009', 'Bakalan', '2018-03-27 10:50:42', '2018-03-27 10:50:42'),
('35.06.14', 'Papar', '2018-03-27 10:50:42', '2018-03-27 10:50:42'),
('35.06.14.2001', 'Purwotengah', '2018-03-27 10:50:42', '2018-03-27 10:50:42'),
('35.06.14.2002', 'Kwaron', '2018-03-27 10:50:42', '2018-03-27 10:50:42'),
('35.06.14.2003', 'Minggiran', '2018-03-27 10:50:42', '2018-03-27 10:50:42'),
('35.06.14.2004', 'Pehkulon', '2018-03-27 10:50:42', '2018-03-27 10:50:42'),
('35.06.14.2005', 'Pehwetan', '2018-03-27 10:50:42', '2018-03-27 10:50:42'),
('35.06.14.2006', 'Dawuhan Kidul', '2018-03-27 10:50:42', '2018-03-27 10:50:42'),
('35.06.14.2007', 'Janti', '2018-03-27 10:50:42', '2018-03-27 10:50:42'),
('35.06.14.2008', 'Ngampel', '2018-03-27 10:50:42', '2018-03-27 10:50:42'),
('35.06.14.2009', 'Kedungmalang', '2018-03-27 10:50:42', '2018-03-27 10:50:42'),
('35.06.14.2010', 'Jambangan', '2018-03-27 10:50:42', '2018-03-27 10:50:42'),
('35.06.14.2011', 'Maduretno', '2018-03-27 10:50:42', '2018-03-27 10:50:42'),
('35.06.14.2012', 'Papar', '2018-03-27 10:50:42', '2018-03-27 10:50:42'),
('35.06.14.2013', 'Tanon', '2018-03-27 10:50:42', '2018-03-27 10:50:42'),
('35.06.14.2014', 'Srikaton', '2018-03-27 10:50:42', '2018-03-27 10:50:42'),
('35.06.14.2015', 'Kepuh', '2018-03-27 10:50:42', '2018-03-27 10:50:42'),
('35.06.14.2016', 'Sukomoro', '2018-03-27 10:50:42', '2018-03-27 10:50:42'),
('35.06.14.2017', 'Puhjajar', '2018-03-27 10:50:42', '2018-03-27 10:50:42'),
('35.06.15', 'Purwoasri', '2018-03-27 10:50:42', '2018-03-27 10:50:42'),
('35.06.15.2001', 'Jantok', '2018-03-27 10:50:42', '2018-03-27 10:50:42'),
('35.06.15.2002', 'Pesing', '2018-03-27 10:50:42', '2018-03-27 10:50:42'),
('35.06.15.2003', 'Mranggen', '2018-03-27 10:50:42', '2018-03-27 10:50:42'),
('35.06.15.2004', 'Purwoasri', '2018-03-27 10:50:42', '2018-03-27 10:50:42'),
('35.06.15.2005', 'Wonotengah', '2018-03-27 10:50:42', '2018-03-27 10:50:42'),
('35.06.15.2006', 'Ketawang', '2018-03-27 10:50:42', '2018-03-27 10:50:42'),
('35.06.15.2007', 'Belor', '2018-03-27 10:50:42', '2018-03-27 10:50:42'),
('35.06.15.2008', 'Blawe', '2018-03-27 10:50:42', '2018-03-27 10:50:42'),
('35.06.15.2009', 'Pandansari', '2018-03-27 10:50:42', '2018-03-27 10:50:42'),
('35.06.15.2010', 'Purwodadi', '2018-03-27 10:50:42', '2018-03-27 10:50:42'),
('35.06.15.2011', 'Bulu', '2018-03-27 10:50:42', '2018-03-27 10:50:42'),
('35.06.15.2012', 'Tugu', '2018-03-27 10:50:42', '2018-03-27 10:50:42'),
('35.06.15.2013', 'Sidomulyo', '2018-03-27 10:50:42', '2018-03-27 10:50:42'),
('35.06.15.2014', 'Klampitan', '2018-03-27 10:50:42', '2018-03-27 10:50:42'),
('35.06.15.2015', 'Woromarto', '2018-03-27 10:50:42', '2018-03-27 10:50:42'),
('35.06.15.2016', 'Muneng', '2018-03-27 10:50:42', '2018-03-27 10:50:42'),
('35.06.15.2017', 'Merjoyo', '2018-03-27 10:50:42', '2018-03-27 10:50:42'),
('35.06.15.2018', 'Mekikis', '2018-03-27 10:50:42', '2018-03-27 10:50:42'),
('35.06.15.2019', 'Karangpakis', '2018-03-27 10:50:42', '2018-03-27 10:50:42'),
('35.06.15.2020', 'Dayu', '2018-03-27 10:50:42', '2018-03-27 10:50:42'),
('35.06.15.2021', 'Dawuhan', '2018-03-27 10:50:42', '2018-03-27 10:50:42'),
('35.06.15.2022', 'Kempleng', '2018-03-27 10:50:42', '2018-03-27 10:50:42'),
('35.06.15.2023', 'Sumberjo', '2018-03-27 10:50:42', '2018-03-27 10:50:42'),
('35.06.16', 'Plemahan', '2018-03-27 10:50:42', '2018-03-27 10:50:42'),
('35.06.16.2001', 'Langenharjo', '2018-03-27 10:50:42', '2018-03-27 10:50:42'),
('35.06.16.2002', 'Tegowangi', '2018-03-27 10:50:42', '2018-03-27 10:50:42'),
('35.06.16.2003', 'Puhjarak', '2018-03-27 10:50:42', '2018-03-27 10:50:42'),
('35.06.16.2004', 'Mejono', '2018-03-27 10:50:42', '2018-03-27 10:50:42'),
('35.06.16.2005', 'Payaman', '2018-03-27 10:50:42', '2018-03-27 10:50:42'),
('35.06.16.2006', 'Bogokidul', '2018-03-27 10:50:42', '2018-03-27 10:50:42'),
('35.06.16.2007', 'Kayen Lor', '2018-03-27 10:50:42', '2018-03-27 10:50:42'),
('35.06.16.2008', 'Wonokerto', '2018-03-27 10:50:42', '2018-03-27 10:50:42'),
('35.06.16.2009', 'Ngino', '2018-03-27 10:50:42', '2018-03-27 10:50:42'),
('35.06.16.2010', 'Sebet', '2018-03-27 10:50:42', '2018-03-27 10:50:42'),
('35.06.16.2011', 'Banjarejo', '2018-03-27 10:50:42', '2018-03-27 10:50:42'),
('35.06.16.2012', 'Sidowarek', '2018-03-27 10:50:42', '2018-03-27 10:50:42'),
('35.06.16.2013', 'Ringinpitu', '2018-03-27 10:50:42', '2018-03-27 10:50:42'),
('35.06.16.2014', 'Sukoharjo', '2018-03-27 10:50:42', '2018-03-27 10:50:42'),
('35.06.16.2015', 'Mojoayu', '2018-03-27 10:50:42', '2018-03-27 10:50:42'),
('35.06.16.2016', 'Plemahan', '2018-03-27 10:50:42', '2018-03-27 10:50:42'),
('35.06.16.2017', 'Mojokerep', '2018-03-27 10:50:42', '2018-03-27 10:50:42'),
('35.06.17', 'Pare', '2018-03-27 10:50:42', '2018-03-27 10:50:42'),
('35.06.17.2001', 'Sidorejo', '2018-03-27 10:50:42', '2018-03-27 10:50:42'),
('35.06.17.2002', 'Sambirejo', '2018-03-27 10:50:42', '2018-03-27 10:50:42'),
('35.06.17.2003', 'Gedangsewu', '2018-03-27 10:50:42', '2018-03-27 10:50:42'),
('35.06.17.2004', 'Sumberbendo', '2018-03-27 10:50:42', '2018-03-27 10:50:42'),
('35.06.17.2005', 'Darungan', '2018-03-27 10:50:42', '2018-03-27 10:50:42'),
('35.06.17.2006', 'Bendo', '2018-03-27 10:50:42', '2018-03-27 10:50:42'),
('35.06.17.2007', 'Pelem', '2018-03-27 10:50:42', '2018-03-27 10:50:42'),
('35.06.17.2008', 'Tulungrejo', '2018-03-27 10:50:42', '2018-03-27 10:50:42'),
('35.06.17.1009', 'Pare', '2018-03-27 10:50:42', '2018-03-27 10:50:42'),
('35.06.17.2010', 'Tertek', '2018-03-27 10:50:42', '2018-03-27 10:50:42'),
('35.06.18', 'Kepung', '2018-03-27 10:50:42', '2018-03-27 10:50:42'),
('35.06.18.2001', 'Kebonrejo', '2018-03-27 10:50:42', '2018-03-27 10:50:42'),
('35.06.18.2002', 'Kampungbaru', '2018-03-27 10:50:42', '2018-03-27 10:50:42'),
('35.06.18.2003', 'Besowo', '2018-03-27 10:50:42', '2018-03-27 10:50:42'),
('35.06.18.2004', 'Siman', '2018-03-27 10:50:42', '2018-03-27 10:50:42'),
('35.06.18.2005', 'Brumbung', '2018-03-27 10:50:42', '2018-03-27 10:50:42'),
('35.06.18.2006', 'Kepung', '2018-03-27 10:50:42', '2018-03-27 10:50:42'),
('35.06.18.2007', 'Krenceng', '2018-03-27 10:50:42', '2018-03-27 10:50:42'),
('35.06.18.2008', 'Kencong', '2018-03-27 10:50:42', '2018-03-27 10:50:42'),
('35.06.18.2009', 'Keling', '2018-03-27 10:50:42', '2018-03-27 10:50:42'),
('35.06.18.2010', 'Damarwulan', '2018-03-27 10:50:42', '2018-03-27 10:50:42'),
('35.06.19', 'Kandangan', '2018-03-27 10:50:42', '2018-03-27 10:50:42'),
('35.06.19.2001', 'Kemiri', '2018-03-27 10:50:42', '2018-03-27 10:50:42'),
('35.06.19.2002', 'Klampisan', '2018-03-27 10:50:42', '2018-03-27 10:50:42'),
('35.06.19.2003', 'Karangtengah', '2018-03-27 10:50:42', '2018-03-27 10:50:42'),
('35.06.19.2004', 'Kasreman', '2018-03-27 10:50:42', '2018-03-27 10:50:42'),
('35.06.19.2005', 'Jerukwangi', '2018-03-27 10:50:42', '2018-03-27 10:50:42'),
('35.06.19.2006', 'Jerukgulung', '2018-03-27 10:50:42', '2018-03-27 10:50:42'),
('35.06.19.2007', 'Jlumbang', '2018-03-27 10:50:42', '2018-03-27 10:50:42'),
('35.06.19.2008', 'Bukur', '2018-03-27 10:50:42', '2018-03-27 10:50:42'),
('35.06.19.2009', 'Kandangan', '2018-03-27 10:50:42', '2018-03-27 10:50:42'),
('35.06.19.2010', 'Banaran', '2018-03-27 10:50:42', '2018-03-27 10:50:42'),
('35.06.19.2011', 'Mlancu', '2018-03-27 10:50:42', '2018-03-27 10:50:42'),
('35.06.19.2012', 'Medowo', '2018-03-27 10:50:42', '2018-03-27 10:50:42'),
('35.06.20', 'Tarokan', '2018-03-27 10:50:42', '2018-03-27 10:50:42'),
('35.06.20.2001', 'Kalirong', '2018-03-27 10:50:42', '2018-03-27 10:50:42'),
('35.06.20.2002', 'Kaliboto', '2018-03-27 10:50:42', '2018-03-27 10:50:42'),
('35.06.20.2003', 'Bulusari', '2018-03-27 10:50:42', '2018-03-27 10:50:42'),
('35.06.20.2004', 'Tarokan', '2018-03-27 10:50:42', '2018-03-27 10:50:42'),
('35.06.20.2005', 'Kedungsari', '2018-03-27 10:50:42', '2018-03-27 10:50:42'),
('35.06.20.2006', 'Sumberduren', '2018-03-27 10:50:42', '2018-03-27 10:50:42'),
('35.06.20.2007', 'Kerep', '2018-03-27 10:50:42', '2018-03-27 10:50:42'),
('35.06.20.2008', 'Blimbing', '2018-03-27 10:50:42', '2018-03-27 10:50:42'),
('35.06.20.2009', 'Jati', '2018-03-27 10:50:42', '2018-03-27 10:50:42'),
('35.06.20.2010', 'Cengkok', '2018-03-27 10:50:42', '2018-03-27 10:50:42'),
('35.06.21', 'Kunjang', '2018-03-27 10:50:42', '2018-03-27 10:50:42'),
('35.06.21.2001', 'Kuwik', '2018-03-27 10:50:42', '2018-03-27 10:50:42'),
('35.06.21.2002', 'Balongjeruk', '2018-03-27 10:50:42', '2018-03-27 10:50:42'),
('35.06.21.2003', 'Kapas', '2018-03-27 10:50:42', '2018-03-27 10:50:42'),
('35.06.21.2004', 'Klepek', '2018-03-27 10:50:42', '2018-03-27 10:50:42'),
('35.06.21.2005', 'Kunjang', '2018-03-27 10:50:42', '2018-03-27 10:50:42'),
('35.06.21.2006', 'Kapi', '2018-03-27 10:50:42', '2018-03-27 10:50:42'),
('35.06.21.2007', 'Tengger Lor', '2018-03-27 10:50:42', '2018-03-27 10:50:42'),
('35.06.21.2008', 'Wonorejo', '2018-03-27 10:50:42', '2018-03-27 10:50:42'),
('35.06.21.2009', 'Dungus', '2018-03-27 10:50:42', '2018-03-27 10:50:42'),
('35.06.21.2010', 'Juwet', '2018-03-27 10:50:42', '2018-03-27 10:50:42'),
('35.06.21.2011', 'Pakis', '2018-03-27 10:50:42', '2018-03-27 10:50:42'),
('35.06.21.2012', 'Parelor', '2018-03-27 10:50:42', '2018-03-27 10:50:42'),
('35.06.22', 'Banyakan', '2018-03-27 10:50:42', '2018-03-27 10:50:42'),
('35.06.22.2001', 'Banyakan', '2018-03-27 10:50:42', '2018-03-27 10:50:42'),
('35.06.22.2002', 'Jatirejo', '2018-03-27 10:50:42', '2018-03-27 10:50:42'),
('35.06.22.2003', 'Manyaran', '2018-03-27 10:50:42', '2018-03-27 10:50:42'),
('35.06.22.2004', 'Tiron', '2018-03-27 10:50:42', '2018-03-27 10:50:42'),
('35.06.22.2005', 'Parang', '2018-03-27 10:50:42', '2018-03-27 10:50:42'),
('35.06.22.2006', 'Sendang', '2018-03-27 10:50:42', '2018-03-27 10:50:42'),
('35.06.22.2007', 'Maron', '2018-03-27 10:50:42', '2018-03-27 10:50:42'),
('35.06.22.2008', 'Ngablak', '2018-03-27 10:50:42', '2018-03-27 10:50:42'),
('35.06.22.2009', 'Jabon', '2018-03-27 10:50:42', '2018-03-27 10:50:42'),
('35.06.23', 'Ringinrejo', '2018-03-27 10:50:42', '2018-03-27 10:50:42'),
('35.06.23.2001', 'Ringinrejo', '2018-03-27 10:50:42', '2018-03-27 10:50:42'),
('35.06.23.2002', 'Batuaji', '2018-03-27 10:50:42', '2018-03-27 10:50:42'),
('35.06.23.2003', 'Deyeng', '2018-03-27 10:50:42', '2018-03-27 10:50:42'),
('35.06.23.2004', 'Dawung', '2018-03-27 10:50:42', '2018-03-27 10:50:42'),
('35.06.23.2005', 'Purwodadi', '2018-03-27 10:50:42', '2018-03-27 10:50:42'),
('35.06.23.2006', 'Sambi', '2018-03-27 10:50:42', '2018-03-27 10:50:42'),
('35.06.23.2007', 'Susuhbango', '2018-03-27 10:50:42', '2018-03-27 10:50:42'),
('35.06.23.2008', 'Selodono', '2018-03-27 10:50:42', '2018-03-27 10:50:42'),
('35.06.23.2009', 'Nambakan', '2018-03-27 10:50:42', '2018-03-27 10:50:42'),
('35.06.23.2010', 'Srikaton', '2018-03-27 10:50:42', '2018-03-27 10:50:42'),
('35.06.23.2011', 'Jemekan', '2018-03-27 10:50:42', '2018-03-27 10:50:42'),
('35.06.24', 'Kayen Kidul', '2018-03-27 10:50:42', '2018-03-27 10:50:42'),
('35.06.24.2001', 'Baye', '2018-03-27 10:50:42', '2018-03-27 10:50:42'),
('35.06.24.2002', 'Bangsongan', '2018-03-27 10:50:42', '2018-03-27 10:50:42'),
('35.06.24.2003', 'Senden', '2018-03-27 10:50:42', '2018-03-27 10:50:42'),
('35.06.24.2004', 'Sambirobyong', '2018-03-27 10:50:42', '2018-03-27 10:50:42'),
('35.06.24.2005', 'Mukuh', '2018-03-27 10:50:42', '2018-03-27 10:50:42'),
('35.06.24.2006', 'Sukoharjo', '2018-03-27 10:50:42', '2018-03-27 10:50:42'),
('35.06.24.2007', 'Jambu', '2018-03-27 10:50:42', '2018-03-27 10:50:42'),
('35.06.24.2008', 'Sekaran', '2018-03-27 10:50:42', '2018-03-27 10:50:42'),
('35.06.24.2009', 'Padangan', '2018-03-27 10:50:42', '2018-03-27 10:50:42'),
('35.06.24.2010', 'Nanggungan', '2018-03-27 10:50:42', '2018-03-27 10:50:42'),
('35.06.24.2011', 'Semambung', '2018-03-27 10:50:42', '2018-03-27 10:50:42'),
('35.06.24.2012', 'Kayen Kidul', '2018-03-27 10:50:42', '2018-03-27 10:50:42'),
('35.06.25', 'Ngasem', '2018-03-27 10:50:42', '2018-03-27 10:50:42'),
('35.06.25.2001', 'Tugurejo', '2018-03-27 10:50:42', '2018-03-27 10:50:42'),
('35.06.25.2002', 'Sumberejo', '2018-03-27 10:50:42', '2018-03-27 10:50:42'),
('35.06.25.2003', 'Paron', '2018-03-27 10:50:42', '2018-03-27 10:50:42'),
('35.06.25.2004', 'Gogorante', '2018-03-27 10:50:42', '2018-03-27 10:50:42'),
('35.06.25.2005', 'Doko', '2018-03-27 10:50:42', '2018-03-27 10:50:42'),
('35.06.25.2006', 'Sukorejo', '2018-03-27 10:50:42', '2018-03-27 10:50:42'),
('35.06.25.2007', 'Ngasem', '2018-03-27 10:50:42', '2018-03-27 10:50:42'),
('35.06.25.2008', 'Karangrejo', '2018-03-27 10:50:42', '2018-03-27 10:50:42'),
('35.06.25.2009', 'Kwadungan', '2018-03-27 10:50:42', '2018-03-27 10:50:42'),
('35.06.25.2010', 'Nambaan', '2018-03-27 10:50:42', '2018-03-27 10:50:42'),
('35.06.25.2011', 'Toyoresmi', '2018-03-27 10:50:42', '2018-03-27 10:50:42'),
('35.06.25.2012', 'Wonocatur', '2018-03-27 10:50:42', '2018-03-27 10:50:42'),
('35.06.26', 'Badas', '2018-03-27 10:50:42', '2018-03-27 10:50:42'),
('35.06.26.2001', 'Canggu', '2018-03-27 10:50:42', '2018-03-27 10:50:42'),
('35.06.26.2002', 'Lamong', '2018-03-27 10:50:42', '2018-03-27 10:50:42'),
('35.06.26.2003', 'Bringin', '2018-03-27 10:50:42', '2018-03-27 10:50:42'),
('35.06.26.2004', 'Sekoto', '2018-03-27 10:50:42', '2018-03-27 10:50:42'),
('35.06.26.2005', 'Tunglur', '2018-03-27 10:50:42', '2018-03-27 10:50:42'),
('35.06.26.2006', 'Krecek', '2018-03-27 10:50:42', '2018-03-27 10:50:42'),
('35.06.26.2007', 'Blaru', '2018-03-27 10:50:42', '2018-03-27 10:50:42'),
('35.06.26.2008', 'Badas', '2018-03-27 10:50:42', '2018-03-27 10:50:42'),
('35.07', 'KAB. MALANG', '2018-03-27 10:50:42', '2018-03-27 10:50:42'),
('35.07.01', 'Donomulyo', '2018-03-27 10:50:42', '2018-03-27 10:50:42'),
('35.07.01.2001', 'Tulung Rejo', '2018-03-27 10:50:42', '2018-03-27 10:50:42'),
('35.07.01.2002', 'Banjarejo', '2018-03-27 10:50:42', '2018-03-27 10:50:42'),
('35.07.01.2003', 'Kedungsalam', '2018-03-27 10:50:42', '2018-03-27 10:50:42'),
('35.07.01.2004', 'Tlogosari', '2018-03-27 10:50:42', '2018-03-27 10:50:42'),
('35.07.01.2005', 'Tempursari', '2018-03-27 10:50:42', '2018-03-27 10:50:42'),
('35.07.01.2006', 'Dono Mulyo', '2018-03-27 10:50:42', '2018-03-27 10:50:42'),
('35.07.01.2007', 'Purworejo', '2018-03-27 10:50:42', '2018-03-27 10:50:42'),
('35.07.01.2008', 'Sumberoto', '2018-03-27 10:50:42', '2018-03-27 10:50:42'),
('35.07.01.2009', 'Mentaraman', '2018-03-27 10:50:42', '2018-03-27 10:50:42'),
('35.07.01.2010', 'Purwodadi', '2018-03-27 10:50:42', '2018-03-27 10:50:42'),
('35.07.02', 'Pagak', '2018-03-27 10:50:42', '2018-03-27 10:50:42'),
('35.07.02.2001', 'Sbr. Manjing Kulon', '2018-03-27 10:50:42', '2018-03-27 10:50:42'),
('35.07.02.2002', 'Pandanrejo', '2018-03-27 10:50:42', '2018-03-27 10:50:42'),
('35.07.02.2003', 'Sumberkerto', '2018-03-27 10:50:42', '2018-03-27 10:50:42'),
('35.07.02.2004', 'Sempol', '2018-03-27 10:50:42', '2018-03-27 10:50:42'),
('35.07.02.2005', 'Pagak', '2018-03-27 10:50:42', '2018-03-27 10:50:42'),
('35.07.02.2006', 'Tlogorejo', '2018-03-27 10:50:42', '2018-03-27 10:50:42'),
('35.07.02.2007', 'Gampingan', '2018-03-27 10:50:42', '2018-03-27 10:50:42'),
('35.07.02.2008', 'Sumber Rejo', '2018-03-27 10:50:42', '2018-03-27 10:50:42'),
('35.07.03', 'Bantur', '2018-03-27 10:50:42', '2018-03-27 10:50:42'),
('35.07.03.2001', 'Wonokerto', '2018-03-27 10:50:42', '2018-03-27 10:50:42'),
('35.07.03.2002', 'Rejosari', '2018-03-27 10:50:42', '2018-03-27 10:50:42'),
('35.07.03.2003', 'Bantur', '2018-03-27 10:50:42', '2018-03-27 10:50:42'),
('35.07.03.2004', 'Wonorejo', '2018-03-27 10:50:42', '2018-03-27 10:50:42'),
('35.07.03.2005', 'Srigonco', '2018-03-27 10:50:42', '2018-03-27 10:50:42'),
('35.07.03.2006', 'Sumberbening', '2018-03-27 10:50:42', '2018-03-27 10:50:42'),
('35.07.03.2007', 'Bandungrejo', '2018-03-27 10:50:42', '2018-03-27 10:50:42'),
('35.07.03.2008', 'Pringgondani', '2018-03-27 10:50:42', '2018-03-27 10:50:42'),
('35.07.03.2009', 'Rejoyoso', '2018-03-27 10:50:42', '2018-03-27 10:50:42'),
('35.07.03.2010', 'Karangsari', '2018-03-27 10:50:42', '2018-03-27 10:50:42'),
('35.07.04', 'Sumbermanjing Wetan', '2018-03-27 10:50:42', '2018-03-27 10:50:42'),
('35.07.04.2001', 'Tambak Sari', '2018-03-27 10:50:42', '2018-03-27 10:50:42'),
('35.07.04.2002', 'Tegalrejo', '2018-03-27 10:50:42', '2018-03-27 10:50:42'),
('35.07.04.2003', 'Sekarbanyu', '2018-03-27 10:50:42', '2018-03-27 10:50:42'),
('35.07.04.2004', 'Klepu', '2018-03-27 10:50:42', '2018-03-27 10:50:42'),
('35.07.04.2005', 'Ringin Kembang', '2018-03-27 10:50:42', '2018-03-27 10:50:42'),
('35.07.04.2006', 'Kedungbanteng', '2018-03-27 10:50:42', '2018-03-27 10:50:42'),
('35.07.04.2007', 'Sitiarjo', '2018-03-27 10:50:42', '2018-03-27 10:50:42'),
('35.07.04.2008', 'Sumberagung', '2018-03-27 10:50:42', '2018-03-27 10:50:42'),
('35.07.04.2009', 'Argotirto', '2018-03-27 10:50:42', '2018-03-27 10:50:42'),
('35.07.04.2010', 'Harjokuncaran', '2018-03-27 10:50:42', '2018-03-27 10:50:42'),
('35.07.04.2011', 'Sbr. Manjing Wetan', '2018-03-27 10:50:42', '2018-03-27 10:50:42'),
('35.07.04.2012', 'Ringinsari', '2018-03-27 10:50:42', '2018-03-27 10:50:42'),
('35.07.04.2013', 'Druju', '2018-03-27 10:50:42', '2018-03-27 10:50:42'),
('35.07.04.2014', 'Tambakrejo', '2018-03-27 10:50:42', '2018-03-27 10:50:42'),
('35.07.04.2015', 'Sidoasri', '2018-03-27 10:50:42', '2018-03-27 10:50:42'),
('35.07.05', 'Dampit', '2018-03-27 10:50:42', '2018-03-27 10:50:42'),
('35.07.05.2001', 'Sukodono', '2018-03-27 10:50:42', '2018-03-27 10:50:42'),
('35.07.05.2002', 'Sumbersuko', '2018-03-27 10:50:42', '2018-03-27 10:50:42'),
('35.07.05.2003', 'Srimulyo', '2018-03-27 10:50:42', '2018-03-27 10:50:42'),
('35.07.05.2004', 'Baturetno', '2018-03-27 10:50:42', '2018-03-27 10:50:42'),
('35.07.05.2005', 'Bumirejo', '2018-03-27 10:50:42', '2018-03-27 10:50:42'),
('35.07.05.2006', 'Amandanom', '2018-03-27 10:50:42', '2018-03-27 10:50:42'),
('35.07.05.1007', 'Dampit', '2018-03-27 10:50:42', '2018-03-27 10:50:42'),
('35.07.05.2008', 'Pamotan', '2018-03-27 10:50:42', '2018-03-27 10:50:42'),
('35.07.05.2009', 'Majangtengah', '2018-03-27 10:50:42', '2018-03-27 10:50:42'),
('35.07.05.2010', 'Rembun', '2018-03-27 10:50:42', '2018-03-27 10:50:42'),
('35.07.05.2011', 'Pojok', '2018-03-27 10:50:42', '2018-03-27 10:50:42'),
('35.07.05.2012', 'Jambangan', '2018-03-27 10:50:42', '2018-03-27 10:50:42'),
('35.07.06', 'Ampelgading', '2018-03-27 10:50:42', '2018-03-27 10:50:42'),
('35.07.06.2001', 'Lebakharjo', '2018-03-27 10:50:42', '2018-03-27 10:50:42'),
('35.07.06.2002', 'Wirotaman', '2018-03-27 10:50:42', '2018-03-27 10:50:42'),
('35.07.06.2003', 'Tamanasri', '2018-03-27 10:50:42', '2018-03-27 10:50:42'),
('35.07.06.2004', 'Tirtomarto', '2018-03-27 10:50:42', '2018-03-27 10:50:42'),
('35.07.06.2005', 'Purwoharjo', '2018-03-27 10:50:42', '2018-03-27 10:50:42'),
('35.07.06.2006', 'Sidorenggo', '2018-03-27 10:50:42', '2018-03-27 10:50:42'),
('35.07.06.2007', 'Tirtomoyo', '2018-03-27 10:50:42', '2018-03-27 10:50:42'),
('35.07.06.2008', 'Argoyuwono', '2018-03-27 10:50:42', '2018-03-27 10:50:42'),
('35.07.06.2009', 'Mulyoasri', '2018-03-27 10:50:42', '2018-03-27 10:50:42'),
('35.07.06.2010', 'Tawangagung', '2018-03-27 10:50:42', '2018-03-27 10:50:42'),
('35.07.06.2011', 'Simojayan', '2018-03-27 10:50:42', '2018-03-27 10:50:42'),
('35.07.06.2012', 'Tamansari', '2018-03-27 10:50:42', '2018-03-27 10:50:42'),
('35.07.06.2013', 'Sonowangi', '2018-03-27 10:50:42', '2018-03-27 10:50:42'),
('35.07.07', 'Poncokusumo', '2018-03-27 10:50:42', '2018-03-27 10:50:42'),
('35.07.07.2001', 'Dawuhan', '2018-03-27 10:50:42', '2018-03-27 10:50:42'),
('35.07.07.2002', 'Sumberejo', '2018-03-27 10:50:42', '2018-03-27 10:50:42'),
('35.07.07.2003', 'Pandansari', '2018-03-27 10:50:42', '2018-03-27 10:50:42'),
('35.07.07.2004', 'Ngadirejo', '2018-03-27 10:50:42', '2018-03-27 10:50:42'),
('35.07.07.2005', 'Wonorejo', '2018-03-27 10:50:42', '2018-03-27 10:50:42'),
('35.07.07.2006', 'Karangnongko', '2018-03-27 10:50:42', '2018-03-27 10:50:42'),
('35.07.07.2007', 'Karanganyar', '2018-03-27 10:50:42', '2018-03-27 10:50:42'),
('35.07.07.2008', 'Jambesari', '2018-03-27 10:50:42', '2018-03-27 10:50:42'),
('35.07.07.2009', 'Ngebrug', '2018-03-27 10:50:42', '2018-03-27 10:50:42'),
('35.07.07.2010', 'Pajaran', '2018-03-27 10:50:42', '2018-03-27 10:50:42'),
('35.07.07.2011', 'Argosuko', '2018-03-27 10:50:42', '2018-03-27 10:50:42'),
('35.07.07.2012', 'Wonomulyo', '2018-03-27 10:50:42', '2018-03-27 10:50:42'),
('35.07.07.2013', 'Belung', '2018-03-27 10:50:42', '2018-03-27 10:50:42'),
('35.07.07.2014', 'Wringinanom', '2018-03-27 10:50:42', '2018-03-27 10:50:42'),
('35.07.07.2015', 'Poncokusumo', '2018-03-27 10:50:42', '2018-03-27 10:50:42'),
('35.07.07.2016', 'Gubugklakah', '2018-03-27 10:50:42', '2018-03-27 10:50:42'),
('35.07.07.2017', 'Ngadas', '2018-03-27 10:50:42', '2018-03-27 10:50:42'),
('35.07.08', 'Wajak', '2018-03-27 10:50:42', '2018-03-27 10:50:42'),
('35.07.08.2001', 'Sumberputih', '2018-03-27 10:50:42', '2018-03-27 10:50:42'),
('35.07.08.2002', 'Wonoayu', '2018-03-27 10:50:42', '2018-03-27 10:50:42'),
('35.07.08.2003', 'Bambang', '2018-03-27 10:50:42', '2018-03-27 10:50:42'),
('35.07.08.2004', 'Bringin', '2018-03-27 10:50:42', '2018-03-27 10:50:42'),
('35.07.08.2005', 'Dadapan', '2018-03-27 10:50:42', '2018-03-27 10:50:42'),
('35.07.08.2006', 'Patokpicis', '2018-03-27 10:50:42', '2018-03-27 10:50:42'),
('35.07.08.2007', 'Blayu', '2018-03-27 10:50:42', '2018-03-27 10:50:42'),
('35.07.08.2008', 'Codo', '2018-03-27 10:50:42', '2018-03-27 10:50:42'),
('35.07.08.2009', 'Sukolilo', '2018-03-27 10:50:42', '2018-03-27 10:50:42'),
('35.07.08.2010', 'Kidangbang', '2018-03-27 10:50:42', '2018-03-27 10:50:42'),
('35.07.08.2011', 'Sukoanyar', '2018-03-27 10:50:42', '2018-03-27 10:50:42'),
('35.07.08.2012', 'Wajak', '2018-03-27 10:50:42', '2018-03-27 10:50:42'),
('35.07.08.2013', 'Ngembal', '2018-03-27 10:50:42', '2018-03-27 10:50:42'),
('35.07.09', 'Turen', '2018-03-27 10:50:42', '2018-03-27 10:50:42'),
('35.07.09.2001', 'Tawangrejeni', '2018-03-27 10:50:42', '2018-03-27 10:50:42'),
('35.07.09.2002', 'Kemulan', '2018-03-27 10:50:42', '2018-03-27 10:50:42'),
('35.07.09.2003', 'Sawahan', '2018-03-27 10:50:42', '2018-03-27 10:50:42'),
('35.07.09.2004', 'Undaan', '2018-03-27 10:50:42', '2018-03-27 10:50:42'),
('35.07.09.2005', 'Gedog Kulon', '2018-03-27 10:50:42', '2018-03-27 10:50:42'),
('35.07.09.2006', 'Gedog Wetan', '2018-03-27 10:50:42', '2018-03-27 10:50:42'),
('35.07.09.2007', 'Talok', '2018-03-27 10:50:42', '2018-03-27 10:50:42'),
('35.07.09.1008', 'Sedayu', '2018-03-27 10:50:42', '2018-03-27 10:50:42'),
('35.07.09.2009', 'Tanggung', '2018-03-27 10:50:42', '2018-03-27 10:50:42'),
('35.07.09.2010', 'Jeru', '2018-03-27 10:50:42', '2018-03-27 10:50:42'),
('35.07.09.1011', 'Turen', '2018-03-27 10:50:42', '2018-03-27 10:50:42'),
('35.07.09.2012', 'Pagedangan', '2018-03-27 10:50:42', '2018-03-27 10:50:42'),
('35.07.09.2013', 'Sanankerto', '2018-03-27 10:50:42', '2018-03-27 10:50:42'),
('35.07.09.2014', 'Sananrejo', '2018-03-27 10:50:42', '2018-03-27 10:50:42'),
('35.07.09.2015', 'Kedok', '2018-03-27 10:50:42', '2018-03-27 10:50:42'),
('35.07.09.2016', 'Talangsuko', '2018-03-27 10:50:42', '2018-03-27 10:50:42'),
('35.07.09.2017', 'Tumpukrenteng', '2018-03-27 10:50:42', '2018-03-27 10:50:42'),
('35.07.10', 'Gondanglegi', '2018-03-27 10:50:42', '2018-03-27 10:50:42'),
('35.07.10.2001', 'Putat Kidul', '2018-03-27 10:50:42', '2018-03-27 10:50:42'),
('35.07.10.2002', 'Gondanglegi Kulon', '2018-03-27 10:50:42', '2018-03-27 10:50:42'),
('35.07.10.2003', 'Sukosari', '2018-03-27 10:50:42', '2018-03-27 10:50:42'),
('35.07.10.2004', 'Gondanglegi Wetan', '2018-03-27 10:50:42', '2018-03-27 10:50:42'),
('35.07.10.2005', 'Sukorejo', '2018-03-27 10:50:42', '2018-03-27 10:50:42'),
('35.07.10.2006', 'Bulupitu', '2018-03-27 10:50:42', '2018-03-27 10:50:42'),
('35.07.10.2007', 'Panggungrejo', '2018-03-27 10:50:42', '2018-03-27 10:50:42'),
('35.07.10.2008', 'Ganjaran', '2018-03-27 10:50:42', '2018-03-27 10:50:42'),
('35.07.10.2009', 'Putat Lor', '2018-03-27 10:50:42', '2018-03-27 10:50:42'),
('35.07.10.2010', 'Urek Urek', '2018-03-27 10:50:42', '2018-03-27 10:50:42'),
('35.07.10.2011', 'Ketawang', '2018-03-27 10:50:42', '2018-03-27 10:50:42'),
('35.07.10.2012', 'Putukrejo', '2018-03-27 10:50:42', '2018-03-27 10:50:42'),
('35.07.10.2013', 'Sumberjaya', '2018-03-27 10:50:42', '2018-03-27 10:50:42'),
('35.07.10.2014', 'Sepanjang', '2018-03-27 10:50:42', '2018-03-27 10:50:42'),
('35.07.11', 'Kalipare', '2018-03-27 10:50:42', '2018-03-27 10:50:42'),
('35.07.11.2001', 'Patuk Rejo', '2018-03-27 10:50:42', '2018-03-27 10:50:42'),
('35.07.11.2002', 'Kalipare', '2018-03-27 10:50:42', '2018-03-27 10:50:42'),
('35.07.11.2003', 'Sumberpetung', '2018-03-27 10:50:42', '2018-03-27 10:50:42'),
('35.07.11.2004', 'Sukowilangun', '2018-03-27 10:50:42', '2018-03-27 10:50:42'),
('35.07.11.2005', 'Tumpakrejo', '2018-03-27 10:50:42', '2018-03-27 10:50:42'),
('35.07.11.2006', 'Arjosari', '2018-03-27 10:50:42', '2018-03-27 10:50:42'),
('35.07.11.2007', 'Kalirejo', '2018-03-27 10:50:42', '2018-03-27 10:50:42'),
('35.07.11.2008', 'Arjowilangun', '2018-03-27 10:50:42', '2018-03-27 10:50:42'),
('35.07.11.2009', 'Kaliasri', '2018-03-27 10:50:42', '2018-03-27 10:50:42'),
('35.07.12', 'Sumberpucung', '2018-03-27 10:50:42', '2018-03-27 10:50:42'),
('35.07.12.2001', 'Ternyang', '2018-03-27 10:50:42', '2018-03-27 10:50:42'),
('35.07.12.2002', 'Senggreng', '2018-03-27 10:50:42', '2018-03-27 10:50:42'),
('35.07.12.2003', 'Sambigede', '2018-03-27 10:50:42', '2018-03-27 10:50:42'),
('35.07.12.2004', 'Ngebrug', '2018-03-27 10:50:42', '2018-03-27 10:50:42'),
('35.07.12.2005', 'Jatiguwi', '2018-03-27 10:50:42', '2018-03-27 10:50:42'),
('35.07.12.2006', 'Sumberpucung', '2018-03-27 10:50:42', '2018-03-27 10:50:42'),
('35.07.12.2007', 'Karangkates', '2018-03-27 10:50:42', '2018-03-27 10:50:42'),
('35.07.13', 'Kepanjen', '2018-03-27 10:50:42', '2018-03-27 10:50:42'),
('35.07.13.2001', 'Kemiri', '2018-03-27 10:50:42', '2018-03-27 10:50:42'),
('35.07.13.2002', 'Sengguruh', '2018-03-27 10:50:42', '2018-03-27 10:50:42'),
('35.07.13.2003', 'Mangunrejo', '2018-03-27 10:50:42', '2018-03-27 10:50:42'),
('35.07.13.2004', 'Jenggolo', '2018-03-27 10:50:42', '2018-03-27 10:50:42'),
('35.07.13.2005', 'Kedungpedaringan', '2018-03-27 10:50:42', '2018-03-27 10:50:42'),
('35.07.13.2006', 'Tegalsari', '2018-03-27 10:50:42', '2018-03-27 10:50:42'),
('35.07.13.1007', 'Panarukan', '2018-03-27 10:50:42', '2018-03-27 10:50:42'),
('35.07.13.2008', 'Panggungrejo', '2018-03-27 10:50:42', '2018-03-27 10:50:42'),
('35.07.13.1009', 'Cempokomulyo', '2018-03-27 10:50:42', '2018-03-27 10:50:42'),
('35.07.13.1010', 'Kepanjen', '2018-03-27 10:50:42', '2018-03-27 10:50:42'),
('35.07.13.2011', 'Talangagung', '2018-03-27 10:50:42', '2018-03-27 10:50:42'),
('35.07.13.2012', 'Dilem', '2018-03-27 10:50:42', '2018-03-27 10:50:42'),
('35.07.13.1013', 'Ardirejo', '2018-03-27 10:50:42', '2018-03-27 10:50:42'),
('35.07.13.2014', 'Sukoharjo', '2018-03-27 10:50:42', '2018-03-27 10:50:42'),
('35.07.13.2015', 'Curungrejo', '2018-03-27 10:50:42', '2018-03-27 10:50:42'),
('35.07.13.2016', 'Jatirejoso', '2018-03-27 10:50:42', '2018-03-27 10:50:42'),
('35.07.13.2017', 'Ngadilangkung', '2018-03-27 10:50:42', '2018-03-27 10:50:42'),
('35.07.13.2018', 'Mojosari', '2018-03-27 10:50:42', '2018-03-27 10:50:42'),
('35.07.14', 'Bululawang', '2018-03-27 10:50:42', '2018-03-27 10:50:42'),
('35.07.14.2001', 'Sudimoro', '2018-03-27 10:50:42', '2018-03-27 10:50:42'),
('35.07.14.2002', 'Kasri', '2018-03-27 10:50:42', '2018-03-27 10:50:42'),
('35.07.14.2003', 'Bakalan', '2018-03-27 10:50:42', '2018-03-27 10:50:42'),
('35.07.14.2004', 'Krebet', '2018-03-27 10:50:42', '2018-03-27 10:50:42'),
('35.07.14.2005', 'Gading', '2018-03-27 10:50:42', '2018-03-27 10:50:42'),
('35.07.14.2006', 'Sukonolo', '2018-03-27 10:50:42', '2018-03-27 10:50:42'),
('35.07.14.2007', 'Lumbangsari', '2018-03-27 10:50:42', '2018-03-27 10:50:42'),
('35.07.14.2008', 'Wandanpuro', '2018-03-27 10:50:42', '2018-03-27 10:50:42'),
('35.07.14.2009', 'Sempalwadak', '2018-03-27 10:50:42', '2018-03-27 10:50:42'),
('35.07.14.2010', 'Bululawang', '2018-03-27 10:50:42', '2018-03-27 10:50:42'),
('35.07.14.2011', 'Krebet Senggrenong', '2018-03-27 10:50:42', '2018-03-27 10:50:42'),
('35.07.14.2012', 'Kuwolu', '2018-03-27 10:50:42', '2018-03-27 10:50:42'),
('35.07.14.2013', 'Kasembon', '2018-03-27 10:50:42', '2018-03-27 10:50:42'),
('35.07.14.2014', 'Pringu', '2018-03-27 10:50:42', '2018-03-27 10:50:42'),
('35.07.15', 'Tajinan', '2018-03-27 10:50:42', '2018-03-27 10:50:42'),
('35.07.15.2001', 'Gunungsari', '2018-03-27 10:50:42', '2018-03-27 10:50:42'),
('35.07.15.2002', 'Gunung Renggo', '2018-03-27 10:50:42', '2018-03-27 10:50:42'),
('35.07.15.2003', 'Purwosekar', '2018-03-27 10:50:42', '2018-03-27 10:50:42'),
('35.07.15.2004', 'Ngawonggo', '2018-03-27 10:50:42', '2018-03-27 10:50:42'),
('35.07.15.2005', 'Pandanmulyo', '2018-03-27 10:50:42', '2018-03-27 10:50:42'),
('35.07.15.2006', 'Jatisari', '2018-03-27 10:50:42', '2018-03-27 10:50:42'),
('35.07.15.2007', 'Tajinan', '2018-03-27 10:50:42', '2018-03-27 10:50:42'),
('35.07.15.2008', 'Randugading', '2018-03-27 10:50:42', '2018-03-27 10:50:42'),
('35.07.15.2009', 'Jambearjo', '2018-03-27 10:50:42', '2018-03-27 10:50:42'),
('35.07.15.2010', 'Tangkilsari', '2018-03-27 10:50:42', '2018-03-27 10:50:42'),
('35.07.15.2011', 'Sumbersuko', '2018-03-27 10:50:42', '2018-03-27 10:50:42'),
('35.07.15.2012', 'Tambaksari', '2018-03-27 10:50:42', '2018-03-27 10:50:42'),
('35.07.16', 'Tumpang', '2018-03-27 10:50:42', '2018-03-27 10:50:42'),
('35.07.16.2001', 'Ngingit', '2018-03-27 10:50:42', '2018-03-27 10:50:42'),
('35.07.16.2002', 'Kidal', '2018-03-27 10:50:42', '2018-03-27 10:50:42'),
('35.07.16.2003', 'Kambingan', '2018-03-27 10:50:42', '2018-03-27 10:50:42'),
('35.07.16.2004', 'Pandanajeng', '2018-03-27 10:50:42', '2018-03-27 10:50:42'),
('35.07.16.2005', 'Pulungdowo', '2018-03-27 10:50:42', '2018-03-27 10:50:42'),
('35.07.16.2006', 'Bokor', '2018-03-27 10:50:42', '2018-03-27 10:50:42'),
('35.07.16.2007', 'Slamet', '2018-03-27 10:50:42', '2018-03-27 10:50:42'),
('35.07.16.2008', 'Wringinsongo', '2018-03-27 10:50:42', '2018-03-27 10:50:42'),
('35.07.16.2009', 'Jeru', '2018-03-27 10:50:42', '2018-03-27 10:50:42'),
('35.07.16.2010', 'Malangsuko', '2018-03-27 10:50:42', '2018-03-27 10:50:42'),
('35.07.16.2011', 'Tumpang', '2018-03-27 10:50:42', '2018-03-27 10:50:42'),
('35.07.16.2012', 'Tulusbesar', '2018-03-27 10:50:42', '2018-03-27 10:50:42'),
('35.07.16.2013', 'Duwet', '2018-03-27 10:50:42', '2018-03-27 10:50:42'),
('35.07.16.2014', 'Benjor', '2018-03-27 10:50:42', '2018-03-27 10:50:42'),
('35.07.16.2015', 'Duwet Kerajan', '2018-03-27 10:50:42', '2018-03-27 10:50:42'),
('35.07.17', 'Jabung', '2018-03-27 10:50:42', '2018-03-27 10:50:42'),
('35.07.17.2001', 'Taji', '2018-03-27 10:50:42', '2018-03-27 10:50:42'),
('35.07.17.2002', 'Ngadirejo', '2018-03-27 10:50:42', '2018-03-27 10:50:42'),
('35.07.17.2003', 'Kenongo', '2018-03-27 10:50:42', '2018-03-27 10:50:42'),
('35.07.17.2004', 'Sidorejo', '2018-03-27 10:50:42', '2018-03-27 10:50:42'),
('35.07.17.2005', 'Sukopuro', '2018-03-27 10:50:42', '2018-03-27 10:50:42'),
('35.07.17.2006', 'Pandansari Lor', '2018-03-27 10:50:42', '2018-03-27 10:50:42'),
('35.07.17.2007', 'Sidomulyo', '2018-03-27 10:50:42', '2018-03-27 10:50:42'),
('35.07.17.2008', 'Gading Kembar', '2018-03-27 10:50:42', '2018-03-27 10:50:42'),
('35.07.17.2009', 'Argosari', '2018-03-27 10:50:42', '2018-03-27 10:50:42'),
('35.07.17.2010', 'Kemantren', '2018-03-27 10:50:42', '2018-03-27 10:50:42'),
('35.07.17.2011', 'Sukolilo', '2018-03-27 10:50:42', '2018-03-27 10:50:42'),
('35.07.17.2012', 'Gunungjati', '2018-03-27 10:50:42', '2018-03-27 10:50:42'),
('35.07.17.2013', 'Jabung', '2018-03-27 10:50:42', '2018-03-27 10:50:42'),
('35.07.17.2014', 'Samparejo', '2018-03-27 10:50:42', '2018-03-27 10:50:42'),
('35.07.17.2015', 'Kemiri', '2018-03-27 10:50:42', '2018-03-27 10:50:42'),
('35.07.18', 'Pakis', '2018-03-27 10:50:42', '2018-03-27 10:50:42'),
('35.07.18.2001', 'Kedungrejo', '2018-03-27 10:50:42', '2018-03-27 10:50:42'),
('35.07.18.2002', 'Banjarejo', '2018-03-27 10:50:42', '2018-03-27 10:50:42'),
('35.07.18.2003', 'Pucangsono', '2018-03-27 10:50:42', '2018-03-27 10:50:42'),
('35.07.18.2004', 'Sukoanyar', '2018-03-27 10:50:42', '2018-03-27 10:50:42'),
('35.07.18.2005', 'Sumberpasir', '2018-03-27 10:50:42', '2018-03-27 10:50:42'),
('35.07.18.2006', 'Pakis Kembar', '2018-03-27 10:50:42', '2018-03-27 10:50:42'),
('35.07.18.2007', 'Sumber Kradenan', '2018-03-27 10:50:42', '2018-03-27 10:50:42'),
('35.07.18.2008', 'Ampeldento', '2018-03-27 10:50:42', '2018-03-27 10:50:42'),
('35.07.18.2009', 'Sekarpuro', '2018-03-27 10:50:42', '2018-03-27 10:50:42'),
('35.07.18.2010', 'Mangliawan', '2018-03-27 10:50:42', '2018-03-27 10:50:42'),
('35.07.18.2011', 'Tirtomoyo', '2018-03-27 10:50:42', '2018-03-27 10:50:42'),
('35.07.18.2012', 'Saptorenggo', '2018-03-27 10:50:42', '2018-03-27 10:50:42'),
('35.07.18.2013', 'Asrikaton', '2018-03-27 10:50:42', '2018-03-27 10:50:42'),
('35.07.18.2014', 'Bunut Wetan', '2018-03-27 10:50:42', '2018-03-27 10:50:42'),
('35.07.18.2015', 'Pakis Ajar', '2018-03-27 10:50:42', '2018-03-27 10:50:42'),
('35.07.19', 'Pakisaji', '2018-03-27 10:50:42', '2018-03-27 10:50:42'),
('35.07.19.2001', 'Permanu', '2018-03-27 10:50:42', '2018-03-27 10:50:42'),
('35.07.19.2002', 'Karangpandan', '2018-03-27 10:50:42', '2018-03-27 10:50:42'),
('35.07.19.2003', 'Gelanggang', '2018-03-27 10:50:42', '2018-03-27 10:50:42'),
('35.07.19.2004', 'Wonokerto', '2018-03-27 10:50:42', '2018-03-27 10:50:42'),
('35.07.19.2005', 'Karangduren', '2018-03-27 10:50:42', '2018-03-27 10:50:42'),
('35.07.19.2006', 'Sutojayan', '2018-03-27 10:50:42', '2018-03-27 10:50:42'),
('35.07.19.2007', 'Pakisaji', '2018-03-27 10:50:42', '2018-03-27 10:50:42'),
('35.07.19.2008', 'Jatisari', '2018-03-27 10:50:42', '2018-03-27 10:50:42'),
('35.07.19.2009', 'Wadung', '2018-03-27 10:50:42', '2018-03-27 10:50:42'),
('35.07.19.2010', 'Genangan', '2018-03-27 10:50:42', '2018-03-27 10:50:42'),
('35.07.19.2011', 'Kendal Payak', '2018-03-27 10:50:42', '2018-03-27 10:50:42'),
('35.07.19.2012', 'Kebonagung', '2018-03-27 10:50:42', '2018-03-27 10:50:42'),
('35.07.20', 'Ngajung', '2018-03-27 10:50:42', '2018-03-27 10:50:42'),
('35.07.20.2001', 'Ngajum', '2018-03-27 10:50:42', '2018-03-27 10:50:42'),
('35.07.20.2002', 'Palaan', '2018-03-27 10:50:42', '2018-03-27 10:50:42'),
('35.07.20.2003', 'Ngasem', '2018-03-27 10:50:42', '2018-03-27 10:50:42'),
('35.07.20.2004', 'Banjarsari', '2018-03-27 10:50:42', '2018-03-27 10:50:42'),
('35.07.20.2005', 'Kranggan', '2018-03-27 10:50:42', '2018-03-27 10:50:42'),
('35.07.20.2006', 'Kesamben', '2018-03-27 10:50:42', '2018-03-27 10:50:42'),
('35.07.20.2007', 'Babadan', '2018-03-27 10:50:42', '2018-03-27 10:50:42'),
('35.07.20.2008', 'Balesari', '2018-03-27 10:50:42', '2018-03-27 10:50:42'),
('35.07.20.2009', 'Maguan', '2018-03-27 10:50:42', '2018-03-27 10:50:42'),
('35.07.21', 'Wagir', '2018-03-27 10:50:42', '2018-03-27 10:50:42'),
('35.07.21.2001', 'Sumbersuko', '2018-03-27 10:50:42', '2018-03-27 10:50:42'),
('35.07.21.2002', 'Mendalanwangi', '2018-03-27 10:50:42', '2018-03-27 10:50:42'),
('35.07.21.2003', 'Sitirejo', '2018-03-27 10:50:42', '2018-03-27 10:50:42'),
('35.07.21.2004', 'Parangargo', '2018-03-27 10:50:42', '2018-03-27 10:50:42'),
('35.07.21.2005', 'Gondowangi', '2018-03-27 10:50:42', '2018-03-27 10:50:42'),
('35.07.21.2006', 'Pandanrejo', '2018-03-27 10:50:42', '2018-03-27 10:50:42'),
('35.07.21.2007', 'Petungsewu', '2018-03-27 10:50:42', '2018-03-27 10:50:42'),
('35.07.21.2008', 'Sukodadi', '2018-03-27 10:50:42', '2018-03-27 10:50:42'),
('35.07.21.2009', 'Sidorahayu', '2018-03-27 10:50:42', '2018-03-27 10:50:42'),
('35.07.21.2010', 'Jedong', '2018-03-27 10:50:42', '2018-03-27 10:50:42'),
('35.07.21.2011', 'Dalisodo', '2018-03-27 10:50:42', '2018-03-27 10:50:42'),
('35.07.21.2012', 'Pandanlandung', '2018-03-27 10:50:42', '2018-03-27 10:50:42'),
('35.07.22', 'Dau', '2018-03-27 10:50:42', '2018-03-27 10:50:42'),
('35.07.22.2001', 'Kucur', '2018-03-27 10:50:42', '2018-03-27 10:50:42'),
('35.07.22.2002', 'Kalisongo', '2018-03-27 10:50:42', '2018-03-27 10:50:42'),
('35.07.22.2003', 'Karangwidoro', '2018-03-27 10:50:42', '2018-03-27 10:50:42'),
('35.07.22.2004', 'Petungsewu', '2018-03-27 10:50:42', '2018-03-27 10:50:42'),
('35.07.22.2005', 'Selorejo', '2018-03-27 10:50:42', '2018-03-27 10:50:42'),
('35.07.22.2006', 'Tegalweru', '2018-03-27 10:50:42', '2018-03-27 10:50:42'),
('35.07.22.2007', 'Landungsari', '2018-03-27 10:50:42', '2018-03-27 10:50:42'),
('35.07.22.2008', 'Mulyoagung', '2018-03-27 10:50:42', '2018-03-27 10:50:42'),
('35.07.22.2009', 'Gading Kulon', '2018-03-27 10:50:42', '2018-03-27 10:50:42'),
('35.07.22.2010', 'Sumbersekar', '2018-03-27 10:50:42', '2018-03-27 10:50:42'),
('35.07.23', 'Karang Ploso', '2018-03-27 10:50:42', '2018-03-27 10:50:42'),
('35.07.23.2001', 'Tegalgondo', '2018-03-27 10:50:42', '2018-03-27 10:50:42'),
('35.07.23.2002', 'Kepuharjo', '2018-03-27 10:50:42', '2018-03-27 10:50:42'),
('35.07.23.2003', 'Ngenep', '2018-03-27 10:50:42', '2018-03-27 10:50:42'),
('35.07.23.2004', 'Ngijo', '2018-03-27 10:50:42', '2018-03-27 10:50:42'),
('35.07.23.2005', 'Ampeldento', '2018-03-27 10:50:42', '2018-03-27 10:50:42'),
('35.07.23.2006', 'Girimoyo', '2018-03-27 10:50:42', '2018-03-27 10:50:42'),
('35.07.23.2007', 'Bocek', '2018-03-27 10:50:42', '2018-03-27 10:50:42'),
('35.07.23.2008', 'Bonowarih', '2018-03-27 10:50:42', '2018-03-27 10:50:42'),
('35.07.23.2009', 'Tawangargo', '2018-03-27 10:50:42', '2018-03-27 10:50:42'),
('35.07.24', 'Singosari', '2018-03-27 10:50:42', '2018-03-27 10:50:42'),
('35.07.24.2001', 'Wonorejo', '2018-03-27 10:50:42', '2018-03-27 10:50:42'),
('35.07.24.2002', 'Dengkol', '2018-03-27 10:50:42', '2018-03-27 10:50:42'),
('35.07.24.2003', 'Baturetno', '2018-03-27 10:50:42', '2018-03-27 10:50:42'),
('35.07.24.2004', 'Watugede', '2018-03-27 10:50:42', '2018-03-27 10:50:42'),
('35.07.24.2005', 'Banjararum', '2018-03-27 10:50:42', '2018-03-27 10:50:42'),
('35.07.24.2006', 'Tanjungtirto', '2018-03-27 10:50:42', '2018-03-27 10:50:42'),
('35.07.24.2007', 'Langlang', '2018-03-27 10:50:42', '2018-03-27 10:50:42'),
('35.07.24.2008', 'Purwoasri', '2018-03-27 10:50:42', '2018-03-27 10:50:42'),
('35.07.24.2009', 'Klampok', '2018-03-27 10:50:42', '2018-03-27 10:50:42'),
('35.07.24.2010', 'Gunungrejo', '2018-03-27 10:50:42', '2018-03-27 10:50:42'),
('35.07.24.2011', 'Pagentan', '2018-03-27 10:50:42', '2018-03-27 10:50:42'),
('35.07.24.1012', 'Tamanharjo', '2018-03-27 10:50:42', '2018-03-27 10:50:42'),
('35.07.24.2013', 'Ardimulyo', '2018-03-27 10:50:42', '2018-03-27 10:50:42'),
('35.07.24.2014', 'Losari', '2018-03-27 10:50:42', '2018-03-27 10:50:42'),
('35.07.24.1015', 'Candirenggo', '2018-03-27 10:50:42', '2018-03-27 10:50:42'),
('35.07.24.1016', 'Toyomarto', '2018-03-27 10:50:42', '2018-03-27 10:50:42'),
('35.07.24.2017', 'Randuangung', '2018-03-27 10:50:42', '2018-03-27 10:50:42'),
('35.07.25', 'Lawang', '2018-03-27 10:50:42', '2018-03-27 10:50:42'),
('35.07.25.2001', 'Sidoluhur', '2018-03-27 10:50:42', '2018-03-27 10:50:42'),
('35.07.25.2002', 'Srigading', '2018-03-27 10:50:42', '2018-03-27 10:50:42'),
('35.07.25.2003', 'Sidodadi', '2018-03-27 10:50:42', '2018-03-27 10:50:42'),
('35.07.25.2004', 'Bedali', '2018-03-27 10:50:42', '2018-03-27 10:50:42'),
('35.07.25.1005', 'Kalirejo', '2018-03-27 10:50:42', '2018-03-27 10:50:42'),
('35.07.25.2006', 'Mulyoarjo', '2018-03-27 10:50:42', '2018-03-27 10:50:42'),
('35.07.25.2007', 'SumbernNgepoh', '2018-03-27 10:50:42', '2018-03-27 10:50:42'),
('35.07.25.2008', 'Sumberporong', '2018-03-27 10:50:42', '2018-03-27 10:50:42'),
('35.07.25.2009', 'Turi Rejo', '2018-03-27 10:50:42', '2018-03-27 10:50:42'),
('35.07.25.1010', 'Lawang', '2018-03-27 10:50:42', '2018-03-27 10:50:42'),
('35.07.25.2011', 'Ketindan', '2018-03-27 10:50:42', '2018-03-27 10:50:42'),
('35.07.25.2012', 'Wonorejo', '2018-03-27 10:50:42', '2018-03-27 10:50:42'),
('35.07.26', 'Pujon', '2018-03-27 10:50:42', '2018-03-27 10:50:42'),
('35.07.26.2001', 'Bendosari', '2018-03-27 10:50:42', '2018-03-27 10:50:42'),
('35.07.26.2002', 'Sukomulyo', '2018-03-27 10:50:42', '2018-03-27 10:50:42'),
('35.07.26.2003', 'Pujon Kidul', '2018-03-27 10:50:42', '2018-03-27 10:50:42'),
('35.07.26.2004', 'Pandensari', '2018-03-27 10:50:42', '2018-03-27 10:50:42'),
('35.07.26.2005', 'Pujon Lor', '2018-03-27 10:50:42', '2018-03-27 10:50:42'),
('35.07.26.2006', 'Ngroto', '2018-03-27 10:50:42', '2018-03-27 10:50:42'),
('35.07.26.2007', 'Ngadab', '2018-03-27 10:50:42', '2018-03-27 10:50:42'),
('35.07.26.2008', 'Tawangsari', '2018-03-27 10:50:42', '2018-03-27 10:50:42'),
('35.07.26.2009', 'Madirejo', '2018-03-27 10:50:42', '2018-03-27 10:50:42'),
('35.07.26.2010', 'Wiyurejo', '2018-03-27 10:50:42', '2018-03-27 10:50:42'),
('35.07.27', 'Ngantang', '2018-03-27 10:50:42', '2018-03-27 10:50:42'),
('35.07.27.2001', 'Pagersari', '2018-03-27 10:50:42', '2018-03-27 10:50:42'),
('35.07.27.2002', 'Sidodadi', '2018-03-27 10:50:42', '2018-03-27 10:50:42'),
('35.07.27.2003', 'Banjarejo', '2018-03-27 10:50:42', '2018-03-27 10:50:42'),
('35.07.27.2004', 'Purworejo', '2018-03-27 10:50:42', '2018-03-27 10:50:42'),
('35.07.27.2005', 'Ngantru', '2018-03-27 10:50:42', '2018-03-27 10:50:42'),
('35.07.27.2006', 'Banturejo', '2018-03-27 10:50:42', '2018-03-27 10:50:42'),
('35.07.27.2007', 'Pandasari', '2018-03-27 10:50:42', '2018-03-27 10:50:42'),
('35.07.27.2008', 'Mulyorejo', '2018-03-27 10:50:42', '2018-03-27 10:50:42'),
('35.07.27.2009', 'Sumberagung', '2018-03-27 10:50:42', '2018-03-27 10:50:42'),
('35.07.27.2010', 'Kaumrejo', '2018-03-27 10:50:42', '2018-03-27 10:50:42'),
('35.07.27.2011', 'Tulungrejo', '2018-03-27 10:50:42', '2018-03-27 10:50:42'),
('35.07.27.2012', 'Waturejo', '2018-03-27 10:50:42', '2018-03-27 10:50:42'),
('35.07.27.2013', 'Jombok', '2018-03-27 10:50:42', '2018-03-27 10:50:42'),
('35.07.28', 'Kasembon', '2018-03-27 10:50:42', '2018-03-27 10:50:42'),
('35.07.28.2001', 'Pondok Agung', '2018-03-27 10:50:42', '2018-03-27 10:50:42'),
('35.07.28.2002', 'Bayem', '2018-03-27 10:50:42', '2018-03-27 10:50:42'),
('35.07.28.2003', 'Pait', '2018-03-27 10:50:42', '2018-03-27 10:50:42'),
('35.07.28.2004', 'Wonoagung', '2018-03-27 10:50:42', '2018-03-27 10:50:42'),
('35.07.28.2005', 'Kasembon', '2018-03-27 10:50:42', '2018-03-27 10:50:42'),
('35.07.28.2006', 'Sukosari', '2018-03-27 10:50:42', '2018-03-27 10:50:42'),
('35.07.29', 'Gedangan', '2018-03-27 10:50:42', '2018-03-27 10:50:42'),
('35.07.29.2001', 'Sidodadi', '2018-03-27 10:50:42', '2018-03-27 10:50:42'),
('35.07.29.2002', 'Gajahrejo', '2018-03-27 10:50:42', '2018-03-27 10:50:42'),
('35.07.29.2003', 'Sidurejo', '2018-03-27 10:50:42', '2018-03-27 10:50:42'),
('35.07.29.2004', 'Gedangan', '2018-03-27 10:50:42', '2018-03-27 10:50:42'),
('35.07.29.2005', 'Segaran', '2018-03-27 10:50:42', '2018-03-27 10:50:42'),
('35.07.29.2006', 'Sumberejo', '2018-03-27 10:50:42', '2018-03-27 10:50:42'),
('35.07.29.2007', 'Tumpakrejo', '2018-03-27 10:50:42', '2018-03-27 10:50:42'),
('35.07.29.2008', 'Girimulyo', '2018-03-27 10:50:42', '2018-03-27 10:50:42'),
('35.07.30', 'Tirtoyudo', '2018-03-27 10:50:42', '2018-03-27 10:50:42'),
('35.07.30.2001', 'Pujiharjo', '2018-03-27 10:50:42', '2018-03-27 10:50:42'),
('35.07.30.2002', 'Sumbertangkil', '2018-03-27 10:50:42', '2018-03-27 10:50:42'),
('35.07.30.2003', 'Kepatihan', '2018-03-27 10:50:42', '2018-03-27 10:50:42');
INSERT INTO `tbl_wilayah` (`kode`, `nama`, `dtm_crt`, `dtm_upd`) VALUES
('35.07.30.2004', 'Jogomulyo', '2018-03-27 10:50:42', '2018-03-27 10:50:42'),
('35.07.30.2005', 'Tlogosari', '2018-03-27 10:50:42', '2018-03-27 10:50:42'),
('35.07.30.2006', 'Tirtoyudo', '2018-03-27 10:50:42', '2018-03-27 10:50:42'),
('35.07.30.2007', 'Sukosari', '2018-03-27 10:50:42', '2018-03-27 10:50:42'),
('35.07.30.2008', 'Ampelgading', '2018-03-27 10:50:42', '2018-03-27 10:50:42'),
('35.07.30.2009', 'Tamankuncaran', '2018-03-27 10:50:42', '2018-03-27 10:50:42'),
('35.07.30.2010', 'Gedungsari', '2018-03-27 10:50:42', '2018-03-27 10:50:42'),
('35.07.30.2011', 'Wonoagung', '2018-03-27 10:50:42', '2018-03-27 10:50:42'),
('35.07.30.2012', 'Taman Satriyan', '2018-03-27 10:50:42', '2018-03-27 10:50:42'),
('35.07.30.2013', 'Purwodadi', '2018-03-27 10:50:42', '2018-03-27 10:50:42'),
('35.07.31', 'Kromengan', '2018-03-27 10:50:42', '2018-03-27 10:50:42'),
('35.07.31.2001', 'Slorok', '2018-03-27 10:50:42', '2018-03-27 10:50:42'),
('35.07.31.2002', 'Jatikerto', '2018-03-27 10:50:42', '2018-03-27 10:50:42'),
('35.07.31.2003', 'Ngadirejo', '2018-03-27 10:50:42', '2018-03-27 10:50:42'),
('35.07.31.2004', 'Kromengan', '2018-03-27 10:50:42', '2018-03-27 10:50:42'),
('35.07.31.2005', 'Peniwen', '2018-03-27 10:50:42', '2018-03-27 10:50:42'),
('35.07.31.2006', 'Jambuwer', '2018-03-27 10:50:42', '2018-03-27 10:50:42'),
('35.07.31.2007', 'Karangrejo', '2018-03-27 10:50:42', '2018-03-27 10:50:42'),
('35.07.32', 'Wonosari', '2018-03-27 10:50:42', '2018-03-27 10:50:42'),
('35.07.32.2001', 'Kluwut', '2018-03-27 10:50:42', '2018-03-27 10:50:42'),
('35.07.32.2002', 'Plandi', '2018-03-27 10:50:42', '2018-03-27 10:50:42'),
('35.07.32.2003', 'Plaosan', '2018-03-27 10:50:42', '2018-03-27 10:50:42'),
('35.07.32.2004', 'Kebobang', '2018-03-27 10:50:42', '2018-03-27 10:50:42'),
('35.07.32.2005', 'Sumbertempur', '2018-03-27 10:50:42', '2018-03-27 10:50:42'),
('35.07.32.2006', 'Sumberdem', '2018-03-27 10:50:42', '2018-03-27 10:50:42'),
('35.07.32.2007', 'Wonosari', '2018-03-27 10:50:42', '2018-03-27 10:50:42'),
('35.07.32.2008', 'Bangelan', '2018-03-27 10:50:42', '2018-03-27 10:50:42'),
('35.07.33', 'Pagelaran', '2018-03-27 10:50:42', '2018-03-27 10:50:42'),
('35.07.33.2001', 'Clumprit', '2018-03-27 10:50:42', '2018-03-27 10:50:42'),
('35.07.33.2002', 'Suwaru', '2018-03-27 10:50:42', '2018-03-27 10:50:42'),
('35.07.33.2003', 'Kademangan', '2018-03-27 10:50:42', '2018-03-27 10:50:42'),
('35.07.33.2004', 'Balearjo', '2018-03-27 10:50:42', '2018-03-27 10:50:42'),
('35.07.33.2005', 'Kanigoro', '2018-03-27 10:50:42', '2018-03-27 10:50:42'),
('35.07.33.2006', 'Brongkal', '2018-03-27 10:50:42', '2018-03-27 10:50:42'),
('35.07.33.2007', 'Pagelaran', '2018-03-27 10:50:42', '2018-03-27 10:50:42'),
('35.07.33.2008', 'Banjarejo', '2018-03-27 10:50:42', '2018-03-27 10:50:42'),
('35.07.33.2009', 'Karangsuko', '2018-03-27 10:50:42', '2018-03-27 10:50:42'),
('35.07.33.2010', 'Sidorejo', '2018-03-27 10:50:42', '2018-03-27 10:50:42'),
('35.08', 'KAB. LUMAJANG', '2018-03-27 10:50:42', '2018-03-27 10:50:42'),
('35.08.01', 'Tempursari', '2018-03-27 10:50:42', '2018-03-27 10:50:42'),
('35.08.01.2001', 'Tegalrejo', '2018-03-27 10:50:42', '2018-03-27 10:50:42'),
('35.08.01.2002', 'Bulurejo', '2018-03-27 10:50:42', '2018-03-27 10:50:42'),
('35.08.01.2003', 'Purorejo', '2018-03-27 10:50:42', '2018-03-27 10:50:42'),
('35.08.01.2004', 'Tempurrejo', '2018-03-27 10:50:42', '2018-03-27 10:50:42'),
('35.08.01.2005', 'Tempursari', '2018-03-27 10:50:42', '2018-03-27 10:50:42'),
('35.08.01.2006', 'Pundungsari', '2018-03-27 10:50:42', '2018-03-27 10:50:42'),
('35.08.01.2007', 'Kaliuling', '2018-03-27 10:50:42', '2018-03-27 10:50:42'),
('35.08.02', 'Pronojiwo', '2018-03-27 10:50:42', '2018-03-27 10:50:42'),
('35.08.02.2001', 'Sidomulyo', '2018-03-27 10:50:42', '2018-03-27 10:50:42'),
('35.08.02.2002', 'Pronojiwo', '2018-03-27 10:50:42', '2018-03-27 10:50:42'),
('35.08.02.2003', 'Tamanayu', '2018-03-27 10:50:42', '2018-03-27 10:50:42'),
('35.08.02.2004', 'Sumberurip', '2018-03-27 10:50:42', '2018-03-27 10:50:42'),
('35.08.02.2005', 'Oro-oro Ombo', '2018-03-27 10:50:42', '2018-03-27 10:50:42'),
('35.08.02.2006', 'Supit Urang', '2018-03-27 10:50:42', '2018-03-27 10:50:42'),
('35.08.03', 'Candipuro', '2018-03-27 10:50:42', '2018-03-27 10:50:42'),
('35.08.03.2001', 'Jugosari', '2018-03-27 10:50:42', '2018-03-27 10:50:42'),
('35.08.03.2002', 'Jarit', '2018-03-27 10:50:42', '2018-03-27 10:50:42'),
('35.08.03.2003', 'Candipuro', '2018-03-27 10:50:42', '2018-03-27 10:50:42'),
('35.08.03.2004', 'Sumberejo', '2018-03-27 10:50:42', '2018-03-27 10:50:42'),
('35.08.03.2005', 'Sumber Wuluh', '2018-03-27 10:50:42', '2018-03-27 10:50:42'),
('35.08.03.2006', 'Sumber Mujur', '2018-03-27 10:50:42', '2018-03-27 10:50:42'),
('35.08.03.2007', 'Penanggal', '2018-03-27 10:50:42', '2018-03-27 10:50:42'),
('35.08.03.2008', 'Tambah Rejo', '2018-03-27 10:50:42', '2018-03-27 10:50:42'),
('35.08.03.2009', 'Klopo Sawit', '2018-03-27 10:50:42', '2018-03-27 10:50:42'),
('35.08.03.2010', 'Tumpeng', '2018-03-27 10:50:42', '2018-03-27 10:50:42'),
('35.08.04', 'Pasirian', '2018-03-27 10:50:42', '2018-03-27 10:50:42'),
('35.08.04.2001', 'Gondoruso', '2018-03-27 10:50:42', '2018-03-27 10:50:42'),
('35.08.04.2002', 'Kalibendo', '2018-03-27 10:50:42', '2018-03-27 10:50:42'),
('35.08.04.2003', 'Bades', '2018-03-27 10:50:42', '2018-03-27 10:50:42'),
('35.08.04.2004', 'Bago', '2018-03-27 10:50:42', '2018-03-27 10:50:42'),
('35.08.04.2005', 'Selok Awar Awar', '2018-03-27 10:50:42', '2018-03-27 10:50:42'),
('35.08.04.2006', 'Condro', '2018-03-27 10:50:42', '2018-03-27 10:50:42'),
('35.08.04.2007', 'Madurejo', '2018-03-27 10:50:42', '2018-03-27 10:50:42'),
('35.08.04.2008', 'Pasirian', '2018-03-27 10:50:42', '2018-03-27 10:50:42'),
('35.08.04.2009', 'Sememu', '2018-03-27 10:50:42', '2018-03-27 10:50:42'),
('35.08.04.2010', 'Nguter', '2018-03-27 10:50:42', '2018-03-27 10:50:42'),
('35.08.04.2011', 'Selok Anyar', '2018-03-27 10:50:42', '2018-03-27 10:50:42'),
('35.08.05', 'Tempeh', '2018-03-27 10:50:42', '2018-03-27 10:50:42'),
('35.08.05.2001', 'Pandanwangi', '2018-03-27 10:50:42', '2018-03-27 10:50:42'),
('35.08.05.2002', 'Sumberjati', '2018-03-27 10:50:42', '2018-03-27 10:50:42'),
('35.08.05.2003', 'Tempeh Kidul', '2018-03-27 10:50:42', '2018-03-27 10:50:42'),
('35.08.05.2004', 'Lempeni', '2018-03-27 10:50:42', '2018-03-27 10:50:42'),
('35.08.05.2005', 'Tempeh Tengah', '2018-03-27 10:50:42', '2018-03-27 10:50:42'),
('35.08.05.2006', 'Kaliwungu', '2018-03-27 10:50:42', '2018-03-27 10:50:42'),
('35.08.05.2007', 'Tempeh Lor', '2018-03-27 10:50:42', '2018-03-27 10:50:42'),
('35.08.05.2008', 'Besuk', '2018-03-27 10:50:42', '2018-03-27 10:50:42'),
('35.08.05.2009', 'Jatisari', '2018-03-27 10:50:42', '2018-03-27 10:50:42'),
('35.08.05.2010', 'Pulo', '2018-03-27 10:50:42', '2018-03-27 10:50:42'),
('35.08.05.2011', 'Gesang', '2018-03-27 10:50:42', '2018-03-27 10:50:42'),
('35.08.05.2012', 'Jukarto', '2018-03-27 10:50:42', '2018-03-27 10:50:42'),
('35.08.05.2013', 'Pandan Arum', '2018-03-27 10:50:42', '2018-03-27 10:50:42'),
('35.08.06', 'Kunir', '2018-03-27 10:50:42', '2018-03-27 10:50:42'),
('35.08.06.2001', 'Jatimulyo', '2018-03-27 10:50:42', '2018-03-27 10:50:42'),
('35.08.06.2002', 'Jatirejo', '2018-03-27 10:50:42', '2018-03-27 10:50:42'),
('35.08.06.2003', 'Jatigono', '2018-03-27 10:50:42', '2018-03-27 10:50:42'),
('35.08.06.2004', 'Sukorejo', '2018-03-27 10:50:42', '2018-03-27 10:50:42'),
('35.08.06.2005', 'Sukosari', '2018-03-27 10:50:42', '2018-03-27 10:50:42'),
('35.08.06.2006', 'Kunir Kidul', '2018-03-27 10:50:42', '2018-03-27 10:50:42'),
('35.08.06.2007', 'Kunir Lor', '2018-03-27 10:50:42', '2018-03-27 10:50:42'),
('35.08.06.2008', 'Kedungmoro', '2018-03-27 10:50:42', '2018-03-27 10:50:42'),
('35.08.06.2009', 'Karanglo', '2018-03-27 10:50:42', '2018-03-27 10:50:42'),
('35.08.06.2010', 'Kabuaran', '2018-03-27 10:50:42', '2018-03-27 10:50:42'),
('35.08.06.2011', 'Dorogowok', '2018-03-27 10:50:42', '2018-03-27 10:50:42'),
('35.08.07', 'Yosowilangun', '2018-03-27 10:50:42', '2018-03-27 10:50:42'),
('35.08.07.2001', 'Darungan', '2018-03-27 10:50:42', '2018-03-27 10:50:42'),
('35.08.07.2002', 'Kraton', '2018-03-27 10:50:42', '2018-03-27 10:50:42'),
('35.08.07.2003', 'Wotgalih', '2018-03-27 10:50:42', '2018-03-27 10:50:42'),
('35.08.07.2004', 'Tunjungrejo', '2018-03-27 10:50:42', '2018-03-27 10:50:42'),
('35.08.07.2005', 'Yosowilangun Kidul', '2018-03-27 10:50:42', '2018-03-27 10:50:42'),
('35.08.07.2006', 'Yosowilangun Lor', '2018-03-27 10:50:42', '2018-03-27 10:50:42'),
('35.08.07.2007', 'Krai', '2018-03-27 10:50:42', '2018-03-27 10:50:42'),
('35.08.07.2008', 'Karanganyar', '2018-03-27 10:50:42', '2018-03-27 10:50:42'),
('35.08.07.2009', 'Karangrejo', '2018-03-27 10:50:42', '2018-03-27 10:50:42'),
('35.08.07.2010', 'Munder', '2018-03-27 10:50:42', '2018-03-27 10:50:42'),
('35.08.07.2011', 'Kebonsari', '2018-03-27 10:50:42', '2018-03-27 10:50:42'),
('35.08.07.2012', 'Kalipepe', '2018-03-27 10:50:42', '2018-03-27 10:50:42'),
('35.08.08', 'Rowokangkung', '2018-03-27 10:50:42', '2018-03-27 10:50:42'),
('35.08.08.2001', 'Nogosari', '2018-03-27 10:50:42', '2018-03-27 10:50:42'),
('35.08.08.2002', 'Kedungrejo', '2018-03-27 10:50:42', '2018-03-27 10:50:42'),
('35.08.08.2003', 'Sidorejo', '2018-03-27 10:50:42', '2018-03-27 10:50:42'),
('35.08.08.2004', 'Rowokangkung', '2018-03-27 10:50:42', '2018-03-27 10:50:42'),
('35.08.08.2005', 'Sumbersari', '2018-03-27 10:50:42', '2018-03-27 10:50:42'),
('35.08.08.2006', 'Dawuan Wetan', '2018-03-27 10:50:42', '2018-03-27 10:50:42'),
('35.08.08.2007', 'Sumberanyar', '2018-03-27 10:50:42', '2018-03-27 10:50:42'),
('35.08.09', 'Tekung', '2018-03-27 10:50:42', '2018-03-27 10:50:42'),
('35.08.09.2001', 'Wonogriyo', '2018-03-27 10:50:42', '2018-03-27 10:50:42'),
('35.08.09.2002', 'Wonosari', '2018-03-27 10:50:42', '2018-03-27 10:50:42'),
('35.08.09.2003', 'Mangunsari', '2018-03-27 10:50:42', '2018-03-27 10:50:42'),
('35.08.09.2004', 'Tekung', '2018-03-27 10:50:42', '2018-03-27 10:50:42'),
('35.08.09.2005', 'Wonokerto', '2018-03-27 10:50:42', '2018-03-27 10:50:42'),
('35.08.09.2006', 'Tukum', '2018-03-27 10:50:42', '2018-03-27 10:50:42'),
('35.08.09.2007', 'Karangbendo', '2018-03-27 10:50:42', '2018-03-27 10:50:42'),
('35.08.09.2008', 'Klampokarum', '2018-03-27 10:50:42', '2018-03-27 10:50:42'),
('35.08.10', 'Lumajang', '2018-03-27 10:50:42', '2018-03-27 10:50:42'),
('35.08.10.2001', 'Banjarwaru', '2018-03-27 10:50:42', '2018-03-27 10:50:42'),
('35.08.10.2002', 'Lubruk Lor', '2018-03-27 10:50:42', '2018-03-27 10:50:42'),
('35.08.10.1003', 'Citrodiwangsan', '2018-03-27 10:50:42', '2018-03-27 10:50:42'),
('35.08.10.1004', 'Ditotrunan', '2018-03-27 10:50:42', '2018-03-27 10:50:42'),
('35.08.10.1005', 'Jogotrunan', '2018-03-27 10:50:42', '2018-03-27 10:50:42'),
('35.08.10.2006', 'Denok', '2018-03-27 10:50:42', '2018-03-27 10:50:42'),
('35.08.10.2007', 'Blukon', '2018-03-27 10:50:42', '2018-03-27 10:50:42'),
('35.08.10.2008', 'Boreng', '2018-03-27 10:50:42', '2018-03-27 10:50:42'),
('35.08.10.1009', 'Jogoyudan', '2018-03-27 10:50:42', '2018-03-27 10:50:42'),
('35.08.10.1010', 'Rogotrunan', '2018-03-27 10:50:42', '2018-03-27 10:50:42'),
('35.08.10.1011', 'Tompokerasan', '2018-03-27 10:50:42', '2018-03-27 10:50:42'),
('35.08.10.1012', 'Kepuharjo', '2018-03-27 10:50:42', '2018-03-27 10:50:42'),
('35.08.11', 'Pasrujambe', '2018-03-27 10:50:42', '2018-03-27 10:50:42'),
('35.08.11.2001', 'Pasrujambe', '2018-03-27 10:50:42', '2018-03-27 10:50:42'),
('35.08.11.2002', 'Jambekumbu', '2018-03-27 10:50:42', '2018-03-27 10:50:42'),
('35.08.11.2003', 'Sukorejo', '2018-03-27 10:50:42', '2018-03-27 10:50:42'),
('35.08.11.2004', 'Jambearum', '2018-03-27 10:50:42', '2018-03-27 10:50:42'),
('35.08.11.2005', 'Kertosari', '2018-03-27 10:50:42', '2018-03-27 10:50:42'),
('35.08.11.2006', 'Pagowan', '2018-03-27 10:50:42', '2018-03-27 10:50:42'),
('35.08.11.2007', 'Karangarum', '2018-03-27 10:50:42', '2018-03-27 10:50:42'),
('35.08.12', 'Senduro', '2018-03-27 10:50:42', '2018-03-27 10:50:42'),
('35.08.12.2001', 'Purworejo', '2018-03-27 10:50:42', '2018-03-27 10:50:42'),
('35.08.12.2002', 'Sarikemuning', '2018-03-27 10:50:42', '2018-03-27 10:50:42'),
('35.08.12.2003', 'Pandansari', '2018-03-27 10:50:42', '2018-03-27 10:50:42'),
('35.08.12.2004', 'Senduro', '2018-03-27 10:50:42', '2018-03-27 10:50:42'),
('35.08.12.2005', 'Burno', '2018-03-27 10:50:42', '2018-03-27 10:50:42'),
('35.08.12.2006', 'Kandangtepus', '2018-03-27 10:50:42', '2018-03-27 10:50:42'),
('35.08.12.2007', 'Kandangan', '2018-03-27 10:50:42', '2018-03-27 10:50:42'),
('35.08.12.2008', 'Bedayu', '2018-03-27 10:50:42', '2018-03-27 10:50:42'),
('35.08.12.2009', 'Bedayutalang', '2018-03-27 10:50:42', '2018-03-27 10:50:42'),
('35.08.12.2010', 'Wonocepokoayu', '2018-03-27 10:50:42', '2018-03-27 10:50:42'),
('35.08.12.2011', 'Argosari', '2018-03-27 10:50:42', '2018-03-27 10:50:42'),
('35.08.12.2012', 'Ranupani', '2018-03-27 10:50:42', '2018-03-27 10:50:42'),
('35.08.13', 'Gucialit', '2018-03-27 10:50:42', '2018-03-27 10:50:42'),
('35.08.13.2001', 'Wonokerto', '2018-03-27 10:50:42', '2018-03-27 10:50:42'),
('35.08.13.2002', 'Pakel', '2018-03-27 10:50:42', '2018-03-27 10:50:42'),
('35.08.13.2003', 'Kenongo', '2018-03-27 10:50:42', '2018-03-27 10:50:42'),
('35.08.13.2004', 'Gucialit', '2018-03-27 10:50:42', '2018-03-27 10:50:42'),
('35.08.13.2005', 'Dadapan', '2018-03-27 10:50:42', '2018-03-27 10:50:42'),
('35.08.13.2006', 'Kertowono', '2018-03-27 10:50:42', '2018-03-27 10:50:42'),
('35.08.13.2007', 'Tunjung', '2018-03-27 10:50:42', '2018-03-27 10:50:42'),
('35.08.13.2008', 'Jeruk', '2018-03-27 10:50:42', '2018-03-27 10:50:42'),
('35.08.13.2009', 'Sombo', '2018-03-27 10:50:42', '2018-03-27 10:50:42'),
('35.08.14', 'Padang', '2018-03-27 10:50:42', '2018-03-27 10:50:42'),
('35.08.14.2001', 'Barat', '2018-03-27 10:50:42', '2018-03-27 10:50:42'),
('35.08.14.2002', 'Babakan', '2018-03-27 10:50:42', '2018-03-27 10:50:42'),
('35.08.14.2003', 'Mojo', '2018-03-27 10:50:42', '2018-03-27 10:50:42'),
('35.08.14.2004', 'Bodang', '2018-03-27 10:50:42', '2018-03-27 10:50:42'),
('35.08.14.2005', 'Kedawung', '2018-03-27 10:50:42', '2018-03-27 10:50:42'),
('35.08.14.2006', 'Padang', '2018-03-27 10:50:42', '2018-03-27 10:50:42'),
('35.08.14.2007', 'Kalisemut', '2018-03-27 10:50:42', '2018-03-27 10:50:42'),
('35.08.14.2008', 'Merakan', '2018-03-27 10:50:42', '2018-03-27 10:50:42'),
('35.08.14.2009', 'Tanggung', '2018-03-27 10:50:42', '2018-03-27 10:50:42'),
('35.08.15', 'Sukodono', '2018-03-27 10:50:42', '2018-03-27 10:50:42'),
('35.08.15.2001', 'Klanting', '2018-03-27 10:50:42', '2018-03-27 10:50:42'),
('35.08.15.2002', 'Kebonagung', '2018-03-27 10:50:42', '2018-03-27 10:50:42'),
('35.08.15.2003', 'Karangsari', '2018-03-27 10:50:42', '2018-03-27 10:50:42'),
('35.08.15.2004', 'Dawuhan Lor', '2018-03-27 10:50:42', '2018-03-27 10:50:42'),
('35.08.15.2005', 'Kutorenon', '2018-03-27 10:50:42', '2018-03-27 10:50:42'),
('35.08.15.2006', 'Selokbesuki', '2018-03-27 10:50:42', '2018-03-27 10:50:42'),
('35.08.15.2007', 'Sumberejo', '2018-03-27 10:50:42', '2018-03-27 10:50:42'),
('35.08.15.2008', 'Uranggantung', '2018-03-27 10:50:42', '2018-03-27 10:50:42'),
('35.08.15.2009', 'Selokgondang', '2018-03-27 10:50:42', '2018-03-27 10:50:42'),
('35.08.15.2010', 'Bondoyudo', '2018-03-27 10:50:42', '2018-03-27 10:50:42'),
('35.08.16', 'Kedungjajang', '2018-03-27 10:50:42', '2018-03-27 10:50:42'),
('35.08.16.2001', 'Pandansari', '2018-03-27 10:50:42', '2018-03-27 10:50:42'),
('35.08.16.2002', 'Krasak', '2018-03-27 10:50:42', '2018-03-27 10:50:42'),
('35.08.16.2003', 'Kedungjajang', '2018-03-27 10:50:42', '2018-03-27 10:50:42'),
('35.08.16.2004', 'Wonorejo', '2018-03-27 10:50:42', '2018-03-27 10:50:42'),
('35.08.16.2005', 'Umbul', '2018-03-27 10:50:42', '2018-03-27 10:50:42'),
('35.08.16.2006', 'Curahpetung', '2018-03-27 10:50:42', '2018-03-27 10:50:42'),
('35.08.16.2007', 'Grobogan', '2018-03-27 10:50:42', '2018-03-27 10:50:42'),
('35.08.16.2008', 'Bence', '2018-03-27 10:50:42', '2018-03-27 10:50:42'),
('35.08.16.2009', 'jatisari', '2018-03-27 10:50:42', '2018-03-27 10:50:42'),
('35.08.16.2010', 'Tempursari', '2018-03-27 10:50:42', '2018-03-27 10:50:42'),
('35.08.16.2011', 'Bandaran', '2018-03-27 10:50:42', '2018-03-27 10:50:42'),
('35.08.16.2012', 'Sawaran Kulon', '2018-03-27 10:50:42', '2018-03-27 10:50:42'),
('35.08.17', 'Jatiroto', '2018-03-27 10:50:42', '2018-03-27 10:50:42'),
('35.08.17.2001', 'Banyuputih Kidul', '2018-03-27 10:50:42', '2018-03-27 10:50:42'),
('35.08.17.2002', 'Rojopolo', '2018-03-27 10:50:42', '2018-03-27 10:50:42'),
('35.08.17.2003', 'Kaliboto Kidul', '2018-03-27 10:50:42', '2018-03-27 10:50:42'),
('35.08.17.2004', 'Kaliboto Lor', '2018-03-27 10:50:42', '2018-03-27 10:50:42'),
('35.08.17.2005', 'Sukosari', '2018-03-27 10:50:42', '2018-03-27 10:50:42'),
('35.08.17.2006', 'Jatiroto', '2018-03-27 10:50:42', '2018-03-27 10:50:42'),
('35.08.18', 'Randuagung', '2018-03-27 10:50:42', '2018-03-27 10:50:42'),
('35.08.18.2001', 'Banyuputih Lor', '2018-03-27 10:50:42', '2018-03-27 10:50:42'),
('35.08.18.2002', 'Kalidilem', '2018-03-27 10:50:42', '2018-03-27 10:50:42'),
('35.08.18.2003', 'Tunjung', '2018-03-27 10:50:42', '2018-03-27 10:50:42'),
('35.08.18.2004', 'Gedangmas', '2018-03-27 10:50:42', '2018-03-27 10:50:42'),
('35.08.18.2005', 'Kalipenggung', '2018-03-27 10:50:42', '2018-03-27 10:50:42'),
('35.08.18.2006', 'Ranulogong', '2018-03-27 10:50:42', '2018-03-27 10:50:42'),
('35.08.18.2007', 'Randuagung', '2018-03-27 10:50:42', '2018-03-27 10:50:42'),
('35.08.18.2008', 'Ledoktempuro', '2018-03-27 10:50:42', '2018-03-27 10:50:42'),
('35.08.18.2009', 'Pajarakan', '2018-03-27 10:50:42', '2018-03-27 10:50:42'),
('35.08.18.2010', 'Buwek', '2018-03-27 10:50:42', '2018-03-27 10:50:42'),
('35.08.18.2011', 'Ranuwurung', '2018-03-27 10:50:42', '2018-03-27 10:50:42'),
('35.08.18.2012', 'Salak', '2018-03-27 10:50:42', '2018-03-27 10:50:42'),
('35.08.19', 'Klakah', '2018-03-27 10:50:42', '2018-03-27 10:50:42'),
('35.08.19.2001', 'Kebonan', '2018-03-27 10:50:42', '2018-03-27 10:50:42'),
('35.08.19.2002', 'Kudus', '2018-03-27 10:50:42', '2018-03-27 10:50:42'),
('35.08.19.2003', 'Duren', '2018-03-27 10:50:42', '2018-03-27 10:50:42'),
('35.08.19.2004', 'Sumberwringin', '2018-03-27 10:50:42', '2018-03-27 10:50:42'),
('35.08.19.2005', 'Papringan', '2018-03-27 10:50:42', '2018-03-27 10:50:42'),
('35.08.19.2006', 'Ranupakis', '2018-03-27 10:50:42', '2018-03-27 10:50:42'),
('35.08.19.2007', 'Tegalrandu', '2018-03-27 10:50:42', '2018-03-27 10:50:42'),
('35.08.19.2008', 'Klakah', '2018-03-27 10:50:42', '2018-03-27 10:50:42'),
('35.08.19.2009', 'Mlawang', '2018-03-27 10:50:42', '2018-03-27 10:50:42'),
('35.08.19.2010', 'Sruni', '2018-03-27 10:50:42', '2018-03-27 10:50:42'),
('35.08.19.2011', 'Tegalciut', '2018-03-27 10:50:42', '2018-03-27 10:50:42'),
('35.08.19.2012', 'Sawaran Lor', '2018-03-27 10:50:42', '2018-03-27 10:50:42'),
('35.08.20', 'Ranuyoso', '2018-03-27 10:50:42', '2018-03-27 10:50:42'),
('35.08.20.2001', 'Jenggrono', '2018-03-27 10:50:42', '2018-03-27 10:50:42'),
('35.08.20.2002', 'Meninjo', '2018-03-27 10:50:42', '2018-03-27 10:50:42'),
('35.08.20.2003', 'Tegalbangsri', '2018-03-27 10:50:42', '2018-03-27 10:50:42'),
('35.08.20.2004', 'Sumberpetung', '2018-03-27 10:50:42', '2018-03-27 10:50:42'),
('35.08.20.2005', 'Alun-alun', '2018-03-27 10:50:42', '2018-03-27 10:50:42'),
('35.08.20.2006', 'Ranubedali', '2018-03-27 10:50:42', '2018-03-27 10:50:42'),
('35.08.20.2007', 'Ranuyoso', '2018-03-27 10:50:42', '2018-03-27 10:50:42'),
('35.08.20.2008', 'Wonoayu', '2018-03-27 10:50:42', '2018-03-27 10:50:42'),
('35.08.20.2009', 'Penawungan', '2018-03-27 10:50:42', '2018-03-27 10:50:42'),
('35.08.20.2010', 'Wates Kulon', '2018-03-27 10:50:42', '2018-03-27 10:50:42'),
('35.08.20.2011', 'Wates Wetan', '2018-03-27 10:50:42', '2018-03-27 10:50:42'),
('35.08.21', 'Sumbersuko', '2018-03-27 10:50:42', '2018-03-27 10:50:42'),
('35.08.21.2001', 'Sumbersuko', '2018-03-27 10:50:42', '2018-03-27 10:50:42'),
('35.08.21.2002', 'Kebonsari', '2018-03-27 10:50:42', '2018-03-27 10:50:42'),
('35.08.21.2003', 'Grati', '2018-03-27 10:50:42', '2018-03-27 10:50:42'),
('35.08.21.2004', 'Labruk Kidul', '2018-03-27 10:50:42', '2018-03-27 10:50:42'),
('35.08.21.2005', 'Mojosari', '2018-03-27 10:50:42', '2018-03-27 10:50:42'),
('35.08.21.2006', 'Sentul', '2018-03-27 10:50:42', '2018-03-27 10:50:42'),
('35.08.21.2007', 'Purwosono', '2018-03-27 10:50:42', '2018-03-27 10:50:42'),
('35.08.21.2008', 'Petahunan', '2018-03-27 10:50:42', '2018-03-27 10:50:42'),
('35.09', 'KAB. JEMBER', '2018-03-27 10:50:42', '2018-03-27 10:50:42'),
('35.09.01', 'Jombang', '2018-03-27 10:50:42', '2018-03-27 10:50:42'),
('35.09.01.2001', 'Padomasan', '2018-03-27 10:50:42', '2018-03-27 10:50:42'),
('35.09.01.2002', 'Keting', '2018-03-27 10:50:42', '2018-03-27 10:50:42'),
('35.09.01.2003', 'Jombang', '2018-03-27 10:50:42', '2018-03-27 10:50:42'),
('35.09.01.2004', 'Ngampelrejo', '2018-03-27 10:50:42', '2018-03-27 10:50:42'),
('35.09.01.2005', 'Wringinagung', '2018-03-27 10:50:42', '2018-03-27 10:50:42'),
('35.09.01.2006', 'Sarimulyo', '2018-03-27 10:50:42', '2018-03-27 10:50:42'),
('35.09.02', 'Kencong', '2018-03-27 10:50:42', '2018-03-27 10:50:42'),
('35.09.02.2001', 'Cakru', '2018-03-27 10:50:42', '2018-03-27 10:50:42'),
('35.09.02.2002', 'Paseban', '2018-03-27 10:50:42', '2018-03-27 10:50:42'),
('35.09.02.2003', 'Kraton', '2018-03-27 10:50:42', '2018-03-27 10:50:42'),
('35.09.02.2004', 'Kencong', '2018-03-27 10:50:42', '2018-03-27 10:50:42'),
('35.09.02.2005', 'Wonorejo', '2018-03-27 10:50:42', '2018-03-27 10:50:42'),
('35.09.03', 'Sumberbaru', '2018-03-27 10:50:42', '2018-03-27 10:50:42'),
('35.09.03.2001', 'Jamintoro', '2018-03-27 10:50:42', '2018-03-27 10:50:42'),
('35.09.03.2002', 'Jatiroto', '2018-03-27 10:50:42', '2018-03-27 10:50:42'),
('35.09.03.2003', 'Kaliglagah', '2018-03-27 10:50:42', '2018-03-27 10:50:42'),
('35.09.03.2004', 'Jambesari', '2018-03-27 10:50:42', '2018-03-27 10:50:42'),
('35.09.03.2005', 'Yosorati', '2018-03-27 10:50:42', '2018-03-27 10:50:42'),
('35.09.03.2006', 'Sumberagung', '2018-03-27 10:50:42', '2018-03-27 10:50:42'),
('35.09.03.2007', 'Gelang', '2018-03-27 10:50:42', '2018-03-27 10:50:42'),
('35.09.03.2008', 'Rowotengah', '2018-03-27 10:50:42', '2018-03-27 10:50:42'),
('35.09.03.2009', 'Pringgowirawan', '2018-03-27 10:50:42', '2018-03-27 10:50:42'),
('35.09.03.2010', 'Karangbayat', '2018-03-27 10:50:42', '2018-03-27 10:50:42'),
('35.09.04', 'Gumukmas', '2018-03-27 10:50:42', '2018-03-27 10:50:42'),
('35.09.04.2001', 'Kepanjen', '2018-03-27 10:50:42', '2018-03-27 10:50:42'),
('35.09.04.2002', 'Mayangan', '2018-03-27 10:50:42', '2018-03-27 10:50:42'),
('35.09.04.2003', 'Gumukmas', '2018-03-27 10:50:42', '2018-03-27 10:50:42'),
('35.09.04.2004', 'Menampu', '2018-03-27 10:50:42', '2018-03-27 10:50:42'),
('35.09.04.2005', 'Tembokrejo', '2018-03-27 10:50:42', '2018-03-27 10:50:42'),
('35.09.04.2006', 'Purwoasri', '2018-03-27 10:50:42', '2018-03-27 10:50:42'),
('35.09.04.2007', 'Bagorejo', '2018-03-27 10:50:42', '2018-03-27 10:50:42'),
('35.09.04.2008', 'Karangrejo', '2018-03-27 10:50:42', '2018-03-27 10:50:42'),
('35.09.05', 'Umbulsari', '2018-03-27 10:50:42', '2018-03-27 10:50:42'),
('35.09.05.2001', 'Sukoreno', '2018-03-27 10:50:42', '2018-03-27 10:50:42'),
('35.09.05.2002', 'Sidorejo', '2018-03-27 10:50:42', '2018-03-27 10:50:42'),
('35.09.05.2003', 'Gunungsari', '2018-03-27 10:50:42', '2018-03-27 10:50:42'),
('35.09.05.2004', 'Gadingrejo', '2018-03-27 10:50:42', '2018-03-27 10:50:42'),
('35.09.05.2005', 'Umbulrejo', '2018-03-27 10:50:42', '2018-03-27 10:50:42'),
('35.09.05.2006', 'Umbulsari', '2018-03-27 10:50:42', '2018-03-27 10:50:42'),
('35.09.05.2007', 'Tanjungsari', '2018-03-27 10:50:42', '2018-03-27 10:50:42'),
('35.09.05.2008', 'Tegalwangi', '2018-03-27 10:50:42', '2018-03-27 10:50:42'),
('35.09.05.2009', 'Paleran', '2018-03-27 10:50:42', '2018-03-27 10:50:42'),
('35.09.05.2010', 'Mundurejo', '2018-03-27 10:50:42', '2018-03-27 10:50:42'),
('35.09.06', 'Tanggul', '2018-03-27 10:50:42', '2018-03-27 10:50:42'),
('35.09.06.2001', 'Tanggulkulon', '2018-03-27 10:50:42', '2018-03-27 10:50:42'),
('35.09.06.2002', 'Tanggulwetan', '2018-03-27 10:50:42', '2018-03-27 10:50:42'),
('35.09.06.2003', 'Patemon', '2018-03-27 10:50:42', '2018-03-27 10:50:42'),
('35.09.06.2004', 'Darungan', '2018-03-27 10:50:42', '2018-03-27 10:50:42'),
('35.09.06.2005', 'Manggisan', '2018-03-27 10:50:42', '2018-03-27 10:50:42'),
('35.09.06.2006', 'Selodakon', '2018-03-27 10:50:42', '2018-03-27 10:50:42'),
('35.09.06.2007', 'Kramat Sukoharjo', '2018-03-27 10:50:42', '2018-03-27 10:50:42'),
('35.09.06.2008', 'Klatakan', '2018-03-27 10:50:42', '2018-03-27 10:50:42'),
('35.09.07', 'Semboro', '2018-03-27 10:50:42', '2018-03-27 10:50:42'),
('35.09.07.2001', 'Pondokjoyo', '2018-03-27 10:50:42', '2018-03-27 10:50:42'),
('35.09.07.2002', 'Pondokdalem', '2018-03-27 10:50:42', '2018-03-27 10:50:42'),
('35.09.07.2003', 'Rejoagung', '2018-03-27 10:50:42', '2018-03-27 10:50:42'),
('35.09.07.2004', 'Semboro', '2018-03-27 10:50:42', '2018-03-27 10:50:42'),
('35.09.07.2005', 'Sidomekar', '2018-03-27 10:50:42', '2018-03-27 10:50:42'),
('35.09.07.2006', 'Sidomulyo', '2018-03-27 10:50:42', '2018-03-27 10:50:42'),
('35.09.08', 'Puger', '2018-03-27 10:50:42', '2018-03-27 10:50:42'),
('35.09.08.2001', 'Mlokorejo', '2018-03-27 10:50:42', '2018-03-27 10:50:42'),
('35.09.08.2002', 'Mojomulyo', '2018-03-27 10:50:42', '2018-03-27 10:50:42'),
('35.09.08.2003', 'Mojosari', '2018-03-27 10:50:42', '2018-03-27 10:50:42'),
('35.09.08.2004', 'Pugerkulon', '2018-03-27 10:50:42', '2018-03-27 10:50:42'),
('35.09.08.2005', 'Wringintelu', '2018-03-27 10:50:42', '2018-03-27 10:50:42'),
('35.09.08.2006', 'Kasiyan', '2018-03-27 10:50:42', '2018-03-27 10:50:42'),
('35.09.08.2007', 'Bagon', '2018-03-27 10:50:42', '2018-03-27 10:50:42'),
('35.09.08.2008', 'Kasiyan Timur', '2018-03-27 10:50:42', '2018-03-27 10:50:42'),
('35.09.08.2009', 'Wonosari', '2018-03-27 10:50:42', '2018-03-27 10:50:42'),
('35.09.08.2010', 'Jambearum', '2018-03-27 10:50:42', '2018-03-27 10:50:42'),
('35.09.08.2011', 'Grenden', '2018-03-27 10:50:42', '2018-03-27 10:50:42'),
('35.09.08.2012', 'Pugerwetan', '2018-03-27 10:50:42', '2018-03-27 10:50:42'),
('35.09.09', 'Bangsalsari', '2018-03-27 10:50:42', '2018-03-27 10:50:42'),
('35.09.09.2001', 'Curahkalong', '2018-03-27 10:50:42', '2018-03-27 10:50:42'),
('35.09.09.2002', 'Gambirono', '2018-03-27 10:50:42', '2018-03-27 10:50:42'),
('35.09.09.2003', 'Bangsalsari', '2018-03-27 10:50:42', '2018-03-27 10:50:42'),
('35.09.09.2004', 'Tugusari', '2018-03-27 10:50:42', '2018-03-27 10:50:42'),
('35.09.09.2005', 'Karangsono', '2018-03-27 10:50:42', '2018-03-27 10:50:42'),
('35.09.09.2006', 'Sukorejo', '2018-03-27 10:50:42', '2018-03-27 10:50:42'),
('35.09.09.2007', 'Langkap', '2018-03-27 10:50:42', '2018-03-27 10:50:42'),
('35.09.09.2008', 'Tisnogambar', '2018-03-27 10:50:42', '2018-03-27 10:50:42'),
('35.09.09.2009', 'Petung', '2018-03-27 10:50:42', '2018-03-27 10:50:42'),
('35.09.09.2010', 'Banjarsari', '2018-03-27 10:50:42', '2018-03-27 10:50:42'),
('35.09.09.2011', 'Badean', '2018-03-27 10:50:42', '2018-03-27 10:50:42'),
('35.09.10', 'Balung', '2018-03-27 10:50:42', '2018-03-27 10:50:42'),
('35.09.10.2001', 'Karangduren', '2018-03-27 10:50:42', '2018-03-27 10:50:42'),
('35.09.10.2002', 'Karang Semanding', '2018-03-27 10:50:42', '2018-03-27 10:50:42'),
('35.09.10.2003', 'Tutul', '2018-03-27 10:50:42', '2018-03-27 10:50:42'),
('35.09.10.2004', 'Balungkulon', '2018-03-27 10:50:42', '2018-03-27 10:50:42'),
('35.09.10.2005', 'Balunglor', '2018-03-27 10:50:42', '2018-03-27 10:50:42'),
('35.09.10.2006', 'Balungkidul', '2018-03-27 10:50:42', '2018-03-27 10:50:42'),
('35.09.10.2007', 'Curahlele', '2018-03-27 10:50:42', '2018-03-27 10:50:42'),
('35.09.10.2008', 'Gumelar', '2018-03-27 10:50:42', '2018-03-27 10:50:42'),
('35.09.11', 'Wuluhan', '2018-03-27 10:50:42', '2018-03-27 10:50:42'),
('35.09.11.2001', 'Lojejer', '2018-03-27 10:50:42', '2018-03-27 10:50:42'),
('35.09.11.2002', 'Ampel', '2018-03-27 10:50:42', '2018-03-27 10:50:42'),
('35.09.11.2003', 'Tamansari', '2018-03-27 10:50:42', '2018-03-27 10:50:42'),
('35.09.11.2004', 'Dukuhdempok', '2018-03-27 10:50:42', '2018-03-27 10:50:42'),
('35.09.11.2005', 'Glundengan', '2018-03-27 10:50:42', '2018-03-27 10:50:42'),
('35.09.11.2006', 'Tanjungrejo', '2018-03-27 10:50:42', '2018-03-27 10:50:42'),
('35.09.11.2007', 'Kesilir', '2018-03-27 10:50:42', '2018-03-27 10:50:42'),
('35.09.12', 'Ambulu', '2018-03-27 10:50:42', '2018-03-27 10:50:42'),
('35.09.12.2001', 'Tegalsari', '2018-03-27 10:50:42', '2018-03-27 10:50:42'),
('35.09.12.2002', 'Sabrang', '2018-03-27 10:50:42', '2018-03-27 10:50:42'),
('35.09.12.2003', 'Sumberejo', '2018-03-27 10:50:42', '2018-03-27 10:50:42'),
('35.09.12.2004', 'Ambulu', '2018-03-27 10:50:42', '2018-03-27 10:50:42'),
('35.09.12.2005', 'Karanganyar', '2018-03-27 10:50:42', '2018-03-27 10:50:42'),
('35.09.12.2006', 'Andongsari', '2018-03-27 10:50:42', '2018-03-27 10:50:42'),
('35.09.12.2007', 'Pontang', '2018-03-27 10:50:42', '2018-03-27 10:50:42'),
('35.09.13', 'Rambipuji', '2018-03-27 10:50:42', '2018-03-27 10:50:42'),
('35.09.13.2001', 'Nogosari', '2018-03-27 10:50:42', '2018-03-27 10:50:42'),
('35.09.13.2002', 'Curahmalang', '2018-03-27 10:50:42', '2018-03-27 10:50:42'),
('35.09.13.2003', 'Rowotamtu', '2018-03-27 10:50:42', '2018-03-27 10:50:42'),
('35.09.13.2004', 'Kaliwining', '2018-03-27 10:50:42', '2018-03-27 10:50:42'),
('35.09.13.2005', 'Pecoro', '2018-03-27 10:50:42', '2018-03-27 10:50:42'),
('35.09.13.2006', 'Rambipuji', '2018-03-27 10:50:42', '2018-03-27 10:50:42'),
('35.09.13.2007', 'Gugut', '2018-03-27 10:50:42', '2018-03-27 10:50:42'),
('35.09.13.2008', 'Rambigundam', '2018-03-27 10:50:42', '2018-03-27 10:50:42'),
('35.09.14', 'Panti', '2018-03-27 10:50:42', '2018-03-27 10:50:42'),
('35.09.14.2001', 'Pakis', '2018-03-27 10:50:42', '2018-03-27 10:50:42'),
('35.09.14.2002', 'Kemuning Sari Lor', '2018-03-27 10:50:42', '2018-03-27 10:50:42'),
('35.09.14.2003', 'Panti', '2018-03-27 10:50:42', '2018-03-27 10:50:42'),
('35.09.14.2004', 'Glagahwero', '2018-03-27 10:50:42', '2018-03-27 10:50:42'),
('35.09.14.2005', 'Suci', '2018-03-27 10:50:42', '2018-03-27 10:50:42'),
('35.09.14.2006', 'Kemiri', '2018-03-27 10:50:42', '2018-03-27 10:50:42'),
('35.09.14.2007', 'Serut', '2018-03-27 10:50:42', '2018-03-27 10:50:42'),
('35.09.15', 'Sukorambi', '2018-03-27 10:50:42', '2018-03-27 10:50:42'),
('35.09.15.2001', 'Jubung', '2018-03-27 10:50:42', '2018-03-27 10:50:42'),
('35.09.15.2002', 'Dukuhmencek', '2018-03-27 10:50:42', '2018-03-27 10:50:42'),
('35.09.15.2003', 'Sukorambi', '2018-03-27 10:50:42', '2018-03-27 10:50:42'),
('35.09.15.2004', 'Karangpring', '2018-03-27 10:50:42', '2018-03-27 10:50:42'),
('35.09.15.2005', 'Klungkung', '2018-03-27 10:50:42', '2018-03-27 10:50:42'),
('35.09.16', 'Jenggawah', '2018-03-27 10:50:42', '2018-03-27 10:50:42'),
('35.09.16.2001', 'Kemuningsarikidul', '2018-03-27 10:50:42', '2018-03-27 10:50:42'),
('35.09.16.2002', 'Wonojati', '2018-03-27 10:50:42', '2018-03-27 10:50:42'),
('35.09.16.2003', 'Jenggawah', '2018-03-27 10:50:42', '2018-03-27 10:50:42'),
('35.09.16.2004', 'Kertonegoro', '2018-03-27 10:50:42', '2018-03-27 10:50:42'),
('35.09.16.2005', 'Sruni', '2018-03-27 10:50:42', '2018-03-27 10:50:42'),
('35.09.16.2006', 'Jatisari', '2018-03-27 10:50:42', '2018-03-27 10:50:42'),
('35.09.16.2007', 'Jatimulyo', '2018-03-27 10:50:42', '2018-03-27 10:50:42'),
('35.09.16.2008', 'Cangkring', '2018-03-27 10:50:42', '2018-03-27 10:50:42'),
('35.09.17', 'Ajung', '2018-03-27 10:50:42', '2018-03-27 10:50:42'),
('35.09.17.2001', 'Sukamakmur', '2018-03-27 10:50:42', '2018-03-27 10:50:42'),
('35.09.17.2002', 'Mangaran', '2018-03-27 10:50:42', '2018-03-27 10:50:42'),
('35.09.17.2003', 'Pancakarya', '2018-03-27 10:50:42', '2018-03-27 10:50:42'),
('35.09.17.2004', 'Ajung', '2018-03-27 10:50:42', '2018-03-27 10:50:42'),
('35.09.17.2005', 'Klompangan', '2018-03-27 10:50:42', '2018-03-27 10:50:42'),
('35.09.17.2006', 'Wirowongso', '2018-03-27 10:50:42', '2018-03-27 10:50:42'),
('35.09.17.2007', 'Rowoindah', '2018-03-27 10:50:42', '2018-03-27 10:50:42'),
('35.09.18', 'Tempurejo', '2018-03-27 10:50:42', '2018-03-27 10:50:42'),
('35.09.18.2001', 'Sidodadi', '2018-03-27 10:50:42', '2018-03-27 10:50:42'),
('35.09.18.2002', 'Tempurejo', '2018-03-27 10:50:42', '2018-03-27 10:50:42'),
('35.09.18.2003', 'Andongrejo', '2018-03-27 10:50:42', '2018-03-27 10:50:42'),
('35.09.18.2004', 'Pondokrejo', '2018-03-27 10:50:42', '2018-03-27 10:50:42'),
('35.09.18.2005', 'Wonoasri', '2018-03-27 10:50:42', '2018-03-27 10:50:42'),
('35.09.18.2006', 'Curahnongko', '2018-03-27 10:50:42', '2018-03-27 10:50:42'),
('35.09.18.2007', 'Curahtakir', '2018-03-27 10:50:42', '2018-03-27 10:50:42'),
('35.09.18.2008', 'Sanenrejo', '2018-03-27 10:50:42', '2018-03-27 10:50:42'),
('35.09.19', 'Kaliwates', '2018-03-27 10:50:42', '2018-03-27 10:50:42'),
('35.09.19.1001', 'Mangli', '2018-03-27 10:50:42', '2018-03-27 10:50:42'),
('35.09.19.1002', 'Sempusari', '2018-03-27 10:50:42', '2018-03-27 10:50:42'),
('35.09.19.1003', 'Kebonagung', '2018-03-27 10:50:42', '2018-03-27 10:50:42'),
('35.09.19.1004', 'Kaliwates', '2018-03-27 10:50:42', '2018-03-27 10:50:42'),
('35.09.19.1005', 'Jemberkidul', '2018-03-27 10:50:42', '2018-03-27 10:50:42'),
('35.09.19.1006', 'Kepatihan', '2018-03-27 10:50:42', '2018-03-27 10:50:42'),
('35.09.19.1007', 'Tegalbesar', '2018-03-27 10:50:42', '2018-03-27 10:50:42'),
('35.09.20', 'Patrang', '2018-03-27 10:50:42', '2018-03-27 10:50:42'),
('35.09.20.1001', 'Banjarsengon', '2018-03-27 10:50:42', '2018-03-27 10:50:42'),
('35.09.20.1002', 'Jumerto', '2018-03-27 10:50:42', '2018-03-27 10:50:42'),
('35.09.20.1003', 'Gebang', '2018-03-27 10:50:42', '2018-03-27 10:50:42'),
('35.09.20.1004', 'Slawu', '2018-03-27 10:50:42', '2018-03-27 10:50:42'),
('35.09.20.1005', 'Bintoro', '2018-03-27 10:50:42', '2018-03-27 10:50:42'),
('35.09.20.1006', 'Jemberlor', '2018-03-27 10:50:42', '2018-03-27 10:50:42'),
('35.09.20.1007', 'Patrang', '2018-03-27 10:50:42', '2018-03-27 10:50:42'),
('35.09.20.1008', 'Baratan', '2018-03-27 10:50:42', '2018-03-27 10:50:42'),
('35.09.21', 'Sumbersari', '2018-03-27 10:50:42', '2018-03-27 10:50:42'),
('35.09.21.1001', 'Kebonsari', '2018-03-27 10:50:42', '2018-03-27 10:50:42'),
('35.09.21.1002', 'Sumbersari', '2018-03-27 10:50:42', '2018-03-27 10:50:42'),
('35.09.21.1003', 'Kranjingan', '2018-03-27 10:50:42', '2018-03-27 10:50:42'),
('35.09.21.1004', 'Karangrejo', '2018-03-27 10:50:42', '2018-03-27 10:50:42'),
('35.09.21.1005', 'Tegalgede', '2018-03-27 10:50:42', '2018-03-27 10:50:42'),
('35.09.21.1006', 'Wirolegi', '2018-03-27 10:50:42', '2018-03-27 10:50:42'),
('35.09.21.1007', 'Antirogo', '2018-03-27 10:50:42', '2018-03-27 10:50:42'),
('35.09.22', 'Arjasa', '2018-03-27 10:50:42', '2018-03-27 10:50:42'),
('35.09.22.2001', 'Kemuninglor', '2018-03-27 10:50:42', '2018-03-27 10:50:42'),
('35.09.22.2002', 'Darsono', '2018-03-27 10:50:42', '2018-03-27 10:50:42'),
('35.09.22.2003', 'Arjasa', '2018-03-27 10:50:42', '2018-03-27 10:50:42'),
('35.09.22.2004', 'Candijati', '2018-03-27 10:50:42', '2018-03-27 10:50:42'),
('35.09.22.2005', 'Biting', '2018-03-27 10:50:42', '2018-03-27 10:50:42'),
('35.09.22.2006', 'Kamal', '2018-03-27 10:50:42', '2018-03-27 10:50:42'),
('35.09.23', 'Mumbulsari', '2018-03-27 10:50:42', '2018-03-27 10:50:42'),
('35.09.23.2001', 'Lengkong', '2018-03-27 10:50:42', '2018-03-27 10:50:42'),
('35.09.23.2002', 'Kawangrejo', '2018-03-27 10:50:42', '2018-03-27 10:50:42'),
('35.09.23.2003', 'Tamansari', '2018-03-27 10:50:42', '2018-03-27 10:50:42'),
('35.09.23.2004', 'Mumbulsari', '2018-03-27 10:50:42', '2018-03-27 10:50:42'),
('35.09.23.2005', 'Suco', '2018-03-27 10:50:42', '2018-03-27 10:50:42'),
('35.09.23.2006', 'Lampeji', '2018-03-27 10:50:42', '2018-03-27 10:50:42'),
('35.09.23.2007', 'Karang Kedawung', '2018-03-27 10:50:42', '2018-03-27 10:50:42'),
('35.09.24', 'Pakusari', '2018-03-27 10:50:42', '2018-03-27 10:50:42'),
('35.09.24.2001', 'Patemon', '2018-03-27 10:50:42', '2018-03-27 10:50:42'),
('35.09.24.2002', 'Bedadung', '2018-03-27 10:50:42', '2018-03-27 10:50:42'),
('35.09.24.2003', 'Sumberpinang', '2018-03-27 10:50:42', '2018-03-27 10:50:42'),
('35.09.24.2004', 'Subo', '2018-03-27 10:50:42', '2018-03-27 10:50:42'),
('35.09.24.2005', 'Kertosari', '2018-03-27 10:50:42', '2018-03-27 10:50:42'),
('35.09.24.2006', 'Jatian', '2018-03-27 10:50:42', '2018-03-27 10:50:42'),
('35.09.24.2007', 'Pakusari', '2018-03-27 10:50:42', '2018-03-27 10:50:42'),
('35.09.25', 'Jelbuk', '2018-03-27 10:50:42', '2018-03-27 10:50:42'),
('35.09.25.2001', 'Sucopangepok', '2018-03-27 10:50:42', '2018-03-27 10:50:42'),
('35.09.25.2002', 'Panduman', '2018-03-27 10:50:42', '2018-03-27 10:50:42'),
('35.09.25.2003', 'Sukojember', '2018-03-27 10:50:42', '2018-03-27 10:50:42'),
('35.09.25.2004', 'Jelbuk', '2018-03-27 10:50:42', '2018-03-27 10:50:42'),
('35.09.25.2005', 'Sukowiryo', '2018-03-27 10:50:42', '2018-03-27 10:50:42'),
('35.09.25.2006', 'Sugerkidul', '2018-03-27 10:50:42', '2018-03-27 10:50:42'),
('35.09.26', 'Mayang', '2018-03-27 10:50:42', '2018-03-27 10:50:42'),
('35.09.26.2001', 'Mrawan', '2018-03-27 10:50:42', '2018-03-27 10:50:42'),
('35.09.26.2002', 'Mayang', '2018-03-27 10:50:42', '2018-03-27 10:50:42'),
('35.09.26.2003', 'Seputih', '2018-03-27 10:50:42', '2018-03-27 10:50:42'),
('35.09.26.2004', 'Tegalwaru', '2018-03-27 10:50:42', '2018-03-27 10:50:42'),
('35.09.26.2005', 'Tegalrejo', '2018-03-27 10:50:42', '2018-03-27 10:50:42'),
('35.09.26.2006', 'Sumberkejayan', '2018-03-27 10:50:42', '2018-03-27 10:50:42'),
('35.09.26.2007', 'Sidomukti', '2018-03-27 10:50:42', '2018-03-27 10:50:42'),
('35.09.27', 'Kalisat', '2018-03-27 10:50:42', '2018-03-27 10:50:42'),
('35.09.27.2001', 'Gumuksari', '2018-03-27 10:50:42', '2018-03-27 10:50:42'),
('35.09.27.2002', 'Sukoreno', '2018-03-27 10:50:42', '2018-03-27 10:50:42'),
('35.09.27.2003', 'Patempuran', '2018-03-27 10:50:42', '2018-03-27 10:50:42'),
('35.09.27.2004', 'Sumberkalong', '2018-03-27 10:50:42', '2018-03-27 10:50:42'),
('35.09.27.2005', 'Sumberjeruk', '2018-03-27 10:50:42', '2018-03-27 10:50:42'),
('35.09.27.2006', 'Glagahwero', '2018-03-27 10:50:42', '2018-03-27 10:50:42'),
('35.09.27.2007', 'Kalisat', '2018-03-27 10:50:42', '2018-03-27 10:50:42'),
('35.09.27.2008', 'Ajung', '2018-03-27 10:50:42', '2018-03-27 10:50:42'),
('35.09.27.2009', 'Plalangan', '2018-03-27 10:50:42', '2018-03-27 10:50:42'),
('35.09.27.2010', 'Gambiran', '2018-03-27 10:50:42', '2018-03-27 10:50:42'),
('35.09.27.2011', 'Sumberketempa', '2018-03-27 10:50:42', '2018-03-27 10:50:42'),
('35.09.27.2012', 'Sebanen', '2018-03-27 10:50:42', '2018-03-27 10:50:42'),
('35.09.28', 'Ledokombo', '2018-03-27 10:50:42', '2018-03-27 10:50:42'),
('35.09.28.2001', 'Lembengan', '2018-03-27 10:50:42', '2018-03-27 10:50:42'),
('35.09.28.2002', 'Suren', '2018-03-27 10:50:42', '2018-03-27 10:50:42'),
('35.09.28.2003', 'Karangpaiton', '2018-03-27 10:50:42', '2018-03-27 10:50:42'),
('35.09.28.2004', 'Sumberanget', '2018-03-27 10:50:42', '2018-03-27 10:50:42'),
('35.09.28.2005', 'Sukogidri', '2018-03-27 10:50:42', '2018-03-27 10:50:42'),
('35.09.28.2006', 'Ledokombo', '2018-03-27 10:50:42', '2018-03-27 10:50:42'),
('35.09.28.2007', 'Sumberlesung', '2018-03-27 10:50:42', '2018-03-27 10:50:42'),
('35.09.28.2008', 'Sumbersalak', '2018-03-27 10:50:42', '2018-03-27 10:50:42'),
('35.09.28.2009', 'Slateng', '2018-03-27 10:50:42', '2018-03-27 10:50:42'),
('35.09.28.2010', 'Sumberbulus', '2018-03-27 10:50:42', '2018-03-27 10:50:42'),
('35.09.29', 'Sukowono', '2018-03-27 10:50:42', '2018-03-27 10:50:42'),
('35.09.29.2001', 'Sumberwringin', '2018-03-27 10:50:42', '2018-03-27 10:50:42'),
('35.09.29.2002', 'Sukokerto', '2018-03-27 10:50:42', '2018-03-27 10:50:42'),
('35.09.29.2003', 'Sumberwaru', '2018-03-27 10:50:42', '2018-03-27 10:50:42'),
('35.09.29.2004', 'Sukowono', '2018-03-27 10:50:42', '2018-03-27 10:50:42'),
('35.09.29.2005', 'Baletbaru', '2018-03-27 10:50:42', '2018-03-27 10:50:42'),
('35.09.29.2006', 'Sukorejo', '2018-03-27 10:50:42', '2018-03-27 10:50:42'),
('35.09.29.2007', 'Sukosari', '2018-03-27 10:50:42', '2018-03-27 10:50:42'),
('35.09.29.2008', 'Arjasa', '2018-03-27 10:50:42', '2018-03-27 10:50:42'),
('35.09.29.2009', 'Sumberdanti', '2018-03-27 10:50:42', '2018-03-27 10:50:42'),
('35.09.29.2010', 'Pocangan', '2018-03-27 10:50:42', '2018-03-27 10:50:42'),
('35.09.29.2011', 'Dawuhanmangli', '2018-03-27 10:50:42', '2018-03-27 10:50:42'),
('35.09.29.2012', 'Mojogemi', '2018-03-27 10:50:42', '2018-03-27 10:50:42'),
('35.09.30', 'Silo', '2018-03-27 10:50:42', '2018-03-27 10:50:42'),
('35.09.30.2001', 'Sempolan', '2018-03-27 10:50:42', '2018-03-27 10:50:42'),
('35.09.30.2002', 'Harjomulyo', '2018-03-27 10:50:42', '2018-03-27 10:50:42'),
('35.09.30.2003', 'Karangharjo', '2018-03-27 10:50:42', '2018-03-27 10:50:42'),
('35.09.30.2004', 'Silo', '2018-03-27 10:50:42', '2018-03-27 10:50:42'),
('35.09.30.2005', 'Pace', '2018-03-27 10:50:42', '2018-03-27 10:50:42'),
('35.09.30.2006', 'Mulyorejo', '2018-03-27 10:50:42', '2018-03-27 10:50:42'),
('35.09.30.2007', 'Sumberjati', '2018-03-27 10:50:42', '2018-03-27 10:50:42'),
('35.09.30.2008', 'Garahan', '2018-03-27 10:50:42', '2018-03-27 10:50:42'),
('35.09.30.2009', 'Sidomulyo', '2018-03-27 10:50:42', '2018-03-27 10:50:42'),
('35.09.31', 'Sumberjambe', '2018-03-27 10:50:42', '2018-03-27 10:50:42'),
('35.09.31.2001', 'Plerean', '2018-03-27 10:50:42', '2018-03-27 10:50:42'),
('35.09.31.2002', 'Sumberpakem', '2018-03-27 10:50:42', '2018-03-27 10:50:42'),
('35.09.31.2003', 'Pringgondani', '2018-03-27 10:50:42', '2018-03-27 10:50:42'),
('35.09.31.2004', 'Randuagung', '2018-03-27 10:50:42', '2018-03-27 10:50:42'),
('35.09.31.2005', 'Cumedak', '2018-03-27 10:50:42', '2018-03-27 10:50:42'),
('35.09.31.2006', 'Sumberjambe', '2018-03-27 10:50:42', '2018-03-27 10:50:42'),
('35.09.31.2007', 'Gunungmalang', '2018-03-27 10:50:42', '2018-03-27 10:50:42'),
('35.09.31.2008', 'Jambearum', '2018-03-27 10:50:42', '2018-03-27 10:50:42'),
('35.09.31.2009', 'Rowosari', '2018-03-27 10:50:42', '2018-03-27 10:50:42'),
('35.10', 'KAB. BANYUWANGI', '2018-03-27 10:50:42', '2018-03-27 10:50:42'),
('35.10.01', 'Pesanggaran', '2018-03-27 10:50:42', '2018-03-27 10:50:42'),
('35.10.01.2001', 'Sarongan', '2018-03-27 10:50:42', '2018-03-27 10:50:42'),
('35.10.01.2002', 'Pesanggaran', '2018-03-27 10:50:42', '2018-03-27 10:50:42'),
('35.10.01.2004', 'Sumberagung', '2018-03-27 10:50:42', '2018-03-27 10:50:42'),
('35.10.01.2009', 'Kandangan', '2018-03-27 10:50:42', '2018-03-27 10:50:42'),
('35.10.01.2010', 'Sumbermulyo', '2018-03-27 10:50:42', '2018-03-27 10:50:42'),
('35.10.02', 'Bangorejo', '2018-03-27 10:50:42', '2018-03-27 10:50:42'),
('35.10.02.2001', 'Sukorejo', '2018-03-27 10:50:42', '2018-03-27 10:50:42'),
('35.10.02.2002', 'Sambirejo', '2018-03-27 10:50:42', '2018-03-27 10:50:42'),
('35.10.02.2003', 'Temurejo', '2018-03-27 10:50:42', '2018-03-27 10:50:42'),
('35.10.02.2004', 'Bangorejo', '2018-03-27 10:50:42', '2018-03-27 10:50:42'),
('35.10.02.2005', 'Kebondalem', '2018-03-27 10:50:42', '2018-03-27 10:50:42'),
('35.10.02.2006', 'Sambimulyo', '2018-03-27 10:50:42', '2018-03-27 10:50:42'),
('35.10.02.2007', 'Ringintelu', '2018-03-27 10:50:42', '2018-03-27 10:50:42'),
('35.10.03', 'Purwoharjo', '2018-03-27 10:50:42', '2018-03-27 10:50:42'),
('35.10.03.2001', 'Grajagan', '2018-03-27 10:50:42', '2018-03-27 10:50:42'),
('35.10.03.2002', 'Sumberasri', '2018-03-27 10:50:42', '2018-03-27 10:50:42'),
('35.10.03.2003', 'Glagahagung', '2018-03-27 10:50:42', '2018-03-27 10:50:42'),
('35.10.03.2004', 'Sidorejo', '2018-03-27 10:50:42', '2018-03-27 10:50:42'),
('35.10.03.2005', 'Purwoharjo', '2018-03-27 10:50:42', '2018-03-27 10:50:42'),
('35.10.03.2006', 'Bulurejo', '2018-03-27 10:50:42', '2018-03-27 10:50:42'),
('35.10.03.2007', 'Kradenan', '2018-03-27 10:50:42', '2018-03-27 10:50:42'),
('35.10.03.2008', 'Karetan', '2018-03-27 10:50:42', '2018-03-27 10:50:42'),
('35.10.04', 'Tegaldlimo', '2018-03-27 10:50:42', '2018-03-27 10:50:42'),
('35.10.04.2001', 'Purwoasri', '2018-03-27 10:50:42', '2018-03-27 10:50:42'),
('35.10.04.2002', 'Kendalrejo', '2018-03-27 10:50:42', '2018-03-27 10:50:42'),
('35.10.04.2003', 'Kedungasri', '2018-03-27 10:50:42', '2018-03-27 10:50:42'),
('35.10.04.2004', 'Kedungwungu', '2018-03-27 10:50:42', '2018-03-27 10:50:42'),
('35.10.04.2005', 'Tegaldlimo', '2018-03-27 10:50:42', '2018-03-27 10:50:42'),
('35.10.04.2006', 'Wringinpitu', '2018-03-27 10:50:42', '2018-03-27 10:50:42'),
('35.10.04.2007', 'Kedunggebang', '2018-03-27 10:50:42', '2018-03-27 10:50:42'),
('35.10.04.2008', 'Purwoagung', '2018-03-27 10:50:42', '2018-03-27 10:50:42'),
('35.10.04.2009', 'Kalipait', '2018-03-27 10:50:42', '2018-03-27 10:50:42'),
('35.10.05', 'Muncar', '2018-03-27 10:50:42', '2018-03-27 10:50:42'),
('35.10.05.2001', 'Sumber Beras', '2018-03-27 10:50:42', '2018-03-27 10:50:42'),
('35.10.05.2002', 'Kedungrejo', '2018-03-27 10:50:42', '2018-03-27 10:50:42'),
('35.10.05.2003', 'Tembokrejo', '2018-03-27 10:50:42', '2018-03-27 10:50:42'),
('35.10.05.2004', 'Sumbersewu', '2018-03-27 10:50:42', '2018-03-27 10:50:42'),
('35.10.05.2005', 'Blambangan', '2018-03-27 10:50:42', '2018-03-27 10:50:42'),
('35.10.05.2006', 'Tapanrejo', '2018-03-27 10:50:42', '2018-03-27 10:50:42'),
('35.10.05.2007', 'Wringinputih', '2018-03-27 10:50:42', '2018-03-27 10:50:42'),
('35.10.05.2008', 'Tambakrejo', '2018-03-27 10:50:42', '2018-03-27 10:50:42'),
('35.10.05.2009', 'Kedungringin', '2018-03-27 10:50:42', '2018-03-27 10:50:42'),
('35.10.05.2010', 'Kumendung', '2018-03-27 10:50:42', '2018-03-27 10:50:42'),
('35.10.06', 'Cluring', '2018-03-27 10:50:42', '2018-03-27 10:50:42'),
('35.10.06.2001', 'Plampangrejo', '2018-03-27 10:50:42', '2018-03-27 10:50:42'),
('35.10.06.2002', 'Tampo', '2018-03-27 10:50:42', '2018-03-27 10:50:42'),
('35.10.06.2003', 'Sembulung', '2018-03-27 10:50:42', '2018-03-27 10:50:42'),
('35.10.06.2004', 'Cluring', '2018-03-27 10:50:42', '2018-03-27 10:50:42'),
('35.10.06.2005', 'Benculuk', '2018-03-27 10:50:42', '2018-03-27 10:50:42'),
('35.10.06.2006', 'Sraten', '2018-03-27 10:50:42', '2018-03-27 10:50:42'),
('35.10.06.2007', 'Tamanagung', '2018-03-27 10:50:42', '2018-03-27 10:50:42'),
('35.10.06.2008', 'Sarimulyo', '2018-03-27 10:50:42', '2018-03-27 10:50:42'),
('35.10.06.2009', 'Kaliploso', '2018-03-27 10:50:42', '2018-03-27 10:50:42'),
('35.10.07', 'Gambiran', '2018-03-27 10:50:42', '2018-03-27 10:50:42'),
('35.10.07.2001', 'Purwodadi', '2018-03-27 10:50:42', '2018-03-27 10:50:42'),
('35.10.07.2002', 'Jajag', '2018-03-27 10:50:42', '2018-03-27 10:50:42'),
('35.10.07.2007', 'Gambiran', '2018-03-27 10:50:42', '2018-03-27 10:50:42'),
('35.10.07.2008', 'Yosomulyo', '2018-03-27 10:50:42', '2018-03-27 10:50:42'),
('35.10.07.2009', 'Wringinrejo', '2018-03-27 10:50:42', '2018-03-27 10:50:42'),
('35.10.07.2010', 'Wringinagung', '2018-03-27 10:50:42', '2018-03-27 10:50:42'),
('35.10.08', 'Srono', '2018-03-27 10:50:42', '2018-03-27 10:50:42'),
('35.10.08.2001', 'Bangorejo', '2018-03-27 10:50:42', '2018-03-27 10:50:42'),
('35.10.08.2002', 'Wonosobo', '2018-03-27 10:50:42', '2018-03-27 10:50:42'),
('35.10.08.2003', 'Sukonatar', '2018-03-27 10:50:42', '2018-03-27 10:50:42'),
('35.10.08.2004', 'Kebaman', '2018-03-27 10:50:42', '2018-03-27 10:50:42'),
('35.10.08.2005', 'Sumbersari', '2018-03-27 10:50:42', '2018-03-27 10:50:42'),
('35.10.08.2006', 'Parijatah Wetan', '2018-03-27 10:50:42', '2018-03-27 10:50:42'),
('35.10.08.2007', 'Parijatah Kulon', '2018-03-27 10:50:42', '2018-03-27 10:50:42'),
('35.10.08.2008', 'Rejoagung', '2018-03-27 10:50:42', '2018-03-27 10:50:42'),
('35.10.08.2009', 'Kepundungan', '2018-03-27 10:50:42', '2018-03-27 10:50:42'),
('35.10.08.2010', 'Sukomaju', '2018-03-27 10:50:42', '2018-03-27 10:50:42'),
('35.10.09', 'Genteng', '2018-03-27 10:50:42', '2018-03-27 10:50:42'),
('35.10.09.2001', 'Kembiritan', '2018-03-27 10:50:42', '2018-03-27 10:50:42'),
('35.10.09.2002', 'Gentengwetan', '2018-03-27 10:50:42', '2018-03-27 10:50:42'),
('35.10.09.2003', 'Gentengkulon', '2018-03-27 10:50:42', '2018-03-27 10:50:42'),
('35.10.09.2004', 'Setail', '2018-03-27 10:50:42', '2018-03-27 10:50:42'),
('35.10.09.2005', 'Kaligondo', '2018-03-27 10:50:42', '2018-03-27 10:50:42'),
('35.10.10', 'Glenmore', '2018-03-27 10:50:42', '2018-03-27 10:50:42'),
('35.10.10.2001', 'Tegalharjo', '2018-03-27 10:50:42', '2018-03-27 10:50:42'),
('35.10.10.2002', 'Sepanjang', '2018-03-27 10:50:42', '2018-03-27 10:50:42'),
('35.10.10.2003', 'Karangharjo', '2018-03-27 10:50:42', '2018-03-27 10:50:42'),
('35.10.10.2004', 'Tulungrejo', '2018-03-27 10:50:42', '2018-03-27 10:50:42'),
('35.10.10.2005', 'Sumbergondo', '2018-03-27 10:50:42', '2018-03-27 10:50:42'),
('35.10.10.2006', 'Bumiharjo', '2018-03-27 10:50:42', '2018-03-27 10:50:42'),
('35.10.10.2007', 'Margomulyo', '2018-03-27 10:50:42', '2018-03-27 10:50:42'),
('35.10.11', 'Kalibaru', '2018-03-27 10:50:42', '2018-03-27 10:50:42'),
('35.10.11.2001', 'Kalibarukulon', '2018-03-27 10:50:42', '2018-03-27 10:50:42'),
('35.10.11.2002', 'Kalibarumanis', '2018-03-27 10:50:42', '2018-03-27 10:50:42'),
('35.10.11.2003', 'Kalibaruwetan', '2018-03-27 10:50:42', '2018-03-27 10:50:42'),
('35.10.11.2004', 'Kajar Harjo', '2018-03-27 10:50:42', '2018-03-27 10:50:42'),
('35.10.11.2005', 'Banyuanyar', '2018-03-27 10:50:42', '2018-03-27 10:50:42'),
('35.10.11.2006', 'Kebonrejo', '2018-03-27 10:50:42', '2018-03-27 10:50:42'),
('35.10.12', 'Singojuruh', '2018-03-27 10:50:42', '2018-03-27 10:50:42'),
('35.10.12.2001', 'Gambor', '2018-03-27 10:50:42', '2018-03-27 10:50:42'),
('35.10.12.2002', 'Alasmalang', '2018-03-27 10:50:42', '2018-03-27 10:50:42'),
('35.10.12.2003', 'Benelan Kidul', '2018-03-27 10:50:42', '2018-03-27 10:50:42'),
('35.10.12.2004', 'Lemahbang Kulon', '2018-03-27 10:50:42', '2018-03-27 10:50:42'),
('35.10.12.2005', 'Singojuruh', '2018-03-27 10:50:42', '2018-03-27 10:50:42'),
('35.10.12.2006', 'Gumirih', '2018-03-27 10:50:42', '2018-03-27 10:50:42'),
('35.10.12.2007', 'Cantuk', '2018-03-27 10:50:42', '2018-03-27 10:50:42'),
('35.10.12.2008', 'Padang', '2018-03-27 10:50:42', '2018-03-27 10:50:42'),
('35.10.12.2009', 'Singolatren', '2018-03-27 10:50:42', '2018-03-27 10:50:42'),
('35.10.12.2010', 'Kemiri', '2018-03-27 10:50:42', '2018-03-27 10:50:42'),
('35.10.12.2011', 'Sumberbaru', '2018-03-27 10:50:42', '2018-03-27 10:50:42'),
('35.10.13', 'Rogojampi', '2018-03-27 10:50:42', '2018-03-27 10:50:42'),
('35.10.13.2001', 'Aliyan', '2018-03-27 10:50:42', '2018-03-27 10:50:42'),
('35.10.13.2002', 'Mangir', '2018-03-27 10:50:42', '2018-03-27 10:50:42'),
('35.10.13.2003', 'Kaligung', '2018-03-27 10:50:42', '2018-03-27 10:50:42'),
('35.10.13.2004', 'Bomo', '2018-03-27 10:50:42', '2018-03-27 10:50:42'),
('35.10.13.2005', 'Gintangan', '2018-03-27 10:50:42', '2018-03-27 10:50:42'),
('35.10.13.2006', 'Gladag', '2018-03-27 10:50:42', '2018-03-27 10:50:42'),
('35.10.13.2007', 'Bubuk', '2018-03-27 10:50:42', '2018-03-27 10:50:42'),
('35.10.13.2008', 'Lemahbangdewo', '2018-03-27 10:50:42', '2018-03-27 10:50:42'),
('35.10.13.2009', 'Kaotan', '2018-03-27 10:50:42', '2018-03-27 10:50:42'),
('35.10.13.2010', 'Gitik', '2018-03-27 10:50:42', '2018-03-27 10:50:42');
INSERT INTO `tbl_wilayah` (`kode`, `nama`, `dtm_crt`, `dtm_upd`) VALUES
('35.10.13.2011', 'Blimbingsari', '2018-03-27 10:50:42', '2018-03-27 10:50:42'),
('35.10.13.2012', 'Karangbendo', '2018-03-27 10:50:42', '2018-03-27 10:50:42'),
('35.10.13.2013', 'Rogojampi', '2018-03-27 10:50:42', '2018-03-27 10:50:42'),
('35.10.13.2014', 'Pengatigan', '2018-03-27 10:50:42', '2018-03-27 10:50:42'),
('35.10.13.2015', 'Watukebo', '2018-03-27 10:50:42', '2018-03-27 10:50:42'),
('35.10.13.2016', 'Karangrejo', '2018-03-27 10:50:42', '2018-03-27 10:50:42'),
('35.10.13.2017', 'Patoman', '2018-03-27 10:50:42', '2018-03-27 10:50:42'),
('35.10.13.2018', 'Kedaleman', '2018-03-27 10:50:42', '2018-03-27 10:50:42'),
('35.10.14', 'Kabat', '2018-03-27 10:50:42', '2018-03-27 10:50:42'),
('35.10.14.2001', 'Bareng', '2018-03-27 10:50:42', '2018-03-27 10:50:42'),
('35.10.14.2002', 'Bunder', '2018-03-27 10:50:42', '2018-03-27 10:50:42'),
('35.10.14.2003', 'Gombolirang', '2018-03-27 10:50:42', '2018-03-27 10:50:42'),
('35.10.14.2004', 'Benelanlor', '2018-03-27 10:50:42', '2018-03-27 10:50:42'),
('35.10.14.2005', 'Labanasem', '2018-03-27 10:50:42', '2018-03-27 10:50:42'),
('35.10.14.2006', 'Pakistaji', '2018-03-27 10:50:42', '2018-03-27 10:50:42'),
('35.10.14.2007', 'Badean', '2018-03-27 10:50:42', '2018-03-27 10:50:42'),
('35.10.14.2008', 'Sukojati', '2018-03-27 10:50:42', '2018-03-27 10:50:42'),
('35.10.14.2009', 'Pondoknongko', '2018-03-27 10:50:42', '2018-03-27 10:50:42'),
('35.10.14.2010', 'Dadapan', '2018-03-27 10:50:42', '2018-03-27 10:50:42'),
('35.10.14.2011', 'Kedayunan', '2018-03-27 10:50:42', '2018-03-27 10:50:42'),
('35.10.14.2012', 'Kabat', '2018-03-27 10:50:42', '2018-03-27 10:50:42'),
('35.10.14.2013', 'Macanputih', '2018-03-27 10:50:42', '2018-03-27 10:50:42'),
('35.10.14.2014', 'Tambong', '2018-03-27 10:50:42', '2018-03-27 10:50:42'),
('35.10.14.2015', 'Pendarungan', '2018-03-27 10:50:42', '2018-03-27 10:50:42'),
('35.10.14.2016', 'Kalirejo', '2018-03-27 10:50:42', '2018-03-27 10:50:42'),
('35.10.15', 'Glagah', '2018-03-27 10:50:42', '2018-03-27 10:50:42'),
('35.10.15.2001', 'Rejosari', '2018-03-27 10:50:42', '2018-03-27 10:50:42'),
('35.10.15.1002', 'Bakungan', '2018-03-27 10:50:42', '2018-03-27 10:50:42'),
('35.10.15.1003', 'Banjarsari', '2018-03-27 10:50:42', '2018-03-27 10:50:42'),
('35.10.15.2004', 'Kemiren', '2018-03-27 10:50:42', '2018-03-27 10:50:42'),
('35.10.15.2005', 'Olehsari', '2018-03-27 10:50:42', '2018-03-27 10:50:42'),
('35.10.15.2006', 'Glagah', '2018-03-27 10:50:42', '2018-03-27 10:50:42'),
('35.10.15.2007', 'Paspan', '2018-03-27 10:50:42', '2018-03-27 10:50:42'),
('35.10.15.2010', 'Taman Suruh', '2018-03-27 10:50:42', '2018-03-27 10:50:42'),
('35.10.15.2011', 'Kenjo', '2018-03-27 10:50:42', '2018-03-27 10:50:42'),
('35.10.15.2012', 'Kampung Anyar', '2018-03-27 10:50:42', '2018-03-27 10:50:42'),
('35.10.16', 'Banyuwangi', '2018-03-27 10:50:42', '2018-03-27 10:50:42'),
('35.10.16.1001', 'Pakis', '2018-03-27 10:50:42', '2018-03-27 10:50:42'),
('35.10.16.1002', 'Sobo', '2018-03-27 10:50:42', '2018-03-27 10:50:42'),
('35.10.16.1003', 'Kebalenan', '2018-03-27 10:50:42', '2018-03-27 10:50:42'),
('35.10.16.1004', 'Penganjuran', '2018-03-27 10:50:42', '2018-03-27 10:50:42'),
('35.10.16.1005', 'Tukangkayu', '2018-03-27 10:50:42', '2018-03-27 10:50:42'),
('35.10.16.1006', 'Kertosari', '2018-03-27 10:50:42', '2018-03-27 10:50:42'),
('35.10.16.1007', 'Karangrejo', '2018-03-27 10:50:42', '2018-03-27 10:50:42'),
('35.10.16.1008', 'Kepatihan', '2018-03-27 10:50:42', '2018-03-27 10:50:42'),
('35.10.16.1009', 'Panderejo', '2018-03-27 10:50:42', '2018-03-27 10:50:42'),
('35.10.16.1010', 'Singonegaran', '2018-03-27 10:50:42', '2018-03-27 10:50:42'),
('35.10.16.1011', 'Temenggungan', '2018-03-27 10:50:42', '2018-03-27 10:50:42'),
('35.10.16.1012', 'Kampungmelayu', '2018-03-27 10:50:42', '2018-03-27 10:50:42'),
('35.10.16.1013', 'Kampungmandar', '2018-03-27 10:50:42', '2018-03-27 10:50:42'),
('35.10.16.1014', 'Lateng', '2018-03-27 10:50:42', '2018-03-27 10:50:42'),
('35.10.16.1015', 'Singotrunan', '2018-03-27 10:50:42', '2018-03-27 10:50:42'),
('35.10.16.1016', 'Pengantigan', '2018-03-27 10:50:42', '2018-03-27 10:50:42'),
('35.10.16.1017', 'Tamanbaru', '2018-03-27 10:50:42', '2018-03-27 10:50:42'),
('35.10.16.1018', 'Sumberrejo', '2018-03-27 10:50:42', '2018-03-27 10:50:42'),
('35.10.17', 'Giri', '2018-03-27 10:50:42', '2018-03-27 10:50:42'),
('35.10.17.2001', 'Jambesari', '2018-03-27 10:50:42', '2018-03-27 10:50:42'),
('35.10.17.1002', 'Boyolangu', '2018-03-27 10:50:42', '2018-03-27 10:50:42'),
('35.10.17.1003', 'Mojopanggung', '2018-03-27 10:50:42', '2018-03-27 10:50:42'),
('35.10.17.1004', 'Penataban', '2018-03-27 10:50:42', '2018-03-27 10:50:42'),
('35.10.17.1005', 'Giri', '2018-03-27 10:50:42', '2018-03-27 10:50:42'),
('35.10.17.2006', 'Grogol', '2018-03-27 10:50:42', '2018-03-27 10:50:42'),
('35.10.18', 'Wongsorejo', '2018-03-27 10:50:42', '2018-03-27 10:50:42'),
('35.10.18.2001', 'Bangsring', '2018-03-27 10:50:42', '2018-03-27 10:50:42'),
('35.10.18.2002', 'Bengkak', '2018-03-27 10:50:42', '2018-03-27 10:50:42'),
('35.10.18.2003', 'Alas Bulu', '2018-03-27 10:50:42', '2018-03-27 10:50:42'),
('35.10.18.2004', 'Wongsorejo', '2018-03-27 10:50:42', '2018-03-27 10:50:42'),
('35.10.18.2005', 'Sumberkencono', '2018-03-27 10:50:42', '2018-03-27 10:50:42'),
('35.10.18.2006', 'Sidodadi', '2018-03-27 10:50:42', '2018-03-27 10:50:42'),
('35.10.18.2007', 'Bajulmati', '2018-03-27 10:50:42', '2018-03-27 10:50:42'),
('35.10.18.2008', 'Watukebo', '2018-03-27 10:50:42', '2018-03-27 10:50:42'),
('35.10.18.2009', 'Alas Rejo', '2018-03-27 10:50:42', '2018-03-27 10:50:42'),
('35.10.18.2010', 'Sidowangi', '2018-03-27 10:50:42', '2018-03-27 10:50:42'),
('35.10.18.2011', 'Sumberanyar', '2018-03-27 10:50:42', '2018-03-27 10:50:42'),
('35.10.18.2012', 'Bimorejo', '2018-03-27 10:50:42', '2018-03-27 10:50:42'),
('35.10.19', 'Songgon', '2018-03-27 10:50:42', '2018-03-27 10:50:42'),
('35.10.19.2001', 'Songgon', '2018-03-27 10:50:42', '2018-03-27 10:50:42'),
('35.10.19.2002', 'Balak', '2018-03-27 10:50:42', '2018-03-27 10:50:42'),
('35.10.19.2003', 'Sragi', '2018-03-27 10:50:42', '2018-03-27 10:50:42'),
('35.10.19.2004', 'Parangharjo', '2018-03-27 10:50:42', '2018-03-27 10:50:42'),
('35.10.19.2005', 'Bedewang', '2018-03-27 10:50:42', '2018-03-27 10:50:42'),
('35.10.19.2006', 'Bayu', '2018-03-27 10:50:42', '2018-03-27 10:50:42'),
('35.10.19.2007', 'Sumberarum', '2018-03-27 10:50:42', '2018-03-27 10:50:42'),
('35.10.19.2008', 'Sumberbulu', '2018-03-27 10:50:42', '2018-03-27 10:50:42'),
('35.10.19.2009', 'Bangunsari', '2018-03-27 10:50:42', '2018-03-27 10:50:42'),
('35.10.20', 'Sempu', '2018-03-27 10:50:42', '2018-03-27 10:50:42'),
('35.10.20.2001', 'Sempu', '2018-03-27 10:50:42', '2018-03-27 10:50:42'),
('35.10.20.2002', 'Jambewangi', '2018-03-27 10:50:42', '2018-03-27 10:50:42'),
('35.10.20.2003', 'Karangsari', '2018-03-27 10:50:42', '2018-03-27 10:50:42'),
('35.10.20.2004', 'Temuguruh', '2018-03-27 10:50:42', '2018-03-27 10:50:42'),
('35.10.20.2005', 'Gendoh', '2018-03-27 10:50:42', '2018-03-27 10:50:42'),
('35.10.20.2006', 'Temuasri', '2018-03-27 10:50:42', '2018-03-27 10:50:42'),
('35.10.20.2007', 'Tegalarum', '2018-03-27 10:50:42', '2018-03-27 10:50:42'),
('35.10.21', 'Kalipuro', '2018-03-27 10:50:42', '2018-03-27 10:50:42'),
('35.10.21.1001', 'Kalipuro', '2018-03-27 10:50:42', '2018-03-27 10:50:42'),
('35.10.21.1002', 'Klatak', '2018-03-27 10:50:42', '2018-03-27 10:50:42'),
('35.10.21.2003', 'Ketapang', '2018-03-27 10:50:42', '2018-03-27 10:50:42'),
('35.10.21.2004', 'Pesucen', '2018-03-27 10:50:42', '2018-03-27 10:50:42'),
('35.10.21.2005', 'Kelir', '2018-03-27 10:50:42', '2018-03-27 10:50:42'),
('35.10.21.1006', 'Gombengsari', '2018-03-27 10:50:42', '2018-03-27 10:50:42'),
('35.10.21.1007', 'Bulusan', '2018-03-27 10:50:42', '2018-03-27 10:50:42'),
('35.10.21.2008', 'Telemung', '2018-03-27 10:50:42', '2018-03-27 10:50:42'),
('35.10.21.2009', 'Bulusari', '2018-03-27 10:50:42', '2018-03-27 10:50:42'),
('35.10.22', 'Siliragung', '2018-03-27 10:50:42', '2018-03-27 10:50:42'),
('35.10.22.2001', 'Buluagung', '2018-03-27 10:50:42', '2018-03-27 10:50:42'),
('35.10.22.2002', 'Siliragung', '2018-03-27 10:50:42', '2018-03-27 10:50:42'),
('35.10.22.2003', 'Kesilir', '2018-03-27 10:50:42', '2018-03-27 10:50:42'),
('35.10.22.2004', 'Sineporejo', '2018-03-27 10:50:42', '2018-03-27 10:50:42'),
('35.10.22.2005', 'Barurejo', '2018-03-27 10:50:42', '2018-03-27 10:50:42'),
('35.10.23', 'Tegalsari', '2018-03-27 10:50:42', '2018-03-27 10:50:42'),
('35.10.23.2001', 'Tegalsari', '2018-03-27 10:50:42', '2018-03-27 10:50:42'),
('35.10.23.2002', 'Karangdoro', '2018-03-27 10:50:42', '2018-03-27 10:50:42'),
('35.10.23.2003', 'Tamansari', '2018-03-27 10:50:42', '2018-03-27 10:50:42'),
('35.10.23.2004', 'Dasri', '2018-03-27 10:50:42', '2018-03-27 10:50:42'),
('35.10.23.2005', 'Karangmulyo', '2018-03-27 10:50:42', '2018-03-27 10:50:42'),
('35.10.23.2006', 'Tegalrejo', '2018-03-27 10:50:42', '2018-03-27 10:50:42'),
('35.10.24', 'Licin', '2018-03-27 10:50:42', '2018-03-27 10:50:42'),
('35.10.24.2001', 'Gumuk', '2018-03-27 10:50:42', '2018-03-27 10:50:42'),
('35.10.24.2002', 'Jelun', '2018-03-27 10:50:42', '2018-03-27 10:50:42'),
('35.10.24.2003', 'Licin', '2018-03-27 10:50:42', '2018-03-27 10:50:42'),
('35.10.24.2004', 'Banjar', '2018-03-27 10:50:42', '2018-03-27 10:50:42'),
('35.10.24.2005', 'Segobang', '2018-03-27 10:50:42', '2018-03-27 10:50:42'),
('35.10.24.2006', 'Pakel', '2018-03-27 10:50:42', '2018-03-27 10:50:42'),
('35.10.24.2007', 'Kluncing', '2018-03-27 10:50:42', '2018-03-27 10:50:42'),
('35.10.24.2008', 'Tamansari', '2018-03-27 10:50:42', '2018-03-27 10:50:42'),
('35.11', 'KAB. BONDOWOSO', '2018-03-27 10:50:42', '2018-03-27 10:50:42'),
('35.11.01', 'Maesan', '2018-03-27 10:50:42', '2018-03-27 10:50:42'),
('35.11.01.2001', 'Secolor', '2018-03-27 10:50:42', '2018-03-27 10:50:42'),
('35.11.01.2002', 'Pujer Baru', '2018-03-27 10:50:42', '2018-03-27 10:50:42'),
('35.11.01.2003', 'Tanahwulan', '2018-03-27 10:50:42', '2018-03-27 10:50:42'),
('35.11.01.2004', 'Maesan', '2018-03-27 10:50:42', '2018-03-27 10:50:42'),
('35.11.01.2005', 'Gambangan', '2018-03-27 10:50:42', '2018-03-27 10:50:42'),
('35.11.01.2006', 'Suger Lor', '2018-03-27 10:50:42', '2018-03-27 10:50:42'),
('35.11.01.2007', 'Sumber Pakem', '2018-03-27 10:50:42', '2018-03-27 10:50:42'),
('35.11.01.2008', 'Sumbersari', '2018-03-27 10:50:42', '2018-03-27 10:50:42'),
('35.11.01.2009', 'Sumber Anyar', '2018-03-27 10:50:42', '2018-03-27 10:50:42'),
('35.11.01.2010', 'Penanggungan', '2018-03-27 10:50:42', '2018-03-27 10:50:42'),
('35.11.01.2011', 'Pakuniran', '2018-03-27 10:50:42', '2018-03-27 10:50:42'),
('35.11.01.2012', 'Gunungsari', '2018-03-27 10:50:42', '2018-03-27 10:50:42'),
('35.11.02', 'Tamanan', '2018-03-27 10:50:42', '2018-03-27 10:50:42'),
('35.11.02.2001', 'Sukosari', '2018-03-27 10:50:42', '2018-03-27 10:50:42'),
('35.11.02.2002', 'Karang Melok', '2018-03-27 10:50:42', '2018-03-27 10:50:42'),
('35.11.02.2003', 'Mengen', '2018-03-27 10:50:42', '2018-03-27 10:50:42'),
('35.11.02.2004', 'Kemirian', '2018-03-27 10:50:42', '2018-03-27 10:50:42'),
('35.11.02.2005', 'Tamanan', '2018-03-27 10:50:42', '2018-03-27 10:50:42'),
('35.11.02.2006', 'Wonosuko', '2018-03-27 10:50:42', '2018-03-27 10:50:42'),
('35.11.02.2007', 'Kalianyar', '2018-03-27 10:50:42', '2018-03-27 10:50:42'),
('35.11.02.2012', 'Sumber Kemuning', '2018-03-27 10:50:42', '2018-03-27 10:50:42'),
('35.11.02.2014', 'Sumber Anom', '2018-03-27 10:50:42', '2018-03-27 10:50:42'),
('35.11.03', 'Tlogosari', '2018-03-27 10:50:42', '2018-03-27 10:50:42'),
('35.11.03.2001', 'Kembang', '2018-03-27 10:50:42', '2018-03-27 10:50:42'),
('35.11.03.2002', 'Gunosari', '2018-03-27 10:50:42', '2018-03-27 10:50:42'),
('35.11.03.2003', 'Trotosari', '2018-03-27 10:50:42', '2018-03-27 10:50:42'),
('35.11.03.2004', 'Jebung Kidul', '2018-03-27 10:50:42', '2018-03-27 10:50:42'),
('35.11.03.2005', 'Sulek', '2018-03-27 10:50:42', '2018-03-27 10:50:42'),
('35.11.03.2006', 'Tlogosari', '2018-03-27 10:50:42', '2018-03-27 10:50:42'),
('35.11.03.2007', 'Pakisan', '2018-03-27 10:50:42', '2018-03-27 10:50:42'),
('35.11.03.2008', 'Patemon', '2018-03-27 10:50:42', '2018-03-27 10:50:42'),
('35.11.03.2009', 'Jebung Lor', '2018-03-27 10:50:42', '2018-03-27 10:50:42'),
('35.11.03.2010', 'Brambang Darussalam', '2018-03-27 10:50:42', '2018-03-27 10:50:42'),
('35.11.04', 'Sukosari', '2018-03-27 10:50:42', '2018-03-27 10:50:42'),
('35.11.04.2001', 'Sukosari Lor', '2018-03-27 10:50:42', '2018-03-27 10:50:42'),
('35.11.04.2002', 'Nogosari', '2018-03-27 10:50:42', '2018-03-27 10:50:42'),
('35.11.04.2003', 'Pecalongan', '2018-03-27 10:50:42', '2018-03-27 10:50:42'),
('35.11.04.2004', 'Kerang', '2018-03-27 10:50:42', '2018-03-27 10:50:42'),
('35.11.05', 'Pujer', '2018-03-27 10:50:42', '2018-03-27 10:50:42'),
('35.11.05.2001', 'Alas Sumur', '2018-03-27 10:50:42', '2018-03-27 10:50:42'),
('35.11.05.2002', 'Kejayan', '2018-03-27 10:50:42', '2018-03-27 10:50:42'),
('35.11.05.2003', 'Mangli', '2018-03-27 10:50:42', '2018-03-27 10:50:42'),
('35.11.05.2004', 'Maskuning Kulon', '2018-03-27 10:50:42', '2018-03-27 10:50:42'),
('35.11.05.2005', 'Maskuning Wetan', '2018-03-27 10:50:42', '2018-03-27 10:50:42'),
('35.11.05.2006', 'Mengok', '2018-03-27 10:50:42', '2018-03-27 10:50:42'),
('35.11.05.2007', 'Padasan', '2018-03-27 10:50:42', '2018-03-27 10:50:42'),
('35.11.05.2009', 'Randu Cangkring', '2018-03-27 10:50:42', '2018-03-27 10:50:42'),
('35.11.05.2010', 'Suko Kerto', '2018-03-27 10:50:42', '2018-03-27 10:50:42'),
('35.11.05.2011', 'Sukowono', '2018-03-27 10:50:42', '2018-03-27 10:50:42'),
('35.11.05.2012', 'Sukodono', '2018-03-27 10:50:42', '2018-03-27 10:50:42'),
('35.11.06', 'Grujugan', '2018-03-27 10:50:42', '2018-03-27 10:50:42'),
('35.11.06.2002', 'Tegal Mijin', '2018-03-27 10:50:42', '2018-03-27 10:50:42'),
('35.11.06.2003', 'Pekauman', '2018-03-27 10:50:42', '2018-03-27 10:50:42'),
('35.11.06.2004', 'Sumber Pandan', '2018-03-27 10:50:42', '2018-03-27 10:50:42'),
('35.11.06.2005', 'Wanisodo', '2018-03-27 10:50:42', '2018-03-27 10:50:42'),
('35.11.06.2006', 'Kabuaran', '2018-03-27 10:50:42', '2018-03-27 10:50:42'),
('35.11.06.2007', 'Wonosari', '2018-03-27 10:50:42', '2018-03-27 10:50:42'),
('35.11.06.2008', 'Dadapan', '2018-03-27 10:50:42', '2018-03-27 10:50:42'),
('35.11.06.2009', 'Dawuhan', '2018-03-27 10:50:42', '2018-03-27 10:50:42'),
('35.11.06.2010', 'Taman', '2018-03-27 10:50:42', '2018-03-27 10:50:42'),
('35.11.06.2011', 'Grujugan Kidul', '2018-03-27 10:50:42', '2018-03-27 10:50:42'),
('35.11.06.2013', 'Kejawan', '2018-03-27 10:50:42', '2018-03-27 10:50:42'),
('35.11.07', 'Curahdami', '2018-03-27 10:50:42', '2018-03-27 10:50:42'),
('35.11.07.2001', 'Jetis', '2018-03-27 10:50:42', '2018-03-27 10:50:42'),
('35.11.07.2002', 'Pakuwesi', '2018-03-27 10:50:42', '2018-03-27 10:50:42'),
('35.11.07.2003', 'Kupang', '2018-03-27 10:50:42', '2018-03-27 10:50:42'),
('35.11.07.2004', 'Petung', '2018-03-27 10:50:42', '2018-03-27 10:50:42'),
('35.11.07.2005', 'Panambangan', '2018-03-27 10:50:42', '2018-03-27 10:50:42'),
('35.11.07.2006', 'Curahpoh', '2018-03-27 10:50:42', '2018-03-27 10:50:42'),
('35.11.07.2007', 'Poncogati', '2018-03-27 10:50:42', '2018-03-27 10:50:42'),
('35.11.07.2008', 'Sumber Suko', '2018-03-27 10:50:42', '2018-03-27 10:50:42'),
('35.11.07.1009', 'Curahdami', '2018-03-27 10:50:42', '2018-03-27 10:50:42'),
('35.11.07.2010', 'Selolembu', '2018-03-27 10:50:42', '2018-03-27 10:50:42'),
('35.11.07.2011', 'Locare', '2018-03-27 10:50:42', '2018-03-27 10:50:42'),
('35.11.07.2012', 'Sumber Salak', '2018-03-27 10:50:42', '2018-03-27 10:50:42'),
('35.11.08', 'Tenggarang', '2018-03-27 10:50:42', '2018-03-27 10:50:42'),
('35.11.08.2001', 'Kesemek', '2018-03-27 10:50:42', '2018-03-27 10:50:42'),
('35.11.08.2002', 'Lojajar', '2018-03-27 10:50:42', '2018-03-27 10:50:42'),
('35.11.08.2003', 'Pekalangan', '2018-03-27 10:50:42', '2018-03-27 10:50:42'),
('35.11.08.2004', 'Kajar', '2018-03-27 10:50:42', '2018-03-27 10:50:42'),
('35.11.08.2005', 'Sumber Salam', '2018-03-27 10:50:42', '2018-03-27 10:50:42'),
('35.11.08.2006', 'Koncer Kidul', '2018-03-27 10:50:42', '2018-03-27 10:50:42'),
('35.11.08.2007', 'Bataan', '2018-03-27 10:50:42', '2018-03-27 10:50:42'),
('35.11.08.2008', 'Gebang', '2018-03-27 10:50:42', '2018-03-27 10:50:42'),
('35.11.08.2009', 'Dawuhan', '2018-03-27 10:50:42', '2018-03-27 10:50:42'),
('35.11.08.2010', 'Tangsil Kulon', '2018-03-27 10:50:42', '2018-03-27 10:50:42'),
('35.11.08.1011', 'Tenggarang', '2018-03-27 10:50:42', '2018-03-27 10:50:42'),
('35.11.08.2012', 'Koncer Darul Aman', '2018-03-27 10:50:42', '2018-03-27 10:50:42'),
('35.11.09', 'Wonosari', '2018-03-27 10:50:42', '2018-03-27 10:50:42'),
('35.11.09.2001', 'Lombok Kulon', '2018-03-27 10:50:42', '2018-03-27 10:50:42'),
('35.11.09.2002', 'Lombok Wetan', '2018-03-27 10:50:42', '2018-03-27 10:50:42'),
('35.11.09.2003', 'Tumpeng', '2018-03-27 10:50:42', '2018-03-27 10:50:42'),
('35.11.09.2004', 'Jumpong', '2018-03-27 10:50:42', '2018-03-27 10:50:42'),
('35.11.09.2005', 'Tangsil Wetan', '2018-03-27 10:50:42', '2018-03-27 10:50:42'),
('35.11.09.2006', 'Pasarejo', '2018-03-27 10:50:42', '2018-03-27 10:50:42'),
('35.11.09.2007', 'Bendoarum', '2018-03-27 10:50:42', '2018-03-27 10:50:42'),
('35.11.09.2008', 'Kapuran', '2018-03-27 10:50:42', '2018-03-27 10:50:42'),
('35.11.09.2009', 'Sumberkalong', '2018-03-27 10:50:42', '2018-03-27 10:50:42'),
('35.11.09.2010', 'Traktakan', '2018-03-27 10:50:42', '2018-03-27 10:50:42'),
('35.11.09.2011', 'Wonosari', '2018-03-27 10:50:42', '2018-03-27 10:50:42'),
('35.11.09.2012', 'Pelalangan', '2018-03-27 10:50:42', '2018-03-27 10:50:42'),
('35.11.10', 'Tapen', '2018-03-27 10:50:42', '2018-03-27 10:50:42'),
('35.11.10.2001', 'Wonokusumo', '2018-03-27 10:50:42', '2018-03-27 10:50:42'),
('35.11.10.2002', 'Mangli Wetan', '2018-03-27 10:50:42', '2018-03-27 10:50:42'),
('35.11.10.2003', 'Taal', '2018-03-27 10:50:42', '2018-03-27 10:50:42'),
('35.11.10.2004', 'Mrawan', '2018-03-27 10:50:42', '2018-03-27 10:50:42'),
('35.11.10.2005', 'Gunung Anyar', '2018-03-27 10:50:42', '2018-03-27 10:50:42'),
('35.11.10.2006', 'Jurang Sapi', '2018-03-27 10:50:42', '2018-03-27 10:50:42'),
('35.11.10.2007', 'Cindogo', '2018-03-27 10:50:42', '2018-03-27 10:50:42'),
('35.11.10.2008', 'Kalitapen', '2018-03-27 10:50:42', '2018-03-27 10:50:42'),
('35.11.10.2009', 'Tapen', '2018-03-27 10:50:42', '2018-03-27 10:50:42'),
('35.11.11', 'Bondowoso', '2018-03-27 10:50:42', '2018-03-27 10:50:42'),
('35.11.11.2001', 'Pancoran', '2018-03-27 10:50:42', '2018-03-27 10:50:42'),
('35.11.11.2002', 'Sukowiryo', '2018-03-27 10:50:42', '2018-03-27 10:50:42'),
('35.11.11.2003', 'Kembang', '2018-03-27 10:50:42', '2018-03-27 10:50:42'),
('35.11.11.1004', 'Nangkaan', '2018-03-27 10:50:42', '2018-03-27 10:50:42'),
('35.11.11.1005', 'Tamansari', '2018-03-27 10:50:42', '2018-03-27 10:50:42'),
('35.11.11.1006', 'Kademangan', '2018-03-27 10:50:42', '2018-03-27 10:50:42'),
('35.11.11.1007', 'Dabasah', '2018-03-27 10:50:42', '2018-03-27 10:50:42'),
('35.11.11.1008', 'Badean', '2018-03-27 10:50:42', '2018-03-27 10:50:42'),
('35.11.11.1009', 'Kotakulon', '2018-03-27 10:50:42', '2018-03-27 10:50:42'),
('35.11.11.1010', 'Blindungan', '2018-03-27 10:50:42', '2018-03-27 10:50:42'),
('35.11.11.2011', 'Pejaten', '2018-03-27 10:50:42', '2018-03-27 10:50:42'),
('35.11.12', 'Wringin', '2018-03-27 10:50:42', '2018-03-27 10:50:42'),
('35.11.12.2001', 'Ambulu', '2018-03-27 10:50:42', '2018-03-27 10:50:42'),
('35.11.12.2002', 'Bukor', '2018-03-27 10:50:42', '2018-03-27 10:50:42'),
('35.11.12.2003', 'Sumbermalang', '2018-03-27 10:50:42', '2018-03-27 10:50:42'),
('35.11.12.2004', 'Jambewungu', '2018-03-27 10:50:42', '2018-03-27 10:50:42'),
('35.11.12.2005', 'Gubrih', '2018-03-27 10:50:42', '2018-03-27 10:50:42'),
('35.11.12.2006', 'Ampelan', '2018-03-27 10:50:42', '2018-03-27 10:50:42'),
('35.11.12.2007', 'Jatitamban', '2018-03-27 10:50:42', '2018-03-27 10:50:42'),
('35.11.12.2008', 'Banyuwulu', '2018-03-27 10:50:42', '2018-03-27 10:50:42'),
('35.11.12.2009', 'Jatisari', '2018-03-27 10:50:42', '2018-03-27 10:50:42'),
('35.11.12.2010', 'Glingseran', '2018-03-27 10:50:42', '2018-03-27 10:50:42'),
('35.11.12.2011', 'Banyuputih', '2018-03-27 10:50:42', '2018-03-27 10:50:42'),
('35.11.12.2012', 'Wringin', '2018-03-27 10:50:42', '2018-03-27 10:50:42'),
('35.11.12.2013', 'Sumbercanting', '2018-03-27 10:50:42', '2018-03-27 10:50:42'),
('35.11.13', 'Tegalampel', '2018-03-27 10:50:42', '2018-03-27 10:50:42'),
('35.11.13.2001', 'Klabang', '2018-03-27 10:50:42', '2018-03-27 10:50:42'),
('35.11.13.2002', 'Mandiro', '2018-03-27 10:50:42', '2018-03-27 10:50:42'),
('35.11.13.2003', 'Tanggulangin', '2018-03-27 10:50:42', '2018-03-27 10:50:42'),
('35.11.13.2004', 'Karanganyar', '2018-03-27 10:50:42', '2018-03-27 10:50:42'),
('35.11.13.1005', 'Sekarputih', '2018-03-27 10:50:42', '2018-03-27 10:50:42'),
('35.11.13.2006', 'Tegalampel', '2018-03-27 10:50:42', '2018-03-27 10:50:42'),
('35.11.13.2014', 'Klabang Agung', '2018-03-27 10:50:42', '2018-03-27 10:50:42'),
('35.11.13.2015', 'Purnama', '2018-03-27 10:50:42', '2018-03-27 10:50:42'),
('35.11.14', 'Klabang', '2018-03-27 10:50:42', '2018-03-27 10:50:42'),
('35.11.14.2005', 'Karang Anyar', '2018-03-27 10:50:42', '2018-03-27 10:50:42'),
('35.11.14.2006', 'Blimbing', '2018-03-27 10:50:42', '2018-03-27 10:50:42'),
('35.11.14.2007', 'Karang Sengon', '2018-03-27 10:50:42', '2018-03-27 10:50:42'),
('35.11.14.2008', 'Wonokerto', '2018-03-27 10:50:42', '2018-03-27 10:50:42'),
('35.11.14.2009', 'Klabang', '2018-03-27 10:50:42', '2018-03-27 10:50:42'),
('35.11.14.2010', 'Klampokan', '2018-03-27 10:50:42', '2018-03-27 10:50:42'),
('35.11.14.2011', 'Sumber Suko', '2018-03-27 10:50:42', '2018-03-27 10:50:42'),
('35.11.14.2012', 'Besuk', '2018-03-27 10:50:42', '2018-03-27 10:50:42'),
('35.11.14.2013', 'Pandak', '2018-03-27 10:50:42', '2018-03-27 10:50:42'),
('35.11.14.2014', 'Leprak', '2018-03-27 10:50:42', '2018-03-27 10:50:42'),
('35.11.14.2015', 'Wonoboyo', '2018-03-27 10:50:42', '2018-03-27 10:50:42'),
('35.11.15', 'Cermee', '2018-03-27 10:50:42', '2018-03-27 10:50:42'),
('35.11.15.2001', 'Solor', '2018-03-27 10:50:42', '2018-03-27 10:50:42'),
('35.11.15.2002', 'Kladi', '2018-03-27 10:50:42', '2018-03-27 10:50:42'),
('35.11.15.2003', 'Bercak', '2018-03-27 10:50:42', '2018-03-27 10:50:42'),
('35.11.15.2004', 'Suling Wetan', '2018-03-27 10:50:42', '2018-03-27 10:50:42'),
('35.11.15.2005', 'Suling Kulon', '2018-03-27 10:50:42', '2018-03-27 10:50:42'),
('35.11.15.2006', 'Cermee', '2018-03-27 10:50:42', '2018-03-27 10:50:42'),
('35.11.15.2007', 'Ramban Wetan', '2018-03-27 10:50:42', '2018-03-27 10:50:42'),
('35.11.15.2008', 'Grujugan', '2018-03-27 10:50:42', '2018-03-27 10:50:42'),
('35.11.15.2009', 'Ramban Kulon', '2018-03-27 10:50:42', '2018-03-27 10:50:42'),
('35.11.15.2010', 'Bajuran', '2018-03-27 10:50:42', '2018-03-27 10:50:42'),
('35.11.15.2011', 'Jirek Mas', '2018-03-27 10:50:42', '2018-03-27 10:50:42'),
('35.11.15.2012', 'Batu Salang', '2018-03-27 10:50:42', '2018-03-27 10:50:42'),
('35.11.15.2013', 'Palalangan', '2018-03-27 10:50:42', '2018-03-27 10:50:42'),
('35.11.15.2014', 'Batu Ampar', '2018-03-27 10:50:42', '2018-03-27 10:50:42'),
('35.11.15.2015', 'Bercak Asri', '2018-03-27 10:50:42', '2018-03-27 10:50:42'),
('35.11.16', 'Prajekan', '2018-03-27 10:50:42', '2018-03-27 10:50:42'),
('35.11.16.2001', 'Bandilan', '2018-03-27 10:50:42', '2018-03-27 10:50:42'),
('35.11.16.2002', 'Sempol', '2018-03-27 10:50:42', '2018-03-27 10:50:42'),
('35.11.16.2003', 'Tarum', '2018-03-27 10:50:42', '2018-03-27 10:50:42'),
('35.11.16.2005', 'Prajekan Lor', '2018-03-27 10:50:42', '2018-03-27 10:50:42'),
('35.11.16.2006', 'Prajekan Kidul', '2018-03-27 10:50:42', '2018-03-27 10:50:42'),
('35.11.16.2007', 'Cangkring', '2018-03-27 10:50:42', '2018-03-27 10:50:42'),
('35.11.16.2008', 'Walidono', '2018-03-27 10:50:42', '2018-03-27 10:50:42'),
('35.11.17', 'Pakem', '2018-03-27 10:50:42', '2018-03-27 10:50:42'),
('35.11.17.2001', 'Andungsari', '2018-03-27 10:50:42', '2018-03-27 10:50:42'),
('35.11.17.2002', 'Ardisaeng', '2018-03-27 10:50:42', '2018-03-27 10:50:42'),
('35.11.17.2003', 'Kupang', '2018-03-27 10:50:42', '2018-03-27 10:50:42'),
('35.11.17.2004', 'Gadingsari', '2018-03-27 10:50:42', '2018-03-27 10:50:42'),
('35.11.17.2005', 'Pakem', '2018-03-27 10:50:42', '2018-03-27 10:50:42'),
('35.11.17.2006', 'Sumberdumpyong', '2018-03-27 10:50:42', '2018-03-27 10:50:42'),
('35.11.17.2007', 'Patemon', '2018-03-27 10:50:42', '2018-03-27 10:50:42'),
('35.11.17.2008', 'Petung', '2018-03-27 10:50:42', '2018-03-27 10:50:42'),
('35.11.18', 'Sumberwringin', '2018-03-27 10:50:42', '2018-03-27 10:50:42'),
('35.11.18.2001', 'Sukorejo', '2018-03-27 10:50:42', '2018-03-27 10:50:42'),
('35.11.18.2002', 'Sumber Gading', '2018-03-27 10:50:42', '2018-03-27 10:50:42'),
('35.11.18.2003', 'Sukorejo Kidul', '2018-03-27 10:50:42', '2018-03-27 10:50:42'),
('35.11.18.2004', 'Tegaljati', '2018-03-27 10:50:42', '2018-03-27 10:50:42'),
('35.11.18.2005', 'Rejo Agung', '2018-03-27 10:50:42', '2018-03-27 10:50:42'),
('35.11.18.2006', 'Sumberwringin', '2018-03-27 10:50:42', '2018-03-27 10:50:42'),
('35.11.19', 'Sempol', '2018-03-27 10:50:42', '2018-03-27 10:50:42'),
('35.11.19.2001', 'Sempol', '2018-03-27 10:50:42', '2018-03-27 10:50:42'),
('35.11.19.2002', 'Kalianyar', '2018-03-27 10:50:42', '2018-03-27 10:50:42'),
('35.11.19.2003', 'Jampit', '2018-03-27 10:50:42', '2018-03-27 10:50:42'),
('35.11.19.2004', 'Kalisat', '2018-03-27 10:50:42', '2018-03-27 10:50:42'),
('35.11.19.2005', 'Kali Gedang', '2018-03-27 10:50:42', '2018-03-27 10:50:42'),
('35.11.19.2006', 'Sumber Rejo', '2018-03-27 10:50:42', '2018-03-27 10:50:42'),
('35.11.20', 'Binakal', '2018-03-27 10:50:42', '2018-03-27 10:50:42'),
('35.11.20.2001', 'Gadingsari', '2018-03-27 10:50:42', '2018-03-27 10:50:42'),
('35.11.20.2002', 'Sumber Waru', '2018-03-27 10:50:42', '2018-03-27 10:50:42'),
('35.11.20.2003', 'Kembangan', '2018-03-27 10:50:42', '2018-03-27 10:50:42'),
('35.11.20.2004', 'Baratan', '2018-03-27 10:50:42', '2018-03-27 10:50:42'),
('35.11.20.2005', 'Binakal', '2018-03-27 10:50:42', '2018-03-27 10:50:42'),
('35.11.20.2006', 'Jeruksoksok', '2018-03-27 10:50:42', '2018-03-27 10:50:42'),
('35.11.20.2007', 'Sumber Tengah', '2018-03-27 10:50:42', '2018-03-27 10:50:42'),
('35.11.20.2008', 'Bendelan', '2018-03-27 10:50:42', '2018-03-27 10:50:42'),
('35.11.21', 'Taman Krocok', '2018-03-27 10:50:42', '2018-03-27 10:50:42'),
('35.11.21.2001', 'Taman', '2018-03-27 10:50:42', '2018-03-27 10:50:42'),
('35.11.21.2002', 'Gentong', '2018-03-27 10:50:42', '2018-03-27 10:50:42'),
('35.11.21.2003', 'Kemuningan', '2018-03-27 10:50:42', '2018-03-27 10:50:42'),
('35.11.21.2004', 'Trebungan', '2018-03-27 10:50:42', '2018-03-27 10:50:42'),
('35.11.21.2005', 'Sumberkokap', '2018-03-27 10:50:42', '2018-03-27 10:50:42'),
('35.11.21.2006', 'Paguan', '2018-03-27 10:50:42', '2018-03-27 10:50:42'),
('35.11.21.2007', 'Kretek', '2018-03-27 10:50:42', '2018-03-27 10:50:42'),
('35.11.22', 'Botolinggo', '2018-03-27 10:50:42', '2018-03-27 10:50:42'),
('35.11.22.2001', 'Lumutan', '2018-03-27 10:50:42', '2018-03-27 10:50:42'),
('35.11.22.2002', 'Botolinggo', '2018-03-27 10:50:42', '2018-03-27 10:50:42'),
('35.11.22.2003', 'Lanas', '2018-03-27 10:50:42', '2018-03-27 10:50:42'),
('35.11.22.2004', 'Penang', '2018-03-27 10:50:42', '2018-03-27 10:50:42'),
('35.11.22.2005', 'Gayam', '2018-03-27 10:50:42', '2018-03-27 10:50:42'),
('35.11.22.2006', 'Klekehan', '2018-03-27 10:50:42', '2018-03-27 10:50:42'),
('35.11.22.2007', 'Sumber Canting', '2018-03-27 10:50:42', '2018-03-27 10:50:42'),
('35.11.22.2008', 'Gayam Lor', '2018-03-27 10:50:42', '2018-03-27 10:50:42'),
('35.11.23', 'Jambesari Darus Sholah', '2018-03-27 10:50:42', '2018-03-27 10:50:42'),
('35.11.23.2001', 'Jambesari', '2018-03-27 10:50:42', '2018-03-27 10:50:42'),
('35.11.23.2002', 'Jambeanom', '2018-03-27 10:50:42', '2018-03-27 10:50:42'),
('35.11.23.2003', 'Pucanganom', '2018-03-27 10:50:42', '2018-03-27 10:50:42'),
('35.11.23.2004', 'Sumberjeruk', '2018-03-27 10:50:42', '2018-03-27 10:50:42'),
('35.11.23.2005', 'Tegalpasir', '2018-03-27 10:50:42', '2018-03-27 10:50:42'),
('35.11.23.2006', 'Pengarang', '2018-03-27 10:50:42', '2018-03-27 10:50:42'),
('35.11.23.2007', 'Grujugan Lor', '2018-03-27 10:50:42', '2018-03-27 10:50:42'),
('35.11.23.2008', 'Pejagan', '2018-03-27 10:50:42', '2018-03-27 10:50:42'),
('35.11.23.2009', 'Sumber Anyar', '2018-03-27 10:50:42', '2018-03-27 10:50:42'),
('35.12', 'KAB. SITUBONDO', '2018-03-27 10:50:42', '2018-03-27 10:50:42'),
('35.12.01', 'Jatibanteng', '2018-03-27 10:50:42', '2018-03-27 10:50:42'),
('35.12.01.2001', 'Pategalan', '2018-03-27 10:50:42', '2018-03-27 10:50:42'),
('35.12.01.2002', 'Semambung', '2018-03-27 10:50:42', '2018-03-27 10:50:42'),
('35.12.01.2003', 'Sumberanyar', '2018-03-27 10:50:42', '2018-03-27 10:50:42'),
('35.12.01.2004', 'Jatibanteng', '2018-03-27 10:50:42', '2018-03-27 10:50:42'),
('35.12.01.2005', 'Curahsuri', '2018-03-27 10:50:42', '2018-03-27 10:50:42'),
('35.12.01.2006', 'Wringinanom', '2018-03-27 10:50:42', '2018-03-27 10:50:42'),
('35.12.01.2007', 'Kembangsari', '2018-03-27 10:50:42', '2018-03-27 10:50:42'),
('35.12.01.2008', 'Patemon', '2018-03-27 10:50:42', '2018-03-27 10:50:42'),
('35.12.02', 'Besuki', '2018-03-27 10:50:42', '2018-03-27 10:50:42'),
('35.12.02.2001', 'Widoropayung', '2018-03-27 10:50:42', '2018-03-27 10:50:42'),
('35.12.02.2002', 'Sumberejo', '2018-03-27 10:50:42', '2018-03-27 10:50:42'),
('35.12.02.2003', 'Jetis', '2018-03-27 10:50:42', '2018-03-27 10:50:42'),
('35.12.02.2004', 'Blimbing', '2018-03-27 10:50:42', '2018-03-27 10:50:42'),
('35.12.02.2005', 'Langkap', '2018-03-27 10:50:42', '2018-03-27 10:50:42'),
('35.12.02.2006', 'Bloro', '2018-03-27 10:50:42', '2018-03-27 10:50:42'),
('35.12.02.2007', 'Pesisir', '2018-03-27 10:50:42', '2018-03-27 10:50:42'),
('35.12.02.2008', 'Kalimas', '2018-03-27 10:50:42', '2018-03-27 10:50:42'),
('35.12.02.2009', 'Besuki', '2018-03-27 10:50:42', '2018-03-27 10:50:42'),
('35.12.02.2010', 'Demung', '2018-03-27 10:50:42', '2018-03-27 10:50:42'),
('35.12.03', 'Suboh', '2018-03-27 10:50:42', '2018-03-27 10:50:42'),
('35.12.03.2001', 'Cemara', '2018-03-27 10:50:42', '2018-03-27 10:50:42'),
('35.12.03.2002', 'Mojodungkul', '2018-03-27 10:50:42', '2018-03-27 10:50:42'),
('35.12.03.2003', 'Gunung Malang', '2018-03-27 10:50:42', '2018-03-27 10:50:42'),
('35.12.03.2004', 'Gunung Putri', '2018-03-27 10:50:42', '2018-03-27 10:50:42'),
('35.12.03.2005', 'Suboh', '2018-03-27 10:50:42', '2018-03-27 10:50:42'),
('35.12.03.2006', 'Dawuan', '2018-03-27 10:50:42', '2018-03-27 10:50:42'),
('35.12.03.2007', 'Buduan', '2018-03-27 10:50:42', '2018-03-27 10:50:42'),
('35.12.03.2008', 'Ketah', '2018-03-27 10:50:42', '2018-03-27 10:50:42'),
('35.12.04', 'Mlandingan', '2018-03-27 10:50:42', '2018-03-27 10:50:42'),
('35.12.04.2001', 'Alasbayur', '2018-03-27 10:50:42', '2018-03-27 10:50:42'),
('35.12.04.2002', 'Sumberanyar', '2018-03-27 10:50:42', '2018-03-27 10:50:42'),
('35.12.04.2003', 'Campoan', '2018-03-27 10:50:42', '2018-03-27 10:50:42'),
('35.12.04.2004', 'Tribungan', '2018-03-27 10:50:42', '2018-03-27 10:50:42'),
('35.12.04.2005', 'Sumber Pinang', '2018-03-27 10:50:42', '2018-03-27 10:50:42'),
('35.12.04.2006', 'Selomukti', '2018-03-27 10:50:42', '2018-03-27 10:50:42'),
('35.12.04.2007', 'Mlandingan Kulon', '2018-03-27 10:50:42', '2018-03-27 10:50:42'),
('35.12.05', 'Kendit', '2018-03-27 10:50:42', '2018-03-27 10:50:42'),
('35.12.05.2001', 'Bugeman', '2018-03-27 10:50:42', '2018-03-27 10:50:42'),
('35.12.05.2002', 'Kendit', '2018-03-27 10:50:42', '2018-03-27 10:50:42'),
('35.12.05.2003', 'Balung', '2018-03-27 10:50:42', '2018-03-27 10:50:42'),
('35.12.05.2004', 'Tambak Ukir', '2018-03-27 10:50:42', '2018-03-27 10:50:42'),
('35.12.05.2005', 'Rajekwesi', '2018-03-27 10:50:42', '2018-03-27 10:50:42'),
('35.12.05.2006', 'Kukusan', '2018-03-27 10:50:42', '2018-03-27 10:50:42'),
('35.12.05.2007', 'Klatakan', '2018-03-27 10:50:42', '2018-03-27 10:50:42'),
('35.12.06', 'Panarukan', '2018-03-27 10:50:42', '2018-03-27 10:50:42'),
('35.12.06.2001', 'Paowan', '2018-03-27 10:50:42', '2018-03-27 10:50:42'),
('35.12.06.2002', 'Sumberkolak', '2018-03-27 10:50:42', '2018-03-27 10:50:42'),
('35.12.06.2003', 'Wringinanom', '2018-03-27 10:50:42', '2018-03-27 10:50:42'),
('35.12.06.2004', 'Kilensari', '2018-03-27 10:50:42', '2018-03-27 10:50:42'),
('35.12.06.2005', 'Peleyan', '2018-03-27 10:50:42', '2018-03-27 10:50:42'),
('35.12.06.2006', 'Alasmalang', '2018-03-27 10:50:42', '2018-03-27 10:50:42'),
('35.12.06.2007', 'Duwet', '2018-03-27 10:50:42', '2018-03-27 10:50:42'),
('35.12.06.2008', 'Gelung', '2018-03-27 10:50:42', '2018-03-27 10:50:42'),
('35.12.07', 'Situbondo', '2018-03-27 10:50:42', '2018-03-27 10:50:42'),
('35.12.07.2001', 'Kalibagor', '2018-03-27 10:50:42', '2018-03-27 10:50:42'),
('35.12.07.1002', 'Patokan', '2018-03-27 10:50:42', '2018-03-27 10:50:42'),
('35.12.07.1003', 'Dawuhan', '2018-03-27 10:50:42', '2018-03-27 10:50:42'),
('35.12.07.2004', 'Katokan', '2018-03-27 10:50:42', '2018-03-27 10:50:42'),
('35.12.07.2005', 'Talkandang', '2018-03-27 10:50:42', '2018-03-27 10:50:42'),
('35.12.07.2006', 'Olean', '2018-03-27 10:50:42', '2018-03-27 10:50:42'),
('35.12.08', 'Panji', '2018-03-27 10:50:42', '2018-03-27 10:50:42'),
('35.12.08.2001', 'Sliwung', '2018-03-27 10:50:42', '2018-03-27 10:50:42'),
('35.12.08.1002', 'Ardirejo', '2018-03-27 10:50:42', '2018-03-27 10:50:42'),
('35.12.08.2003', 'Battal', '2018-03-27 10:50:42', '2018-03-27 10:50:42'),
('35.12.08.2004', 'Klampokan', '2018-03-27 10:50:42', '2018-03-27 10:50:42'),
('35.12.08.2005', 'Juglangan', '2018-03-27 10:50:42', '2018-03-27 10:50:42'),
('35.12.08.2006', 'Panji Kidul', '2018-03-27 10:50:42', '2018-03-27 10:50:42'),
('35.12.08.1007', 'Mimbaan', '2018-03-27 10:50:42', '2018-03-27 10:50:42'),
('35.12.08.2008', 'Panji Lor', '2018-03-27 10:50:42', '2018-03-27 10:50:42'),
('35.12.08.2009', 'Tokelan', '2018-03-27 10:50:42', '2018-03-27 10:50:42'),
('35.12.08.2010', 'Curah Jeru', '2018-03-27 10:50:42', '2018-03-27 10:50:42'),
('35.12.08.2011', 'Tenggir', '2018-03-27 10:50:42', '2018-03-27 10:50:42'),
('35.12.08.2012', 'Kayu Putih', '2018-03-27 10:50:42', '2018-03-27 10:50:42'),
('35.12.09', 'Mangaran', '2018-03-27 10:50:42', '2018-03-27 10:50:42'),
('35.12.09.2001', 'Tanjung Glugur', '2018-03-27 10:50:42', '2018-03-27 10:50:42'),
('35.12.09.2002', 'Mangaran', '2018-03-27 10:50:42', '2018-03-27 10:50:42'),
('35.12.09.2003', 'Tanjung Kamal', '2018-03-27 10:50:42', '2018-03-27 10:50:42'),
('35.12.09.2004', 'Semiring', '2018-03-27 10:50:42', '2018-03-27 10:50:42'),
('35.12.09.2005', 'Tanjung Pecitan', '2018-03-27 10:50:42', '2018-03-27 10:50:42'),
('35.12.09.2006', 'Trebungan', '2018-03-27 10:50:42', '2018-03-27 10:50:42'),
('35.12.10', 'Kapongan', '2018-03-27 10:50:42', '2018-03-27 10:50:42'),
('35.12.10.2001', 'Kandang', '2018-03-27 10:50:42', '2018-03-27 10:50:42'),
('35.12.10.2002', 'Curahcottok', '2018-03-27 10:50:42', '2018-03-27 10:50:42'),
('35.12.10.2003', 'Peleyan', '2018-03-27 10:50:42', '2018-03-27 10:50:42'),
('35.12.10.2004', 'Wonokoyo', '2018-03-27 10:50:42', '2018-03-27 10:50:42'),
('35.12.10.2005', 'Sletreng', '2018-03-27 10:50:42', '2018-03-27 10:50:42'),
('35.12.10.2006', 'Landangan', '2018-03-27 10:50:42', '2018-03-27 10:50:42'),
('35.12.10.2007', 'Kapongan', '2018-03-27 10:50:42', '2018-03-27 10:50:42'),
('35.12.10.2008', 'Kesambirampak', '2018-03-27 10:50:42', '2018-03-27 10:50:42'),
('35.12.10.2009', 'Gebangan', '2018-03-27 10:50:42', '2018-03-27 10:50:42'),
('35.12.10.2010', 'Pokaan', '2018-03-27 10:50:42', '2018-03-27 10:50:42'),
('35.12.11', 'Arjasa', '2018-03-27 10:50:42', '2018-03-27 10:50:42'),
('35.12.11.2001', 'Kayumas', '2018-03-27 10:50:42', '2018-03-27 10:50:42'),
('35.12.11.2002', 'Bayeman', '2018-03-27 10:50:42', '2018-03-27 10:50:42'),
('35.12.11.2003', 'Ketowan', '2018-03-27 10:50:42', '2018-03-27 10:50:42'),
('35.12.11.2004', 'Kedungdowo', '2018-03-27 10:50:42', '2018-03-27 10:50:42'),
('35.12.11.2005', 'Jatisari', '2018-03-27 10:50:42', '2018-03-27 10:50:42'),
('35.12.11.2006', 'Curahtatal', '2018-03-27 10:50:42', '2018-03-27 10:50:42'),
('35.12.11.2007', 'Arjasa', '2018-03-27 10:50:42', '2018-03-27 10:50:42'),
('35.12.11.2008', 'Lamongan', '2018-03-27 10:50:42', '2018-03-27 10:50:42'),
('35.12.12', 'Jangkar', '2018-03-27 10:50:42', '2018-03-27 10:50:42'),
('35.12.12.2001', 'Sopet', '2018-03-27 10:50:42', '2018-03-27 10:50:42'),
('35.12.12.2002', 'Corah Kalak', '2018-03-27 10:50:42', '2018-03-27 10:50:42'),
('35.12.12.2003', 'Palangan', '2018-03-27 10:50:42', '2018-03-27 10:50:42'),
('35.12.12.2004', 'Jangkar', '2018-03-27 10:50:42', '2018-03-27 10:50:42'),
('35.12.12.2005', 'Gadingan', '2018-03-27 10:50:42', '2018-03-27 10:50:42'),
('35.12.12.2006', 'Kumbangsari', '2018-03-27 10:50:42', '2018-03-27 10:50:42'),
('35.12.12.2007', 'Pesanggrahan', '2018-03-27 10:50:42', '2018-03-27 10:50:42'),
('35.12.12.2008', 'Agel', '2018-03-27 10:50:42', '2018-03-27 10:50:42'),
('35.12.13', 'Asembagus', '2018-03-27 10:50:42', '2018-03-27 10:50:42'),
('35.12.13.2001', 'Kedunglo', '2018-03-27 10:50:42', '2018-03-27 10:50:42'),
('35.12.13.2002', 'Bantal', '2018-03-27 10:50:42', '2018-03-27 10:50:42'),
('35.12.13.2003', 'Awar-awar', '2018-03-27 10:50:42', '2018-03-27 10:50:42'),
('35.12.13.2004', 'Parante', '2018-03-27 10:50:42', '2018-03-27 10:50:42'),
('35.12.13.2005', 'Trigonco', '2018-03-27 10:50:42', '2018-03-27 10:50:42'),
('35.12.13.2006', 'Kertosari', '2018-03-27 10:50:42', '2018-03-27 10:50:42'),
('35.12.13.2007', 'Mojosari', '2018-03-27 10:50:42', '2018-03-27 10:50:42'),
('35.12.13.2008', 'Asembagus', '2018-03-27 10:50:42', '2018-03-27 10:50:42'),
('35.12.13.2009', 'Gudang', '2018-03-27 10:50:42', '2018-03-27 10:50:42'),
('35.12.13.2010', 'Wringinanom', '2018-03-27 10:50:42', '2018-03-27 10:50:42'),
('35.12.14', 'Banyuputih', '2018-03-27 10:50:42', '2018-03-27 10:50:42'),
('35.12.14.2001', 'Wonorejo', '2018-03-27 10:50:42', '2018-03-27 10:50:42'),
('35.12.14.2002', 'Sumberanyar', '2018-03-27 10:50:42', '2018-03-27 10:50:42'),
('35.12.14.2003', 'Sumberejo', '2018-03-27 10:50:42', '2018-03-27 10:50:42'),
('35.12.14.2004', 'Banyuputih', '2018-03-27 10:50:42', '2018-03-27 10:50:42'),
('35.12.14.2005', 'Sumberwaru', '2018-03-27 10:50:42', '2018-03-27 10:50:42'),
('35.12.15', 'Sumbermalang', '2018-03-27 10:50:42', '2018-03-27 10:50:42'),
('35.12.15.2001', 'Tamankursi', '2018-03-27 10:50:42', '2018-03-27 10:50:42'),
('35.12.15.2002', 'Sumberargo', '2018-03-27 10:50:42', '2018-03-27 10:50:42'),
('35.12.15.2003', 'Tamansari', '2018-03-27 10:50:42', '2018-03-27 10:50:42'),
('35.12.15.2004', 'Kalirejo', '2018-03-27 10:50:42', '2018-03-27 10:50:42'),
('35.12.15.2005', 'Baderan', '2018-03-27 10:50:42', '2018-03-27 10:50:42'),
('35.12.15.2006', 'Alastengah', '2018-03-27 10:50:42', '2018-03-27 10:50:42'),
('35.12.15.2007', 'Taman', '2018-03-27 10:50:42', '2018-03-27 10:50:42'),
('35.12.15.2008', 'Tlogosari', '2018-03-27 10:50:42', '2018-03-27 10:50:42'),
('35.12.15.2009', 'Plalangan', '2018-03-27 10:50:42', '2018-03-27 10:50:42'),
('35.12.16', 'Banyuglugur', '2018-03-27 10:50:42', '2018-03-27 10:50:42'),
('35.12.16.2001', 'Lubawang', '2018-03-27 10:50:42', '2018-03-27 10:50:42'),
('35.12.16.2002', 'Kalisari', '2018-03-27 10:50:42', '2018-03-27 10:50:42'),
('35.12.16.2003', 'Tepos', '2018-03-27 10:50:42', '2018-03-27 10:50:42'),
('35.12.16.2004', 'Selabanteng', '2018-03-27 10:50:42', '2018-03-27 10:50:42'),
('35.12.16.2005', 'Banyuglugur', '2018-03-27 10:50:42', '2018-03-27 10:50:42'),
('35.12.16.2006', 'Telempong', '2018-03-27 10:50:42', '2018-03-27 10:50:42'),
('35.12.16.2007', 'Kalianget', '2018-03-27 10:50:42', '2018-03-27 10:50:42'),
('35.12.17', 'Bungatan', '2018-03-27 10:50:42', '2018-03-27 10:50:42'),
('35.12.17.2001', 'Patemon', '2018-03-27 10:50:42', '2018-03-27 10:50:42'),
('35.12.17.2002', 'Sumber Tengah', '2018-03-27 10:50:42', '2018-03-27 10:50:42'),
('35.12.17.2003', 'Selowogo', '2018-03-27 10:50:42', '2018-03-27 10:50:42'),
('35.12.17.2004', 'Mlandingan Wetan', '2018-03-27 10:50:42', '2018-03-27 10:50:42'),
('35.12.17.2005', 'Bungatan', '2018-03-27 10:50:42', '2018-03-27 10:50:42'),
('35.12.17.2006', 'Blitok', '2018-03-27 10:50:42', '2018-03-27 10:50:42'),
('35.12.17.2007', 'Pasir Putih', '2018-03-27 10:50:42', '2018-03-27 10:50:42'),
('35.13', 'KAB. PROBOLINGGO', '2018-03-27 10:50:42', '2018-03-27 10:50:42'),
('35.13.01', 'Sukapura', '2018-03-27 10:50:42', '2018-03-27 10:50:42'),
('35.13.01.2001', 'Ngadisari', '2018-03-27 10:50:42', '2018-03-27 10:50:42'),
('35.13.01.2002', 'Wonotoro', '2018-03-27 10:50:42', '2018-03-27 10:50:42'),
('35.13.01.2003', 'Jetak', '2018-03-27 10:50:42', '2018-03-27 10:50:42'),
('35.13.01.2004', 'Ngadas', '2018-03-27 10:50:42', '2018-03-27 10:50:42'),
('35.13.01.2005', 'Ngadirejo', '2018-03-27 10:50:42', '2018-03-27 10:50:42'),
('35.13.01.2006', 'Sariwani', '2018-03-27 10:50:42', '2018-03-27 10:50:42'),
('35.13.01.2007', 'Wonokero', '2018-03-27 10:50:42', '2018-03-27 10:50:42'),
('35.13.01.2008', 'Sapikerep', '2018-03-27 10:50:42', '2018-03-27 10:50:42'),
('35.13.01.2009', 'Sukapura', '2018-03-27 10:50:42', '2018-03-27 10:50:42'),
('35.13.01.2010', 'Pakel', '2018-03-27 10:50:42', '2018-03-27 10:50:42'),
('35.13.01.2011', 'Kedasih', '2018-03-27 10:50:42', '2018-03-27 10:50:42'),
('35.13.01.2012', 'Ngepung', '2018-03-27 10:50:42', '2018-03-27 10:50:42'),
('35.13.02', 'Sumber', '2018-03-27 10:50:42', '2018-03-27 10:50:42'),
('35.13.02.2001', 'Ledokombo', '2018-03-27 10:50:42', '2018-03-27 10:50:42'),
('35.13.02.2002', 'Pandansari', '2018-03-27 10:50:42', '2018-03-27 10:50:42'),
('35.13.02.2003', 'Sumber', '2018-03-27 10:50:42', '2018-03-27 10:50:42'),
('35.13.02.2004', 'Wonokerso', '2018-03-27 10:50:42', '2018-03-27 10:50:42'),
('35.13.02.2005', 'Gemito', '2018-03-27 10:50:42', '2018-03-27 10:50:42'),
('35.13.02.2006', 'Tukul', '2018-03-27 10:50:42', '2018-03-27 10:50:42'),
('35.13.02.2007', 'Sumberanom', '2018-03-27 10:50:42', '2018-03-27 10:50:42'),
('35.13.02.2008', 'Cepoko', '2018-03-27 10:50:42', '2018-03-27 10:50:42'),
('35.13.02.2009', 'Remba\'an', '2018-03-27 10:50:42', '2018-03-27 10:50:42'),
('35.13.03', 'Kuripan', '2018-03-27 10:50:42', '2018-03-27 10:50:42'),
('35.13.03.2001', 'Wonoasri', '2018-03-27 10:50:42', '2018-03-27 10:50:42'),
('35.13.03.2002', 'Jatisari', '2018-03-27 10:50:42', '2018-03-27 10:50:42'),
('35.13.03.2003', 'Kedawung', '2018-03-27 10:50:42', '2018-03-27 10:50:42'),
('35.13.03.2004', 'Karangrejo', '2018-03-27 10:50:42', '2018-03-27 10:50:42'),
('35.13.03.2005', 'Resongo', '2018-03-27 10:50:42', '2018-03-27 10:50:42'),
('35.13.03.2006', 'Menyono', '2018-03-27 10:50:42', '2018-03-27 10:50:42'),
('35.13.03.2007', 'Wringinanom', '2018-03-27 10:50:42', '2018-03-27 10:50:42'),
('35.13.04', 'Bantaran', '2018-03-27 10:50:42', '2018-03-27 10:50:42'),
('35.13.04.2001', 'Gunungtugel', '2018-03-27 10:50:42', '2018-03-27 10:50:42'),
('35.13.04.2002', 'Kedungrejo', '2018-03-27 10:50:42', '2018-03-27 10:50:42'),
('35.13.04.2003', 'Patokan', '2018-03-27 10:50:42', '2018-03-27 10:50:42'),
('35.13.04.2004', 'Bantaran', '2018-03-27 10:50:42', '2018-03-27 10:50:42'),
('35.13.04.2005', 'Legundi', '2018-03-27 10:50:42', '2018-03-27 10:50:42'),
('35.13.04.2006', 'Tempuran', '2018-03-27 10:50:42', '2018-03-27 10:50:42'),
('35.13.04.2007', 'Kropak', '2018-03-27 10:50:42', '2018-03-27 10:50:42'),
('35.13.04.2008', 'Besuk', '2018-03-27 10:50:42', '2018-03-27 10:50:42'),
('35.13.04.2009', 'Kramatagung', '2018-03-27 10:50:42', '2018-03-27 10:50:42'),
('35.13.04.2010', 'Karanganyar', '2018-03-27 10:50:42', '2018-03-27 10:50:42'),
('35.13.05', 'Leces', '2018-03-27 10:50:42', '2018-03-27 10:50:42'),
('35.13.05.2001', 'Malasankulon', '2018-03-27 10:50:42', '2018-03-27 10:50:42'),
('35.13.05.2002', 'Tigasan Wetan', '2018-03-27 10:50:42', '2018-03-27 10:50:42'),
('35.13.05.2003', 'Tigasan Kulon', '2018-03-27 10:50:42', '2018-03-27 10:50:42'),
('35.13.05.2004', 'Pondok Wuluh', '2018-03-27 10:50:42', '2018-03-27 10:50:42'),
('35.13.05.2005', 'Leces', '2018-03-27 10:50:42', '2018-03-27 10:50:42'),
('35.13.05.2006', 'Sumberkedawung', '2018-03-27 10:50:42', '2018-03-27 10:50:42'),
('35.13.05.2007', 'Kerpangan', '2018-03-27 10:50:42', '2018-03-27 10:50:42'),
('35.13.05.2008', 'Clarak', '2018-03-27 10:50:42', '2018-03-27 10:50:42'),
('35.13.05.2009', 'Jorongan', '2018-03-27 10:50:42', '2018-03-27 10:50:42'),
('35.13.05.2010', 'Warujinggo', '2018-03-27 10:50:42', '2018-03-27 10:50:42'),
('35.13.06', 'Banyuanyar', '2018-03-27 10:50:42', '2018-03-27 10:50:42'),
('35.13.06.2001', 'Sentulan', '2018-03-27 10:50:42', '2018-03-27 10:50:42'),
('35.13.06.2002', 'Gadingkulon', '2018-03-27 10:50:42', '2018-03-27 10:50:42'),
('35.13.06.2003', 'Klenangkidul', '2018-03-27 10:50:42', '2018-03-27 10:50:42'),
('35.13.06.2004', 'Klenanglor', '2018-03-27 10:50:42', '2018-03-27 10:50:42'),
('35.13.06.2005', 'Alassapi', '2018-03-27 10:50:42', '2018-03-27 10:50:42'),
('35.13.06.2006', 'Pendil', '2018-03-27 10:50:42', '2018-03-27 10:50:42'),
('35.13.06.2007', 'Tarokan', '2018-03-27 10:50:42', '2018-03-27 10:50:42'),
('35.13.06.2008', 'Liprak Wetan', '2018-03-27 10:50:42', '2018-03-27 10:50:42'),
('35.13.06.2009', 'Liprak Kidul', '2018-03-27 10:50:42', '2018-03-27 10:50:42'),
('35.13.06.2010', 'Liprak Kulon', '2018-03-27 10:50:42', '2018-03-27 10:50:42'),
('35.13.06.2011', 'Banyuanyar Tengah', '2018-03-27 10:50:42', '2018-03-27 10:50:42'),
('35.13.06.2012', 'Banyuanyar Kidul', '2018-03-27 10:50:42', '2018-03-27 10:50:42'),
('35.13.06.2013', 'Gununggeni', '2018-03-27 10:50:42', '2018-03-27 10:50:42'),
('35.13.06.2014', 'Blado Wetan', '2018-03-27 10:50:42', '2018-03-27 10:50:42'),
('35.13.07', 'Tiris', '2018-03-27 10:50:42', '2018-03-27 10:50:42'),
('35.13.07.2001', 'Andungbiru', '2018-03-27 10:50:42', '2018-03-27 10:50:42'),
('35.13.07.2002', 'Tlogoargo', '2018-03-27 10:50:42', '2018-03-27 10:50:42'),
('35.13.07.2003', 'Andungsari', '2018-03-27 10:50:42', '2018-03-27 10:50:42'),
('35.13.07.2004', 'Tlogosari', '2018-03-27 10:50:42', '2018-03-27 10:50:42'),
('35.13.07.2005', 'Ranugedang', '2018-03-27 10:50:42', '2018-03-27 10:50:42'),
('35.13.07.2006', 'Tiris', '2018-03-27 10:50:42', '2018-03-27 10:50:42'),
('35.13.07.2007', 'Segaran', '2018-03-27 10:50:42', '2018-03-27 10:50:42'),
('35.13.07.2008', 'Ranuagung', '2018-03-27 10:50:42', '2018-03-27 10:50:42'),
('35.13.07.2009', 'Jangkang', '2018-03-27 10:50:42', '2018-03-27 10:50:42'),
('35.13.07.2010', 'Wedusan', '2018-03-27 10:50:42', '2018-03-27 10:50:42'),
('35.13.07.2011', 'Racek', '2018-03-27 10:50:42', '2018-03-27 10:50:42'),
('35.13.07.2012', 'Pesawahan', '2018-03-27 10:50:42', '2018-03-27 10:50:42'),
('35.13.07.2013', 'Pedagangan', '2018-03-27 10:50:42', '2018-03-27 10:50:42'),
('35.13.07.2014', 'Rejing', '2018-03-27 10:50:42', '2018-03-27 10:50:42'),
('35.13.07.2015', 'Tegalwatu', '2018-03-27 10:50:42', '2018-03-27 10:50:42'),
('35.13.07.2016', 'Tuluparari', '2018-03-27 10:50:42', '2018-03-27 10:50:42'),
('35.13.08', 'Krucil', '2018-03-27 10:50:42', '2018-03-27 10:50:42'),
('35.13.08.2001', 'Sumberduren', '2018-03-27 10:50:42', '2018-03-27 10:50:42'),
('35.13.08.2002', 'Roto', '2018-03-27 10:50:42', '2018-03-27 10:50:42'),
('35.13.08.2003', 'Kertosuko', '2018-03-27 10:50:42', '2018-03-27 10:50:42'),
('35.13.08.2004', 'Tambelang', '2018-03-27 10:50:42', '2018-03-27 10:50:42'),
('35.13.08.2005', 'Betek', '2018-03-27 10:50:42', '2018-03-27 10:50:42'),
('35.13.08.2006', 'Krucil', '2018-03-27 10:50:42', '2018-03-27 10:50:42'),
('35.13.08.2007', 'Guyangan', '2018-03-27 10:50:42', '2018-03-27 10:50:42'),
('35.13.08.2008', 'Watupanjang', '2018-03-27 10:50:42', '2018-03-27 10:50:42'),
('35.13.08.2009', 'Bermi', '2018-03-27 10:50:42', '2018-03-27 10:50:42'),
('35.13.08.2010', 'Kalianan', '2018-03-27 10:50:42', '2018-03-27 10:50:42'),
('35.13.08.2011', 'Plaosan', '2018-03-27 10:50:42', '2018-03-27 10:50:42'),
('35.13.08.2012', 'Pandanaras', '2018-03-27 10:50:42', '2018-03-27 10:50:42'),
('35.13.08.2013', 'Seneng', '2018-03-27 10:50:42', '2018-03-27 10:50:42'),
('35.13.08.2014', 'Krobungan', '2018-03-27 10:50:42', '2018-03-27 10:50:42'),
('35.13.09', 'Gading', '2018-03-27 10:50:42', '2018-03-27 10:50:42'),
('35.13.09.2001', 'Batur', '2018-03-27 10:50:42', '2018-03-27 10:50:42'),
('35.13.09.2002', 'Betek Taman', '2018-03-27 10:50:42', '2018-03-27 10:50:42'),
('35.13.09.2003', 'Sentul', '2018-03-27 10:50:42', '2018-03-27 10:50:42'),
('35.13.09.2004', 'Dandang', '2018-03-27 10:50:42', '2018-03-27 10:50:42'),
('35.13.09.2005', 'Kertosono', '2018-03-27 10:50:42', '2018-03-27 10:50:42'),
('35.13.09.2006', 'Prasi', '2018-03-27 10:50:42', '2018-03-27 10:50:42'),
('35.13.09.2007', 'Duren', '2018-03-27 10:50:42', '2018-03-27 10:50:42'),
('35.13.09.2008', 'Renteng', '2018-03-27 10:50:42', '2018-03-27 10:50:42'),
('35.13.09.2009', 'Bulupadak', '2018-03-27 10:50:42', '2018-03-27 10:50:42'),
('35.13.09.2010', 'Keben', '2018-03-27 10:50:42', '2018-03-27 10:50:42'),
('35.13.09.2011', 'Gadingwetan', '2018-03-27 10:50:42', '2018-03-27 10:50:42'),
('35.13.09.2012', 'Wangkal', '2018-03-27 10:50:42', '2018-03-27 10:50:42'),
('35.13.09.2013', 'Nogosaren', '2018-03-27 10:50:42', '2018-03-27 10:50:42'),
('35.13.09.2014', 'Mojolegi', '2018-03-27 10:50:42', '2018-03-27 10:50:42'),
('35.13.09.2015', 'Sumbersecang', '2018-03-27 10:50:42', '2018-03-27 10:50:42'),
('35.13.09.2016', 'Condong', '2018-03-27 10:50:42', '2018-03-27 10:50:42'),
('35.13.09.2017', 'Jurangjero', '2018-03-27 10:50:42', '2018-03-27 10:50:42'),
('35.13.09.2018', 'Kaliancar', '2018-03-27 10:50:42', '2018-03-27 10:50:42'),
('35.13.09.2019', 'Ranuwurung', '2018-03-27 10:50:42', '2018-03-27 10:50:42'),
('35.13.10', 'Pakuniran', '2018-03-27 10:50:42', '2018-03-27 10:50:42'),
('35.13.10.2001', 'Ranon', '2018-03-27 10:50:42', '2018-03-27 10:50:42'),
('35.13.10.2002', 'Kedungsumur', '2018-03-27 10:50:42', '2018-03-27 10:50:42'),
('35.13.10.2003', 'Gunggungan Kidul', '2018-03-27 10:50:42', '2018-03-27 10:50:42'),
('35.13.10.2004', 'Gunggungan Lor', '2018-03-27 10:50:42', '2018-03-27 10:50:42'),
('35.13.10.2005', 'Petemon Kulon', '2018-03-27 10:50:42', '2018-03-27 10:50:42'),
('35.13.10.2006', 'Pakuniran', '2018-03-27 10:50:42', '2018-03-27 10:50:42'),
('35.13.10.2007', 'Alaspandan', '2018-03-27 10:50:42', '2018-03-27 10:50:42'),
('35.13.10.2008', 'Sumberkembar', '2018-03-27 10:50:42', '2018-03-27 10:50:42'),
('35.13.10.2009', 'Sogaan', '2018-03-27 10:50:42', '2018-03-27 10:50:42'),
('35.13.10.2010', 'Glagah', '2018-03-27 10:50:42', '2018-03-27 10:50:42'),
('35.13.10.2011', 'Bucor Kulon', '2018-03-27 10:50:42', '2018-03-27 10:50:42'),
('35.13.10.2012', 'Bucor Wetan', '2018-03-27 10:50:42', '2018-03-27 10:50:42'),
('35.13.10.2013', 'Bimo', '2018-03-27 10:50:42', '2018-03-27 10:50:42'),
('35.13.10.2014', 'Kertonegoro', '2018-03-27 10:50:42', '2018-03-27 10:50:42'),
('35.13.10.2015', 'Gondosuli', '2018-03-27 10:50:42', '2018-03-27 10:50:42'),
('35.13.10.2016', 'Kalidandan', '2018-03-27 10:50:42', '2018-03-27 10:50:42'),
('35.13.10.2017', 'Blimbing', '2018-03-27 10:50:42', '2018-03-27 10:50:42'),
('35.13.11', 'Kotaanyar', '2018-03-27 10:50:42', '2018-03-27 10:50:42'),
('35.13.11.2001', 'Sumber Centeng', '2018-03-27 10:50:42', '2018-03-27 10:50:42');
INSERT INTO `tbl_wilayah` (`kode`, `nama`, `dtm_crt`, `dtm_upd`) VALUES
('35.13.11.2002', 'Sambirampak Kidul', '2018-03-27 10:50:42', '2018-03-27 10:50:42'),
('35.13.11.2003', 'Sidomulyo', '2018-03-27 10:50:42', '2018-03-27 10:50:42'),
('35.13.11.2004', 'Tambakukir', '2018-03-27 10:50:42', '2018-03-27 10:50:42'),
('35.13.11.2005', 'Curahtemu', '2018-03-27 10:50:42', '2018-03-27 10:50:42'),
('35.13.11.2006', 'Sidorejo', '2018-03-27 10:50:42', '2018-03-27 10:50:42'),
('35.13.11.2007', 'Sambirampak Lor', '2018-03-27 10:50:42', '2018-03-27 10:50:42'),
('35.13.11.2008', 'Kedungrejoso', '2018-03-27 10:50:42', '2018-03-27 10:50:42'),
('35.13.11.2009', 'Talkandang', '2018-03-27 10:50:42', '2018-03-27 10:50:42'),
('35.13.11.2010', 'Triwingan', '2018-03-27 10:50:42', '2018-03-27 10:50:42'),
('35.13.11.2011', 'Sukorejo', '2018-03-27 10:50:42', '2018-03-27 10:50:42'),
('35.13.11.2012', 'Pasembon', '2018-03-27 10:50:42', '2018-03-27 10:50:42'),
('35.13.11.2013', 'Kotaanyar', '2018-03-27 10:50:42', '2018-03-27 10:50:42'),
('35.13.12', 'Paiton', '2018-03-27 10:50:42', '2018-03-27 10:50:42'),
('35.13.12.2001', 'Jabungsisir', '2018-03-27 10:50:42', '2018-03-27 10:50:42'),
('35.13.12.2002', 'Jabungcandi', '2018-03-27 10:50:42', '2018-03-27 10:50:42'),
('35.13.12.2003', 'Jabung Wetan', '2018-03-27 10:50:42', '2018-03-27 10:50:42'),
('35.13.12.2004', 'Kalikajar Kulon', '2018-03-27 10:50:42', '2018-03-27 10:50:42'),
('35.13.12.2005', 'Kalikajar Wetan', '2018-03-27 10:50:42', '2018-03-27 10:50:42'),
('35.13.12.2006', 'Pandean', '2018-03-27 10:50:42', '2018-03-27 10:50:42'),
('35.13.12.2007', 'Alastengah', '2018-03-27 10:50:42', '2018-03-27 10:50:42'),
('35.13.12.2008', 'Sidodadi', '2018-03-27 10:50:42', '2018-03-27 10:50:42'),
('35.13.12.2009', 'Randumerak', '2018-03-27 10:50:42', '2018-03-27 10:50:42'),
('35.13.12.2010', 'Randutatah', '2018-03-27 10:50:42', '2018-03-27 10:50:42'),
('35.13.12.2011', 'Karanganyar', '2018-03-27 10:50:42', '2018-03-27 10:50:42'),
('35.13.12.2012', 'Plampang', '2018-03-27 10:50:42', '2018-03-27 10:50:42'),
('35.13.12.2013', 'Petunjungan', '2018-03-27 10:50:42', '2018-03-27 10:50:42'),
('35.13.12.2014', 'Taman', '2018-03-27 10:50:42', '2018-03-27 10:50:42'),
('35.13.12.2015', 'Paiton', '2018-03-27 10:50:42', '2018-03-27 10:50:42'),
('35.13.12.2016', 'Sukodadi', '2018-03-27 10:50:42', '2018-03-27 10:50:42'),
('35.13.12.2017', 'Podokkelor', '2018-03-27 10:50:42', '2018-03-27 10:50:42'),
('35.13.12.2018', 'Sumberanyar', '2018-03-27 10:50:42', '2018-03-27 10:50:42'),
('35.13.12.2019', 'Sumberejo', '2018-03-27 10:50:42', '2018-03-27 10:50:42'),
('35.13.12.2020', 'Bhinor', '2018-03-27 10:50:42', '2018-03-27 10:50:42'),
('35.13.13', 'Besuk', '2018-03-27 10:50:42', '2018-03-27 10:50:42'),
('35.13.13.2001', 'Bago', '2018-03-27 10:50:42', '2018-03-27 10:50:42'),
('35.13.13.2002', 'Kecik', '2018-03-27 10:50:42', '2018-03-27 10:50:42'),
('35.13.13.2003', 'Alasnyiur', '2018-03-27 10:50:42', '2018-03-27 10:50:42'),
('35.13.13.2004', 'Sindetlami', '2018-03-27 10:50:42', '2018-03-27 10:50:42'),
('35.13.13.2005', 'Jambangan', '2018-03-27 10:50:42', '2018-03-27 10:50:42'),
('35.13.13.2006', 'Klampokan', '2018-03-27 10:50:42', '2018-03-27 10:50:42'),
('35.13.13.2007', 'Matekan', '2018-03-27 10:50:42', '2018-03-27 10:50:42'),
('35.13.13.2008', 'Krampilan', '2018-03-27 10:50:42', '2018-03-27 10:50:42'),
('35.13.13.2009', 'Besukagung', '2018-03-27 10:50:42', '2018-03-27 10:50:42'),
('35.13.13.2010', 'Besukkidul', '2018-03-27 10:50:42', '2018-03-27 10:50:42'),
('35.13.13.2011', 'Sumurdalam', '2018-03-27 10:50:42', '2018-03-27 10:50:42'),
('35.13.13.2012', 'Sindetanyar', '2018-03-27 10:50:42', '2018-03-27 10:50:42'),
('35.13.13.2013', 'Randujalak', '2018-03-27 10:50:42', '2018-03-27 10:50:42'),
('35.13.13.2014', 'Alastengah', '2018-03-27 10:50:42', '2018-03-27 10:50:42'),
('35.13.13.2015', 'Alaskandang', '2018-03-27 10:50:42', '2018-03-27 10:50:42'),
('35.13.13.2016', 'Alassumurlor', '2018-03-27 10:50:42', '2018-03-27 10:50:42'),
('35.13.13.2017', 'Sumberan', '2018-03-27 10:50:42', '2018-03-27 10:50:42'),
('35.13.14', 'Kraksaan', '2018-03-27 10:50:42', '2018-03-27 10:50:42'),
('35.13.14.2001', 'Kregenan', '2018-03-27 10:50:42', '2018-03-27 10:50:42'),
('35.13.14.2002', 'Rondokuning', '2018-03-27 10:50:42', '2018-03-27 10:50:42'),
('35.13.14.1003', 'Semampir', '2018-03-27 10:50:42', '2018-03-27 10:50:42'),
('35.13.14.2004', 'Bulu', '2018-03-27 10:50:42', '2018-03-27 10:50:42'),
('35.13.14.1005', 'Sidomukti', '2018-03-27 10:50:42', '2018-03-27 10:50:42'),
('35.13.14.2006', 'Rangkang', '2018-03-27 10:50:42', '2018-03-27 10:50:42'),
('35.13.14.1007', 'Kraksaan Wetan', '2018-03-27 10:50:42', '2018-03-27 10:50:42'),
('35.13.14.1008', 'Kandang Jati Kulon', '2018-03-27 10:50:42', '2018-03-27 10:50:42'),
('35.13.14.2009', 'Kandang Jati Wetan', '2018-03-27 10:50:42', '2018-03-27 10:50:42'),
('35.13.14.2010', 'Alassumurlor', '2018-03-27 10:50:42', '2018-03-27 10:50:42'),
('35.13.14.2011', 'Sumberlele', '2018-03-27 10:50:42', '2018-03-27 10:50:42'),
('35.13.14.2012', 'Tamansari', '2018-03-27 10:50:42', '2018-03-27 10:50:42'),
('35.13.14.2013', 'Asembakor', '2018-03-27 10:50:42', '2018-03-27 10:50:42'),
('35.13.14.2014', 'Kebonagung', '2018-03-27 10:50:42', '2018-03-27 10:50:42'),
('35.13.14.2015', 'Sidopekso', '2018-03-27 10:50:42', '2018-03-27 10:50:42'),
('35.13.14.2016', 'Kalibuntu', '2018-03-27 10:50:42', '2018-03-27 10:50:42'),
('35.13.14.1017', 'Patokan', '2018-03-27 10:50:42', '2018-03-27 10:50:42'),
('35.13.14.2018', 'Asembagus', '2018-03-27 10:50:42', '2018-03-27 10:50:42'),
('35.13.15', 'Krejengan', '2018-03-27 10:50:42', '2018-03-27 10:50:42'),
('35.13.15.2001', 'Temenggungan', '2018-03-27 10:50:42', '2018-03-27 10:50:42'),
('35.13.15.2002', 'Patemon', '2018-03-27 10:50:42', '2018-03-27 10:50:42'),
('35.13.15.2003', 'Jatiurip', '2018-03-27 10:50:42', '2018-03-27 10:50:42'),
('35.13.15.2004', 'Opo Opo', '2018-03-27 10:50:42', '2018-03-27 10:50:42'),
('35.13.15.2005', 'Kamalkuning', '2018-03-27 10:50:42', '2018-03-27 10:50:42'),
('35.13.15.2006', 'Tanjungsari', '2018-03-27 10:50:42', '2018-03-27 10:50:42'),
('35.13.15.2007', 'Krejengan', '2018-03-27 10:50:42', '2018-03-27 10:50:42'),
('35.13.15.2008', 'Sentong', '2018-03-27 10:50:42', '2018-03-27 10:50:42'),
('35.13.15.2009', 'Sumberkatimoho', '2018-03-27 10:50:42', '2018-03-27 10:50:42'),
('35.13.15.2010', 'Karangren', '2018-03-27 10:50:42', '2018-03-27 10:50:42'),
('35.13.15.2011', 'Rawan', '2018-03-27 10:50:42', '2018-03-27 10:50:42'),
('35.13.15.2012', 'Seboro', '2018-03-27 10:50:42', '2018-03-27 10:50:42'),
('35.13.15.2013', 'Kedungcaluk', '2018-03-27 10:50:42', '2018-03-27 10:50:42'),
('35.13.15.2014', 'Widoro', '2018-03-27 10:50:42', '2018-03-27 10:50:42'),
('35.13.15.2015', 'Gebangan', '2018-03-27 10:50:42', '2018-03-27 10:50:42'),
('35.13.15.2016', 'Duwuhan', '2018-03-27 10:50:42', '2018-03-27 10:50:42'),
('35.13.15.2017', 'Sokaan', '2018-03-27 10:50:42', '2018-03-27 10:50:42'),
('35.13.16', 'Pejarakan', '2018-03-27 10:50:42', '2018-03-27 10:50:42'),
('35.13.16.2001', 'Selogudig Kulon', '2018-03-27 10:50:42', '2018-03-27 10:50:42'),
('35.13.16.2002', 'Selogudig Wetan', '2018-03-27 10:50:42', '2018-03-27 10:50:42'),
('35.13.16.2003', 'Ketompen', '2018-03-27 10:50:42', '2018-03-27 10:50:42'),
('35.13.16.2004', 'Karangbong', '2018-03-27 10:50:42', '2018-03-27 10:50:42'),
('35.13.16.2005', 'Karangpranti', '2018-03-27 10:50:42', '2018-03-27 10:50:42'),
('35.13.16.2006', 'Gejugan', '2018-03-27 10:50:42', '2018-03-27 10:50:42'),
('35.13.16.2007', 'Karanggeger', '2018-03-27 10:50:42', '2018-03-27 10:50:42'),
('35.13.16.2008', 'Tanjung', '2018-03-27 10:50:42', '2018-03-27 10:50:42'),
('35.13.16.2009', 'Pejarakan Kulon', '2018-03-27 10:50:42', '2018-03-27 10:50:42'),
('35.13.16.2010', 'Sukokerto', '2018-03-27 10:50:42', '2018-03-27 10:50:42'),
('35.13.16.2011', 'Sukomulyo', '2018-03-27 10:50:42', '2018-03-27 10:50:42'),
('35.13.16.2012', 'Penambangan', '2018-03-27 10:50:42', '2018-03-27 10:50:42'),
('35.13.17', 'Maron', '2018-03-27 10:50:42', '2018-03-27 10:50:42'),
('35.13.17.2001', 'Brabe', '2018-03-27 10:50:42', '2018-03-27 10:50:42'),
('35.13.17.2002', 'Gerongan', '2018-03-27 10:50:42', '2018-03-27 10:50:42'),
('35.13.17.2003', 'Maron Kidul', '2018-03-27 10:50:42', '2018-03-27 10:50:42'),
('35.13.17.2004', 'Sumberdawe', '2018-03-27 10:50:42', '2018-03-27 10:50:42'),
('35.13.17.2005', 'Sumberpoh', '2018-03-27 10:50:42', '2018-03-27 10:50:42'),
('35.13.17.2006', 'Kedungsari', '2018-03-27 10:50:42', '2018-03-27 10:50:42'),
('35.13.17.2007', 'Maron Kulon', '2018-03-27 10:50:42', '2018-03-27 10:50:42'),
('35.13.17.2008', 'Maron Wetan', '2018-03-27 10:50:42', '2018-03-27 10:50:42'),
('35.13.17.2009', 'Brani Kulon', '2018-03-27 10:50:42', '2018-03-27 10:50:42'),
('35.13.17.2010', 'Satreyan', '2018-03-27 10:50:42', '2018-03-27 10:50:42'),
('35.13.17.2011', 'Brani Wetan', '2018-03-27 10:50:42', '2018-03-27 10:50:42'),
('35.13.17.2012', 'Puspan', '2018-03-27 10:50:42', '2018-03-27 10:50:42'),
('35.13.17.2013', 'Wonorejo', '2018-03-27 10:50:42', '2018-03-27 10:50:42'),
('35.13.17.2014', 'Brumbungan Kidul', '2018-03-27 10:50:42', '2018-03-27 10:50:42'),
('35.13.17.2015', 'Pegalangan Kidul', '2018-03-27 10:50:42', '2018-03-27 10:50:42'),
('35.13.17.2016', 'Suko', '2018-03-27 10:50:42', '2018-03-27 10:50:42'),
('35.13.17.2017', 'Ganting Kulon', '2018-03-27 10:50:42', '2018-03-27 10:50:42'),
('35.13.17.2018', 'Ganting Wetan', '2018-03-27 10:50:42', '2018-03-27 10:50:42'),
('35.13.18', 'Gending', '2018-03-27 10:50:42', '2018-03-27 10:50:42'),
('35.13.18.2001', 'Brumbungan Lor', '2018-03-27 10:50:42', '2018-03-27 10:50:42'),
('35.13.18.2002', 'Jatiadi', '2018-03-27 10:50:42', '2018-03-27 10:50:42'),
('35.13.18.2003', 'Klasemen', '2018-03-27 10:50:42', '2018-03-27 10:50:42'),
('35.13.18.2004', 'Pesisir', '2018-03-27 10:50:42', '2018-03-27 10:50:42'),
('35.13.18.2005', 'Bulang', '2018-03-27 10:50:42', '2018-03-27 10:50:42'),
('35.13.18.2006', 'Randupitu', '2018-03-27 10:50:42', '2018-03-27 10:50:42'),
('35.13.18.2007', 'Pikatan', '2018-03-27 10:50:42', '2018-03-27 10:50:42'),
('35.13.18.2008', 'Sebaung', '2018-03-27 10:50:42', '2018-03-27 10:50:42'),
('35.13.18.2009', 'Sumberkerang', '2018-03-27 10:50:42', '2018-03-27 10:50:42'),
('35.13.18.2010', 'Banyuanyar Lor', '2018-03-27 10:50:42', '2018-03-27 10:50:42'),
('35.13.18.2011', 'Curahsawo', '2018-03-27 10:50:42', '2018-03-27 10:50:42'),
('35.13.18.2012', 'Pajurangan', '2018-03-27 10:50:42', '2018-03-27 10:50:42'),
('35.13.18.2013', 'Gending', '2018-03-27 10:50:42', '2018-03-27 10:50:42'),
('35.13.19', 'Dringu', '2018-03-27 10:50:42', '2018-03-27 10:50:42'),
('35.13.19.2001', 'Watuwungkuk', '2018-03-27 10:50:42', '2018-03-27 10:50:42'),
('35.13.19.2002', 'Sumbersuko', '2018-03-27 10:50:42', '2018-03-27 10:50:42'),
('35.13.19.2003', 'Sumberagung', '2018-03-27 10:50:42', '2018-03-27 10:50:42'),
('35.13.19.2004', 'Ngepoh', '2018-03-27 10:50:42', '2018-03-27 10:50:42'),
('35.13.19.2005', 'Mrangonlawang', '2018-03-27 10:50:42', '2018-03-27 10:50:42'),
('35.13.19.2006', 'Sekarkare', '2018-03-27 10:50:42', '2018-03-27 10:50:42'),
('35.13.19.2007', 'Tamansari', '2018-03-27 10:50:42', '2018-03-27 10:50:42'),
('35.13.19.2008', 'Tegalrejo', '2018-03-27 10:50:42', '2018-03-27 10:50:42'),
('35.13.19.2009', 'Kalirejo', '2018-03-27 10:50:42', '2018-03-27 10:50:42'),
('35.13.19.2010', 'Kedungdalem', '2018-03-27 10:50:42', '2018-03-27 10:50:42'),
('35.13.19.2011', 'Kalisalam', '2018-03-27 10:50:42', '2018-03-27 10:50:42'),
('35.13.19.2012', 'Randuputih', '2018-03-27 10:50:42', '2018-03-27 10:50:42'),
('35.13.19.2013', 'Dringu', '2018-03-27 10:50:42', '2018-03-27 10:50:42'),
('35.13.19.2014', 'Pabean', '2018-03-27 10:50:42', '2018-03-27 10:50:42'),
('35.13.20', 'Tegalsiwalan', '2018-03-27 10:50:42', '2018-03-27 10:50:42'),
('35.13.20.2001', 'Malesanwetan', '2018-03-27 10:50:42', '2018-03-27 10:50:42'),
('35.13.20.2002', 'Gunungbekel', '2018-03-27 10:50:42', '2018-03-27 10:50:42'),
('35.13.20.2003', 'Tegalsono', '2018-03-27 10:50:42', '2018-03-27 10:50:42'),
('35.13.20.2004', 'Bulujarankidul', '2018-03-27 10:50:42', '2018-03-27 10:50:42'),
('35.13.20.2005', 'Bulujaranlor', '2018-03-27 10:50:42', '2018-03-27 10:50:42'),
('35.13.20.2006', 'Paras', '2018-03-27 10:50:42', '2018-03-27 10:50:42'),
('35.13.20.2007', 'Tegalsiwalan', '2018-03-27 10:50:42', '2018-03-27 10:50:42'),
('35.13.20.2008', 'Banjarsawah', '2018-03-27 10:50:42', '2018-03-27 10:50:42'),
('35.13.20.2009', 'Sumberbulu', '2018-03-27 10:50:42', '2018-03-27 10:50:42'),
('35.13.20.2010', 'Sumberkledung', '2018-03-27 10:50:42', '2018-03-27 10:50:42'),
('35.13.20.2011', 'Bladokulon', '2018-03-27 10:50:42', '2018-03-27 10:50:42'),
('35.13.20.2012', 'Tegalmojo', '2018-03-27 10:50:42', '2018-03-27 10:50:42'),
('35.13.21', 'Sumberasih', '2018-03-27 10:50:42', '2018-03-27 10:50:42'),
('35.13.21.2001', 'Sumberbendo', '2018-03-27 10:50:42', '2018-03-27 10:50:42'),
('35.13.21.2002', 'Jangur', '2018-03-27 10:50:42', '2018-03-27 10:50:42'),
('35.13.21.2003', 'Muneng', '2018-03-27 10:50:42', '2018-03-27 10:50:42'),
('35.13.21.2004', 'Munengkidul', '2018-03-27 10:50:42', '2018-03-27 10:50:42'),
('35.13.21.2005', 'Pohsangitleres', '2018-03-27 10:50:42', '2018-03-27 10:50:42'),
('35.13.21.2006', 'Laweyan', '2018-03-27 10:50:42', '2018-03-27 10:50:42'),
('35.13.21.2007', 'Sumurmati', '2018-03-27 10:50:42', '2018-03-27 10:50:42'),
('35.13.21.2008', 'Mentor', '2018-03-27 10:50:42', '2018-03-27 10:50:42'),
('35.13.21.2009', 'Ambulu', '2018-03-27 10:50:42', '2018-03-27 10:50:42'),
('35.13.21.2010', 'Banjarsari', '2018-03-27 10:50:42', '2018-03-27 10:50:42'),
('35.13.21.2011', 'Lemahkembar', '2018-03-27 10:50:42', '2018-03-27 10:50:42'),
('35.13.21.2012', 'Pesisir', '2018-03-27 10:50:42', '2018-03-27 10:50:42'),
('35.13.21.2013', 'Giliketapang', '2018-03-27 10:50:42', '2018-03-27 10:50:42'),
('35.13.22', 'Wonomerto', '2018-03-27 10:50:42', '2018-03-27 10:50:42'),
('35.13.22.2001', 'Sumberkare', '2018-03-27 10:50:42', '2018-03-27 10:50:42'),
('35.13.22.2002', 'Patalan', '2018-03-27 10:50:42', '2018-03-27 10:50:42'),
('35.13.22.2003', 'Jrebeng', '2018-03-27 10:50:42', '2018-03-27 10:50:42'),
('35.13.22.2004', 'Wonorejo', '2018-03-27 10:50:42', '2018-03-27 10:50:42'),
('35.13.22.2005', 'Tunggakcerme', '2018-03-27 10:50:42', '2018-03-27 10:50:42'),
('35.13.22.2006', 'Pohsangit Tengah', '2018-03-27 10:50:42', '2018-03-27 10:50:42'),
('35.13.22.2007', 'Pohsangit Lor', '2018-03-27 10:50:42', '2018-03-27 10:50:42'),
('35.13.22.2008', 'Pohsangit Ngisor', '2018-03-27 10:50:42', '2018-03-27 10:50:42'),
('35.13.22.2009', 'Sepuhgembol', '2018-03-27 10:50:42', '2018-03-27 10:50:42'),
('35.13.22.2010', 'Kareng Kidul', '2018-03-27 10:50:42', '2018-03-27 10:50:42'),
('35.13.22.2011', 'Kedungsupit', '2018-03-27 10:50:42', '2018-03-27 10:50:42'),
('35.13.23', 'Tongas', '2018-03-27 10:50:42', '2018-03-27 10:50:42'),
('35.13.23.2001', 'Sumberrejo', '2018-03-27 10:50:42', '2018-03-27 10:50:42'),
('35.13.23.2002', 'Sumendi', '2018-03-27 10:50:42', '2018-03-27 10:50:42'),
('35.13.23.2003', 'Bayeman', '2018-03-27 10:50:42', '2018-03-27 10:50:42'),
('35.13.23.2004', 'Dungun', '2018-03-27 10:50:42', '2018-03-27 10:50:42'),
('35.13.23.2005', 'Curahdringu', '2018-03-27 10:50:42', '2018-03-27 10:50:42'),
('35.13.23.2006', 'Wringinanom', '2018-03-27 10:50:42', '2018-03-27 10:50:42'),
('35.13.23.2007', 'Sumberkramat', '2018-03-27 10:50:42', '2018-03-27 10:50:42'),
('35.13.23.2008', 'Tongaswetan', '2018-03-27 10:50:42', '2018-03-27 10:50:42'),
('35.13.23.2009', 'Pamatan', '2018-03-27 10:50:42', '2018-03-27 10:50:42'),
('35.13.23.2010', 'Klampok', '2018-03-27 10:50:42', '2018-03-27 10:50:42'),
('35.13.23.2011', 'Tongaskulon', '2018-03-27 10:50:42', '2018-03-27 10:50:42'),
('35.13.23.2012', 'Curahtulis', '2018-03-27 10:50:42', '2018-03-27 10:50:42'),
('35.13.23.2013', 'Tambakrejo', '2018-03-27 10:50:42', '2018-03-27 10:50:42'),
('35.13.23.2014', 'Tanjungrejo', '2018-03-27 10:50:42', '2018-03-27 10:50:42'),
('35.13.24', 'Lumbang', '2018-03-27 10:50:42', '2018-03-27 10:50:42'),
('35.13.24.2001', 'Sapih', '2018-03-27 10:50:42', '2018-03-27 10:50:42'),
('35.13.24.2002', 'Negororejo', '2018-03-27 10:50:42', '2018-03-27 10:50:42'),
('35.13.24.2003', 'Branggah', '2018-03-27 10:50:42', '2018-03-27 10:50:42'),
('35.13.24.2004', 'Lambangkuning', '2018-03-27 10:50:42', '2018-03-27 10:50:42'),
('35.13.24.2005', 'Wonogoro', '2018-03-27 10:50:42', '2018-03-27 10:50:42'),
('35.13.24.2006', 'Palangbesi', '2018-03-27 10:50:42', '2018-03-27 10:50:42'),
('35.13.24.2007', 'Boto', '2018-03-27 10:50:42', '2018-03-27 10:50:42'),
('35.13.24.2008', 'Lumbang', '2018-03-27 10:50:42', '2018-03-27 10:50:42'),
('35.13.24.2009', 'Tandonsentul', '2018-03-27 10:50:42', '2018-03-27 10:50:42'),
('35.13.24.2010', 'Purut', '2018-03-27 10:50:42', '2018-03-27 10:50:42'),
('35.14', 'KAB. PASURUAN', '2018-03-27 10:50:42', '2018-03-27 10:50:42'),
('35.14.01', 'Purwodadi', '2018-03-27 10:50:42', '2018-03-27 10:50:42'),
('35.14.01.2001', 'Gerbo', '2018-03-27 10:50:42', '2018-03-27 10:50:42'),
('35.14.01.2002', 'Dawuhan Sengon', '2018-03-27 10:50:42', '2018-03-27 10:50:42'),
('35.14.01.2003', 'Lebak Rejo', '2018-03-27 10:50:42', '2018-03-27 10:50:42'),
('35.14.01.2004', 'Cowek', '2018-03-27 10:50:42', '2018-03-27 10:50:42'),
('35.14.01.2005', 'Purwodadi', '2018-03-27 10:50:42', '2018-03-27 10:50:42'),
('35.14.01.2006', 'Parerejo', '2018-03-27 10:50:42', '2018-03-27 10:50:42'),
('35.14.01.2007', 'Gajahrejo', '2018-03-27 10:50:42', '2018-03-27 10:50:42'),
('35.14.01.2008', 'Sentul', '2018-03-27 10:50:42', '2018-03-27 10:50:42'),
('35.14.01.2009', 'Jati Sari', '2018-03-27 10:50:42', '2018-03-27 10:50:42'),
('35.14.01.2010', 'Tambak Sari', '2018-03-27 10:50:42', '2018-03-27 10:50:42'),
('35.14.01.2011', 'Pucang Sari', '2018-03-27 10:50:42', '2018-03-27 10:50:42'),
('35.14.01.2012', 'Semut', '2018-03-27 10:50:42', '2018-03-27 10:50:42'),
('35.14.01.2013', 'Capang', '2018-03-27 10:50:42', '2018-03-27 10:50:42'),
('35.14.02', 'Tutur', '2018-03-27 10:50:42', '2018-03-27 10:50:42'),
('35.14.02.2001', 'Ngadirejo', '2018-03-27 10:50:42', '2018-03-27 10:50:42'),
('35.14.02.2002', 'Blarang', '2018-03-27 10:50:42', '2018-03-27 10:50:42'),
('35.14.02.2003', 'Kayu Kebek', '2018-03-27 10:50:42', '2018-03-27 10:50:42'),
('35.14.02.2004', 'Andono Sari', '2018-03-27 10:50:42', '2018-03-27 10:50:42'),
('35.14.02.2005', 'Wonosari', '2018-03-27 10:50:42', '2018-03-27 10:50:42'),
('35.14.02.2006', 'Gendro', '2018-03-27 10:50:42', '2018-03-27 10:50:42'),
('35.14.02.2007', 'Tlogosari', '2018-03-27 10:50:42', '2018-03-27 10:50:42'),
('35.14.02.2008', 'Tutur', '2018-03-27 10:50:42', '2018-03-27 10:50:42'),
('35.14.02.2009', 'Pungging', '2018-03-27 10:50:42', '2018-03-27 10:50:42'),
('35.14.02.2010', 'Kalipucang', '2018-03-27 10:50:42', '2018-03-27 10:50:42'),
('35.14.02.2011', 'Sumber Pitu', '2018-03-27 10:50:42', '2018-03-27 10:50:42'),
('35.14.02.2012', 'Ngembal', '2018-03-27 10:50:42', '2018-03-27 10:50:42'),
('35.14.03', 'Puspo', '2018-03-27 10:50:42', '2018-03-27 10:50:42'),
('35.14.03.2001', 'Kemiri', '2018-03-27 10:50:42', '2018-03-27 10:50:42'),
('35.14.03.2002', 'Janjangwulung', '2018-03-27 10:50:42', '2018-03-27 10:50:42'),
('35.14.03.2003', 'Palangsari', '2018-03-27 10:50:42', '2018-03-27 10:50:42'),
('35.14.03.2004', 'Puspo', '2018-03-27 10:50:42', '2018-03-27 10:50:42'),
('35.14.03.2005', 'Jimbaran', '2018-03-27 10:50:42', '2018-03-27 10:50:42'),
('35.14.03.2006', 'Pusung Malang', '2018-03-27 10:50:42', '2018-03-27 10:50:42'),
('35.14.03.2007', 'Keduwung', '2018-03-27 10:50:42', '2018-03-27 10:50:42'),
('35.14.04', 'Lumbang', '2018-03-27 10:50:42', '2018-03-27 10:50:42'),
('35.14.04.2001', 'Wonorejo', '2018-03-27 10:50:42', '2018-03-27 10:50:42'),
('35.14.04.2002', 'Banjarimbo', '2018-03-27 10:50:42', '2018-03-27 10:50:42'),
('35.14.04.2003', 'Welulang', '2018-03-27 10:50:42', '2018-03-27 10:50:42'),
('35.14.04.2004', 'Watu Lumbung', '2018-03-27 10:50:42', '2018-03-27 10:50:42'),
('35.14.04.2005', 'Panditan', '2018-03-27 10:50:42', '2018-03-27 10:50:42'),
('35.14.04.2006', 'Bulu Kandang', '2018-03-27 10:50:42', '2018-03-27 10:50:42'),
('35.14.04.2007', 'Lumbang', '2018-03-27 10:50:42', '2018-03-27 10:50:42'),
('35.14.04.2008', 'Pancur', '2018-03-27 10:50:42', '2018-03-27 10:50:42'),
('35.14.04.2009', 'Kronto', '2018-03-27 10:50:42', '2018-03-27 10:50:42'),
('35.14.04.2010', 'Karang Asem', '2018-03-27 10:50:42', '2018-03-27 10:50:42'),
('35.14.04.2011', 'Cukur Guling', '2018-03-27 10:50:42', '2018-03-27 10:50:42'),
('35.14.04.2012', 'Karang Jati', '2018-03-27 10:50:42', '2018-03-27 10:50:42'),
('35.14.05', 'Pasrepan', '2018-03-27 10:50:42', '2018-03-27 10:50:42'),
('35.14.05.2001', 'Ngantungan', '2018-03-27 10:50:42', '2018-03-27 10:50:42'),
('35.14.05.2002', 'Galih', '2018-03-27 10:50:42', '2018-03-27 10:50:42'),
('35.14.05.2003', 'Petung', '2018-03-27 10:50:42', '2018-03-27 10:50:42'),
('35.14.05.2004', 'Klakah', '2018-03-27 10:50:42', '2018-03-27 10:50:42'),
('35.14.05.2005', 'Sibon', '2018-03-27 10:50:42', '2018-03-27 10:50:42'),
('35.14.05.2006', 'Mangguan', '2018-03-27 10:50:42', '2018-03-27 10:50:42'),
('35.14.05.2007', 'Ampel Sari', '2018-03-27 10:50:42', '2018-03-27 10:50:42'),
('35.14.05.2008', 'Tempuran', '2018-03-27 10:50:42', '2018-03-27 10:50:42'),
('35.14.05.2009', 'Sapulante', '2018-03-27 10:50:42', '2018-03-27 10:50:42'),
('35.14.05.2010', 'Pohgedang', '2018-03-27 10:50:42', '2018-03-27 10:50:42'),
('35.14.05.2011', 'Pasrepan', '2018-03-27 10:50:42', '2018-03-27 10:50:42'),
('35.14.05.2012', 'Rejosalam', '2018-03-27 10:50:42', '2018-03-27 10:50:42'),
('35.14.05.2013', 'Cengkrong', '2018-03-27 10:50:42', '2018-03-27 10:50:42'),
('35.14.05.2014', 'Lemahbang', '2018-03-27 10:50:42', '2018-03-27 10:50:42'),
('35.14.05.2015', 'Tambak Rejo', '2018-03-27 10:50:42', '2018-03-27 10:50:42'),
('35.14.05.2016', 'Pohgading', '2018-03-27 10:50:42', '2018-03-27 10:50:42'),
('35.14.05.2017', 'Jogorepuh', '2018-03-27 10:50:42', '2018-03-27 10:50:42'),
('35.14.06', 'Kejayan', '2018-03-27 10:50:42', '2018-03-27 10:50:42'),
('35.14.06.2001', 'Oro Oro Puleh', '2018-03-27 10:50:42', '2018-03-27 10:50:42'),
('35.14.06.2002', 'Kedung Pengaron', '2018-03-27 10:50:42', '2018-03-27 10:50:42'),
('35.14.06.2003', 'Benerwojo', '2018-03-27 10:50:42', '2018-03-27 10:50:42'),
('35.14.06.2004', 'Cobanjoyo', '2018-03-27 10:50:42', '2018-03-27 10:50:42'),
('35.14.06.2005', 'Kepuh', '2018-03-27 10:50:42', '2018-03-27 10:50:42'),
('35.14.06.2006', 'Lorokan', '2018-03-27 10:50:42', '2018-03-27 10:50:42'),
('35.14.06.2007', 'Klangrong', '2018-03-27 10:50:42', '2018-03-27 10:50:42'),
('35.14.06.2008', 'Linggo', '2018-03-27 10:50:42', '2018-03-27 10:50:42'),
('35.14.06.2009', 'Ambal Ambil', '2018-03-27 10:50:42', '2018-03-27 10:50:42'),
('35.14.06.2010', 'Kedemungan', '2018-03-27 10:50:42', '2018-03-27 10:50:42'),
('35.14.06.2011', 'Wrati', '2018-03-27 10:50:42', '2018-03-27 10:50:42'),
('35.14.06.2012', 'Pacar Keling', '2018-03-27 10:50:42', '2018-03-27 10:50:42'),
('35.14.06.2013', 'Luwuk', '2018-03-27 10:50:42', '2018-03-27 10:50:42'),
('35.14.06.2014', 'Sumber Suko', '2018-03-27 10:50:42', '2018-03-27 10:50:42'),
('35.14.06.2015', 'Sumber Banteng', '2018-03-27 10:50:42', '2018-03-27 10:50:42'),
('35.14.06.2016', 'Kurung', '2018-03-27 10:50:42', '2018-03-27 10:50:42'),
('35.14.06.2017', 'Tanggulangin', '2018-03-27 10:50:42', '2018-03-27 10:50:42'),
('35.14.06.2018', 'Randugong', '2018-03-27 10:50:42', '2018-03-27 10:50:42'),
('35.14.06.2019', 'Wangkalwetan', '2018-03-27 10:50:42', '2018-03-27 10:50:42'),
('35.14.06.2020', 'Klinter', '2018-03-27 10:50:42', '2018-03-27 10:50:42'),
('35.14.06.2021', 'Tundosuro/Tundosoro', '2018-03-27 10:50:42', '2018-03-27 10:50:42'),
('35.14.06.2022', 'Ketangirejo', '2018-03-27 10:50:42', '2018-03-27 10:50:42'),
('35.14.06.2023', 'Patebon', '2018-03-27 10:50:42', '2018-03-27 10:50:42'),
('35.14.06.1024', 'Kejayan', '2018-03-27 10:50:42', '2018-03-27 10:50:42'),
('35.14.06.2025', 'Sladi', '2018-03-27 10:50:42', '2018-03-27 10:50:42'),
('35.14.07', 'Wonorejo', '2018-03-27 10:50:42', '2018-03-27 10:50:42'),
('35.14.07.2001', 'Karangmenggah', '2018-03-27 10:50:42', '2018-03-27 10:50:42'),
('35.14.07.2002', 'Karang Jatianyar', '2018-03-27 10:50:42', '2018-03-27 10:50:42'),
('35.14.07.2003', 'Pakijangan', '2018-03-27 10:50:42', '2018-03-27 10:50:42'),
('35.14.07.2004', 'Cobanblimbing', '2018-03-27 10:50:42', '2018-03-27 10:50:42'),
('35.14.07.2005', 'Wonorejo', '2018-03-27 10:50:42', '2018-03-27 10:50:42'),
('35.14.07.2006', 'Wonosari', '2018-03-27 10:50:42', '2018-03-27 10:50:42'),
('35.14.07.2007', 'Tamansari', '2018-03-27 10:50:42', '2018-03-27 10:50:42'),
('35.14.07.2008', 'Jati Gunting', '2018-03-27 10:50:42', '2018-03-27 10:50:42'),
('35.14.07.2009', 'Rebono', '2018-03-27 10:50:42', '2018-03-27 10:50:42'),
('35.14.07.2010', 'Karangsono', '2018-03-27 10:50:42', '2018-03-27 10:50:42'),
('35.14.07.2011', 'Kendangdukuh', '2018-03-27 10:50:42', '2018-03-27 10:50:42'),
('35.14.07.2012', 'Karangasem', '2018-03-27 10:50:42', '2018-03-27 10:50:42'),
('35.14.07.2013', 'Kluwut', '2018-03-27 10:50:42', '2018-03-27 10:50:42'),
('35.14.07.2014', 'Sambisirah', '2018-03-27 10:50:42', '2018-03-27 10:50:42'),
('35.14.07.2015', 'Lebak Sari', '2018-03-27 10:50:42', '2018-03-27 10:50:42'),
('35.14.08', 'Purwosari', '2018-03-27 10:50:42', '2018-03-27 10:50:42'),
('35.14.08.2001', 'Sumberrejo', '2018-03-27 10:50:42', '2018-03-27 10:50:42'),
('35.14.08.2002', 'Sekarmojo', '2018-03-27 10:50:42', '2018-03-27 10:50:42'),
('35.14.08.2003', 'Tejowangi', '2018-03-27 10:50:42', '2018-03-27 10:50:42'),
('35.14.08.2004', 'Kertosari', '2018-03-27 10:50:42', '2018-03-27 10:50:42'),
('35.14.08.2005', 'Martopuro', '2018-03-27 10:50:42', '2018-03-27 10:50:42'),
('35.14.08.1006', 'Purwosari', '2018-03-27 10:50:42', '2018-03-27 10:50:42'),
('35.14.08.2007', 'Sengonagung', '2018-03-27 10:50:42', '2018-03-27 10:50:42'),
('35.14.08.2008', 'Pager', '2018-03-27 10:50:42', '2018-03-27 10:50:42'),
('35.14.08.2009', 'Cendono', '2018-03-27 10:50:42', '2018-03-27 10:50:42'),
('35.14.08.2010', 'Karangrejo', '2018-03-27 10:50:42', '2018-03-27 10:50:42'),
('35.14.08.2011', 'Sumbersuko', '2018-03-27 10:50:42', '2018-03-27 10:50:42'),
('35.14.08.2012', 'Pucang Sari', '2018-03-27 10:50:42', '2018-03-27 10:50:42'),
('35.14.08.2013', 'Kayoman', '2018-03-27 10:50:42', '2018-03-27 10:50:42'),
('35.14.08.2014', 'Sukodermo', '2018-03-27 10:50:42', '2018-03-27 10:50:42'),
('35.14.08.2015', 'Bakalan', '2018-03-27 10:50:42', '2018-03-27 10:50:42'),
('35.14.09', 'Sukorejo', '2018-03-27 10:50:42', '2018-03-27 10:50:42'),
('35.14.09.2001', 'Gunting', '2018-03-27 10:50:42', '2018-03-27 10:50:42'),
('35.14.09.2002', 'Pakukerto', '2018-03-27 10:50:42', '2018-03-27 10:50:42'),
('35.14.09.2003', 'Glagahsari', '2018-03-27 10:50:42', '2018-03-27 10:50:42'),
('35.14.09.2004', 'Sukorejo', '2018-03-27 10:50:42', '2018-03-27 10:50:42'),
('35.14.09.2005', 'Karangsono', '2018-03-27 10:50:42', '2018-03-27 10:50:42'),
('35.14.09.2006', 'Sebandung', '2018-03-27 10:50:42', '2018-03-27 10:50:42'),
('35.14.09.2007', 'Dukuhsari', '2018-03-27 10:50:42', '2018-03-27 10:50:42'),
('35.14.09.2008', 'Lecari', '2018-03-27 10:50:42', '2018-03-27 10:50:42'),
('35.14.09.2009', 'Lemahbang', '2018-03-27 10:50:42', '2018-03-27 10:50:42'),
('35.14.09.2010', 'Ngadimulyo', '2018-03-27 10:50:42', '2018-03-27 10:50:42'),
('35.14.09.2011', 'Tanjungarum', '2018-03-27 10:50:42', '2018-03-27 10:50:42'),
('35.14.09.2012', 'Suwayuwo', '2018-03-27 10:50:42', '2018-03-27 10:50:42'),
('35.14.09.2013', 'Mojotengah', '2018-03-27 10:50:42', '2018-03-27 10:50:42'),
('35.14.09.2014', 'Kalirejo', '2018-03-27 10:50:42', '2018-03-27 10:50:42'),
('35.14.09.2015', 'Candibinangun', '2018-03-27 10:50:42', '2018-03-27 10:50:42'),
('35.14.09.2016', 'Kenduruan', '2018-03-27 10:50:42', '2018-03-27 10:50:42'),
('35.14.09.2017', 'Sukorame', '2018-03-27 10:50:42', '2018-03-27 10:50:42'),
('35.14.09.2018', 'Curahrejo', '2018-03-27 10:50:42', '2018-03-27 10:50:42'),
('35.14.09.2019', 'Wonokerto', '2018-03-27 10:50:42', '2018-03-27 10:50:42'),
('35.14.10', 'Prigen', '2018-03-27 10:50:42', '2018-03-27 10:50:42'),
('35.14.10.2001', 'Jatiarjo', '2018-03-27 10:50:42', '2018-03-27 10:50:42'),
('35.14.10.2002', 'Watuagung', '2018-03-27 10:50:42', '2018-03-27 10:50:42'),
('35.14.10.2003', 'Dayurejo', '2018-03-27 10:50:42', '2018-03-27 10:50:42'),
('35.14.10.2004', 'Bulukandang', '2018-03-27 10:50:42', '2018-03-27 10:50:42'),
('35.14.10.2005', 'Ketanireng', '2018-03-27 10:50:42', '2018-03-27 10:50:42'),
('35.14.10.2006', 'Sukolelo', '2018-03-27 10:50:42', '2018-03-27 10:50:42'),
('35.14.10.1007', 'Ledug', '2018-03-27 10:50:42', '2018-03-27 10:50:42'),
('35.14.10.1008', 'Pecalukan', '2018-03-27 10:50:42', '2018-03-27 10:50:42'),
('35.14.10.1009', 'Prigen', '2018-03-27 10:50:42', '2018-03-27 10:50:42'),
('35.14.10.2010', 'Lumbangrejo', '2018-03-27 10:50:42', '2018-03-27 10:50:42'),
('35.14.10.2011', 'Sukoreno', '2018-03-27 10:50:42', '2018-03-27 10:50:42'),
('35.14.10.2012', 'Sekarjoho', '2018-03-27 10:50:42', '2018-03-27 10:50:42'),
('35.14.10.2013', 'Gambiran', '2018-03-27 10:50:42', '2018-03-27 10:50:42'),
('35.14.10.2014', 'Candiwates', '2018-03-27 10:50:42', '2018-03-27 10:50:42'),
('35.14.11', 'Pandaan', '2018-03-27 10:50:42', '2018-03-27 10:50:42'),
('35.14.11.2001', 'Plintahan', '2018-03-27 10:50:42', '2018-03-27 10:50:42'),
('35.14.11.2002', 'Durensewu', '2018-03-27 10:50:42', '2018-03-27 10:50:42'),
('35.14.11.2003', 'Karangjati', '2018-03-27 10:50:42', '2018-03-27 10:50:42'),
('35.14.11.2004', 'Wedoro', '2018-03-27 10:50:42', '2018-03-27 10:50:42'),
('35.14.11.2005', 'Tunggulwulung', '2018-03-27 10:50:42', '2018-03-27 10:50:42'),
('35.14.11.1006', 'Kutorejo', '2018-03-27 10:50:42', '2018-03-27 10:50:42'),
('35.14.11.1007', 'Jogosari', '2018-03-27 10:50:42', '2018-03-27 10:50:42'),
('35.14.11.1008', 'Petungasri', '2018-03-27 10:50:42', '2018-03-27 10:50:42'),
('35.14.11.2009', 'Sumbergedang', '2018-03-27 10:50:42', '2018-03-27 10:50:42'),
('35.14.11.2010', 'Tawangrejo', '2018-03-27 10:50:42', '2018-03-27 10:50:42'),
('35.14.11.1011', 'Pandaan', '2018-03-27 10:50:42', '2018-03-27 10:50:42'),
('35.14.11.2012', 'Nogosari', '2018-03-27 10:50:42', '2018-03-27 10:50:42'),
('35.14.11.2013', 'Kebonwaris', '2018-03-27 10:50:42', '2018-03-27 10:50:42'),
('35.14.11.2014', 'Sebani', '2018-03-27 10:50:42', '2018-03-27 10:50:42'),
('35.14.11.2015', 'Banjarsari', '2018-03-27 10:50:42', '2018-03-27 10:50:42'),
('35.14.11.2016', 'Banjarkejen', '2018-03-27 10:50:42', '2018-03-27 10:50:42'),
('35.14.11.2017', 'Kemirisewu', '2018-03-27 10:50:42', '2018-03-27 10:50:42'),
('35.14.11.2018', 'Sumberejo', '2018-03-27 10:50:42', '2018-03-27 10:50:42'),
('35.14.12', 'Gempol', '2018-03-27 10:50:42', '2018-03-27 10:50:42'),
('35.14.12.2001', 'Wonosunyo', '2018-03-27 10:50:42', '2018-03-27 10:50:42'),
('35.14.12.2002', 'Sumbersuko', '2018-03-27 10:50:42', '2018-03-27 10:50:42'),
('35.14.12.2003', 'Wonosari', '2018-03-27 10:50:42', '2018-03-27 10:50:42'),
('35.14.12.2004', 'Kepulungan', '2018-03-27 10:50:42', '2018-03-27 10:50:42'),
('35.14.12.2005', 'Randupitu', '2018-03-27 10:50:42', '2018-03-27 10:50:42'),
('35.14.12.2006', 'Ngerong', '2018-03-27 10:50:42', '2018-03-27 10:50:42'),
('35.14.12.2007', 'Karangrejo', '2018-03-27 10:50:42', '2018-03-27 10:50:42'),
('35.14.12.2008', 'Bulusari', '2018-03-27 10:50:42', '2018-03-27 10:50:42'),
('35.14.12.2009', 'Jeruk Purut', '2018-03-27 10:50:42', '2018-03-27 10:50:42'),
('35.14.12.2010', 'Watukosek', '2018-03-27 10:50:42', '2018-03-27 10:50:42'),
('35.14.12.2011', 'Carat', '2018-03-27 10:50:42', '2018-03-27 10:50:42'),
('35.14.12.2012', 'Kejapanan', '2018-03-27 10:50:42', '2018-03-27 10:50:42'),
('35.14.12.2013', 'Winong', '2018-03-27 10:50:42', '2018-03-27 10:50:42'),
('35.14.12.2014', 'Legok', '2018-03-27 10:50:42', '2018-03-27 10:50:42'),
('35.14.12.2015', 'Gempol', '2018-03-27 10:50:42', '2018-03-27 10:50:42'),
('35.14.13', 'Beji', '2018-03-27 10:50:42', '2018-03-27 10:50:42'),
('35.14.13.2001', 'Baujeng', '2018-03-27 10:50:42', '2018-03-27 10:50:42'),
('35.14.13.2002', 'Ngembe', '2018-03-27 10:50:42', '2018-03-27 10:50:42'),
('35.14.13.2003', 'Kenep', '2018-03-27 10:50:42', '2018-03-27 10:50:42'),
('35.14.13.2004', 'Sidowayah', '2018-03-27 10:50:42', '2018-03-27 10:50:42'),
('35.14.13.2005', 'Gajahbendo', '2018-03-27 10:50:42', '2018-03-27 10:50:42'),
('35.14.13.2006', 'Gunung Gangsir', '2018-03-27 10:50:42', '2018-03-27 10:50:42'),
('35.14.13.2007', 'Wonokoyo', '2018-03-27 10:50:42', '2018-03-27 10:50:42'),
('35.14.13.2008', 'Gunungsari', '2018-03-27 10:50:42', '2018-03-27 10:50:42'),
('35.14.13.2009', 'Cangkringmalang', '2018-03-27 10:50:42', '2018-03-27 10:50:42'),
('35.14.13.2010', 'Kedungringin', '2018-03-27 10:50:42', '2018-03-27 10:50:42'),
('35.14.13.2011', 'Kedungboto', '2018-03-27 10:50:42', '2018-03-27 10:50:42'),
('35.14.13.2012', 'Beji', '2018-03-27 10:50:42', '2018-03-27 10:50:42'),
('35.14.13.1013', 'Glanggang', '2018-03-27 10:50:42', '2018-03-27 10:50:42'),
('35.14.13.1014', 'Pagak', '2018-03-27 10:50:42', '2018-03-27 10:50:42'),
('35.14.14', 'Bangil', '2018-03-27 10:50:42', '2018-03-27 10:50:42'),
('35.14.14.1001', 'Kolursari', '2018-03-27 10:50:42', '2018-03-27 10:50:42'),
('35.14.14.1002', 'Kiduldalem', '2018-03-27 10:50:42', '2018-03-27 10:50:42'),
('35.14.14.1003', 'Pogar', '2018-03-27 10:50:42', '2018-03-27 10:50:42'),
('35.14.14.1004', 'Kauman', '2018-03-27 10:50:42', '2018-03-27 10:50:42'),
('35.14.14.1005', 'Bendomungal', '2018-03-27 10:50:42', '2018-03-27 10:50:42'),
('35.14.14.1006', 'Kersikan', '2018-03-27 10:50:42', '2018-03-27 10:50:42'),
('35.14.14.1007', 'Gempeng', '2018-03-27 10:50:42', '2018-03-27 10:50:42'),
('35.14.14.1008', 'Dermo', '2018-03-27 10:50:42', '2018-03-27 10:50:42'),
('35.14.14.1009', 'Latek', '2018-03-27 10:50:42', '2018-03-27 10:50:42'),
('35.14.14.2010', 'Masangan', '2018-03-27 10:50:42', '2018-03-27 10:50:42'),
('35.14.14.2011', 'Raci', '2018-03-27 10:50:42', '2018-03-27 10:50:42'),
('35.14.14.1012', 'Kalianyar', '2018-03-27 10:50:42', '2018-03-27 10:50:42'),
('35.14.14.2013', 'Manaruwi', '2018-03-27 10:50:42', '2018-03-27 10:50:42'),
('35.14.14.1014', 'Kalirejo', '2018-03-27 10:50:42', '2018-03-27 10:50:42'),
('35.14.14.2015', 'Tambakan', '2018-03-27 10:50:42', '2018-03-27 10:50:42'),
('35.14.15', 'Rembang', '2018-03-27 10:50:42', '2018-03-27 10:50:42'),
('35.14.15.2001', 'Kalisat', '2018-03-27 10:50:42', '2018-03-27 10:50:42'),
('35.14.15.2002', 'Tampung', '2018-03-27 10:50:42', '2018-03-27 10:50:42'),
('35.14.15.2003', 'Pajaran', '2018-03-27 10:50:42', '2018-03-27 10:50:42'),
('35.14.15.2004', 'Siyar', '2018-03-27 10:50:42', '2018-03-27 10:50:42'),
('35.14.15.2005', 'Genengwaru', '2018-03-27 10:50:42', '2018-03-27 10:50:42'),
('35.14.15.2006', 'Kanigoro', '2018-03-27 10:50:42', '2018-03-27 10:50:42'),
('35.14.15.2007', 'Sumberglagah', '2018-03-27 10:50:42', '2018-03-27 10:50:42'),
('35.14.15.2008', 'Krengih', '2018-03-27 10:50:42', '2018-03-27 10:50:42'),
('35.14.15.2009', 'Rembang', '2018-03-27 10:50:42', '2018-03-27 10:50:42'),
('35.14.15.2010', 'Oro-Orobulu', '2018-03-27 10:50:42', '2018-03-27 10:50:42'),
('35.14.15.2011', 'Kedung Banteng', '2018-03-27 10:50:42', '2018-03-27 10:50:42'),
('35.14.15.2012', 'Oro-Oro Ombowetan', '2018-03-27 10:50:42', '2018-03-27 10:50:42'),
('35.14.15.2013', 'Oro-Oro Ombokulon', '2018-03-27 10:50:42', '2018-03-27 10:50:42'),
('35.14.15.2014', 'Pekoren', '2018-03-27 10:50:42', '2018-03-27 10:50:42'),
('35.14.15.2015', 'Pejangkungan', '2018-03-27 10:50:42', '2018-03-27 10:50:42'),
('35.14.15.2016', 'Pandean', '2018-03-27 10:50:42', '2018-03-27 10:50:42'),
('35.14.15.2017', 'Mojoparon', '2018-03-27 10:50:42', '2018-03-27 10:50:42'),
('35.14.16', 'Kraton', '2018-03-27 10:50:42', '2018-03-27 10:50:42'),
('35.14.16.2001', 'Pukul', '2018-03-27 10:50:42', '2018-03-27 10:50:42'),
('35.14.16.2002', 'Gambirkuning', '2018-03-27 10:50:42', '2018-03-27 10:50:42'),
('35.14.16.2003', 'Mulyorejo', '2018-03-27 10:50:42', '2018-03-27 10:50:42'),
('35.14.16.2004', 'Kebotohan', '2018-03-27 10:50:42', '2018-03-27 10:50:42'),
('35.14.16.2005', 'Ngabar', '2018-03-27 10:50:42', '2018-03-27 10:50:42'),
('35.14.16.2006', 'Slambrit', '2018-03-27 10:50:42', '2018-03-27 10:50:42'),
('35.14.16.2007', 'Jeruk', '2018-03-27 10:50:42', '2018-03-27 10:50:42'),
('35.14.16.2008', 'Klampisrejo', '2018-03-27 10:50:42', '2018-03-27 10:50:42'),
('35.14.16.2009', 'Plinggisan', '2018-03-27 10:50:42', '2018-03-27 10:50:42'),
('35.14.16.2010', 'Tambaksari', '2018-03-27 10:50:42', '2018-03-27 10:50:42'),
('35.14.16.2011', 'Dhompo', '2018-03-27 10:50:42', '2018-03-27 10:50:42'),
('35.14.16.2012', 'Ngempit', '2018-03-27 10:50:42', '2018-03-27 10:50:42'),
('35.14.16.2013', 'Sidogiri', '2018-03-27 10:50:42', '2018-03-27 10:50:42'),
('35.14.16.2014', 'Karanganyar', '2018-03-27 10:50:42', '2018-03-27 10:50:42'),
('35.14.16.2015', 'Selotambak', '2018-03-27 10:50:42', '2018-03-27 10:50:42'),
('35.14.16.2016', 'Curahdukuh', '2018-03-27 10:50:42', '2018-03-27 10:50:42'),
('35.14.16.2017', 'Rejosari', '2018-03-27 10:50:42', '2018-03-27 10:50:42'),
('35.14.16.2018', 'Asem Kandang', '2018-03-27 10:50:42', '2018-03-27 10:50:42'),
('35.14.16.2019', 'Tambak Rejo', '2018-03-27 10:50:42', '2018-03-27 10:50:42'),
('35.14.16.2020', 'Kalirejo', '2018-03-27 10:50:42', '2018-03-27 10:50:42'),
('35.14.16.2021', 'Semare', '2018-03-27 10:50:42', '2018-03-27 10:50:42'),
('35.14.16.2022', 'Kraton', '2018-03-27 10:50:42', '2018-03-27 10:50:42'),
('35.14.16.2023', 'Pulokerto', '2018-03-27 10:50:42', '2018-03-27 10:50:42'),
('35.14.16.2024', 'Bendungan', '2018-03-27 10:50:42', '2018-03-27 10:50:42'),
('35.14.16.2025', 'Gerongan', '2018-03-27 10:50:42', '2018-03-27 10:50:42'),
('35.14.17', 'Pohjentrek', '2018-03-27 10:50:42', '2018-03-27 10:50:42'),
('35.14.17.2001', 'Susukan Rejo', '2018-03-27 10:50:42', '2018-03-27 10:50:42'),
('35.14.17.2002', 'Warungdowo', '2018-03-27 10:50:42', '2018-03-27 10:50:42'),
('35.14.17.2003', 'Pleret', '2018-03-27 10:50:42', '2018-03-27 10:50:42'),
('35.14.17.2004', 'Parasrejo', '2018-03-27 10:50:42', '2018-03-27 10:50:42'),
('35.14.17.2005', 'Logowok', '2018-03-27 10:50:42', '2018-03-27 10:50:42'),
('35.14.17.2006', 'Tidu', '2018-03-27 10:50:42', '2018-03-27 10:50:42'),
('35.14.17.2007', 'Sungi Wetan', '2018-03-27 10:50:42', '2018-03-27 10:50:42'),
('35.14.17.2008', 'Sungi Kulon', '2018-03-27 10:50:42', '2018-03-27 10:50:42'),
('35.14.17.2009', 'Sukorejo', '2018-03-27 10:50:42', '2018-03-27 10:50:42'),
('35.14.18', 'Gondangwetan', '2018-03-27 10:50:42', '2018-03-27 10:50:42'),
('35.14.18.2001', 'Tebas', '2018-03-27 10:50:42', '2018-03-27 10:50:42'),
('35.14.18.2002', 'Brambang', '2018-03-27 10:50:42', '2018-03-27 10:50:42'),
('35.14.18.2003', 'Bayeman', '2018-03-27 10:50:42', '2018-03-27 10:50:42'),
('35.14.18.2004', 'Kebon Candi', '2018-03-27 10:50:42', '2018-03-27 10:50:42'),
('35.14.18.2005', 'Tenggilis Rejo', '2018-03-27 10:50:42', '2018-03-27 10:50:42'),
('35.14.18.2006', 'Wonojati', '2018-03-27 10:50:42', '2018-03-27 10:50:42'),
('35.14.18.2007', 'Wonosari', '2018-03-27 10:50:42', '2018-03-27 10:50:42'),
('35.14.18.2008', 'Kersikan', '2018-03-27 10:50:42', '2018-03-27 10:50:42'),
('35.14.18.2009', 'Karangsentul', '2018-03-27 10:50:42', '2018-03-27 10:50:42'),
('35.14.18.2010', 'Gayam', '2018-03-27 10:50:42', '2018-03-27 10:50:42'),
('35.14.18.2011', 'Lajuk', '2018-03-27 10:50:42', '2018-03-27 10:50:42'),
('35.14.18.2012', 'Kalirejo', '2018-03-27 10:50:42', '2018-03-27 10:50:42'),
('35.14.18.2013', 'Pateguhan', '2018-03-27 10:50:42', '2018-03-27 10:50:42'),
('35.14.18.2014', 'Grogol', '2018-03-27 10:50:42', '2018-03-27 10:50:42'),
('35.14.18.2015', 'Pekangkungan', '2018-03-27 10:50:42', '2018-03-27 10:50:42'),
('35.14.18.1016', 'Gondang Wetan', '2018-03-27 10:50:42', '2018-03-27 10:50:42'),
('35.14.18.2017', 'Ranggeh', '2018-03-27 10:50:42', '2018-03-27 10:50:42'),
('35.14.18.2018', 'Sekar Putih', '2018-03-27 10:50:42', '2018-03-27 10:50:42'),
('35.14.18.2019', 'Bajangan', '2018-03-27 10:50:42', '2018-03-27 10:50:42'),
('35.14.18.2020', 'Gondangrejo', '2018-03-27 10:50:42', '2018-03-27 10:50:42'),
('35.14.19', 'Winongan', '2018-03-27 10:50:42', '2018-03-27 10:50:42'),
('35.14.19.2001', 'Minggir', '2018-03-27 10:50:42', '2018-03-27 10:50:42'),
('35.14.19.2002', 'Karang Tengah', '2018-03-27 10:50:42', '2018-03-27 10:50:42'),
('35.14.19.2003', 'Kedungrejo', '2018-03-27 10:50:42', '2018-03-27 10:50:42'),
('35.14.19.2004', 'Umbulan', '2018-03-27 10:50:42', '2018-03-27 10:50:42'),
('35.14.19.2005', 'Sidepan', '2018-03-27 10:50:42', '2018-03-27 10:50:42'),
('35.14.19.2006', 'Sruwi', '2018-03-27 10:50:42', '2018-03-27 10:50:42'),
('35.14.19.2007', 'Jeladri', '2018-03-27 10:50:42', '2018-03-27 10:50:42'),
('35.14.19.2008', 'Sumberrejo', '2018-03-27 10:50:42', '2018-03-27 10:50:42'),
('35.14.19.2009', 'Prodo', '2018-03-27 10:50:42', '2018-03-27 10:50:42'),
('35.14.19.2010', 'Lebak', '2018-03-27 10:50:42', '2018-03-27 10:50:42'),
('35.14.19.2011', 'Menyarik', '2018-03-27 10:50:42', '2018-03-27 10:50:42'),
('35.14.19.2012', 'Kandung', '2018-03-27 10:50:42', '2018-03-27 10:50:42'),
('35.14.19.2013', 'Mendalan', '2018-03-27 10:50:42', '2018-03-27 10:50:42'),
('35.14.19.2014', 'Penataan', '2018-03-27 10:50:42', '2018-03-27 10:50:42'),
('35.14.19.2015', 'Winongan Kidul', '2018-03-27 10:50:42', '2018-03-27 10:50:42'),
('35.14.19.2016', 'Bandaran', '2018-03-27 10:50:42', '2018-03-27 10:50:42'),
('35.14.19.2017', 'Winongan Lor', '2018-03-27 10:50:42', '2018-03-27 10:50:42'),
('35.14.19.2018', 'Gading', '2018-03-27 10:50:42', '2018-03-27 10:50:42'),
('35.14.20', 'Grati', '2018-03-27 10:50:42', '2018-03-27 10:50:42'),
('35.14.20.2001', 'Kebonrejo', '2018-03-27 10:50:42', '2018-03-27 10:50:42'),
('35.14.20.2002', 'Karanglo', '2018-03-27 10:50:42', '2018-03-27 10:50:42'),
('35.14.20.2003', 'Rebalas', '2018-03-27 10:50:42', '2018-03-27 10:50:42'),
('35.14.20.2004', 'Plososari', '2018-03-27 10:50:42', '2018-03-27 10:50:42'),
('35.14.20.1005', 'Gratitunon', '2018-03-27 10:50:42', '2018-03-27 10:50:42'),
('35.14.20.2006', 'Kalipang', '2018-03-27 10:50:42', '2018-03-27 10:50:42'),
('35.14.20.2007', 'Trewung', '2018-03-27 10:50:42', '2018-03-27 10:50:42'),
('35.14.20.2008', 'Kambinganrejo', '2018-03-27 10:50:42', '2018-03-27 10:50:42'),
('35.14.20.2009', 'Karangkliwon', '2018-03-27 10:50:42', '2018-03-27 10:50:42'),
('35.14.20.2010', 'Kedawung Kulon', '2018-03-27 10:50:42', '2018-03-27 10:50:42'),
('35.14.20.2011', 'Kedawung Wetan', '2018-03-27 10:50:42', '2018-03-27 10:50:42'),
('35.14.20.2012', 'Sumberagung', '2018-03-27 10:50:42', '2018-03-27 10:50:42'),
('35.14.20.2013', 'Ranuklindungan', '2018-03-27 10:50:42', '2018-03-27 10:50:42'),
('35.14.20.2014', 'Sumberdawesari', '2018-03-27 10:50:42', '2018-03-27 10:50:42'),
('35.14.20.2015', 'Cukurgondang', '2018-03-27 10:50:42', '2018-03-27 10:50:42'),
('35.14.21', 'Nguling', '2018-03-27 10:50:42', '2018-03-27 10:50:42'),
('35.14.21.2001', 'Sanganom', '2018-03-27 10:50:42', '2018-03-27 10:50:42'),
('35.14.21.2002', 'Sebalong', '2018-03-27 10:50:42', '2018-03-27 10:50:42'),
('35.14.21.2003', 'Wotgalih', '2018-03-27 10:50:42', '2018-03-27 10:50:42'),
('35.14.21.2004', 'Watestani', '2018-03-27 10:50:42', '2018-03-27 10:50:42'),
('35.14.21.2005', 'Nguling', '2018-03-27 10:50:42', '2018-03-27 10:50:42'),
('35.14.21.2006', 'Sedarum', '2018-03-27 10:50:42', '2018-03-27 10:50:42'),
('35.14.21.2007', 'Dandanggendis', '2018-03-27 10:50:42', '2018-03-27 10:50:42'),
('35.14.21.2008', 'Sumberanyar', '2018-03-27 10:50:42', '2018-03-27 10:50:42'),
('35.14.21.2009', 'Sudimulyo', '2018-03-27 10:50:42', '2018-03-27 10:50:42'),
('35.14.21.2010', 'Penunggul', '2018-03-27 10:50:42', '2018-03-27 10:50:42'),
('35.14.21.2011', 'Mlaten', '2018-03-27 10:50:42', '2018-03-27 10:50:42'),
('35.14.21.2012', 'Kedawang', '2018-03-27 10:50:42', '2018-03-27 10:50:42'),
('35.14.21.2013', 'Randuati', '2018-03-27 10:50:42', '2018-03-27 10:50:42'),
('35.14.21.2014', 'Kapasan', '2018-03-27 10:50:42', '2018-03-27 10:50:42'),
('35.14.21.2015', 'Watuprapat', '2018-03-27 10:50:42', '2018-03-27 10:50:42'),
('35.14.22', 'Lekok', '2018-03-27 10:50:42', '2018-03-27 10:50:42'),
('35.14.22.2001', 'Rowogempol', '2018-03-27 10:50:42', '2018-03-27 10:50:42'),
('35.14.22.2002', 'Gejugjati', '2018-03-27 10:50:42', '2018-03-27 10:50:42'),
('35.14.22.2003', 'Alas Tlogo', '2018-03-27 10:50:42', '2018-03-27 10:50:42'),
('35.14.22.2004', 'Balonganyar', '2018-03-27 10:50:42', '2018-03-27 10:50:42'),
('35.14.22.2005', 'Branang', '2018-03-27 10:50:42', '2018-03-27 10:50:42'),
('35.14.22.2006', 'Tampung', '2018-03-27 10:50:42', '2018-03-27 10:50:42'),
('35.14.22.2007', 'Tambaklekok', '2018-03-27 10:50:42', '2018-03-27 10:50:42'),
('35.14.22.2008', 'Jatirejo', '2018-03-27 10:50:42', '2018-03-27 10:50:42'),
('35.14.22.2009', 'Pasinan', '2018-03-27 10:50:42', '2018-03-27 10:50:42'),
('35.14.22.2010', 'Wates', '2018-03-27 10:50:42', '2018-03-27 10:50:42'),
('35.14.22.2011', 'Semedusari', '2018-03-27 10:50:42', '2018-03-27 10:50:42'),
('35.14.23', 'Rejoso', '2018-03-27 10:50:42', '2018-03-27 10:50:42'),
('35.14.23.2001', 'Sadengrejo', '2018-03-27 10:50:42', '2018-03-27 10:50:42'),
('35.14.23.2002', 'Pandanrejo', '2018-03-27 10:50:42', '2018-03-27 10:50:42'),
('35.14.23.2003', 'Ketegan', '2018-03-27 10:50:42', '2018-03-27 10:50:42'),
('35.14.23.2004', 'Toyaning', '2018-03-27 10:50:42', '2018-03-27 10:50:42'),
('35.14.23.2005', 'Arjosari', '2018-03-27 10:50:42', '2018-03-27 10:50:42'),
('35.14.23.2006', 'Kawisrejo', '2018-03-27 10:50:42', '2018-03-27 10:50:42'),
('35.14.23.2007', 'Rejoso Kidul', '2018-03-27 10:50:42', '2018-03-27 10:50:42'),
('35.14.23.2008', 'Manikrejo', '2018-03-27 10:50:42', '2018-03-27 10:50:42'),
('35.14.23.2009', 'Karang Pandan', '2018-03-27 10:50:42', '2018-03-27 10:50:42'),
('35.14.23.2010', 'Sambirejo', '2018-03-27 10:50:42', '2018-03-27 10:50:42'),
('35.14.23.2011', 'Kedungbako', '2018-03-27 10:50:42', '2018-03-27 10:50:42'),
('35.14.23.2012', 'Rejoso Lor', '2018-03-27 10:50:42', '2018-03-27 10:50:42'),
('35.14.23.2013', 'Patuguran', '2018-03-27 10:50:42', '2018-03-27 10:50:42'),
('35.14.23.2014', 'Kemantren Rejo', '2018-03-27 10:50:42', '2018-03-27 10:50:42'),
('35.14.23.2015', 'Segoropuro', '2018-03-27 10:50:42', '2018-03-27 10:50:42'),
('35.14.23.2016', 'Jarangan', '2018-03-27 10:50:42', '2018-03-27 10:50:42'),
('35.14.24', 'Tosari', '2018-03-27 10:50:42', '2018-03-27 10:50:42'),
('35.14.24.2001', 'Mororejo', '2018-03-27 10:50:42', '2018-03-27 10:50:42'),
('35.14.24.2002', 'Podokoyo', '2018-03-27 10:50:42', '2018-03-27 10:50:42'),
('35.14.24.2003', 'Ngadiwono', '2018-03-27 10:50:42', '2018-03-27 10:50:42'),
('35.14.24.2004', 'Tosari', '2018-03-27 10:50:42', '2018-03-27 10:50:42'),
('35.14.24.2005', 'Wonokitri', '2018-03-27 10:50:42', '2018-03-27 10:50:42'),
('35.14.24.2006', 'Baledono', '2018-03-27 10:50:42', '2018-03-27 10:50:42'),
('35.14.24.2007', 'Sedaeng', '2018-03-27 10:50:42', '2018-03-27 10:50:42'),
('35.14.24.2008', 'Kandangan', '2018-03-27 10:50:42', '2018-03-27 10:50:42'),
('35.15', 'KAB. SIDOARJO', '2018-03-27 10:50:42', '2018-03-27 10:50:42'),
('35.15.01', 'Tarik', '2018-03-27 10:50:42', '2018-03-27 10:50:42'),
('35.15.01.2001', 'Miriprowo', '2018-03-27 10:50:42', '2018-03-27 10:50:42'),
('35.15.01.2002', 'Kedungbocok', '2018-03-27 10:50:42', '2018-03-27 10:50:42'),
('35.15.01.2003', 'Singogalih', '2018-03-27 10:50:42', '2018-03-27 10:50:42'),
('35.15.01.2004', 'Tarik', '2018-03-27 10:50:42', '2018-03-27 10:50:42'),
('35.15.01.2005', 'Mergobener', '2018-03-27 10:50:42', '2018-03-27 10:50:42'),
('35.15.01.2006', 'Mergosari', '2018-03-27 10:50:42', '2018-03-27 10:50:42'),
('35.15.01.2007', 'Kendalsewu', '2018-03-27 10:50:42', '2018-03-27 10:50:42'),
('35.15.01.2008', 'Klantingsari', '2018-03-27 10:50:42', '2018-03-27 10:50:42'),
('35.15.01.2009', 'Kalimati', '2018-03-27 10:50:42', '2018-03-27 10:50:42'),
('35.15.01.2010', 'Gempolklutuk', '2018-03-27 10:50:42', '2018-03-27 10:50:42'),
('35.15.01.2011', 'Banjarwungu', '2018-03-27 10:50:42', '2018-03-27 10:50:42'),
('35.15.01.2012', 'Balongmacekan', '2018-03-27 10:50:42', '2018-03-27 10:50:42'),
('35.15.01.2013', 'Gampingrowo', '2018-03-27 10:50:42', '2018-03-27 10:50:42'),
('35.15.01.2014', 'Sebani', '2018-03-27 10:50:42', '2018-03-27 10:50:42'),
('35.15.01.2015', 'Kramattemanggung', '2018-03-27 10:50:42', '2018-03-27 10:50:42'),
('35.15.01.2016', 'Mindugading', '2018-03-27 10:50:42', '2018-03-27 10:50:42'),
('35.15.01.2017', 'Kemuning', '2018-03-27 10:50:42', '2018-03-27 10:50:42'),
('35.15.01.2018', 'Janti', '2018-03-27 10:50:42', '2018-03-27 10:50:42'),
('35.15.01.2019', 'Segodobancang', '2018-03-27 10:50:42', '2018-03-27 10:50:42'),
('35.15.01.2020', 'Kedinding', '2018-03-27 10:50:42', '2018-03-27 10:50:42'),
('35.15.02', 'Prambon', '2018-03-27 10:50:42', '2018-03-27 10:50:42'),
('35.15.02.2001', 'Prambon', '2018-03-27 10:50:42', '2018-03-27 10:50:42'),
('35.15.02.2002', 'Kajartengguli', '2018-03-27 10:50:42', '2018-03-27 10:50:42'),
('35.15.02.2003', 'Gedangrowo', '2018-03-27 10:50:42', '2018-03-27 10:50:42'),
('35.15.02.2004', 'Wirobiting', '2018-03-27 10:50:42', '2018-03-27 10:50:42'),
('35.15.02.2005', 'Simpang', '2018-03-27 10:50:42', '2018-03-27 10:50:42'),
('35.15.02.2006', 'Bulang', '2018-03-27 10:50:42', '2018-03-27 10:50:42'),
('35.15.02.2007', 'Gampang', '2018-03-27 10:50:42', '2018-03-27 10:50:42'),
('35.15.02.2008', 'Jatikalang', '2018-03-27 10:50:42', '2018-03-27 10:50:42'),
('35.15.02.2009', 'Jatialun-alun', '2018-03-27 10:50:42', '2018-03-27 10:50:42'),
('35.15.02.2010', 'Pejangkungan', '2018-03-27 10:50:42', '2018-03-27 10:50:42'),
('35.15.02.2011', 'Kedungsugo', '2018-03-27 10:50:42', '2018-03-27 10:50:42'),
('35.15.02.2012', 'Kedungwonokerto', '2018-03-27 10:50:42', '2018-03-27 10:50:42'),
('35.15.02.2013', 'Bendotretek', '2018-03-27 10:50:42', '2018-03-27 10:50:42'),
('35.15.02.2014', 'Wonoplintahan', '2018-03-27 10:50:42', '2018-03-27 10:50:42'),
('35.15.02.2015', 'Kedungkembar', '2018-03-27 10:50:42', '2018-03-27 10:50:42'),
('35.15.02.2016', 'Jedongcangkring', '2018-03-27 10:50:42', '2018-03-27 10:50:42'),
('35.15.02.2017', 'Cangkringturi', '2018-03-27 10:50:42', '2018-03-27 10:50:42'),
('35.15.02.2018', 'Simogirang', '2018-03-27 10:50:42', '2018-03-27 10:50:42'),
('35.15.02.2019', 'Temu', '2018-03-27 10:50:42', '2018-03-27 10:50:42'),
('35.15.02.2020', 'Watutulis', '2018-03-27 10:50:42', '2018-03-27 10:50:42'),
('35.15.03', 'Krembung', '2018-03-27 10:50:42', '2018-03-27 10:50:42'),
('35.15.03.2001', 'Tambakrejo', '2018-03-27 10:50:42', '2018-03-27 10:50:42'),
('35.15.03.2002', 'Keper', '2018-03-27 10:50:42', '2018-03-27 10:50:42'),
('35.15.03.2003', 'Kedungsumur', '2018-03-27 10:50:42', '2018-03-27 10:50:42'),
('35.15.03.2004', 'Kedungrawan', '2018-03-27 10:50:42', '2018-03-27 10:50:42'),
('35.15.03.2005', 'Tanjekwagir', '2018-03-27 10:50:42', '2018-03-27 10:50:42'),
('35.15.03.2006', 'Mojoruntut', '2018-03-27 10:50:42', '2018-03-27 10:50:42'),
('35.15.03.2007', 'Gading', '2018-03-27 10:50:42', '2018-03-27 10:50:42'),
('35.15.03.2008', 'Wangkal', '2018-03-27 10:50:42', '2018-03-27 10:50:42'),
('35.15.03.2009', 'Jenggot', '2018-03-27 10:50:42', '2018-03-27 10:50:42'),
('35.15.03.2010', 'Waung', '2018-03-27 10:50:42', '2018-03-27 10:50:42'),
('35.15.03.2011', 'Ploso', '2018-03-27 10:50:42', '2018-03-27 10:50:42');
INSERT INTO `tbl_wilayah` (`kode`, `nama`, `dtm_crt`, `dtm_upd`) VALUES
('35.15.03.2012', 'Rejeni', '2018-03-27 10:50:42', '2018-03-27 10:50:42'),
('35.15.03.2013', 'Kandangan', '2018-03-27 10:50:42', '2018-03-27 10:50:42'),
('35.15.03.2014', 'Krembung', '2018-03-27 10:50:42', '2018-03-27 10:50:42'),
('35.15.03.2015', 'Lemujut', '2018-03-27 10:50:42', '2018-03-27 10:50:42'),
('35.15.03.2016', 'Cangkring', '2018-03-27 10:50:42', '2018-03-27 10:50:42'),
('35.15.03.2017', 'Keret', '2018-03-27 10:50:42', '2018-03-27 10:50:42'),
('35.15.03.2018', 'Wonomlati', '2018-03-27 10:50:42', '2018-03-27 10:50:42'),
('35.15.03.2019', 'Balonggarut', '2018-03-27 10:50:42', '2018-03-27 10:50:42'),
('35.15.04', 'Porong', '2018-03-27 10:50:42', '2018-03-27 10:50:42'),
('35.15.04.2001', 'Kebonagung', '2018-03-27 10:50:42', '2018-03-27 10:50:42'),
('35.15.04.2002', 'Kedungsolo', '2018-03-27 10:50:42', '2018-03-27 10:50:42'),
('35.15.04.1003', 'Porong', '2018-03-27 10:50:42', '2018-03-27 10:50:42'),
('35.15.04.1004', 'Juwetkenongo', '2018-03-27 10:50:42', '2018-03-27 10:50:42'),
('35.15.04.1005', 'Mindi', '2018-03-27 10:50:42', '2018-03-27 10:50:42'),
('35.15.04.1006', 'Gedang', '2018-03-27 10:50:42', '2018-03-27 10:50:42'),
('35.15.04.2007', 'Kesambi', '2018-03-27 10:50:42', '2018-03-27 10:50:42'),
('35.15.04.2008', 'Kebakalan', '2018-03-27 10:50:42', '2018-03-27 10:50:42'),
('35.15.04.2009', 'Lajuk', '2018-03-27 10:50:42', '2018-03-27 10:50:42'),
('35.15.04.2010', 'Kedungboto', '2018-03-27 10:50:42', '2018-03-27 10:50:42'),
('35.15.04.2011', 'Candipari', '2018-03-27 10:50:42', '2018-03-27 10:50:42'),
('35.15.04.2012', 'Pamotan', '2018-03-27 10:50:42', '2018-03-27 10:50:42'),
('35.15.04.1013', 'Jatirejo', '2018-03-27 10:50:42', '2018-03-27 10:50:42'),
('35.15.04.2014', 'Renokenongo', '2018-03-27 10:50:42', '2018-03-27 10:50:42'),
('35.15.04.2015', 'Glagahharum', '2018-03-27 10:50:42', '2018-03-27 10:50:42'),
('35.15.04.2016', 'Plumbon', '2018-03-27 10:50:42', '2018-03-27 10:50:42'),
('35.15.04.1017', 'Siring', '2018-03-27 10:50:42', '2018-03-27 10:50:42'),
('35.15.04.2018', 'Wunut', '2018-03-27 10:50:42', '2018-03-27 10:50:42'),
('35.15.04.2019', 'Pesawahan', '2018-03-27 10:50:42', '2018-03-27 10:50:42'),
('35.15.05', 'Jabon', '2018-03-27 10:50:42', '2018-03-27 10:50:42'),
('35.15.05.2001', 'Panggreh', '2018-03-27 10:50:42', '2018-03-27 10:50:42'),
('35.15.05.2002', 'Trompoasri', '2018-03-27 10:50:42', '2018-03-27 10:50:42'),
('35.15.05.2003', 'Kedungrejo', '2018-03-27 10:50:42', '2018-03-27 10:50:42'),
('35.15.05.2004', 'Semambung', '2018-03-27 10:50:42', '2018-03-27 10:50:42'),
('35.15.05.2005', 'Kedungpandan', '2018-03-27 10:50:42', '2018-03-27 10:50:42'),
('35.15.05.2006', 'Kupang', '2018-03-27 10:50:42', '2018-03-27 10:50:42'),
('35.15.05.2007', 'Tambakkalisongo', '2018-03-27 10:50:42', '2018-03-27 10:50:42'),
('35.15.05.2008', 'Balongtani', '2018-03-27 10:50:42', '2018-03-27 10:50:42'),
('35.15.05.2009', 'Jemirahan', '2018-03-27 10:50:42', '2018-03-27 10:50:42'),
('35.15.05.2010', 'Dukuhsari', '2018-03-27 10:50:42', '2018-03-27 10:50:42'),
('35.15.05.2011', 'Kedungcangkring', '2018-03-27 10:50:42', '2018-03-27 10:50:42'),
('35.15.05.2012', 'Pejarakan', '2018-03-27 10:50:42', '2018-03-27 10:50:42'),
('35.15.05.2013', 'Besuki', '2018-03-27 10:50:42', '2018-03-27 10:50:42'),
('35.15.05.2014', 'Keboguyang', '2018-03-27 10:50:42', '2018-03-27 10:50:42'),
('35.15.05.2015', 'Permisan', '2018-03-27 10:50:42', '2018-03-27 10:50:42'),
('35.15.06', 'Tanggulangin', '2018-03-27 10:50:42', '2018-03-27 10:50:42'),
('35.15.06.2001', 'Kalisampurno', '2018-03-27 10:50:42', '2018-03-27 10:50:42'),
('35.15.06.2002', 'Ketapang', '2018-03-27 10:50:42', '2018-03-27 10:50:42'),
('35.15.06.2003', 'Kedungbendo', '2018-03-27 10:50:42', '2018-03-27 10:50:42'),
('35.15.06.2004', 'Kalitengah', '2018-03-27 10:50:42', '2018-03-27 10:50:42'),
('35.15.06.2005', 'Gempolsari', '2018-03-27 10:50:42', '2018-03-27 10:50:42'),
('35.15.06.2006', 'Sentul', '2018-03-27 10:50:42', '2018-03-27 10:50:42'),
('35.15.06.2007', 'Penatarsewu', '2018-03-27 10:50:42', '2018-03-27 10:50:42'),
('35.15.06.2008', 'Banjarsari', '2018-03-27 10:50:42', '2018-03-27 10:50:42'),
('35.15.06.2009', 'Banjarpanji', '2018-03-27 10:50:42', '2018-03-27 10:50:42'),
('35.15.06.2010', 'Kedungbanteng', '2018-03-27 10:50:42', '2018-03-27 10:50:42'),
('35.15.06.2011', 'Kalidawir', '2018-03-27 10:50:42', '2018-03-27 10:50:42'),
('35.15.06.2012', 'Putat', '2018-03-27 10:50:42', '2018-03-27 10:50:42'),
('35.15.06.2013', 'Ngaban', '2018-03-27 10:50:42', '2018-03-27 10:50:42'),
('35.15.06.2014', 'Kludan', '2018-03-27 10:50:42', '2018-03-27 10:50:42'),
('35.15.06.2015', 'Boro', '2018-03-27 10:50:42', '2018-03-27 10:50:42'),
('35.15.06.2016', 'Kedensari', '2018-03-27 10:50:42', '2018-03-27 10:50:42'),
('35.15.06.2017', 'Ketegan', '2018-03-27 10:50:42', '2018-03-27 10:50:42'),
('35.15.06.2018', 'Ganggangpanjang', '2018-03-27 10:50:42', '2018-03-27 10:50:42'),
('35.15.06.2019', 'Randegan', '2018-03-27 10:50:42', '2018-03-27 10:50:42'),
('35.15.07', 'Candi', '2018-03-27 10:50:42', '2018-03-27 10:50:42'),
('35.15.07.2001', 'Karangtanjung', '2018-03-27 10:50:42', '2018-03-27 10:50:42'),
('35.15.07.2002', 'Sumorame', '2018-03-27 10:50:42', '2018-03-27 10:50:42'),
('35.15.07.2003', 'Ngampelsari', '2018-03-27 10:50:42', '2018-03-27 10:50:42'),
('35.15.07.2004', 'Balonggabus', '2018-03-27 10:50:42', '2018-03-27 10:50:42'),
('35.15.07.2005', 'Balongdowo', '2018-03-27 10:50:42', '2018-03-27 10:50:42'),
('35.15.07.2006', 'Kendalpecabean', '2018-03-27 10:50:42', '2018-03-27 10:50:42'),
('35.15.07.2007', 'Kedungpeluk', '2018-03-27 10:50:42', '2018-03-27 10:50:42'),
('35.15.07.2008', 'Kalipecabean', '2018-03-27 10:50:42', '2018-03-27 10:50:42'),
('35.15.07.2009', 'Klurak', '2018-03-27 10:50:42', '2018-03-27 10:50:42'),
('35.15.07.2010', 'Kebonsari', '2018-03-27 10:50:42', '2018-03-27 10:50:42'),
('35.15.07.2011', 'Gelam', '2018-03-27 10:50:42', '2018-03-27 10:50:42'),
('35.15.07.2012', 'Candi', '2018-03-27 10:50:42', '2018-03-27 10:50:42'),
('35.15.07.2013', 'Sugihwaras', '2018-03-27 10:50:42', '2018-03-27 10:50:42'),
('35.15.07.2014', 'Kedungkendo', '2018-03-27 10:50:42', '2018-03-27 10:50:42'),
('35.15.07.2015', 'Durungbanjar', '2018-03-27 10:50:42', '2018-03-27 10:50:42'),
('35.15.07.2016', 'Durungbedug', '2018-03-27 10:50:42', '2018-03-27 10:50:42'),
('35.15.07.2017', 'Jambangan', '2018-03-27 10:50:42', '2018-03-27 10:50:42'),
('35.15.07.2018', 'Sidodadi', '2018-03-27 10:50:42', '2018-03-27 10:50:42'),
('35.15.07.2019', 'Sepande', '2018-03-27 10:50:42', '2018-03-27 10:50:42'),
('35.15.07.2020', 'Sumokali', '2018-03-27 10:50:42', '2018-03-27 10:50:42'),
('35.15.07.2021', 'Tenggulunan', '2018-03-27 10:50:42', '2018-03-27 10:50:42'),
('35.15.07.2022', 'Bligo', '2018-03-27 10:50:42', '2018-03-27 10:50:42'),
('35.15.07.2023', 'Wedoroklurak', '2018-03-27 10:50:42', '2018-03-27 10:50:42'),
('35.15.07.2024', 'Larangan', '2018-03-27 10:50:42', '2018-03-27 10:50:42'),
('35.15.08', 'Sidoarjo', '2018-03-27 10:50:42', '2018-03-27 10:50:42'),
('35.15.08.2001', 'Lebo', '2018-03-27 10:50:42', '2018-03-27 10:50:42'),
('35.15.08.2002', 'Suko', '2018-03-27 10:50:42', '2018-03-27 10:50:42'),
('35.15.08.2003', 'Banjarbendo', '2018-03-27 10:50:42', '2018-03-27 10:50:42'),
('35.15.08.1004', 'Sidokare', '2018-03-27 10:50:42', '2018-03-27 10:50:42'),
('35.15.08.1005', 'Celep', '2018-03-27 10:50:42', '2018-03-27 10:50:42'),
('35.15.08.1006', 'Sekardangan', '2018-03-27 10:50:42', '2018-03-27 10:50:42'),
('35.15.08.1007', 'Gebang', '2018-03-27 10:50:42', '2018-03-27 10:50:42'),
('35.15.08.2008', 'Rangkahkidul', '2018-03-27 10:50:42', '2018-03-27 10:50:42'),
('35.15.08.1009', 'Bulusidokare', '2018-03-27 10:50:42', '2018-03-27 10:50:42'),
('35.15.08.1010', 'Pucanganom', '2018-03-27 10:50:42', '2018-03-27 10:50:42'),
('35.15.08.1011', 'Pekauman', '2018-03-27 10:50:42', '2018-03-27 10:50:42'),
('35.15.08.1012', 'Lemahputro', '2018-03-27 10:50:42', '2018-03-27 10:50:42'),
('35.15.08.1013', 'Sidokumpul', '2018-03-27 10:50:42', '2018-03-27 10:50:42'),
('35.15.08.1014', 'Sidoklumpuk', '2018-03-27 10:50:42', '2018-03-27 10:50:42'),
('35.15.08.2015', 'Blurukidul', '2018-03-27 10:50:42', '2018-03-27 10:50:42'),
('35.15.08.2016', 'Kemiri', '2018-03-27 10:50:42', '2018-03-27 10:50:42'),
('35.15.08.1017', 'Pucang', '2018-03-27 10:50:42', '2018-03-27 10:50:42'),
('35.15.08.1018', 'Magersari', '2018-03-27 10:50:42', '2018-03-27 10:50:42'),
('35.15.08.2019', 'Jati', '2018-03-27 10:50:42', '2018-03-27 10:50:42'),
('35.15.08.1020', 'Cemenkalang', '2018-03-27 10:50:42', '2018-03-27 10:50:42'),
('35.15.08.2021', 'Cemengbangkalan', '2018-03-27 10:50:42', '2018-03-27 10:50:42'),
('35.15.08.1022', 'Urangagung', '2018-03-27 10:50:42', '2018-03-27 10:50:42'),
('35.15.08.2023', 'Sarirogo', '2018-03-27 10:50:42', '2018-03-27 10:50:42'),
('35.15.08.2024', 'Sumput', '2018-03-27 10:50:42', '2018-03-27 10:50:42'),
('35.15.09', 'Tulangan', '2018-03-27 10:50:42', '2018-03-27 10:50:42'),
('35.15.09.2001', 'Janti', '2018-03-27 10:50:42', '2018-03-27 10:50:42'),
('35.15.09.2002', 'Kebaron', '2018-03-27 10:50:42', '2018-03-27 10:50:42'),
('35.15.09.2003', 'Kenongo', '2018-03-27 10:50:42', '2018-03-27 10:50:42'),
('35.15.09.2004', 'Gelang', '2018-03-27 10:50:42', '2018-03-27 10:50:42'),
('35.15.09.2005', 'Jiken', '2018-03-27 10:50:42', '2018-03-27 10:50:42'),
('35.15.09.2006', 'Pangkemiri', '2018-03-27 10:50:42', '2018-03-27 10:50:42'),
('35.15.09.2007', 'Kepatihan', '2018-03-27 10:50:42', '2018-03-27 10:50:42'),
('35.15.09.2008', 'Tulangan', '2018-03-27 10:50:42', '2018-03-27 10:50:42'),
('35.15.09.2009', 'Kepadangan', '2018-03-27 10:50:42', '2018-03-27 10:50:42'),
('35.15.09.2010', 'Tlasih', '2018-03-27 10:50:42', '2018-03-27 10:50:42'),
('35.15.09.2011', 'Kajeksan', '2018-03-27 10:50:42', '2018-03-27 10:50:42'),
('35.15.09.2012', 'Singopadu', '2018-03-27 10:50:42', '2018-03-27 10:50:42'),
('35.15.09.2013', 'Kemantren', '2018-03-27 10:50:42', '2018-03-27 10:50:42'),
('35.15.09.2014', 'Kepunten', '2018-03-27 10:50:42', '2018-03-27 10:50:42'),
('35.15.09.2015', 'Kepuhkemiri', '2018-03-27 10:50:42', '2018-03-27 10:50:42'),
('35.15.09.2016', 'Grinting', '2018-03-27 10:50:42', '2018-03-27 10:50:42'),
('35.15.09.2017', 'Modong', '2018-03-27 10:50:42', '2018-03-27 10:50:42'),
('35.15.09.2018', 'Grogol', '2018-03-27 10:50:42', '2018-03-27 10:50:42'),
('35.15.09.2019', 'Medalem', '2018-03-27 10:50:42', '2018-03-27 10:50:42'),
('35.15.09.2020', 'Sudimoro', '2018-03-27 10:50:42', '2018-03-27 10:50:42'),
('35.15.09.2021', 'Kedondong', '2018-03-27 10:50:42', '2018-03-27 10:50:42'),
('35.15.09.2022', 'Grabagan', '2018-03-27 10:50:42', '2018-03-27 10:50:42'),
('35.15.10', 'Wonoayu', '2018-03-27 10:50:42', '2018-03-27 10:50:42'),
('35.15.10.2001', 'Tanggul', '2018-03-27 10:50:42', '2018-03-27 10:50:42'),
('35.15.10.2002', 'Simoketawang', '2018-03-27 10:50:42', '2018-03-27 10:50:42'),
('35.15.10.2003', 'Popoh', '2018-03-27 10:50:42', '2018-03-27 10:50:42'),
('35.15.10.2004', 'Jimbarankulon', '2018-03-27 10:50:42', '2018-03-27 10:50:42'),
('35.15.10.2005', 'Jimbaranwetan', '2018-03-27 10:50:42', '2018-03-27 10:50:42'),
('35.15.10.2006', 'Ketimang', '2018-03-27 10:50:42', '2018-03-27 10:50:42'),
('35.15.10.2007', 'Pilang', '2018-03-27 10:50:42', '2018-03-27 10:50:42'),
('35.15.10.2008', 'Sumberrejo', '2018-03-27 10:50:42', '2018-03-27 10:50:42'),
('35.15.10.2009', 'Mojorangagung', '2018-03-27 10:50:42', '2018-03-27 10:50:42'),
('35.15.10.2010', 'Wonokasian', '2018-03-27 10:50:42', '2018-03-27 10:50:42'),
('35.15.10.2011', 'Ploso', '2018-03-27 10:50:42', '2018-03-27 10:50:42'),
('35.15.10.2012', 'Mulyodadi', '2018-03-27 10:50:42', '2018-03-27 10:50:42'),
('35.15.10.2013', 'Wonoayu', '2018-03-27 10:50:42', '2018-03-27 10:50:42'),
('35.15.10.2014', 'Semambung', '2018-03-27 10:50:42', '2018-03-27 10:50:42'),
('35.15.10.2015', 'Simoangin-angin', '2018-03-27 10:50:42', '2018-03-27 10:50:42'),
('35.15.10.2016', 'Wonokalang', '2018-03-27 10:50:42', '2018-03-27 10:50:42'),
('35.15.10.2017', 'Pagerngumbuk', '2018-03-27 10:50:42', '2018-03-27 10:50:42'),
('35.15.10.2018', 'Plaosan', '2018-03-27 10:50:42', '2018-03-27 10:50:42'),
('35.15.10.2019', 'Lambangan', '2018-03-27 10:50:42', '2018-03-27 10:50:42'),
('35.15.10.2020', 'Sawocangkring', '2018-03-27 10:50:42', '2018-03-27 10:50:42'),
('35.15.10.2021', 'Becirongengor', '2018-03-27 10:50:42', '2018-03-27 10:50:42'),
('35.15.10.2022', 'Karangpuri', '2018-03-27 10:50:42', '2018-03-27 10:50:42'),
('35.15.10.2023', 'Candinegoro', '2018-03-27 10:50:42', '2018-03-27 10:50:42'),
('35.15.11', 'Krian', '2018-03-27 10:50:42', '2018-03-27 10:50:42'),
('35.15.11.2001', 'Tropodo', '2018-03-27 10:50:42', '2018-03-27 10:50:42'),
('35.15.11.2002', 'Sadenganmijen', '2018-03-27 10:50:42', '2018-03-27 10:50:42'),
('35.15.11.2003', 'Katerungan', '2018-03-27 10:50:42', '2018-03-27 10:50:42'),
('35.15.11.2004', 'Jerukgamping', '2018-03-27 10:50:42', '2018-03-27 10:50:42'),
('35.15.11.2005', 'Gamping', '2018-03-27 10:50:42', '2018-03-27 10:50:42'),
('35.15.11.2006', 'Terik', '2018-03-27 10:50:42', '2018-03-27 10:50:42'),
('35.15.11.2007', 'Junwangi', '2018-03-27 10:50:42', '2018-03-27 10:50:42'),
('35.15.11.2008', 'Terungkulon', '2018-03-27 10:50:42', '2018-03-27 10:50:42'),
('35.15.11.2009', 'Terungwetan', '2018-03-27 10:50:42', '2018-03-27 10:50:42'),
('35.15.11.2010', 'Jatikalang', '2018-03-27 10:50:42', '2018-03-27 10:50:42'),
('35.15.11.2011', 'Keboharan', '2018-03-27 10:50:42', '2018-03-27 10:50:42'),
('35.15.11.2012', 'Ponokawan', '2018-03-27 10:50:42', '2018-03-27 10:50:42'),
('35.15.11.1013', 'Kemasan', '2018-03-27 10:50:42', '2018-03-27 10:50:42'),
('35.15.11.2014', 'Sidomojo', '2018-03-27 10:50:42', '2018-03-27 10:50:42'),
('35.15.11.1015', 'Tambakkemerakan', '2018-03-27 10:50:42', '2018-03-27 10:50:42'),
('35.15.11.1016', 'Krian', '2018-03-27 10:50:42', '2018-03-27 10:50:42'),
('35.15.11.2017', 'Kraton', '2018-03-27 10:50:42', '2018-03-27 10:50:42'),
('35.15.11.2018', 'Sidomulyo', '2018-03-27 10:50:42', '2018-03-27 10:50:42'),
('35.15.11.2019', 'Tempel', '2018-03-27 10:50:42', '2018-03-27 10:50:42'),
('35.15.11.2020', 'Watugolong', '2018-03-27 10:50:42', '2018-03-27 10:50:42'),
('35.15.11.2021', 'Barengkrajan', '2018-03-27 10:50:42', '2018-03-27 10:50:42'),
('35.15.11.2022', 'Sidorejo', '2018-03-27 10:50:42', '2018-03-27 10:50:42'),
('35.15.12', 'Balongbendo', '2018-03-27 10:50:42', '2018-03-27 10:50:42'),
('35.15.12.2001', 'Wonokupang', '2018-03-27 10:50:42', '2018-03-27 10:50:42'),
('35.15.12.2002', 'Sumokembangsri', '2018-03-27 10:50:42', '2018-03-27 10:50:42'),
('35.15.12.2003', 'Singkalan', '2018-03-27 10:50:42', '2018-03-27 10:50:42'),
('35.15.12.2004', 'Bakungpringgondani', '2018-03-27 10:50:42', '2018-03-27 10:50:42'),
('35.15.12.2005', 'Wonokarang', '2018-03-27 10:50:42', '2018-03-27 10:50:42'),
('35.15.12.2006', 'Seduri', '2018-03-27 10:50:42', '2018-03-27 10:50:42'),
('35.15.12.2007', 'Bakalanwringinpitu', '2018-03-27 10:50:42', '2018-03-27 10:50:42'),
('35.15.12.2008', 'Gagangkepuhsari', '2018-03-27 10:50:42', '2018-03-27 10:50:42'),
('35.15.12.2009', 'Suwaluh', '2018-03-27 10:50:42', '2018-03-27 10:50:42'),
('35.15.12.2010', 'Watesari', '2018-03-27 10:50:42', '2018-03-27 10:50:42'),
('35.15.12.2011', 'Seketi', '2018-03-27 10:50:42', '2018-03-27 10:50:42'),
('35.15.12.2012', 'Kemangsen', '2018-03-27 10:50:42', '2018-03-27 10:50:42'),
('35.15.12.2013', 'Jabaran', '2018-03-27 10:50:42', '2018-03-27 10:50:42'),
('35.15.12.2014', 'Balongbendo', '2018-03-27 10:50:42', '2018-03-27 10:50:42'),
('35.15.12.2015', 'Jeruklegi', '2018-03-27 10:50:42', '2018-03-27 10:50:42'),
('35.15.12.2016', 'Penambangan', '2018-03-27 10:50:42', '2018-03-27 10:50:42'),
('35.15.12.2017', 'Waruberon', '2018-03-27 10:50:42', '2018-03-27 10:50:42'),
('35.15.12.2018', 'Bogempinggir', '2018-03-27 10:50:42', '2018-03-27 10:50:42'),
('35.15.12.2019', 'Kedungsukodani', '2018-03-27 10:50:42', '2018-03-27 10:50:42'),
('35.15.12.2020', 'Bakungtemenggungan', '2018-03-27 10:50:42', '2018-03-27 10:50:42'),
('35.15.13', 'Taman', '2018-03-27 10:50:42', '2018-03-27 10:50:42'),
('35.15.13.2001', 'Bohar', '2018-03-27 10:50:42', '2018-03-27 10:50:42'),
('35.15.13.2002', 'Wage', '2018-03-27 10:50:42', '2018-03-27 10:50:42'),
('35.15.13.2003', 'Kedungturi', '2018-03-27 10:50:42', '2018-03-27 10:50:42'),
('35.15.13.2004', 'Jemundo', '2018-03-27 10:50:42', '2018-03-27 10:50:42'),
('35.15.13.1005', 'Taman', '2018-03-27 10:50:42', '2018-03-27 10:50:42'),
('35.15.13.2006', 'Sadang', '2018-03-27 10:50:42', '2018-03-27 10:50:42'),
('35.15.13.2007', 'Sambibulu', '2018-03-27 10:50:42', '2018-03-27 10:50:42'),
('35.15.13.2008', 'Bringinbendo', '2018-03-27 10:50:42', '2018-03-27 10:50:42'),
('35.15.13.2009', 'Sidodadi', '2018-03-27 10:50:42', '2018-03-27 10:50:42'),
('35.15.13.2010', 'Kramatjegu', '2018-03-27 10:50:42', '2018-03-27 10:50:42'),
('35.15.13.2011', 'Trosobo', '2018-03-27 10:50:42', '2018-03-27 10:50:42'),
('35.15.13.2012', 'Pertapanmaduretno', '2018-03-27 10:50:42', '2018-03-27 10:50:42'),
('35.15.13.2013', 'Tawangsari', '2018-03-27 10:50:42', '2018-03-27 10:50:42'),
('35.15.13.2014', 'Gilang', '2018-03-27 10:50:42', '2018-03-27 10:50:42'),
('35.15.13.1015', 'Geluran', '2018-03-27 10:50:42', '2018-03-27 10:50:42'),
('35.15.13.2016', 'Kletek', '2018-03-27 10:50:42', '2018-03-27 10:50:42'),
('35.15.13.1017', 'Kalijaten', '2018-03-27 10:50:42', '2018-03-27 10:50:42'),
('35.15.13.1018', 'Ketegan', '2018-03-27 10:50:42', '2018-03-27 10:50:42'),
('35.15.13.1019', 'Sepanjang', '2018-03-27 10:50:42', '2018-03-27 10:50:42'),
('35.15.13.1020', 'Bebekan', '2018-03-27 10:50:42', '2018-03-27 10:50:42'),
('35.15.13.1021', 'Wonocolo', '2018-03-27 10:50:42', '2018-03-27 10:50:42'),
('35.15.13.1022', 'Ngelom', '2018-03-27 10:50:42', '2018-03-27 10:50:42'),
('35.15.13.2023', 'Tanjungsari', '2018-03-27 10:50:42', '2018-03-27 10:50:42'),
('35.15.13.2024', 'Krembangan', '2018-03-27 10:50:42', '2018-03-27 10:50:42'),
('35.15.14', 'Sukodono', '2018-03-27 10:50:42', '2018-03-27 10:50:42'),
('35.15.14.2001', 'Wilayut', '2018-03-27 10:50:42', '2018-03-27 10:50:42'),
('35.15.14.2002', 'Kebonagung', '2018-03-27 10:50:42', '2018-03-27 10:50:42'),
('35.15.14.2003', 'Anggaswangi', '2018-03-27 10:50:42', '2018-03-27 10:50:42'),
('35.15.14.2004', 'Jumputrejo', '2018-03-27 10:50:42', '2018-03-27 10:50:42'),
('35.15.14.2005', 'Suruh', '2018-03-27 10:50:42', '2018-03-27 10:50:42'),
('35.15.14.2006', 'Pekarungan', '2018-03-27 10:50:42', '2018-03-27 10:50:42'),
('35.15.14.2007', 'Pademonegoro', '2018-03-27 10:50:42', '2018-03-27 10:50:42'),
('35.15.14.2008', 'Cangkringsari', '2018-03-27 10:50:42', '2018-03-27 10:50:42'),
('35.15.14.2009', 'Jogosatru', '2018-03-27 10:50:42', '2018-03-27 10:50:42'),
('35.15.14.2010', 'Ngaresrejo', '2018-03-27 10:50:42', '2018-03-27 10:50:42'),
('35.15.14.2011', 'Sambungrejo', '2018-03-27 10:50:42', '2018-03-27 10:50:42'),
('35.15.14.2012', 'Plumbungan', '2018-03-27 10:50:42', '2018-03-27 10:50:42'),
('35.15.14.2013', 'Sukodono', '2018-03-27 10:50:42', '2018-03-27 10:50:42'),
('35.15.14.2014', 'Kloposepuluh', '2018-03-27 10:50:42', '2018-03-27 10:50:42'),
('35.15.14.2015', 'Masanganwetan', '2018-03-27 10:50:42', '2018-03-27 10:50:42'),
('35.15.14.2016', 'Suko', '2018-03-27 10:50:42', '2018-03-27 10:50:42'),
('35.15.14.2017', 'Masangankulon', '2018-03-27 10:50:42', '2018-03-27 10:50:42'),
('35.15.14.2018', 'Panjunan', '2018-03-27 10:50:42', '2018-03-27 10:50:42'),
('35.15.14.2019', 'Bangsri', '2018-03-27 10:50:42', '2018-03-27 10:50:42'),
('35.15.15', 'Buduran', '2018-03-27 10:50:42', '2018-03-27 10:50:42'),
('35.15.15.2001', 'Entalsewu', '2018-03-27 10:50:42', '2018-03-27 10:50:42'),
('35.15.15.2002', 'Pagerwojo', '2018-03-27 10:50:42', '2018-03-27 10:50:42'),
('35.15.15.2003', 'Sidokerto', '2018-03-27 10:50:42', '2018-03-27 10:50:42'),
('35.15.15.2004', 'Buduran', '2018-03-27 10:50:42', '2018-03-27 10:50:42'),
('35.15.15.2005', 'Siwalanpanji', '2018-03-27 10:50:42', '2018-03-27 10:50:42'),
('35.15.15.2006', 'Sidomulyo', '2018-03-27 10:50:42', '2018-03-27 10:50:42'),
('35.15.15.2007', 'Prasung', '2018-03-27 10:50:42', '2018-03-27 10:50:42'),
('35.15.15.2008', 'Sawohan', '2018-03-27 10:50:42', '2018-03-27 10:50:42'),
('35.15.15.2009', 'Damarsi', '2018-03-27 10:50:42', '2018-03-27 10:50:42'),
('35.15.15.2010', 'Dukuhtengah', '2018-03-27 10:50:42', '2018-03-27 10:50:42'),
('35.15.15.2011', 'Banjarsari', '2018-03-27 10:50:42', '2018-03-27 10:50:42'),
('35.15.15.2012', 'Wadungasih', '2018-03-27 10:50:42', '2018-03-27 10:50:42'),
('35.15.15.2013', 'Banjarkemantren', '2018-03-27 10:50:42', '2018-03-27 10:50:42'),
('35.15.15.2014', 'Sukorejo', '2018-03-27 10:50:42', '2018-03-27 10:50:42'),
('35.15.15.2015', 'Sidokepung', '2018-03-27 10:50:42', '2018-03-27 10:50:42'),
('35.15.16', 'Gedangan', '2018-03-27 10:50:42', '2018-03-27 10:50:42'),
('35.15.16.2001', 'Ganting', '2018-03-27 10:50:42', '2018-03-27 10:50:42'),
('35.15.16.2002', 'Karangbong', '2018-03-27 10:50:42', '2018-03-27 10:50:42'),
('35.15.16.2003', 'Tebel', '2018-03-27 10:50:42', '2018-03-27 10:50:42'),
('35.15.16.2004', 'Kragan', '2018-03-27 10:50:42', '2018-03-27 10:50:42'),
('35.15.16.2005', 'Gemurung', '2018-03-27 10:50:42', '2018-03-27 10:50:42'),
('35.15.16.2006', 'Punggul', '2018-03-27 10:50:42', '2018-03-27 10:50:42'),
('35.15.16.2007', 'Wedi', '2018-03-27 10:50:42', '2018-03-27 10:50:42'),
('35.15.16.2008', 'Ketajen', '2018-03-27 10:50:42', '2018-03-27 10:50:42'),
('35.15.16.2009', 'Gedangan', '2018-03-27 10:50:42', '2018-03-27 10:50:42'),
('35.15.16.2010', 'Sruni', '2018-03-27 10:50:42', '2018-03-27 10:50:42'),
('35.15.16.2011', 'Keboansikep', '2018-03-27 10:50:42', '2018-03-27 10:50:42'),
('35.15.16.2012', 'Keboananom', '2018-03-27 10:50:42', '2018-03-27 10:50:42'),
('35.15.16.2013', 'Bangah', '2018-03-27 10:50:42', '2018-03-27 10:50:42'),
('35.15.16.2014', 'Sawotratap', '2018-03-27 10:50:42', '2018-03-27 10:50:42'),
('35.15.16.2015', 'Semambung', '2018-03-27 10:50:42', '2018-03-27 10:50:42'),
('35.15.17', 'Sedati', '2018-03-27 10:50:42', '2018-03-27 10:50:42'),
('35.15.17.2001', 'Kwangsan', '2018-03-27 10:50:42', '2018-03-27 10:50:42'),
('35.15.17.2002', 'Pepe', '2018-03-27 10:50:42', '2018-03-27 10:50:42'),
('35.15.17.2003', 'Buncitan', '2018-03-27 10:50:42', '2018-03-27 10:50:42'),
('35.15.17.2004', 'Kalanganyar', '2018-03-27 10:50:42', '2018-03-27 10:50:42'),
('35.15.17.2005', 'Tambakcemandi', '2018-03-27 10:50:42', '2018-03-27 10:50:42'),
('35.15.17.2006', 'Gisik Cemandi', '2018-03-27 10:50:42', '2018-03-27 10:50:42'),
('35.15.17.2007', 'Cemandi', '2018-03-27 10:50:42', '2018-03-27 10:50:42'),
('35.15.17.2008', 'Pulungan', '2018-03-27 10:50:42', '2018-03-27 10:50:42'),
('35.15.17.2009', 'Betro', '2018-03-27 10:50:42', '2018-03-27 10:50:42'),
('35.15.17.2010', 'Sedatiagung', '2018-03-27 10:50:42', '2018-03-27 10:50:42'),
('35.15.17.2011', 'Sedatigede', '2018-03-27 10:50:42', '2018-03-27 10:50:42'),
('35.15.17.2012', 'Pabean', '2018-03-27 10:50:42', '2018-03-27 10:50:42'),
('35.15.17.2013', 'Semampir', '2018-03-27 10:50:42', '2018-03-27 10:50:42'),
('35.15.17.2014', 'Pranti', '2018-03-27 10:50:42', '2018-03-27 10:50:42'),
('35.15.17.2015', 'Segorotambak', '2018-03-27 10:50:42', '2018-03-27 10:50:42'),
('35.15.17.2016', 'Banjarkemuning', '2018-03-27 10:50:42', '2018-03-27 10:50:42'),
('35.15.18', 'Waru', '2018-03-27 10:50:42', '2018-03-27 10:50:42'),
('35.15.18.2001', 'Pepelegi', '2018-03-27 10:50:42', '2018-03-27 10:50:42'),
('35.15.18.2002', 'Waru', '2018-03-27 10:50:42', '2018-03-27 10:50:42'),
('35.15.18.2003', 'Kureksari', '2018-03-27 10:50:42', '2018-03-27 10:50:42'),
('35.15.18.2004', 'Ngingas', '2018-03-27 10:50:42', '2018-03-27 10:50:42'),
('35.15.18.2005', 'Tropodo', '2018-03-27 10:50:42', '2018-03-27 10:50:42'),
('35.15.18.2006', 'Tambaksawah', '2018-03-27 10:50:42', '2018-03-27 10:50:42'),
('35.15.18.2007', 'Tambakrejo', '2018-03-27 10:50:42', '2018-03-27 10:50:42'),
('35.15.18.2008', 'Tambakoso', '2018-03-27 10:50:42', '2018-03-27 10:50:42'),
('35.15.18.2009', 'Tambaksumur', '2018-03-27 10:50:42', '2018-03-27 10:50:42'),
('35.15.18.2010', 'Wadungasri', '2018-03-27 10:50:42', '2018-03-27 10:50:42'),
('35.15.18.2011', 'Kepuhkiriman', '2018-03-27 10:50:42', '2018-03-27 10:50:42'),
('35.15.18.2012', 'Berbek', '2018-03-27 10:50:42', '2018-03-27 10:50:42'),
('35.15.18.2013', 'Wedoro', '2018-03-27 10:50:42', '2018-03-27 10:50:42'),
('35.15.18.2014', 'Janti', '2018-03-27 10:50:42', '2018-03-27 10:50:42'),
('35.15.18.2015', 'Kedungrejo', '2018-03-27 10:50:42', '2018-03-27 10:50:42'),
('35.15.18.2016', 'Medaeng', '2018-03-27 10:50:42', '2018-03-27 10:50:42'),
('35.15.18.2017', 'Bungurasih', '2018-03-27 10:50:42', '2018-03-27 10:50:42'),
('35.16', 'KAB. MOJOKERTO', '2018-03-27 10:50:42', '2018-03-27 10:50:42'),
('35.16.01', 'Jatirejo', '2018-03-27 10:50:42', '2018-03-27 10:50:42'),
('35.16.01.2001', 'Tawangrejo', '2018-03-27 10:50:42', '2018-03-27 10:50:42'),
('35.16.01.2002', 'Rejosari', '2018-03-27 10:50:42', '2018-03-27 10:50:42'),
('35.16.01.2003', 'Jembul', '2018-03-27 10:50:42', '2018-03-27 10:50:42'),
('35.16.01.2004', 'Manting', '2018-03-27 10:50:42', '2018-03-27 10:50:42'),
('35.16.01.2005', 'Sumberjati', '2018-03-27 10:50:42', '2018-03-27 10:50:42'),
('35.16.01.2006', 'Lebakjabung', '2018-03-27 10:50:42', '2018-03-27 10:50:42'),
('35.16.01.2007', 'Bleberan', '2018-03-27 10:50:42', '2018-03-27 10:50:42'),
('35.16.01.2008', 'Semberagung', '2018-03-27 10:50:42', '2018-03-27 10:50:42'),
('35.16.01.2009', 'Baureno', '2018-03-27 10:50:42', '2018-03-27 10:50:42'),
('35.16.01.2010', 'Jatirejo', '2018-03-27 10:50:42', '2018-03-27 10:50:42'),
('35.16.01.2011', 'Dukuhngarjo', '2018-03-27 10:50:42', '2018-03-27 10:50:42'),
('35.16.01.2012', 'Gading', '2018-03-27 10:50:42', '2018-03-27 10:50:42'),
('35.16.01.2013', 'Kumitir', '2018-03-27 10:50:42', '2018-03-27 10:50:42'),
('35.16.01.2014', 'Sumengko', '2018-03-27 10:50:42', '2018-03-27 10:50:42'),
('35.16.01.2015', 'Gebangsari', '2018-03-27 10:50:42', '2018-03-27 10:50:42'),
('35.16.01.2016', 'Dinoyo', '2018-03-27 10:50:42', '2018-03-27 10:50:42'),
('35.16.01.2017', 'Padangasri', '2018-03-27 10:50:42', '2018-03-27 10:50:42'),
('35.16.01.2018', 'Mojogeneng', '2018-03-27 10:50:42', '2018-03-27 10:50:42'),
('35.16.01.2019', 'Karangjeruk', '2018-03-27 10:50:42', '2018-03-27 10:50:42'),
('35.16.02', 'Gondang', '2018-03-27 10:50:42', '2018-03-27 10:50:42'),
('35.16.02.2001', 'Gumeng', '2018-03-27 10:50:42', '2018-03-27 10:50:42'),
('35.16.02.2002', 'Begaganlimo', '2018-03-27 10:50:42', '2018-03-27 10:50:42'),
('35.16.02.2003', 'Kalikatir', '2018-03-27 10:50:42', '2018-03-27 10:50:42'),
('35.16.02.2004', 'Dilem', '2018-03-27 10:50:42', '2018-03-27 10:50:42'),
('35.16.02.2005', 'Ngembat', '2018-03-27 10:50:42', '2018-03-27 10:50:42'),
('35.16.02.2006', 'Jatiduku', '2018-03-27 10:50:42', '2018-03-27 10:50:42'),
('35.16.02.2007', 'Bening', '2018-03-27 10:50:42', '2018-03-27 10:50:42'),
('35.16.02.2008', 'Karangkuten', '2018-03-27 10:50:42', '2018-03-27 10:50:42'),
('35.16.02.2009', 'Tawar', '2018-03-27 10:50:42', '2018-03-27 10:50:42'),
('35.16.02.2010', 'Pohjejer', '2018-03-27 10:50:42', '2018-03-27 10:50:42'),
('35.16.02.2011', 'Wonoploso', '2018-03-27 10:50:42', '2018-03-27 10:50:42'),
('35.16.02.2012', 'Pugeran', '2018-03-27 10:50:42', '2018-03-27 10:50:42'),
('35.16.02.2013', 'Gondang', '2018-03-27 10:50:42', '2018-03-27 10:50:42'),
('35.16.02.2014', 'Kebontunggul', '2018-03-27 10:50:42', '2018-03-27 10:50:42'),
('35.16.02.2015', 'Kemasantani', '2018-03-27 10:50:42', '2018-03-27 10:50:42'),
('35.16.02.2016', 'Padi', '2018-03-27 10:50:42', '2018-03-27 10:50:42'),
('35.16.02.2017', 'Bakalan', '2018-03-27 10:50:42', '2018-03-27 10:50:42'),
('35.16.02.2018', 'Centong', '2018-03-27 10:50:42', '2018-03-27 10:50:42'),
('35.16.03', 'Pacet', '2018-03-27 10:50:42', '2018-03-27 10:50:42'),
('35.16.03.2001', 'Kemiri', '2018-03-27 10:50:42', '2018-03-27 10:50:42'),
('35.16.03.2002', 'Wiyu', '2018-03-27 10:50:42', '2018-03-27 10:50:42'),
('35.16.03.2003', 'Kesimantengah', '2018-03-27 10:50:42', '2018-03-27 10:50:42'),
('35.16.03.2004', 'Sajen', '2018-03-27 10:50:42', '2018-03-27 10:50:42'),
('35.16.03.2005', 'Pacet', '2018-03-27 10:50:42', '2018-03-27 10:50:42'),
('35.16.03.2006', 'Padusan', '2018-03-27 10:50:42', '2018-03-27 10:50:42'),
('35.16.03.2007', 'Cempokolimo', '2018-03-27 10:50:42', '2018-03-27 10:50:42'),
('35.16.03.2008', 'Claket', '2018-03-27 10:50:42', '2018-03-27 10:50:42'),
('35.16.03.2009', 'Cembor', '2018-03-27 10:50:42', '2018-03-27 10:50:42'),
('35.16.03.2010', 'Nogosari', '2018-03-27 10:50:42', '2018-03-27 10:50:42'),
('35.16.03.2011', 'Kembangbelor', '2018-03-27 10:50:42', '2018-03-27 10:50:42'),
('35.16.03.2012', 'Mojokembang', '2018-03-27 10:50:42', '2018-03-27 10:50:42'),
('35.16.03.2013', 'Bendunganjati', '2018-03-27 10:50:42', '2018-03-27 10:50:42'),
('35.16.03.2014', 'Petak', '2018-03-27 10:50:42', '2018-03-27 10:50:42'),
('35.16.03.2015', 'Candiwatu', '2018-03-27 10:50:42', '2018-03-27 10:50:42'),
('35.16.03.2016', 'Warugunung', '2018-03-27 10:50:42', '2018-03-27 10:50:42'),
('35.16.03.2017', 'Tanjungkenongo', '2018-03-27 10:50:42', '2018-03-27 10:50:42'),
('35.16.03.2018', 'Sumberkembar', '2018-03-27 10:50:42', '2018-03-27 10:50:42'),
('35.16.03.2019', 'Kuripansari', '2018-03-27 10:50:42', '2018-03-27 10:50:42'),
('35.16.03.2020', 'Pandanarum', '2018-03-27 10:50:42', '2018-03-27 10:50:42'),
('35.16.04', 'Trawas', '2018-03-27 10:50:42', '2018-03-27 10:50:42'),
('35.16.04.2001', 'Ketapanrame', '2018-03-27 10:50:42', '2018-03-27 10:50:42'),
('35.16.04.2002', 'Trawas', '2018-03-27 10:50:42', '2018-03-27 10:50:42'),
('35.16.04.2003', 'Selotapak', '2018-03-27 10:50:42', '2018-03-27 10:50:42'),
('35.16.04.2004', 'Tamiajeng', '2018-03-27 10:50:42', '2018-03-27 10:50:42'),
('35.16.04.2005', 'Kesiman', '2018-03-27 10:50:42', '2018-03-27 10:50:42'),
('35.16.04.2006', 'Belik', '2018-03-27 10:50:42', '2018-03-27 10:50:42'),
('35.16.04.2007', 'Duyung', '2018-03-27 10:50:42', '2018-03-27 10:50:42'),
('35.16.04.2008', 'Penangungan', '2018-03-27 10:50:42', '2018-03-27 10:50:42'),
('35.16.04.2009', 'Kedungudi', '2018-03-27 10:50:42', '2018-03-27 10:50:42'),
('35.16.04.2010', 'Sukosari', '2018-03-27 10:50:42', '2018-03-27 10:50:42'),
('35.16.04.2011', 'Jatijejer', '2018-03-27 10:50:42', '2018-03-27 10:50:42'),
('35.16.04.2012', 'Sugeng', '2018-03-27 10:50:42', '2018-03-27 10:50:42'),
('35.16.04.2013', 'Seloliman', '2018-03-27 10:50:42', '2018-03-27 10:50:42'),
('35.16.05', 'Ngoro', '2018-03-27 10:50:42', '2018-03-27 10:50:42'),
('35.16.05.2001', 'Srigading', '2018-03-27 10:50:42', '2018-03-27 10:50:42'),
('35.16.05.2002', 'Kesemen', '2018-03-27 10:50:42', '2018-03-27 10:50:42'),
('35.16.05.2003', 'Kutogirang', '2018-03-27 10:50:42', '2018-03-27 10:50:42'),
('35.16.05.2004', 'Lolawang', '2018-03-27 10:50:42', '2018-03-27 10:50:42'),
('35.16.05.2005', 'Wotamasjedong', '2018-03-27 10:50:42', '2018-03-27 10:50:42'),
('35.16.05.2006', 'Tanjangrono', '2018-03-27 10:50:42', '2018-03-27 10:50:42'),
('35.16.05.2007', 'Kunjorowesi', '2018-03-27 10:50:42', '2018-03-27 10:50:42'),
('35.16.05.2008', 'Manduro MG', '2018-03-27 10:50:42', '2018-03-27 10:50:42'),
('35.16.05.2009', 'Wonosari', '2018-03-27 10:50:42', '2018-03-27 10:50:42'),
('35.16.05.2010', 'Ngoro', '2018-03-27 10:50:42', '2018-03-27 10:50:42'),
('35.16.05.2011', 'Sedati', '2018-03-27 10:50:42', '2018-03-27 10:50:42'),
('35.16.05.2012', 'Porwojati', '2018-03-27 10:50:42', '2018-03-27 10:50:42'),
('35.16.05.2013', 'Jasem', '2018-03-27 10:50:42', '2018-03-27 10:50:42'),
('35.16.05.2014', 'Sukoanyar', '2018-03-27 10:50:42', '2018-03-27 10:50:42'),
('35.16.05.2015', 'Bandarasri', '2018-03-27 10:50:42', '2018-03-27 10:50:42'),
('35.16.05.2016', 'Kembangsri', '2018-03-27 10:50:42', '2018-03-27 10:50:42'),
('35.16.05.2017', 'Candiharjo', '2018-03-27 10:50:42', '2018-03-27 10:50:42'),
('35.16.05.2018', 'Watesnegoro', '2018-03-27 10:50:42', '2018-03-27 10:50:42'),
('35.16.05.2019', 'Tambakrejo', '2018-03-27 10:50:42', '2018-03-27 10:50:42'),
('35.16.06', 'Pungging', '2018-03-27 10:50:42', '2018-03-27 10:50:42'),
('35.16.06.2001', 'Purworejo', '2018-03-27 10:50:42', '2018-03-27 10:50:42'),
('35.16.06.2002', 'Mojorejo', '2018-03-27 10:50:42', '2018-03-27 10:50:42'),
('35.16.06.2003', 'Curahmojo', '2018-03-27 10:50:42', '2018-03-27 10:50:42'),
('35.16.06.2004', 'Sekargadung', '2018-03-27 10:50:42', '2018-03-27 10:50:42'),
('35.16.06.2005', 'Tempuran', '2018-03-27 10:50:42', '2018-03-27 10:50:42'),
('35.16.06.2006', 'Jatilangkung', '2018-03-27 10:50:42', '2018-03-27 10:50:42'),
('35.16.06.2007', 'Banjartanggul', '2018-03-27 10:50:42', '2018-03-27 10:50:42'),
('35.16.06.2008', 'Kalipuro', '2018-03-27 10:50:42', '2018-03-27 10:50:42'),
('35.16.06.2009', 'Randuharjo', '2018-03-27 10:50:42', '2018-03-27 10:50:42'),
('35.16.06.2010', 'Kembangringgit', '2018-03-27 10:50:42', '2018-03-27 10:50:42'),
('35.16.06.2011', 'Pungging', '2018-03-27 10:50:42', '2018-03-27 10:50:42'),
('35.16.06.2012', 'Lebaksono', '2018-03-27 10:50:42', '2018-03-27 10:50:42'),
('35.16.06.2013', 'Tunggalpager', '2018-03-27 10:50:42', '2018-03-27 10:50:42'),
('35.16.06.2014', 'Balongmasin', '2018-03-27 10:50:42', '2018-03-27 10:50:42'),
('35.16.06.2015', 'Jabontegal', '2018-03-27 10:50:42', '2018-03-27 10:50:42'),
('35.16.06.2016', 'Gedungmungal', '2018-03-27 10:50:42', '2018-03-27 10:50:42'),
('35.16.06.2017', 'Watukenongo', '2018-03-27 10:50:42', '2018-03-27 10:50:42'),
('35.16.06.2018', 'Ngrame', '2018-03-27 10:50:42', '2018-03-27 10:50:42'),
('35.16.06.2019', 'Bangun', '2018-03-27 10:50:42', '2018-03-27 10:50:42'),
('35.16.07', 'Kutorejo', '2018-03-27 10:50:42', '2018-03-27 10:50:42'),
('35.16.07.2001', 'Payungrejo', '2018-03-27 10:50:42', '2018-03-27 10:50:42'),
('35.16.07.2002', 'Simbaringin', '2018-03-27 10:50:42', '2018-03-27 10:50:42'),
('35.16.07.2003', 'Sampangagung', '2018-03-27 10:50:42', '2018-03-27 10:50:42'),
('35.16.07.2004', 'Jiyu', '2018-03-27 10:50:42', '2018-03-27 10:50:42'),
('35.16.07.2005', 'Pesanggarahan', '2018-03-27 10:50:42', '2018-03-27 10:50:42'),
('35.16.07.2006', 'Windurejo', '2018-03-27 10:50:42', '2018-03-27 10:50:42'),
('35.16.07.2007', 'Kertosari', '2018-03-27 10:50:42', '2018-03-27 10:50:42'),
('35.16.07.2008', 'Kepuharum', '2018-03-27 10:50:42', '2018-03-27 10:50:42'),
('35.16.07.2009', 'Gedangan', '2018-03-27 10:50:42', '2018-03-27 10:50:42'),
('35.16.07.2010', 'Kutorejo', '2018-03-27 10:50:42', '2018-03-27 10:50:42'),
('35.16.07.2011', 'Karangdiyeng', '2018-03-27 10:50:42', '2018-03-27 10:50:42'),
('35.16.07.2012', 'Sawo', '2018-03-27 10:50:42', '2018-03-27 10:50:42'),
('35.16.07.2013', 'Wonodadi', '2018-03-27 10:50:42', '2018-03-27 10:50:42'),
('35.16.07.2014', 'Singowangi', '2018-03-27 10:50:42', '2018-03-27 10:50:42'),
('35.16.07.2015', 'Kepuhpandak', '2018-03-27 10:50:42', '2018-03-27 10:50:42'),
('35.16.07.2016', 'Karangasem', '2018-03-27 10:50:42', '2018-03-27 10:50:42'),
('35.16.07.2017', 'Kaligoro', '2018-03-27 10:50:42', '2018-03-27 10:50:42'),
('35.16.08', 'Mojosari', '2018-03-27 10:50:42', '2018-03-27 10:50:42'),
('35.16.08.2001', 'Sumbertanggul', '2018-03-27 10:50:42', '2018-03-27 10:50:42'),
('35.16.08.2002', 'Belahantengah', '2018-03-27 10:50:42', '2018-03-27 10:50:42'),
('35.16.08.2003', 'Awang-awang', '2018-03-27 10:50:42', '2018-03-27 10:50:42'),
('35.16.08.1004', 'Kauman', '2018-03-27 10:50:42', '2018-03-27 10:50:42'),
('35.16.08.1005', 'Sarirejo', '2018-03-27 10:50:42', '2018-03-27 10:50:42'),
('35.16.08.1006', 'Sawahan', '2018-03-27 10:50:42', '2018-03-27 10:50:42'),
('35.16.08.1007', 'Mojosari', '2018-03-27 10:50:42', '2018-03-27 10:50:42'),
('35.16.08.1008', 'Wonokusumo', '2018-03-27 10:50:42', '2018-03-27 10:50:42'),
('35.16.08.2009', 'Seduri', '2018-03-27 10:50:42', '2018-03-27 10:50:42'),
('35.16.08.2010', 'Mojosulur', '2018-03-27 10:50:42', '2018-03-27 10:50:42'),
('35.16.08.2011', 'Randubango', '2018-03-27 10:50:42', '2018-03-27 10:50:42'),
('35.16.08.2012', 'Jotangan', '2018-03-27 10:50:42', '2018-03-27 10:50:42'),
('35.16.08.2013', 'Menanggal', '2018-03-27 10:50:42', '2018-03-27 10:50:42'),
('35.16.08.2014', 'Pekukuhan', '2018-03-27 10:50:42', '2018-03-27 10:50:42'),
('35.16.08.2015', 'Modopuro', '2018-03-27 10:50:42', '2018-03-27 10:50:42'),
('35.16.08.2016', 'Kebondalem', '2018-03-27 10:50:42', '2018-03-27 10:50:42'),
('35.16.08.2017', 'Kedunggempol', '2018-03-27 10:50:42', '2018-03-27 10:50:42'),
('35.16.08.2018', 'Ngimbangan', '2018-03-27 10:50:42', '2018-03-27 10:50:42'),
('35.16.08.2019', 'Leminggir', '2018-03-27 10:50:42', '2018-03-27 10:50:42'),
('35.16.09', 'Dlanggu', '2018-03-27 10:50:42', '2018-03-27 10:50:42'),
('35.16.09.2001', 'Punggul', '2018-03-27 10:50:42', '2018-03-27 10:50:42'),
('35.16.09.2002', 'Kalen', '2018-03-27 10:50:42', '2018-03-27 10:50:42'),
('35.16.09.2003', 'Kedunggede', '2018-03-27 10:50:42', '2018-03-27 10:50:42'),
('35.16.09.2004', 'Mojokarang', '2018-03-27 10:50:42', '2018-03-27 10:50:42'),
('35.16.09.2005', 'Segunung', '2018-03-27 10:50:42', '2018-03-27 10:50:42'),
('35.16.09.2006', 'Talok', '2018-03-27 10:50:42', '2018-03-27 10:50:42'),
('35.16.09.2007', 'Sumbersono', '2018-03-27 10:50:42', '2018-03-27 10:50:42'),
('35.16.09.2008', 'Sambilawang', '2018-03-27 10:50:42', '2018-03-27 10:50:42'),
('35.16.09.2009', 'Jrambe', '2018-03-27 10:50:42', '2018-03-27 10:50:42'),
('35.16.09.2010', 'Randugenengan', '2018-03-27 10:50:42', '2018-03-27 10:50:42'),
('35.16.09.2011', 'Pohkecik', '2018-03-27 10:50:42', '2018-03-27 10:50:42'),
('35.16.09.2012', 'Dlanggu', '2018-03-27 10:50:42', '2018-03-27 10:50:42'),
('35.16.09.2013', 'Ngembeh', '2018-03-27 10:50:42', '2018-03-27 10:50:42'),
('35.16.09.2014', 'Sumberkarang', '2018-03-27 10:50:42', '2018-03-27 10:50:42'),
('35.16.09.2015', 'Kedunglengkong', '2018-03-27 10:50:42', '2018-03-27 10:50:42'),
('35.16.09.2016', 'Tumapel', '2018-03-27 10:50:42', '2018-03-27 10:50:42'),
('35.16.10', 'Bangsal', '2018-03-27 10:50:42', '2018-03-27 10:50:42'),
('35.16.10.2001', 'Pacing', '2018-03-27 10:50:42', '2018-03-27 10:50:42'),
('35.16.10.2002', 'Sumberwono', '2018-03-27 10:50:42', '2018-03-27 10:50:42'),
('35.16.10.2003', 'Kedungguneng', '2018-03-27 10:50:42', '2018-03-27 10:50:42'),
('35.16.10.2004', 'Kutoporong', '2018-03-27 10:50:42', '2018-03-27 10:50:42'),
('35.16.10.2005', 'Ngastemi', '2018-03-27 10:50:42', '2018-03-27 10:50:42'),
('35.16.10.2006', 'Peterongan', '2018-03-27 10:50:42', '2018-03-27 10:50:42'),
('35.16.10.2007', 'Bangsal', '2018-03-27 10:50:42', '2018-03-27 10:50:42'),
('35.16.10.2008', 'Sumbertebu', '2018-03-27 10:50:42', '2018-03-27 10:50:42'),
('35.16.10.2009', 'Sidomulyo', '2018-03-27 10:50:42', '2018-03-27 10:50:42'),
('35.16.10.2010', 'Gayam', '2018-03-27 10:50:42', '2018-03-27 10:50:42'),
('35.16.10.2011', 'Tinggarbuntut', '2018-03-27 10:50:42', '2018-03-27 10:50:42'),
('35.16.10.2012', 'Pekuwon', '2018-03-27 10:50:42', '2018-03-27 10:50:42'),
('35.16.10.2013', 'Salen', '2018-03-27 10:50:42', '2018-03-27 10:50:42'),
('35.16.10.2014', 'Mejoyo', '2018-03-27 10:50:42', '2018-03-27 10:50:42'),
('35.16.10.2015', 'Ngrowo', '2018-03-27 10:50:42', '2018-03-27 10:50:42'),
('35.16.10.2016', 'Puloniti', '2018-03-27 10:50:42', '2018-03-27 10:50:42'),
('35.16.10.2017', 'Mojotamping', '2018-03-27 10:50:42', '2018-03-27 10:50:42'),
('35.16.11', 'Puri', '2018-03-27 10:50:42', '2018-03-27 10:50:42'),
('35.16.11.2001', 'Tampungrejo', '2018-03-27 10:50:42', '2018-03-27 10:50:42'),
('35.16.11.2002', 'Plososari', '2018-03-27 10:50:42', '2018-03-27 10:50:42'),
('35.16.11.2003', 'Kintelan', '2018-03-27 10:50:42', '2018-03-27 10:50:42'),
('35.16.11.2004', 'Brayung', '2018-03-27 10:50:42', '2018-03-27 10:50:42'),
('35.16.11.2005', 'Ketemasdungus', '2018-03-27 10:50:42', '2018-03-27 10:50:42'),
('35.16.11.2006', 'Puri', '2018-03-27 10:50:42', '2018-03-27 10:50:42'),
('35.16.11.2007', 'Tangunan', '2018-03-27 10:50:42', '2018-03-27 10:50:42'),
('35.16.11.2008', 'Kebonagung', '2018-03-27 10:50:42', '2018-03-27 10:50:42'),
('35.16.11.2009', 'Sumbergirang', '2018-03-27 10:50:42', '2018-03-27 10:50:42'),
('35.16.11.2010', 'Mlaten', '2018-03-27 10:50:42', '2018-03-27 10:50:42'),
('35.16.11.2011', 'Medali', '2018-03-27 10:50:42', '2018-03-27 10:50:42'),
('35.16.11.2012', 'Balongmojo', '2018-03-27 10:50:42', '2018-03-27 10:50:42'),
('35.16.11.2013', 'Sumolawang', '2018-03-27 10:50:42', '2018-03-27 10:50:42'),
('35.16.11.2014', 'Tambakagung', '2018-03-27 10:50:42', '2018-03-27 10:50:42'),
('35.16.11.2015', 'Gayaman', '2018-03-27 10:50:42', '2018-03-27 10:50:42'),
('35.16.11.2016', 'Banjaragung', '2018-03-27 10:50:42', '2018-03-27 10:50:42'),
('35.16.12', 'Trowulan', '2018-03-27 10:50:42', '2018-03-27 10:50:42'),
('35.16.12.2001', 'Jambuwok', '2018-03-27 10:50:42', '2018-03-27 10:50:42'),
('35.16.12.2002', 'Domas', '2018-03-27 10:50:42', '2018-03-27 10:50:42'),
('35.16.12.2003', 'Beloh', '2018-03-27 10:50:42', '2018-03-27 10:50:42'),
('35.16.12.2004', 'Temon', '2018-03-27 10:50:42', '2018-03-27 10:50:42'),
('35.16.12.2005', 'Pakis', '2018-03-27 10:50:42', '2018-03-27 10:50:42'),
('35.16.12.2006', 'Sentonorejo', '2018-03-27 10:50:42', '2018-03-27 10:50:42'),
('35.16.12.2007', 'Trowulan', '2018-03-27 10:50:42', '2018-03-27 10:50:42'),
('35.16.12.2008', 'Bejijong', '2018-03-27 10:50:42', '2018-03-27 10:50:42'),
('35.16.12.2009', 'Kejagan', '2018-03-27 10:50:42', '2018-03-27 10:50:42'),
('35.16.12.2010', 'Jatipasar', '2018-03-27 10:50:42', '2018-03-27 10:50:42'),
('35.16.12.2011', 'Watesumpak', '2018-03-27 10:50:42', '2018-03-27 10:50:42'),
('35.16.12.2012', 'Wonorejo', '2018-03-27 10:50:42', '2018-03-27 10:50:42'),
('35.16.12.2013', 'Panggih', '2018-03-27 10:50:42', '2018-03-27 10:50:42'),
('35.16.12.2014', 'Tawangsari', '2018-03-27 10:50:42', '2018-03-27 10:50:42'),
('35.16.12.2015', 'Bicak', '2018-03-27 10:50:42', '2018-03-27 10:50:42'),
('35.16.12.2016', 'Balongwono', '2018-03-27 10:50:42', '2018-03-27 10:50:42'),
('35.16.13', 'Sooko', '2018-03-27 10:50:42', '2018-03-27 10:50:42'),
('35.16.13.2001', 'Gemekan', '2018-03-27 10:50:42', '2018-03-27 10:50:42'),
('35.16.13.2002', 'Blimbingsari', '2018-03-27 10:50:42', '2018-03-27 10:50:42'),
('35.16.13.2003', 'Brangkal', '2018-03-27 10:50:42', '2018-03-27 10:50:42'),
('35.16.13.2004', 'Kedungmaling', '2018-03-27 10:50:42', '2018-03-27 10:50:42'),
('35.16.13.2005', 'Klinterejo', '2018-03-27 10:50:42', '2018-03-27 10:50:42'),
('35.16.13.2006', 'Modongan', '2018-03-27 10:50:42', '2018-03-27 10:50:42'),
('35.16.13.2007', 'Sambiroto', '2018-03-27 10:50:42', '2018-03-27 10:50:42'),
('35.16.13.2008', 'Jampirogo', '2018-03-27 10:50:42', '2018-03-27 10:50:42'),
('35.16.13.2009', 'Japan', '2018-03-27 10:50:42', '2018-03-27 10:50:42'),
('35.16.13.2010', 'Sooko', '2018-03-27 10:50:42', '2018-03-27 10:50:42'),
('35.16.13.2011', 'Wringinrejo', '2018-03-27 10:50:42', '2018-03-27 10:50:42'),
('35.16.13.2012', 'Karangkedawang', '2018-03-27 10:50:42', '2018-03-27 10:50:42'),
('35.16.13.2013', 'Mojoranu', '2018-03-27 10:50:42', '2018-03-27 10:50:42'),
('35.16.13.2014', 'Tempuran', '2018-03-27 10:50:42', '2018-03-27 10:50:42'),
('35.16.13.2015', 'Ngingasrembyong', '2018-03-27 10:50:42', '2018-03-27 10:50:42'),
('35.16.14', 'Gedeg', '2018-03-27 10:50:42', '2018-03-27 10:50:42'),
('35.16.14.2001', 'Ngareskidul', '2018-03-27 10:50:42', '2018-03-27 10:50:42'),
('35.16.14.2002', 'Gembongan', '2018-03-27 10:50:42', '2018-03-27 10:50:42'),
('35.16.14.2003', 'Gempolkerep', '2018-03-27 10:50:42', '2018-03-27 10:50:42'),
('35.16.14.2004', 'Bandung', '2018-03-27 10:50:42', '2018-03-27 10:50:42'),
('35.16.14.2005', 'Gedeg', '2018-03-27 10:50:42', '2018-03-27 10:50:42'),
('35.16.14.2006', 'Pagerluyung', '2018-03-27 10:50:42', '2018-03-27 10:50:42'),
('35.16.14.2007', 'Kemantren', '2018-03-27 10:50:42', '2018-03-27 10:50:42'),
('35.16.14.2008', 'Terusan', '2018-03-27 10:50:42', '2018-03-27 10:50:42'),
('35.16.14.2009', 'Sidoharjo', '2018-03-27 10:50:42', '2018-03-27 10:50:42'),
('35.16.14.2010', 'Balongsari', '2018-03-27 10:50:42', '2018-03-27 10:50:42'),
('35.16.14.2011', 'Batankrajan', '2018-03-27 10:50:42', '2018-03-27 10:50:42'),
('35.16.14.2012', 'Pagerjo', '2018-03-27 10:50:42', '2018-03-27 10:50:42'),
('35.16.14.2013', 'Jerukseger', '2018-03-27 10:50:42', '2018-03-27 10:50:42'),
('35.16.14.2014', 'Beratwetan', '2018-03-27 10:50:42', '2018-03-27 10:50:42'),
('35.16.15', 'Kemlagi', '2018-03-27 10:50:42', '2018-03-27 10:50:42'),
('35.16.15.2001', 'Watesprojo', '2018-03-27 10:50:42', '2018-03-27 10:50:42'),
('35.16.15.2002', 'Betro', '2018-03-27 10:50:42', '2018-03-27 10:50:42'),
('35.16.15.2003', 'Kedungsari', '2018-03-27 10:50:42', '2018-03-27 10:50:42'),
('35.16.15.2004', 'Mojojajar', '2018-03-27 10:50:42', '2018-03-27 10:50:42'),
('35.16.15.2005', 'Beratkulon', '2018-03-27 10:50:42', '2018-03-27 10:50:42'),
('35.16.15.2006', 'Mojosarirejo', '2018-03-27 10:50:42', '2018-03-27 10:50:42'),
('35.16.15.2007', 'Mojowiryo', '2018-03-27 10:50:42', '2018-03-27 10:50:42'),
('35.16.15.2008', 'Mojowatesrejo', '2018-03-27 10:50:42', '2018-03-27 10:50:42'),
('35.16.15.2009', 'Mojogebang', '2018-03-27 10:50:42', '2018-03-27 10:50:42'),
('35.16.15.2010', 'Mojopilang', '2018-03-27 10:50:42', '2018-03-27 10:50:42'),
('35.16.15.2011', 'Mojokusumo', '2018-03-27 10:50:42', '2018-03-27 10:50:42'),
('35.16.15.2012', 'Japanan', '2018-03-27 10:50:42', '2018-03-27 10:50:42'),
('35.16.15.2013', 'Mojokumpul', '2018-03-27 10:50:42', '2018-03-27 10:50:42'),
('35.16.15.2014', 'Tanjungan', '2018-03-27 10:50:42', '2018-03-27 10:50:42'),
('35.16.15.2015', 'Mojorejo', '2018-03-27 10:50:42', '2018-03-27 10:50:42'),
('35.16.15.2016', 'Mojodadi', '2018-03-27 10:50:42', '2018-03-27 10:50:42'),
('35.16.15.2017', 'Kemlagi', '2018-03-27 10:50:42', '2018-03-27 10:50:42'),
('35.16.15.2018', 'Mojowono', '2018-03-27 10:50:42', '2018-03-27 10:50:42'),
('35.16.15.2019', 'Pandankrajan', '2018-03-27 10:50:42', '2018-03-27 10:50:42'),
('35.16.15.2020', 'Mojodowo', '2018-03-27 10:50:42', '2018-03-27 10:50:42'),
('35.16.16', 'Jetis', '2018-03-27 10:50:42', '2018-03-27 10:50:42'),
('35.16.16.2001', 'Mlirip', '2018-03-27 10:50:42', '2018-03-27 10:50:42'),
('35.16.16.2002', 'Penompo', '2018-03-27 10:50:42', '2018-03-27 10:50:42'),
('35.16.16.2003', 'Canggu', '2018-03-27 10:50:42', '2018-03-27 10:50:42'),
('35.16.16.2004', 'Ngabar', '2018-03-27 10:50:42', '2018-03-27 10:50:42'),
('35.16.16.2005', 'Banjarsari', '2018-03-27 10:50:42', '2018-03-27 10:50:42'),
('35.16.16.2006', 'Sawo', '2018-03-27 10:50:42', '2018-03-27 10:50:42'),
('35.16.16.2007', 'Mojorejo', '2018-03-27 10:50:42', '2018-03-27 10:50:42'),
('35.16.16.2008', 'Jolotundo', '2018-03-27 10:50:42', '2018-03-27 10:50:42'),
('35.16.16.2009', 'Kupang', '2018-03-27 10:50:42', '2018-03-27 10:50:42'),
('35.16.16.2010', 'Bendung', '2018-03-27 10:50:42', '2018-03-27 10:50:42'),
('35.16.16.2011', 'Mojolebak', '2018-03-27 10:50:42', '2018-03-27 10:50:42'),
('35.16.16.2012', 'Parengan', '2018-03-27 10:50:42', '2018-03-27 10:50:42'),
('35.16.16.2013', 'Jetis', '2018-03-27 10:50:42', '2018-03-27 10:50:42'),
('35.16.16.2014', 'Perning', '2018-03-27 10:50:42', '2018-03-27 10:50:42'),
('35.16.16.2015', 'Sidorejo', '2018-03-27 10:50:42', '2018-03-27 10:50:42'),
('35.16.16.2016', 'Lakardowo', '2018-03-27 10:50:42', '2018-03-27 10:50:42'),
('35.16.17', 'Dawarblandong', '2018-03-27 10:50:42', '2018-03-27 10:50:42'),
('35.16.17.2001', 'Cendoro', '2018-03-27 10:50:42', '2018-03-27 10:50:42'),
('35.16.17.2002', 'Simongagrok', '2018-03-27 10:50:42', '2018-03-27 10:50:42'),
('35.16.17.2003', 'Sumberwuluh', '2018-03-27 10:50:42', '2018-03-27 10:50:42'),
('35.16.17.2004', 'Talunblandong', '2018-03-27 10:50:42', '2018-03-27 10:50:42'),
('35.16.17.2005', 'Cinandang', '2018-03-27 10:50:42', '2018-03-27 10:50:42'),
('35.16.17.2006', 'Gunungsari', '2018-03-27 10:50:42', '2018-03-27 10:50:42'),
('35.16.17.2007', 'Dawarblandong', '2018-03-27 10:50:42', '2018-03-27 10:50:42'),
('35.16.17.2008', 'Pulorejo', '2018-03-27 10:50:42', '2018-03-27 10:50:42'),
('35.16.17.2009', 'Jatirowo', '2018-03-27 10:50:42', '2018-03-27 10:50:42'),
('35.16.17.2010', 'Suru', '2018-03-27 10:50:42', '2018-03-27 10:50:42'),
('35.16.17.2011', 'Bangeran', '2018-03-27 10:50:42', '2018-03-27 10:50:42'),
('35.16.17.2012', 'Pucuk', '2018-03-27 10:50:42', '2018-03-27 10:50:42'),
('35.16.17.2013', 'Banyulegi', '2018-03-27 10:50:42', '2018-03-27 10:50:42'),
('35.16.17.2014', 'Gunungan', '2018-03-27 10:50:42', '2018-03-27 10:50:42'),
('35.16.17.2015', 'Brayublandong', '2018-03-27 10:50:42', '2018-03-27 10:50:42'),
('35.16.17.2016', 'Madureso', '2018-03-27 10:50:42', '2018-03-27 10:50:42'),
('35.16.17.2017', 'Temuireng', '2018-03-27 10:50:42', '2018-03-27 10:50:42'),
('35.16.17.2018', 'Randegan', '2018-03-27 10:50:42', '2018-03-27 10:50:42'),
('35.16.18', 'Mojoanyar', '2018-03-27 10:50:42', '2018-03-27 10:50:42'),
('35.16.18.2001', 'Sadartengah', '2018-03-27 10:50:42', '2018-03-27 10:50:42'),
('35.16.18.2002', 'Lengkong', '2018-03-27 10:50:42', '2018-03-27 10:50:42'),
('35.16.18.2003', 'Kepuhanyar', '2018-03-27 10:50:42', '2018-03-27 10:50:42'),
('35.16.18.2004', 'Sumberjati', '2018-03-27 10:50:42', '2018-03-27 10:50:42'),
('35.16.18.2005', 'Gebangmalang', '2018-03-27 10:50:42', '2018-03-27 10:50:42'),
('35.16.18.2006', 'Jabon', '2018-03-27 10:50:42', '2018-03-27 10:50:42'),
('35.16.18.2007', 'Kenanten', '2018-03-27 10:50:42', '2018-03-27 10:50:42'),
('35.16.18.2008', 'Ngarjo', '2018-03-27 10:50:42', '2018-03-27 10:50:42'),
('35.16.18.2009', 'Wunut', '2018-03-27 10:50:42', '2018-03-27 10:50:42'),
('35.16.18.2010', 'Kwedenkembar', '2018-03-27 10:50:42', '2018-03-27 10:50:42'),
('35.16.18.2011', 'Jumeneng', '2018-03-27 10:50:42', '2018-03-27 10:50:42'),
('35.16.18.2012', 'Kwatu', '2018-03-27 10:50:42', '2018-03-27 10:50:42'),
('35.17', 'KAB. JOMBANG', '2018-03-27 10:50:42', '2018-03-27 10:50:42'),
('35.17.01', 'Perak', '2018-03-27 10:50:42', '2018-03-27 10:50:42'),
('35.17.01.2001', 'Jatiganggong', '2018-03-27 10:50:42', '2018-03-27 10:50:42'),
('35.17.01.2002', 'Kepuhkajang', '2018-03-27 10:50:42', '2018-03-27 10:50:42'),
('35.17.01.2003', 'Sumberagung', '2018-03-27 10:50:42', '2018-03-27 10:50:42'),
('35.17.01.2004', 'Pagerwojo', '2018-03-27 10:50:42', '2018-03-27 10:50:42'),
('35.17.01.2005', 'Perak', '2018-03-27 10:50:42', '2018-03-27 10:50:42'),
('35.17.01.2006', 'Sembung', '2018-03-27 10:50:42', '2018-03-27 10:50:42'),
('35.17.01.2007', 'Glagahan', '2018-03-27 10:50:42', '2018-03-27 10:50:42'),
('35.17.01.2008', 'Kalang Semanding', '2018-03-27 10:50:42', '2018-03-27 10:50:42'),
('35.17.01.2009', 'Gadingmangu', '2018-03-27 10:50:42', '2018-03-27 10:50:42'),
('35.17.01.2010', 'Plosogenuk', '2018-03-27 10:50:42', '2018-03-27 10:50:42'),
('35.17.01.2011', 'Sukorejo', '2018-03-27 10:50:42', '2018-03-27 10:50:42'),
('35.17.01.2012', 'Temuwulan', '2018-03-27 10:50:42', '2018-03-27 10:50:42'),
('35.17.01.2013', 'Cangkringrandu', '2018-03-27 10:50:42', '2018-03-27 10:50:42'),
('35.17.02', 'Gudo', '2018-03-27 10:50:42', '2018-03-27 10:50:42'),
('35.17.02.2001', 'Pucangro', '2018-03-27 10:50:42', '2018-03-27 10:50:42'),
('35.17.02.2002', 'Kedungturi', '2018-03-27 10:50:42', '2018-03-27 10:50:42'),
('35.17.02.2003', 'Japanan', '2018-03-27 10:50:42', '2018-03-27 10:50:42'),
('35.17.02.2004', 'Blimbing', '2018-03-27 10:50:42', '2018-03-27 10:50:42'),
('35.17.02.2005', 'Mentaos', '2018-03-27 10:50:42', '2018-03-27 10:50:42');
INSERT INTO `tbl_wilayah` (`kode`, `nama`, `dtm_crt`, `dtm_upd`) VALUES
('35.17.02.2006', 'Sukoiber', '2018-03-27 10:50:42', '2018-03-27 10:50:42'),
('35.17.02.2007', 'Sukopinggir', '2018-03-27 10:50:42', '2018-03-27 10:50:42'),
('35.17.02.2008', 'Bugasurkedaleman', '2018-03-27 10:50:42', '2018-03-27 10:50:42'),
('35.17.02.2009', 'Gudo', '2018-03-27 10:50:42', '2018-03-27 10:50:42'),
('35.17.02.2010', 'Pesanggrahan', '2018-03-27 10:50:42', '2018-03-27 10:50:42'),
('35.17.02.2011', 'Wangkalkepuh', '2018-03-27 10:50:42', '2018-03-27 10:50:42'),
('35.17.02.2012', 'Krembangan', '2018-03-27 10:50:42', '2018-03-27 10:50:42'),
('35.17.02.2013', 'Sepanyul', '2018-03-27 10:50:42', '2018-03-27 10:50:42'),
('35.17.02.2014', 'Godong', '2018-03-27 10:50:42', '2018-03-27 10:50:42'),
('35.17.02.2015', 'Mejoyolosari', '2018-03-27 10:50:42', '2018-03-27 10:50:42'),
('35.17.02.2016', 'Plumbongambang', '2018-03-27 10:50:42', '2018-03-27 10:50:42'),
('35.17.02.2017', 'Gempollegundi', '2018-03-27 10:50:42', '2018-03-27 10:50:42'),
('35.17.02.2018', 'Tanggungan', '2018-03-27 10:50:42', '2018-03-27 10:50:42'),
('35.17.03', 'Ngoro', '2018-03-27 10:50:42', '2018-03-27 10:50:42'),
('35.17.03.2001', 'Jombok', '2018-03-27 10:50:42', '2018-03-27 10:50:42'),
('35.17.03.2002', 'Genukwatu', '2018-03-27 10:50:42', '2018-03-27 10:50:42'),
('35.17.03.2003', 'Rejoagung', '2018-03-27 10:50:42', '2018-03-27 10:50:42'),
('35.17.03.2004', 'Kauman', '2018-03-27 10:50:42', '2018-03-27 10:50:42'),
('35.17.03.2005', 'Ngoro', '2018-03-27 10:50:42', '2018-03-27 10:50:42'),
('35.17.03.2006', 'Badang', '2018-03-27 10:50:42', '2018-03-27 10:50:42'),
('35.17.03.2007', 'Pulorejo', '2018-03-27 10:50:42', '2018-03-27 10:50:42'),
('35.17.03.2008', 'Banyuarang', '2018-03-27 10:50:42', '2018-03-27 10:50:42'),
('35.17.03.2009', 'Sidowarek', '2018-03-27 10:50:42', '2018-03-27 10:50:42'),
('35.17.03.2010', 'Gajah', '2018-03-27 10:50:42', '2018-03-27 10:50:42'),
('35.17.03.2011', 'Kesamben', '2018-03-27 10:50:42', '2018-03-27 10:50:42'),
('35.17.03.2012', 'Kertorejo', '2018-03-27 10:50:42', '2018-03-27 10:50:42'),
('35.17.03.2013', 'Sugihwaras', '2018-03-27 10:50:42', '2018-03-27 10:50:42'),
('35.17.04', 'Bareng', '2018-03-27 10:50:42', '2018-03-27 10:50:42'),
('35.17.04.2001', 'Kebondalem', '2018-03-27 10:50:42', '2018-03-27 10:50:42'),
('35.17.04.2002', 'Mundusewu', '2018-03-27 10:50:42', '2018-03-27 10:50:42'),
('35.17.04.2003', 'Pakel', '2018-03-27 10:50:42', '2018-03-27 10:50:42'),
('35.17.04.2004', 'Karangan', '2018-03-27 10:50:42', '2018-03-27 10:50:42'),
('35.17.04.2005', 'Ngampungan', '2018-03-27 10:50:42', '2018-03-27 10:50:42'),
('35.17.04.2006', 'Jenisgelaran', '2018-03-27 10:50:42', '2018-03-27 10:50:42'),
('35.17.04.2007', 'Bareng', '2018-03-27 10:50:42', '2018-03-27 10:50:42'),
('35.17.04.2008', 'Tebel', '2018-03-27 10:50:42', '2018-03-27 10:50:42'),
('35.17.04.2009', 'Mojotengah', '2018-03-27 10:50:42', '2018-03-27 10:50:42'),
('35.17.04.2010', 'Banjaragung', '2018-03-27 10:50:42', '2018-03-27 10:50:42'),
('35.17.04.2011', 'Nglebak', '2018-03-27 10:50:42', '2018-03-27 10:50:42'),
('35.17.04.2012', 'Ngrimbi', '2018-03-27 10:50:42', '2018-03-27 10:50:42'),
('35.17.04.2013', 'Pulosari', '2018-03-27 10:50:42', '2018-03-27 10:50:42'),
('35.17.05', 'Wonosalam', '2018-03-27 10:50:42', '2018-03-27 10:50:42'),
('35.17.05.2001', 'Galengdowo', '2018-03-27 10:50:42', '2018-03-27 10:50:42'),
('35.17.05.2002', 'Wonomerto', '2018-03-27 10:50:42', '2018-03-27 10:50:42'),
('35.17.05.2003', 'Jarak', '2018-03-27 10:50:42', '2018-03-27 10:50:42'),
('35.17.05.2004', 'Sambirejo', '2018-03-27 10:50:42', '2018-03-27 10:50:42'),
('35.17.05.2005', 'Wonosalam', '2018-03-27 10:50:42', '2018-03-27 10:50:42'),
('35.17.05.2006', 'Carangwulung', '2018-03-27 10:50:42', '2018-03-27 10:50:42'),
('35.17.05.2007', 'Wonokerto', '2018-03-27 10:50:42', '2018-03-27 10:50:42'),
('35.17.05.2008', 'Sumberjo', '2018-03-27 10:50:42', '2018-03-27 10:50:42'),
('35.17.05.2009', 'Panglungan', '2018-03-27 10:50:42', '2018-03-27 10:50:42'),
('35.17.06', 'Mojoagung', '2018-03-27 10:50:42', '2018-03-27 10:50:42'),
('35.17.06.2001', 'Kedunglumpang', '2018-03-27 10:50:42', '2018-03-27 10:50:42'),
('35.17.06.2002', 'Dukuhmojo', '2018-03-27 10:50:42', '2018-03-27 10:50:42'),
('35.17.06.2003', 'Karangwinongan', '2018-03-27 10:50:42', '2018-03-27 10:50:42'),
('35.17.06.2004', 'Kademangan', '2018-03-27 10:50:42', '2018-03-27 10:50:42'),
('35.17.06.2005', 'Janti', '2018-03-27 10:50:42', '2018-03-27 10:50:42'),
('35.17.06.2006', 'Tejo', '2018-03-27 10:50:42', '2018-03-27 10:50:42'),
('35.17.06.2007', 'Gambiran', '2018-03-27 10:50:42', '2018-03-27 10:50:42'),
('35.17.06.2008', 'Kauman', '2018-03-27 10:50:42', '2018-03-27 10:50:42'),
('35.17.06.2009', 'Mojotrisno', '2018-03-27 10:50:42', '2018-03-27 10:50:42'),
('35.17.06.2010', 'Tanggalrejo', '2018-03-27 10:50:42', '2018-03-27 10:50:42'),
('35.17.06.2011', 'Dukuhdimoro', '2018-03-27 10:50:42', '2018-03-27 10:50:42'),
('35.17.06.2012', 'Miagan', '2018-03-27 10:50:42', '2018-03-27 10:50:42'),
('35.17.06.2013', 'Mancilan', '2018-03-27 10:50:42', '2018-03-27 10:50:42'),
('35.17.06.2014', 'Betek', '2018-03-27 10:50:42', '2018-03-27 10:50:42'),
('35.17.06.2015', 'Karobelah', '2018-03-27 10:50:42', '2018-03-27 10:50:42'),
('35.17.06.2016', 'Murukan', '2018-03-27 10:50:42', '2018-03-27 10:50:42'),
('35.17.06.2017', 'Johowinong', '2018-03-27 10:50:42', '2018-03-27 10:50:42'),
('35.17.06.2018', 'Seketi', '2018-03-27 10:50:42', '2018-03-27 10:50:42'),
('35.17.07', 'Mojowarno', '2018-03-27 10:50:42', '2018-03-27 10:50:42'),
('35.17.07.2001', 'Kedungpari', '2018-03-27 10:50:42', '2018-03-27 10:50:42'),
('35.17.07.2002', 'Karanglo', '2018-03-27 10:50:42', '2018-03-27 10:50:42'),
('35.17.07.2003', 'Latsari', '2018-03-27 10:50:42', '2018-03-27 10:50:42'),
('35.17.07.2004', 'Mojowarno', '2018-03-27 10:50:42', '2018-03-27 10:50:42'),
('35.17.07.2005', 'Penggaron', '2018-03-27 10:50:42', '2018-03-27 10:50:42'),
('35.17.07.2006', 'Mojoduwur', '2018-03-27 10:50:42', '2018-03-27 10:50:42'),
('35.17.07.2007', 'Mojowangi', '2018-03-27 10:50:42', '2018-03-27 10:50:42'),
('35.17.07.2008', 'Gondek', '2018-03-27 10:50:42', '2018-03-27 10:50:42'),
('35.17.07.2009', 'Gedangan', '2018-03-27 10:50:42', '2018-03-27 10:50:42'),
('35.17.07.2010', 'Mojojejer', '2018-03-27 10:50:42', '2018-03-27 10:50:42'),
('35.17.07.2011', 'Japanan', '2018-03-27 10:50:42', '2018-03-27 10:50:42'),
('35.17.07.2012', 'Menganto', '2018-03-27 10:50:42', '2018-03-27 10:50:42'),
('35.17.07.2013', 'Grobogan', '2018-03-27 10:50:42', '2018-03-27 10:50:42'),
('35.17.07.2014', 'Rejoslamet', '2018-03-27 10:50:42', '2018-03-27 10:50:42'),
('35.17.07.2015', 'Selorejo', '2018-03-27 10:50:42', '2018-03-27 10:50:42'),
('35.17.07.2016', 'Sidokerto', '2018-03-27 10:50:42', '2018-03-27 10:50:42'),
('35.17.07.2017', 'Sukomulyo', '2018-03-27 10:50:42', '2018-03-27 10:50:42'),
('35.17.07.2018', 'Catakgayam', '2018-03-27 10:50:42', '2018-03-27 10:50:42'),
('35.17.07.2019', 'Wringinpitu', '2018-03-27 10:50:42', '2018-03-27 10:50:42'),
('35.17.08', 'Diwek', '2018-03-27 10:50:42', '2018-03-27 10:50:42'),
('35.17.08.2001', 'Kayangan', '2018-03-27 10:50:42', '2018-03-27 10:50:42'),
('35.17.08.2002', 'Puton', '2018-03-27 10:50:42', '2018-03-27 10:50:42'),
('35.17.08.2003', 'Bendet', '2018-03-27 10:50:42', '2018-03-27 10:50:42'),
('35.17.08.2004', 'Bulurejo', '2018-03-27 10:50:42', '2018-03-27 10:50:42'),
('35.17.08.2005', 'Grogol', '2018-03-27 10:50:42', '2018-03-27 10:50:42'),
('35.17.08.2006', 'Jatirejo', '2018-03-27 10:50:42', '2018-03-27 10:50:42'),
('35.17.08.2007', 'Cukir', '2018-03-27 10:50:42', '2018-03-27 10:50:42'),
('35.17.08.2008', 'Kwaron', '2018-03-27 10:50:42', '2018-03-27 10:50:42'),
('35.17.08.2009', 'Watugaluh', '2018-03-27 10:50:42', '2018-03-27 10:50:42'),
('35.17.08.2010', 'Pundong', '2018-03-27 10:50:42', '2018-03-27 10:50:42'),
('35.17.08.2011', 'Diwek', '2018-03-27 10:50:42', '2018-03-27 10:50:42'),
('35.17.08.2012', 'Bandung', '2018-03-27 10:50:42', '2018-03-27 10:50:42'),
('35.17.08.2013', 'Kedawong', '2018-03-27 10:50:42', '2018-03-27 10:50:42'),
('35.17.08.2014', 'Ngudirejo', '2018-03-27 10:50:42', '2018-03-27 10:50:42'),
('35.17.08.2015', 'Ceweng', '2018-03-27 10:50:42', '2018-03-27 10:50:42'),
('35.17.08.2016', 'Balongbesuk', '2018-03-27 10:50:42', '2018-03-27 10:50:42'),
('35.17.08.2017', 'Pandanwangi', '2018-03-27 10:50:42', '2018-03-27 10:50:42'),
('35.17.08.2018', 'Brambang', '2018-03-27 10:50:42', '2018-03-27 10:50:42'),
('35.17.08.2019', 'Jatipelem', '2018-03-27 10:50:42', '2018-03-27 10:50:42'),
('35.17.08.2020', 'Keras', '2018-03-27 10:50:42', '2018-03-27 10:50:42'),
('35.17.09', 'Jombang', '2018-03-27 10:50:42', '2018-03-27 10:50:42'),
('35.17.09.2001', 'Mojongapit', '2018-03-27 10:50:42', '2018-03-27 10:50:42'),
('35.17.09.1002', 'Jombatan', '2018-03-27 10:50:42', '2018-03-27 10:50:42'),
('35.17.09.2003', 'Plandi', '2018-03-27 10:50:42', '2018-03-27 10:50:42'),
('35.17.09.1004', 'Kaliwungu', '2018-03-27 10:50:42', '2018-03-27 10:50:42'),
('35.17.09.1005', 'Jelakombo', '2018-03-27 10:50:42', '2018-03-27 10:50:42'),
('35.17.09.1006', 'Kepanjen', '2018-03-27 10:50:42', '2018-03-27 10:50:42'),
('35.17.09.2007', 'Kepatihan', '2018-03-27 10:50:42', '2018-03-27 10:50:42'),
('35.17.09.2008', 'Pulolor', '2018-03-27 10:50:42', '2018-03-27 10:50:42'),
('35.17.09.2009', 'Sengon', '2018-03-27 10:50:42', '2018-03-27 10:50:42'),
('35.17.09.2010', 'Tunggorono', '2018-03-27 10:50:42', '2018-03-27 10:50:42'),
('35.17.09.2011', 'Denanyar', '2018-03-27 10:50:42', '2018-03-27 10:50:42'),
('35.17.09.2012', 'Jombang', '2018-03-27 10:50:42', '2018-03-27 10:50:42'),
('35.17.09.2013', 'Candimulyo', '2018-03-27 10:50:42', '2018-03-27 10:50:42'),
('35.17.09.2014', 'Tambakrejo', '2018-03-27 10:50:42', '2018-03-27 10:50:42'),
('35.17.09.2015', 'Banjardowo', '2018-03-27 10:50:42', '2018-03-27 10:50:42'),
('35.17.09.2016', 'Sambongdukuh', '2018-03-27 10:50:42', '2018-03-27 10:50:42'),
('35.17.09.2017', 'Dapurkejambon', '2018-03-27 10:50:42', '2018-03-27 10:50:42'),
('35.17.09.2018', 'Jabon', '2018-03-27 10:50:42', '2018-03-27 10:50:42'),
('35.17.09.2019', 'Plosogeneng', '2018-03-27 10:50:42', '2018-03-27 10:50:42'),
('35.17.09.2020', 'Sumberjo', '2018-03-27 10:50:42', '2018-03-27 10:50:42'),
('35.17.10', 'Peterongan', '2018-03-27 10:50:42', '2018-03-27 10:50:42'),
('35.17.10.2001', 'Peterongan', '2018-03-27 10:50:42', '2018-03-27 10:50:42'),
('35.17.10.2002', 'Keplaksari', '2018-03-27 10:50:42', '2018-03-27 10:50:42'),
('35.17.10.2003', 'Kepuhkembeng', '2018-03-27 10:50:42', '2018-03-27 10:50:42'),
('35.17.10.2004', 'Mancar', '2018-03-27 10:50:42', '2018-03-27 10:50:42'),
('35.17.10.2005', 'Tugusumberjo', '2018-03-27 10:50:42', '2018-03-27 10:50:42'),
('35.17.10.2006', 'Morosunggingan', '2018-03-27 10:50:42', '2018-03-27 10:50:42'),
('35.17.10.2007', 'Kebontemu', '2018-03-27 10:50:42', '2018-03-27 10:50:42'),
('35.17.10.2008', 'Dukuhklopo', '2018-03-27 10:50:42', '2018-03-27 10:50:42'),
('35.17.10.2009', 'Tanjunggunung', '2018-03-27 10:50:42', '2018-03-27 10:50:42'),
('35.17.10.2010', 'Bongkot', '2018-03-27 10:50:42', '2018-03-27 10:50:42'),
('35.17.10.2011', 'Senden', '2018-03-27 10:50:42', '2018-03-27 10:50:42'),
('35.17.10.2012', 'Ngrandulor', '2018-03-27 10:50:42', '2018-03-27 10:50:42'),
('35.17.10.2013', 'Tengaran', '2018-03-27 10:50:42', '2018-03-27 10:50:42'),
('35.17.10.2014', 'Sumberagung', '2018-03-27 10:50:42', '2018-03-27 10:50:42'),
('35.17.11', 'Sumobito', '2018-03-27 10:50:42', '2018-03-27 10:50:42'),
('35.17.11.2001', 'Plosokerep', '2018-03-27 10:50:42', '2018-03-27 10:50:42'),
('35.17.11.2002', 'Jogoloyo', '2018-03-27 10:50:42', '2018-03-27 10:50:42'),
('35.17.11.2003', 'Palrejo', '2018-03-27 10:50:42', '2018-03-27 10:50:42'),
('35.17.11.2004', 'Plemahan', '2018-03-27 10:50:42', '2018-03-27 10:50:42'),
('35.17.11.2005', 'Brudu', '2018-03-27 10:50:42', '2018-03-27 10:50:42'),
('35.17.11.2006', 'Badas', '2018-03-27 10:50:42', '2018-03-27 10:50:42'),
('35.17.11.2007', 'Nglele', '2018-03-27 10:50:42', '2018-03-27 10:50:42'),
('35.17.11.2008', 'Trawasan', '2018-03-27 10:50:42', '2018-03-27 10:50:42'),
('35.17.11.2009', 'Sebani', '2018-03-27 10:50:42', '2018-03-27 10:50:42'),
('35.17.11.2010', 'Mlaras', '2018-03-27 10:50:42', '2018-03-27 10:50:42'),
('35.17.11.2011', 'Segodorejo', '2018-03-27 10:50:42', '2018-03-27 10:50:42'),
('35.17.11.2012', 'Kedung Papar', '2018-03-27 10:50:42', '2018-03-27 10:50:42'),
('35.17.11.2013', 'Sumobito', '2018-03-27 10:50:42', '2018-03-27 10:50:42'),
('35.17.11.2014', 'Curahmalang', '2018-03-27 10:50:42', '2018-03-27 10:50:42'),
('35.17.11.2015', 'Budug Sidorejo', '2018-03-27 10:50:42', '2018-03-27 10:50:42'),
('35.17.11.2016', 'Kendalsari', '2018-03-27 10:50:42', '2018-03-27 10:50:42'),
('35.17.11.2017', 'Talunkidul', '2018-03-27 10:50:42', '2018-03-27 10:50:42'),
('35.17.11.2018', 'Madiopuro', '2018-03-27 10:50:42', '2018-03-27 10:50:42'),
('35.17.11.2019', 'Bakalan', '2018-03-27 10:50:42', '2018-03-27 10:50:42'),
('35.17.11.2020', 'Gedangan', '2018-03-27 10:50:42', '2018-03-27 10:50:42'),
('35.17.11.2021', 'Menturo', '2018-03-27 10:50:42', '2018-03-27 10:50:42'),
('35.17.12', 'Kesamben', '2018-03-27 10:50:42', '2018-03-27 10:50:42'),
('35.17.12.2001', 'Kedungbetik', '2018-03-27 10:50:42', '2018-03-27 10:50:42'),
('35.17.12.2002', 'Kedungmlati', '2018-03-27 10:50:42', '2018-03-27 10:50:42'),
('35.17.12.2003', 'Watudakon', '2018-03-27 10:50:42', '2018-03-27 10:50:42'),
('35.17.12.2004', 'Carangrejo', '2018-03-27 10:50:42', '2018-03-27 10:50:42'),
('35.17.12.2005', 'Jombok', '2018-03-27 10:50:42', '2018-03-27 10:50:42'),
('35.17.12.2006', 'Blimbing', '2018-03-27 10:50:42', '2018-03-27 10:50:42'),
('35.17.12.2007', 'Wuluh', '2018-03-27 10:50:42', '2018-03-27 10:50:42'),
('35.17.12.2008', 'Pojokrejo', '2018-03-27 10:50:42', '2018-03-27 10:50:42'),
('35.17.12.2009', 'Kesamben', '2018-03-27 10:50:42', '2018-03-27 10:50:42'),
('35.17.12.2010', 'Podoroto', '2018-03-27 10:50:42', '2018-03-27 10:50:42'),
('35.17.12.2011', 'Jombatan', '2018-03-27 10:50:42', '2018-03-27 10:50:42'),
('35.17.12.2012', 'Pojokkulon', '2018-03-27 10:50:42', '2018-03-27 10:50:42'),
('35.17.12.2013', 'Gumulan', '2018-03-27 10:50:42', '2018-03-27 10:50:42'),
('35.17.12.2014', 'Jatiduwur', '2018-03-27 10:50:42', '2018-03-27 10:50:42'),
('35.17.13', 'Tembelang', '2018-03-27 10:50:42', '2018-03-27 10:50:42'),
('35.17.13.2001', 'Mojokrapak', '2018-03-27 10:50:42', '2018-03-27 10:50:42'),
('35.17.13.2002', 'Pesantren', '2018-03-27 10:50:42', '2018-03-27 10:50:42'),
('35.17.13.2003', 'Tampingmojo', '2018-03-27 10:50:42', '2018-03-27 10:50:42'),
('35.17.13.2004', 'Kalikejambon', '2018-03-27 10:50:42', '2018-03-27 10:50:42'),
('35.17.13.2005', 'Kedunglosari', '2018-03-27 10:50:42', '2018-03-27 10:50:42'),
('35.17.13.2006', 'Kedungotok', '2018-03-27 10:50:42', '2018-03-27 10:50:42'),
('35.17.13.2007', 'Tembelang', '2018-03-27 10:50:42', '2018-03-27 10:50:42'),
('35.17.13.2008', 'Sentul', '2018-03-27 10:50:42', '2018-03-27 10:50:42'),
('35.17.13.2009', 'Gabusbanaran', '2018-03-27 10:50:42', '2018-03-27 10:50:42'),
('35.17.13.2010', 'Pulorejo', '2018-03-27 10:50:42', '2018-03-27 10:50:42'),
('35.17.13.2011', 'Rejosopinggir', '2018-03-27 10:50:42', '2018-03-27 10:50:42'),
('35.17.13.2012', 'Jatiwates', '2018-03-27 10:50:42', '2018-03-27 10:50:42'),
('35.17.13.2013', 'Kepuhdoko', '2018-03-27 10:50:42', '2018-03-27 10:50:42'),
('35.17.13.2014', 'Pulogedang', '2018-03-27 10:50:42', '2018-03-27 10:50:42'),
('35.17.13.2015', 'Bedahlawak', '2018-03-27 10:50:42', '2018-03-27 10:50:42'),
('35.17.14', 'Ploso', '2018-03-27 10:50:42', '2018-03-27 10:50:42'),
('35.17.14.2001', 'Tanggungkramat', '2018-03-27 10:50:42', '2018-03-27 10:50:42'),
('35.17.14.2002', 'Rejoagung', '2018-03-27 10:50:42', '2018-03-27 10:50:42'),
('35.17.14.2003', 'Losari', '2018-03-27 10:50:42', '2018-03-27 10:50:42'),
('35.17.14.2004', 'Ploso', '2018-03-27 10:50:42', '2018-03-27 10:50:42'),
('35.17.14.2005', 'Jatigedong', '2018-03-27 10:50:42', '2018-03-27 10:50:42'),
('35.17.14.2006', 'Daditunggal', '2018-03-27 10:50:42', '2018-03-27 10:50:42'),
('35.17.14.2007', 'Kedungombo', '2018-03-27 10:50:42', '2018-03-27 10:50:42'),
('35.17.14.2008', 'Jatibanjar', '2018-03-27 10:50:42', '2018-03-27 10:50:42'),
('35.17.14.2009', 'Pagertanjung', '2018-03-27 10:50:42', '2018-03-27 10:50:42'),
('35.17.14.2010', 'Pandanblole', '2018-03-27 10:50:42', '2018-03-27 10:50:42'),
('35.17.14.2011', 'Kedungdowo', '2018-03-27 10:50:42', '2018-03-27 10:50:42'),
('35.17.14.2012', 'Kebonagung', '2018-03-27 10:50:42', '2018-03-27 10:50:42'),
('35.17.14.2013', 'Bawangan', '2018-03-27 10:50:42', '2018-03-27 10:50:42'),
('35.17.15', 'Plandaan', '2018-03-27 10:50:42', '2018-03-27 10:50:42'),
('35.17.15.2001', 'Klitih', '2018-03-27 10:50:42', '2018-03-27 10:50:42'),
('35.17.15.2002', 'Plabuhan', '2018-03-27 10:50:42', '2018-03-27 10:50:42'),
('35.17.15.2003', 'Kampungbaru', '2018-03-27 10:50:42', '2018-03-27 10:50:42'),
('35.17.15.2004', 'Gebangbunder', '2018-03-27 10:50:42', '2018-03-27 10:50:42'),
('35.17.15.2005', 'Jatimlerek', '2018-03-27 10:50:42', '2018-03-27 10:50:42'),
('35.17.15.2006', 'Karangmojo', '2018-03-27 10:50:42', '2018-03-27 10:50:42'),
('35.17.15.2007', 'Plandaan', '2018-03-27 10:50:42', '2018-03-27 10:50:42'),
('35.17.15.2008', 'Bangsri', '2018-03-27 10:50:42', '2018-03-27 10:50:42'),
('35.17.15.2009', 'Purisemanding', '2018-03-27 10:50:42', '2018-03-27 10:50:42'),
('35.17.15.2010', 'Tondowulan', '2018-03-27 10:50:42', '2018-03-27 10:50:42'),
('35.17.15.2011', 'Darurejo', '2018-03-27 10:50:42', '2018-03-27 10:50:42'),
('35.17.15.2012', 'Sumberjo', '2018-03-27 10:50:42', '2018-03-27 10:50:42'),
('35.17.15.2013', 'Jiporapah', '2018-03-27 10:50:42', '2018-03-27 10:50:42'),
('35.17.16', 'Kabuh', '2018-03-27 10:50:42', '2018-03-27 10:50:42'),
('35.17.16.2001', 'Marmoyo', '2018-03-27 10:50:42', '2018-03-27 10:50:42'),
('35.17.16.2002', 'Tanjungwadung', '2018-03-27 10:50:42', '2018-03-27 10:50:42'),
('35.17.16.2003', 'Mangunan', '2018-03-27 10:50:42', '2018-03-27 10:50:42'),
('35.17.16.2004', 'Kabuh', '2018-03-27 10:50:42', '2018-03-27 10:50:42'),
('35.17.16.2005', 'Kedungjati', '2018-03-27 10:50:42', '2018-03-27 10:50:42'),
('35.17.16.2006', 'Banjardowo', '2018-03-27 10:50:42', '2018-03-27 10:50:42'),
('35.17.16.2007', 'Karangpakis', '2018-03-27 10:50:42', '2018-03-27 10:50:42'),
('35.17.16.2008', 'Sumberingin', '2018-03-27 10:50:42', '2018-03-27 10:50:42'),
('35.17.16.2009', 'Sumbergondang', '2018-03-27 10:50:42', '2018-03-27 10:50:42'),
('35.17.16.2010', 'Kauman', '2018-03-27 10:50:42', '2018-03-27 10:50:42'),
('35.17.16.2011', 'Munungkerep', '2018-03-27 10:50:42', '2018-03-27 10:50:42'),
('35.17.16.2012', 'Genenganjasem', '2018-03-27 10:50:42', '2018-03-27 10:50:42'),
('35.17.16.2013', 'Manduro', '2018-03-27 10:50:42', '2018-03-27 10:50:42'),
('35.17.16.2014', 'Sukodadi', '2018-03-27 10:50:42', '2018-03-27 10:50:42'),
('35.17.16.2015', 'Pengampon', '2018-03-27 10:50:42', '2018-03-27 10:50:42'),
('35.17.16.2016', 'Sumberaji', '2018-03-27 10:50:42', '2018-03-27 10:50:42'),
('35.17.17', 'Kudu', '2018-03-27 10:50:42', '2018-03-27 10:50:42'),
('35.17.17.2001', 'Sidokaton', '2018-03-27 10:50:42', '2018-03-27 10:50:42'),
('35.17.17.2002', 'Tapen', '2018-03-27 10:50:42', '2018-03-27 10:50:42'),
('35.17.17.2003', 'Bakalanrayung', '2018-03-27 10:50:42', '2018-03-27 10:50:42'),
('35.17.17.2004', 'Randuwatang', '2018-03-27 10:50:42', '2018-03-27 10:50:42'),
('35.17.17.2005', 'Sumberteguh', '2018-03-27 10:50:42', '2018-03-27 10:50:42'),
('35.17.17.2006', 'Menturus', '2018-03-27 10:50:42', '2018-03-27 10:50:42'),
('35.17.17.2007', 'Kudubanjar', '2018-03-27 10:50:42', '2018-03-27 10:50:42'),
('35.17.17.2008', 'Made', '2018-03-27 10:50:42', '2018-03-27 10:50:42'),
('35.17.17.2009', 'Kepuhrejo', '2018-03-27 10:50:42', '2018-03-27 10:50:42'),
('35.17.17.2010', 'Bendungan', '2018-03-27 10:50:42', '2018-03-27 10:50:42'),
('35.17.17.2011', 'Katemas', '2018-03-27 10:50:42', '2018-03-27 10:50:42'),
('35.17.18', 'Bandarkedungmulyo', '2018-03-27 10:50:42', '2018-03-27 10:50:42'),
('35.17.18.2001', 'Bandarkedungmulyo', '2018-03-27 10:50:42', '2018-03-27 10:50:42'),
('35.17.18.2002', 'Mojokambang', '2018-03-27 10:50:42', '2018-03-27 10:50:42'),
('35.17.18.2003', 'Barongsawahan', '2018-03-27 10:50:42', '2018-03-27 10:50:42'),
('35.17.18.2004', 'Kayen', '2018-03-27 10:50:42', '2018-03-27 10:50:42'),
('35.17.18.2005', 'Gondangmanis', '2018-03-27 10:50:42', '2018-03-27 10:50:42'),
('35.17.18.2006', 'Brodot', '2018-03-27 10:50:42', '2018-03-27 10:50:42'),
('35.17.18.2007', 'Pucangsimo', '2018-03-27 10:50:42', '2018-03-27 10:50:42'),
('35.17.18.2008', 'Banjarsari', '2018-03-27 10:50:42', '2018-03-27 10:50:42'),
('35.17.18.2009', 'Brangkal', '2018-03-27 10:50:42', '2018-03-27 10:50:42'),
('35.17.18.2010', 'Karangdagangan', '2018-03-27 10:50:42', '2018-03-27 10:50:42'),
('35.17.18.2011', 'Tinggar', '2018-03-27 10:50:42', '2018-03-27 10:50:42'),
('35.17.19', 'Jogoroto', '2018-03-27 10:50:42', '2018-03-27 10:50:42'),
('35.17.19.2001', 'Jogoroto', '2018-03-27 10:50:42', '2018-03-27 10:50:42'),
('35.17.19.2002', 'Jarakkulon', '2018-03-27 10:50:42', '2018-03-27 10:50:42'),
('35.17.19.2003', 'Alang-alangcaruban', '2018-03-27 10:50:42', '2018-03-27 10:50:42'),
('35.17.19.2004', 'Sukosari', '2018-03-27 10:50:42', '2018-03-27 10:50:42'),
('35.17.19.2005', 'Sawiji', '2018-03-27 10:50:42', '2018-03-27 10:50:42'),
('35.17.19.2006', 'Mayangan', '2018-03-27 10:50:42', '2018-03-27 10:50:42'),
('35.17.19.2007', 'Sumbermulyo', '2018-03-27 10:50:42', '2018-03-27 10:50:42'),
('35.17.19.2008', 'Ngumpul', '2018-03-27 10:50:42', '2018-03-27 10:50:42'),
('35.17.19.2009', 'Tambar', '2018-03-27 10:50:42', '2018-03-27 10:50:42'),
('35.17.19.2010', 'Janti', '2018-03-27 10:50:42', '2018-03-27 10:50:42'),
('35.17.19.2011', 'Sambirejo', '2018-03-27 10:50:42', '2018-03-27 10:50:42'),
('35.17.20', 'Megaluh', '2018-03-27 10:50:42', '2018-03-27 10:50:42'),
('35.17.20.2001', 'Turipinggir', '2018-03-27 10:50:42', '2018-03-27 10:50:42'),
('35.17.20.2002', 'Gongseng', '2018-03-27 10:50:42', '2018-03-27 10:50:42'),
('35.17.20.2003', 'Megaluh', '2018-03-27 10:50:42', '2018-03-27 10:50:42'),
('35.17.20.2004', 'Sudimoro', '2018-03-27 10:50:42', '2018-03-27 10:50:42'),
('35.17.20.2005', 'Balongsari', '2018-03-27 10:50:42', '2018-03-27 10:50:42'),
('35.17.20.2006', 'Sumbersari', '2018-03-27 10:50:42', '2018-03-27 10:50:42'),
('35.17.20.2007', 'Ngogri', '2018-03-27 10:50:42', '2018-03-27 10:50:42'),
('35.17.20.2008', 'Sidomulyo', '2018-03-27 10:50:42', '2018-03-27 10:50:42'),
('35.17.20.2009', 'Balonggemek', '2018-03-27 10:50:42', '2018-03-27 10:50:42'),
('35.17.20.2010', 'Dukuharum', '2018-03-27 10:50:42', '2018-03-27 10:50:42'),
('35.17.20.2011', 'Sumberagung', '2018-03-27 10:50:42', '2018-03-27 10:50:42'),
('35.17.20.2012', 'Pacarpeluk', '2018-03-27 10:50:42', '2018-03-27 10:50:42'),
('35.17.20.2013', 'Kedungrejo', '2018-03-27 10:50:42', '2018-03-27 10:50:42'),
('35.17.21', 'Ngusikan', '2018-03-27 10:50:42', '2018-03-27 10:50:42'),
('35.17.21.2001', 'Ketapangkuning', '2018-03-27 10:50:42', '2018-03-27 10:50:42'),
('35.17.21.2002', 'Keboan', '2018-03-27 10:50:42', '2018-03-27 10:50:42'),
('35.17.21.2003', 'Kedungbogo', '2018-03-27 10:50:42', '2018-03-27 10:50:42'),
('35.17.21.2004', 'Ngusikan', '2018-03-27 10:50:42', '2018-03-27 10:50:42'),
('35.17.21.2005', 'Sumbernongko', '2018-03-27 10:50:42', '2018-03-27 10:50:42'),
('35.17.21.2006', 'Cupak', '2018-03-27 10:50:42', '2018-03-27 10:50:42'),
('35.17.21.2007', 'Manunggal', '2018-03-27 10:50:42', '2018-03-27 10:50:42'),
('35.17.21.2008', 'Ngampel', '2018-03-27 10:50:42', '2018-03-27 10:50:42'),
('35.17.21.2009', 'Mojodanu', '2018-03-27 10:50:42', '2018-03-27 10:50:42'),
('35.17.21.2010', 'Kromong', '2018-03-27 10:50:42', '2018-03-27 10:50:42'),
('35.17.21.2011', 'Asemgede', '2018-03-27 10:50:42', '2018-03-27 10:50:42'),
('35.18', 'KAB. NGANJUK', '2018-03-27 10:50:42', '2018-03-27 10:50:42'),
('35.18.01', 'Sawahan', '2018-03-27 10:50:42', '2018-03-27 10:50:42'),
('35.18.01.2001', 'Bendolo', '2018-03-27 10:50:42', '2018-03-27 10:50:42'),
('35.18.01.2002', 'Sawahan', '2018-03-27 10:50:42', '2018-03-27 10:50:42'),
('35.18.01.2003', 'Ngliman', '2018-03-27 10:50:42', '2018-03-27 10:50:42'),
('35.18.01.2004', 'Bareng', '2018-03-27 10:50:42', '2018-03-27 10:50:42'),
('35.18.01.2005', 'Sidorejo', '2018-03-27 10:50:42', '2018-03-27 10:50:42'),
('35.18.01.2006', 'Duren', '2018-03-27 10:50:42', '2018-03-27 10:50:42'),
('35.18.01.2007', 'Siwalan', '2018-03-27 10:50:42', '2018-03-27 10:50:42'),
('35.18.01.2008', 'Margopatut', '2018-03-27 10:50:42', '2018-03-27 10:50:42'),
('35.18.01.2009', 'Kebonagung', '2018-03-27 10:50:42', '2018-03-27 10:50:42'),
('35.18.02', 'Ngetos', '2018-03-27 10:50:42', '2018-03-27 10:50:42'),
('35.18.02.2001', 'Kuncir', '2018-03-27 10:50:42', '2018-03-27 10:50:42'),
('35.18.02.2002', 'Kepel', '2018-03-27 10:50:42', '2018-03-27 10:50:42'),
('35.18.02.2003', 'Suru', '2018-03-27 10:50:42', '2018-03-27 10:50:42'),
('35.18.02.2004', 'Ngetos', '2018-03-27 10:50:42', '2018-03-27 10:50:42'),
('35.18.02.2005', 'Klodan', '2018-03-27 10:50:42', '2018-03-27 10:50:42'),
('35.18.02.2006', 'Mojoduwur', '2018-03-27 10:50:42', '2018-03-27 10:50:42'),
('35.18.02.2007', 'Kweden', '2018-03-27 10:50:42', '2018-03-27 10:50:42'),
('35.18.02.2008', 'Blongko', '2018-03-27 10:50:42', '2018-03-27 10:50:42'),
('35.18.02.2009', 'Oro-oro Ombo', '2018-03-27 10:50:42', '2018-03-27 10:50:42'),
('35.18.03', 'Berbek', '2018-03-27 10:50:42', '2018-03-27 10:50:42'),
('35.18.03.2001', 'Salamrojo', '2018-03-27 10:50:42', '2018-03-27 10:50:42'),
('35.18.03.2002', 'Cepoko', '2018-03-27 10:50:42', '2018-03-27 10:50:42'),
('35.18.03.2003', 'Maguan', '2018-03-27 10:50:42', '2018-03-27 10:50:42'),
('35.18.03.2004', 'Semare', '2018-03-27 10:50:42', '2018-03-27 10:50:42'),
('35.18.03.2005', 'Berbek', '2018-03-27 10:50:42', '2018-03-27 10:50:42'),
('35.18.03.2006', 'Mlilir', '2018-03-27 10:50:42', '2018-03-27 10:50:42'),
('35.18.03.2007', 'Bendungrejo', '2018-03-27 10:50:42', '2018-03-27 10:50:42'),
('35.18.03.2008', 'Sengkut', '2018-03-27 10:50:42', '2018-03-27 10:50:42'),
('35.18.03.2009', 'Ngrawan', '2018-03-27 10:50:42', '2018-03-27 10:50:42'),
('35.18.03.2010', 'Sumberwindu', '2018-03-27 10:50:42', '2018-03-27 10:50:42'),
('35.18.03.2011', 'Kacangan', '2018-03-27 10:50:42', '2018-03-27 10:50:42'),
('35.18.03.2012', 'Sendangbumen', '2018-03-27 10:50:42', '2018-03-27 10:50:42'),
('35.18.03.2013', 'Patranrejo', '2018-03-27 10:50:42', '2018-03-27 10:50:42'),
('35.18.03.2014', 'Sumberurip', '2018-03-27 10:50:42', '2018-03-27 10:50:42'),
('35.18.03.2015', 'Bulu', '2018-03-27 10:50:42', '2018-03-27 10:50:42'),
('35.18.03.2016', 'Grojogan', '2018-03-27 10:50:42', '2018-03-27 10:50:42'),
('35.18.03.2017', 'Tiripan', '2018-03-27 10:50:42', '2018-03-27 10:50:42'),
('35.18.03.2018', 'Balongrejo', '2018-03-27 10:50:42', '2018-03-27 10:50:42'),
('35.18.03.2019', 'Sonopatik', '2018-03-27 10:50:42', '2018-03-27 10:50:42'),
('35.18.04', 'Loceret', '2018-03-27 10:50:42', '2018-03-27 10:50:42'),
('35.18.04.2001', 'Tanjungrejo', '2018-03-27 10:50:42', '2018-03-27 10:50:42'),
('35.18.04.2002', 'Sombron', '2018-03-27 10:50:42', '2018-03-27 10:50:42'),
('35.18.04.2003', 'Genjeng', '2018-03-27 10:50:42', '2018-03-27 10:50:42'),
('35.18.04.2004', 'Karangsono', '2018-03-27 10:50:42', '2018-03-27 10:50:42'),
('35.18.04.2005', 'Ngepeh', '2018-03-27 10:50:42', '2018-03-27 10:50:42'),
('35.18.04.2006', 'Godean', '2018-03-27 10:50:42', '2018-03-27 10:50:42'),
('35.18.04.2007', 'Patihan', '2018-03-27 10:50:42', '2018-03-27 10:50:42'),
('35.18.04.2008', 'Mungkung', '2018-03-27 10:50:42', '2018-03-27 10:50:42'),
('35.18.04.2009', 'Sekaran', '2018-03-27 10:50:42', '2018-03-27 10:50:42'),
('35.18.04.2010', 'Loceret', '2018-03-27 10:50:42', '2018-03-27 10:50:42'),
('35.18.04.2011', 'Jatirejo', '2018-03-27 10:50:42', '2018-03-27 10:50:42'),
('35.18.04.2012', 'Tempel Wetan', '2018-03-27 10:50:42', '2018-03-27 10:50:42'),
('35.18.04.2013', 'Tekenglagahan', '2018-03-27 10:50:42', '2018-03-27 10:50:42'),
('35.18.04.2014', 'Gejagan', '2018-03-27 10:50:42', '2018-03-27 10:50:42'),
('35.18.04.2015', 'Candirejo', '2018-03-27 10:50:42', '2018-03-27 10:50:42'),
('35.18.04.2016', 'Sukorejo', '2018-03-27 10:50:42', '2018-03-27 10:50:42'),
('35.18.04.2017', 'Kwagean', '2018-03-27 10:50:42', '2018-03-27 10:50:42'),
('35.18.04.2018', 'Kenep', '2018-03-27 10:50:42', '2018-03-27 10:50:42'),
('35.18.04.2019', 'Putukrejo', '2018-03-27 10:50:42', '2018-03-27 10:50:42'),
('35.18.04.2020', 'Nglaban', '2018-03-27 10:50:42', '2018-03-27 10:50:42'),
('35.18.04.2021', 'Macanan', '2018-03-27 10:50:42', '2018-03-27 10:50:42'),
('35.18.04.2022', 'Bajulan', '2018-03-27 10:50:42', '2018-03-27 10:50:42'),
('35.18.05', 'Pace', '2018-03-27 10:50:42', '2018-03-27 10:50:42'),
('35.18.05.2001', 'Jampes', '2018-03-27 10:50:42', '2018-03-27 10:50:42'),
('35.18.05.2002', 'Mlandangan', '2018-03-27 10:50:42', '2018-03-27 10:50:42'),
('35.18.05.2003', 'Gondang', '2018-03-27 10:50:42', '2018-03-27 10:50:42'),
('35.18.05.2004', 'Jatigreges', '2018-03-27 10:50:42', '2018-03-27 10:50:42'),
('35.18.05.2005', 'Joho', '2018-03-27 10:50:42', '2018-03-27 10:50:42'),
('35.18.05.2006', 'Sanan', '2018-03-27 10:50:42', '2018-03-27 10:50:42'),
('35.18.05.2007', 'Pacekulon', '2018-03-27 10:50:42', '2018-03-27 10:50:42'),
('35.18.05.2008', 'Cerme', '2018-03-27 10:50:42', '2018-03-27 10:50:42'),
('35.18.05.2009', 'Babadan', '2018-03-27 10:50:42', '2018-03-27 10:50:42'),
('35.18.05.2010', 'Batembat', '2018-03-27 10:50:42', '2018-03-27 10:50:42'),
('35.18.05.2011', 'Banaran', '2018-03-27 10:50:42', '2018-03-27 10:50:42'),
('35.18.05.2012', 'Bodor', '2018-03-27 10:50:42', '2018-03-27 10:50:42'),
('35.18.05.2013', 'Pace Wetan', '2018-03-27 10:50:42', '2018-03-27 10:50:42'),
('35.18.05.2014', 'Jetis', '2018-03-27 10:50:42', '2018-03-27 10:50:42'),
('35.18.05.2015', 'Gemenggeng', '2018-03-27 10:50:42', '2018-03-27 10:50:42'),
('35.18.05.2016', 'Kecubung', '2018-03-27 10:50:42', '2018-03-27 10:50:42'),
('35.18.05.2017', 'Plosoharjo', '2018-03-27 10:50:42', '2018-03-27 10:50:42'),
('35.18.05.2018', 'Kepanjen', '2018-03-27 10:50:42', '2018-03-27 10:50:42'),
('35.18.06', 'Prambon', '2018-03-27 10:50:42', '2018-03-27 10:50:42'),
('35.18.06.2001', 'Gondanglegi', '2018-03-27 10:50:42', '2018-03-27 10:50:42'),
('35.18.06.2002', 'Singkalanyar', '2018-03-27 10:50:42', '2018-03-27 10:50:42'),
('35.18.06.2003', 'Mojoagung', '2018-03-27 10:50:42', '2018-03-27 10:50:42'),
('35.18.06.2004', 'Bandung', '2018-03-27 10:50:42', '2018-03-27 10:50:42'),
('35.18.06.2005', 'Nglawak', '2018-03-27 10:50:42', '2018-03-27 10:50:42'),
('35.18.06.2006', 'Baleturi', '2018-03-27 10:50:42', '2018-03-27 10:50:42'),
('35.18.06.2007', 'Tegaron', '2018-03-27 10:50:42', '2018-03-27 10:50:42'),
('35.18.06.2008', 'Tanjungtani', '2018-03-27 10:50:42', '2018-03-27 10:50:42'),
('35.18.06.2009', 'Sanggrahan', '2018-03-27 10:50:42', '2018-03-27 10:50:42'),
('35.18.06.2010', 'Rowoharjo', '2018-03-27 10:50:42', '2018-03-27 10:50:42'),
('35.18.06.2011', 'Sugihwaras', '2018-03-27 10:50:42', '2018-03-27 10:50:42'),
('35.18.06.2012', 'Watudandang', '2018-03-27 10:50:42', '2018-03-27 10:50:42'),
('35.18.06.2013', 'Sono Ageng', '2018-03-27 10:50:42', '2018-03-27 10:50:42'),
('35.18.06.2014', 'Kurungrejo', '2018-03-27 10:50:42', '2018-03-27 10:50:42'),
('35.18.07', 'Ngronggot', '2018-03-27 10:50:42', '2018-03-27 10:50:42'),
('35.18.07.2001', 'Cengkok', '2018-03-27 10:50:42', '2018-03-27 10:50:42'),
('35.18.07.2002', 'Tanjungkalang', '2018-03-27 10:50:42', '2018-03-27 10:50:42'),
('35.18.07.2003', 'Juwet', '2018-03-27 10:50:42', '2018-03-27 10:50:42'),
('35.18.07.2004', 'Kelutan', '2018-03-27 10:50:42', '2018-03-27 10:50:42'),
('35.18.07.2005', 'Ngronggot', '2018-03-27 10:50:42', '2018-03-27 10:50:42'),
('35.18.07.2006', 'Mojokendil', '2018-03-27 10:50:42', '2018-03-27 10:50:42'),
('35.18.07.2007', 'Betet', '2018-03-27 10:50:42', '2018-03-27 10:50:42'),
('35.18.07.2008', 'Kaloran', '2018-03-27 10:50:42', '2018-03-27 10:50:42'),
('35.18.07.2009', 'Banjarsari', '2018-03-27 10:50:42', '2018-03-27 10:50:42'),
('35.18.07.2010', 'Dadapan', '2018-03-27 10:50:42', '2018-03-27 10:50:42'),
('35.18.07.2011', 'Trayang', '2018-03-27 10:50:42', '2018-03-27 10:50:42'),
('35.18.07.2012', 'Kalianyar', '2018-03-27 10:50:42', '2018-03-27 10:50:42'),
('35.18.07.2013', 'Klurahan', '2018-03-27 10:50:42', '2018-03-27 10:50:42'),
('35.18.08', 'Kertosono', '2018-03-27 10:50:42', '2018-03-27 10:50:42'),
('35.18.08.2001', 'Drenges', '2018-03-27 10:50:42', '2018-03-27 10:50:42'),
('35.18.08.2002', 'Yuwono', '2018-03-27 10:50:42', '2018-03-27 10:50:42'),
('35.18.08.2003', 'Bangsri', '2018-03-27 10:50:42', '2018-03-27 10:50:42'),
('35.18.08.2004', 'Kalianyar', '2018-03-27 10:50:42', '2018-03-27 10:50:42'),
('35.18.08.2005', 'Tanjung', '2018-03-27 10:50:42', '2018-03-27 10:50:42'),
('35.18.08.2006', 'Nglawak', '2018-03-27 10:50:42', '2018-03-27 10:50:42'),
('35.18.08.2007', 'Kepuh', '2018-03-27 10:50:42', '2018-03-27 10:50:42'),
('35.18.08.2008', 'Tembarak', '2018-03-27 10:50:42', '2018-03-27 10:50:42'),
('35.18.08.2009', 'Pelem', '2018-03-27 10:50:42', '2018-03-27 10:50:42'),
('35.18.08.2010', 'Kutorejo', '2018-03-27 10:50:42', '2018-03-27 10:50:42'),
('35.18.08.1011', 'Banaran', '2018-03-27 10:50:42', '2018-03-27 10:50:42'),
('35.18.08.2012', 'Lambangkuning', '2018-03-27 10:50:42', '2018-03-27 10:50:42'),
('35.18.08.2013', 'Pandantoyo', '2018-03-27 10:50:42', '2018-03-27 10:50:42'),
('35.18.08.2014', 'Kudu', '2018-03-27 10:50:42', '2018-03-27 10:50:42'),
('35.18.09', 'Patianrowo', '2018-03-27 10:50:42', '2018-03-27 10:50:42'),
('35.18.09.2001', 'Bukur', '2018-03-27 10:50:42', '2018-03-27 10:50:42'),
('35.18.09.2002', 'Babadan', '2018-03-27 10:50:42', '2018-03-27 10:50:42'),
('35.18.09.2003', 'Ngepung', '2018-03-27 10:50:42', '2018-03-27 10:50:42'),
('35.18.09.2004', 'Pisang', '2018-03-27 10:50:42', '2018-03-27 10:50:42'),
('35.18.09.2005', 'Lestari', '2018-03-27 10:50:42', '2018-03-27 10:50:42'),
('35.18.09.2006', 'Pecuk', '2018-03-27 10:50:42', '2018-03-27 10:50:42'),
('35.18.09.2007', 'Patianrowo', '2018-03-27 10:50:42', '2018-03-27 10:50:42'),
('35.18.09.2008', 'Pakuncen', '2018-03-27 10:50:42', '2018-03-27 10:50:42'),
('35.18.09.2009', 'Rowomarto', '2018-03-27 10:50:42', '2018-03-27 10:50:42'),
('35.18.09.2010', 'Ngrombot', '2018-03-27 10:50:42', '2018-03-27 10:50:42'),
('35.18.09.2011', 'Tirtobinangun', '2018-03-27 10:50:42', '2018-03-27 10:50:42'),
('35.18.10', 'Baron', '2018-03-27 10:50:42', '2018-03-27 10:50:42'),
('35.18.10.2001', 'Sambiroto', '2018-03-27 10:50:42', '2018-03-27 10:50:42'),
('35.18.10.2002', 'Gebangkerep', '2018-03-27 10:50:42', '2018-03-27 10:50:42'),
('35.18.10.2003', 'Baron', '2018-03-27 10:50:42', '2018-03-27 10:50:42'),
('35.18.10.2004', 'Waung', '2018-03-27 10:50:42', '2018-03-27 10:50:42'),
('35.18.10.2005', 'Kemlokolegi', '2018-03-27 10:50:42', '2018-03-27 10:50:42'),
('35.18.10.2006', 'Kemaduh', '2018-03-27 10:50:42', '2018-03-27 10:50:42'),
('35.18.10.2007', 'Garu', '2018-03-27 10:50:42', '2018-03-27 10:50:42'),
('35.18.10.2008', 'Jekek', '2018-03-27 10:50:42', '2018-03-27 10:50:42'),
('35.18.10.2009', 'Katerban', '2018-03-27 10:50:42', '2018-03-27 10:50:42'),
('35.18.10.2010', 'Mabung', '2018-03-27 10:50:42', '2018-03-27 10:50:42'),
('35.18.10.2011', 'Jambi', '2018-03-27 10:50:42', '2018-03-27 10:50:42'),
('35.18.11', 'Tanjunganom', '2018-03-27 10:50:42', '2018-03-27 10:50:42'),
('35.18.11.2001', 'Kedungombo', '2018-03-27 10:50:42', '2018-03-27 10:50:42'),
('35.18.11.2002', 'Sumberkepuh', '2018-03-27 10:50:42', '2018-03-27 10:50:42'),
('35.18.11.2003', 'Wates', '2018-03-27 10:50:42', '2018-03-27 10:50:42'),
('35.18.11.2004', 'Malangsari', '2018-03-27 10:50:42', '2018-03-27 10:50:42'),
('35.18.11.2005', 'Getas', '2018-03-27 10:50:42', '2018-03-27 10:50:42'),
('35.18.11.2006', 'Sonobekel', '2018-03-27 10:50:42', '2018-03-27 10:50:42'),
('35.18.11.2007', 'Ngadirejo', '2018-03-27 10:50:42', '2018-03-27 10:50:42'),
('35.18.11.2008', 'Banjaranyar', '2018-03-27 10:50:42', '2018-03-27 10:50:42'),
('35.18.11.2009', 'Sidoharjo', '2018-03-27 10:50:42', '2018-03-27 10:50:42'),
('35.18.11.2010', 'Kampungbaru', '2018-03-27 10:50:42', '2018-03-27 10:50:42'),
('35.18.11.1011', 'Tanjunganom', '2018-03-27 10:50:42', '2018-03-27 10:50:42'),
('35.18.11.2012', 'Jogomerto', '2018-03-27 10:50:42', '2018-03-27 10:50:42'),
('35.18.11.1013', 'Warujayeng', '2018-03-27 10:50:42', '2018-03-27 10:50:42'),
('35.18.11.2014', 'Kedungrejo', '2018-03-27 10:50:42', '2018-03-27 10:50:42'),
('35.18.11.2015', 'Sambirejo', '2018-03-27 10:50:42', '2018-03-27 10:50:42'),
('35.18.11.2016', 'Demangan', '2018-03-27 10:50:42', '2018-03-27 10:50:42'),
('35.18.12', 'Sukomoro', '2018-03-27 10:50:42', '2018-03-27 10:50:42'),
('35.18.12.2001', 'Sumengko', '2018-03-27 10:50:42', '2018-03-27 10:50:42'),
('35.18.12.1002', 'Kapas', '2018-03-27 10:50:42', '2018-03-27 10:50:42'),
('35.18.12.2003', 'Blitaran', '2018-03-27 10:50:42', '2018-03-27 10:50:42'),
('35.18.12.2004', 'Kedungsoko', '2018-03-27 10:50:42', '2018-03-27 10:50:42'),
('35.18.12.2005', 'Ngludo', '2018-03-27 10:50:42', '2018-03-27 10:50:42'),
('35.18.12.2006', 'Bungur', '2018-03-27 10:50:42', '2018-03-27 10:50:42'),
('35.18.12.1007', 'Sokomoro', '2018-03-27 10:50:42', '2018-03-27 10:50:42'),
('35.18.12.2008', 'Pehserut', '2018-03-27 10:50:42', '2018-03-27 10:50:42'),
('35.18.12.2009', 'Ngrami', '2018-03-27 10:50:42', '2018-03-27 10:50:42'),
('35.18.12.2010', 'Bagor Wetan', '2018-03-27 10:50:42', '2018-03-27 10:50:42'),
('35.18.12.2011', 'Putren', '2018-03-27 10:50:42', '2018-03-27 10:50:42'),
('35.18.12.2012', 'Ngrengket', '2018-03-27 10:50:42', '2018-03-27 10:50:42'),
('35.18.13', 'Nganjuk', '2018-03-27 10:50:42', '2018-03-27 10:50:42'),
('35.18.13.1001', 'Jatirejo', '2018-03-27 10:50:42', '2018-03-27 10:50:42'),
('35.18.13.1002', 'Ploso', '2018-03-27 10:50:42', '2018-03-27 10:50:42'),
('35.18.13.1003', 'Payaman', '2018-03-27 10:50:42', '2018-03-27 10:50:42'),
('35.18.13.1004', 'Kramat', '2018-03-27 10:50:42', '2018-03-27 10:50:42'),
('35.18.13.1005', 'Ganung Kidul', '2018-03-27 10:50:42', '2018-03-27 10:50:42'),
('35.18.13.1006', 'Werungotok', '2018-03-27 10:50:42', '2018-03-27 10:50:42'),
('35.18.13.1007', 'Mangundikaran', '2018-03-27 10:50:42', '2018-03-27 10:50:42'),
('35.18.13.1008', 'Kauman', '2018-03-27 10:50:42', '2018-03-27 10:50:42'),
('35.18.13.1009', 'Kartoharjo', '2018-03-27 10:50:42', '2018-03-27 10:50:42'),
('35.18.13.1010', 'Cangkriman', '2018-03-27 10:50:42', '2018-03-27 10:50:42'),
('35.18.13.1011', 'Bogo', '2018-03-27 10:50:42', '2018-03-27 10:50:42'),
('35.18.13.1012', 'Ringinanom', '2018-03-27 10:50:42', '2018-03-27 10:50:42'),
('35.18.13.1013', 'Begadung', '2018-03-27 10:50:42', '2018-03-27 10:50:42'),
('35.18.13.2014', 'Kedungdowo', '2018-03-27 10:50:42', '2018-03-27 10:50:42'),
('35.18.13.2015', 'Balongpacul', '2018-03-27 10:50:42', '2018-03-27 10:50:42'),
('35.18.14', 'Bagor', '2018-03-27 10:50:42', '2018-03-27 10:50:42'),
('35.18.14.2001', 'Balongrejo', '2018-03-27 10:50:42', '2018-03-27 10:50:42'),
('35.18.14.2002', 'Girirejo', '2018-03-27 10:50:42', '2018-03-27 10:50:42'),
('35.18.14.2003', 'Pesudukuh', '2018-03-27 10:50:42', '2018-03-27 10:50:42'),
('35.18.14.2004', 'Sekarputih', '2018-03-27 10:50:42', '2018-03-27 10:50:42'),
('35.18.14.2005', 'Buduran', '2018-03-27 10:50:42', '2018-03-27 10:50:42'),
('35.18.14.2006', 'Ngumpul', '2018-03-27 10:50:42', '2018-03-27 10:50:42'),
('35.18.14.2007', 'Bagor Kulon', '2018-03-27 10:50:42', '2018-03-27 10:50:42'),
('35.18.14.2008', 'Petak', '2018-03-27 10:50:42', '2018-03-27 10:50:42'),
('35.18.14.2009', 'Paron', '2018-03-27 10:50:42', '2018-03-27 10:50:42'),
('35.18.14.2010', 'Karang Tengah', '2018-03-27 10:50:42', '2018-03-27 10:50:42'),
('35.18.14.2011', 'Selorejo', '2018-03-27 10:50:42', '2018-03-27 10:50:42'),
('35.18.14.2012', 'Gandu', '2018-03-27 10:50:42', '2018-03-27 10:50:42'),
('35.18.14.2013', 'Kerepkidul', '2018-03-27 10:50:42', '2018-03-27 10:50:42'),
('35.18.14.1014', 'Guyangan', '2018-03-27 10:50:42', '2018-03-27 10:50:42'),
('35.18.14.1015', 'Kedondong', '2018-03-27 10:50:42', '2018-03-27 10:50:42'),
('35.18.14.2016', 'Kutorejo', '2018-03-27 10:50:42', '2018-03-27 10:50:42'),
('35.18.14.2017', 'Sugihwaras', '2018-03-27 10:50:42', '2018-03-27 10:50:42'),
('35.18.14.2018', 'Gemenggeng', '2018-03-27 10:50:42', '2018-03-27 10:50:42'),
('35.18.14.2019', 'Kendalrejo', '2018-03-27 10:50:42', '2018-03-27 10:50:42'),
('35.18.14.2020', 'Banaran Kulon', '2018-03-27 10:50:42', '2018-03-27 10:50:42'),
('35.18.14.2021', 'Banaran Wetan', '2018-03-27 10:50:42', '2018-03-27 10:50:42'),
('35.18.15', 'Wilangan', '2018-03-27 10:50:42', '2018-03-27 10:50:42'),
('35.18.15.2001', 'Sudimoroharjo', '2018-03-27 10:50:42', '2018-03-27 10:50:42'),
('35.18.15.2002', 'Wilangan', '2018-03-27 10:50:42', '2018-03-27 10:50:42'),
('35.18.15.2003', 'Ngadipiro', '2018-03-27 10:50:42', '2018-03-27 10:50:42'),
('35.18.15.2004', 'Mancon', '2018-03-27 10:50:42', '2018-03-27 10:50:42'),
('35.18.15.2005', 'Ngudikan', '2018-03-27 10:50:42', '2018-03-27 10:50:42'),
('35.18.15.2006', 'Sokoharjo', '2018-03-27 10:50:42', '2018-03-27 10:50:42'),
('35.18.16', 'Rejoso', '2018-03-27 10:50:42', '2018-03-27 10:50:42'),
('35.18.16.2001', 'Gempol', '2018-03-27 10:50:42', '2018-03-27 10:50:42'),
('35.18.16.2002', 'Mungkung', '2018-03-27 10:50:42', '2018-03-27 10:50:42'),
('35.18.16.2003', 'Setren', '2018-03-27 10:50:42', '2018-03-27 10:50:42'),
('35.18.16.2004', 'Sukorejo', '2018-03-27 10:50:42', '2018-03-27 10:50:42'),
('35.18.16.2005', 'Sidokare', '2018-03-27 10:50:42', '2018-03-27 10:50:42'),
('35.18.16.2006', 'Mojorembun', '2018-03-27 10:50:42', '2018-03-27 10:50:42'),
('35.18.16.2007', 'Ngadiboyo', '2018-03-27 10:50:42', '2018-03-27 10:50:42'),
('35.18.16.2008', 'Rejoso', '2018-03-27 10:50:42', '2018-03-27 10:50:42'),
('35.18.16.2009', 'Klagen', '2018-03-27 10:50:42', '2018-03-27 10:50:42'),
('35.18.16.2010', 'Jatirejo', '2018-03-27 10:50:42', '2018-03-27 10:50:42'),
('35.18.16.2011', 'Mlorah', '2018-03-27 10:50:42', '2018-03-27 10:50:42'),
('35.18.16.2012', 'Puhkerep', '2018-03-27 10:50:42', '2018-03-27 10:50:42'),
('35.18.16.2013', 'Talun', '2018-03-27 10:50:42', '2018-03-27 10:50:42'),
('35.18.16.2014', 'Ngangkatan', '2018-03-27 10:50:42', '2018-03-27 10:50:42'),
('35.18.16.2015', 'Talang', '2018-03-27 10:50:42', '2018-03-27 10:50:42'),
('35.18.16.2016', 'Banjarejo', '2018-03-27 10:50:42', '2018-03-27 10:50:42'),
('35.18.16.2017', 'Sambikerep', '2018-03-27 10:50:42', '2018-03-27 10:50:42'),
('35.18.16.2018', 'Musir Lor', '2018-03-27 10:50:42', '2018-03-27 10:50:42'),
('35.18.16.2019', 'Musir Kidul', '2018-03-27 10:50:42', '2018-03-27 10:50:42'),
('35.18.16.2020', 'Wengkal', '2018-03-27 10:50:42', '2018-03-27 10:50:42'),
('35.18.16.2021', 'Jintel', '2018-03-27 10:50:42', '2018-03-27 10:50:42'),
('35.18.16.2022', 'Kedungpadang', '2018-03-27 10:50:42', '2018-03-27 10:50:42'),
('35.18.16.2023', 'Tritik', '2018-03-27 10:50:42', '2018-03-27 10:50:42'),
('35.18.16.2024', 'Bendoasri', '2018-03-27 10:50:42', '2018-03-27 10:50:42'),
('35.18.17', 'Gondang', '2018-03-27 10:50:42', '2018-03-27 10:50:42'),
('35.18.17.2001', 'Sumberjo', '2018-03-27 10:50:42', '2018-03-27 10:50:42'),
('35.18.17.2002', 'Nglinggo', '2018-03-27 10:50:42', '2018-03-27 10:50:42'),
('35.18.17.2003', 'Mojoseto', '2018-03-27 10:50:42', '2018-03-27 10:50:42'),
('35.18.17.2004', 'Karangsemi', '2018-03-27 10:50:42', '2018-03-27 10:50:42'),
('35.18.17.2005', 'Senjayan', '2018-03-27 10:50:42', '2018-03-27 10:50:42'),
('35.18.17.2006', 'Kedungglugu', '2018-03-27 10:50:42', '2018-03-27 10:50:42'),
('35.18.17.2007', 'Jaan', '2018-03-27 10:50:42', '2018-03-27 10:50:42'),
('35.18.17.2008', 'Sumberagung', '2018-03-27 10:50:42', '2018-03-27 10:50:42'),
('35.18.17.2009', 'Ketawang', '2018-03-27 10:50:42', '2018-03-27 10:50:42'),
('35.18.17.2010', 'Ngunjung', '2018-03-27 10:50:42', '2018-03-27 10:50:42'),
('35.18.17.2011', 'Sanggrahan', '2018-03-27 10:50:42', '2018-03-27 10:50:42'),
('35.18.17.2012', 'Balonggebang', '2018-03-27 10:50:42', '2018-03-27 10:50:42'),
('35.18.17.2013', 'Pandean', '2018-03-27 10:50:42', '2018-03-27 10:50:42'),
('35.18.17.2014', 'Campur', '2018-03-27 10:50:42', '2018-03-27 10:50:42'),
('35.18.17.2015', 'Gondangkulon', '2018-03-27 10:50:42', '2018-03-27 10:50:42'),
('35.18.17.2016', 'Senggowar', '2018-03-27 10:50:42', '2018-03-27 10:50:42'),
('35.18.17.2017', 'Losari', '2018-03-27 10:50:42', '2018-03-27 10:50:42'),
('35.18.18', 'Ngluyu', '2018-03-27 10:50:42', '2018-03-27 10:50:42'),
('35.18.18.2001', 'Sugihwaras', '2018-03-27 10:50:42', '2018-03-27 10:50:42'),
('35.18.18.2002', 'Ngluyu', '2018-03-27 10:50:42', '2018-03-27 10:50:42'),
('35.18.18.2003', 'Tempuran', '2018-03-27 10:50:42', '2018-03-27 10:50:42'),
('35.18.18.2004', 'Lengkong Lor', '2018-03-27 10:50:42', '2018-03-27 10:50:42'),
('35.18.18.2005', 'Gampeng', '2018-03-27 10:50:42', '2018-03-27 10:50:42'),
('35.18.18.2006', 'Bajang', '2018-03-27 10:50:42', '2018-03-27 10:50:42'),
('35.18.19', 'Lengkong', '2018-03-27 10:50:42', '2018-03-27 10:50:42'),
('35.18.19.2001', 'Banjardowo', '2018-03-27 10:50:42', '2018-03-27 10:50:42'),
('35.18.19.2002', 'Lengkong', '2018-03-27 10:50:42', '2018-03-27 10:50:42'),
('35.18.19.2003', 'Jegreg', '2018-03-27 10:50:42', '2018-03-27 10:50:42'),
('35.18.19.2004', 'Kedungmlaten', '2018-03-27 10:50:42', '2018-03-27 10:50:42'),
('35.18.19.2005', 'Prayungan', '2018-03-27 10:50:42', '2018-03-27 10:50:42'),
('35.18.19.2006', 'Sumbersono', '2018-03-27 10:50:42', '2018-03-27 10:50:42'),
('35.18.19.2007', 'Balongasem', '2018-03-27 10:50:42', '2018-03-27 10:50:42'),
('35.18.19.2008', 'Sawahan', '2018-03-27 10:50:42', '2018-03-27 10:50:42'),
('35.18.19.2009', 'Ngringin', '2018-03-27 10:50:42', '2018-03-27 10:50:42'),
('35.18.19.2010', 'Jatipunggur', '2018-03-27 10:50:42', '2018-03-27 10:50:42'),
('35.18.19.2011', 'Ketandan', '2018-03-27 10:50:42', '2018-03-27 10:50:42'),
('35.18.19.2012', 'Sumberkepuh', '2018-03-27 10:50:42', '2018-03-27 10:50:42'),
('35.18.19.2013', 'Ngepung', '2018-03-27 10:50:42', '2018-03-27 10:50:42'),
('35.18.19.2014', 'Pinggir', '2018-03-27 10:50:42', '2018-03-27 10:50:42'),
('35.18.19.2015', 'Bangle', '2018-03-27 10:50:42', '2018-03-27 10:50:42'),
('35.18.19.2016', 'Sumbermiri', '2018-03-27 10:50:42', '2018-03-27 10:50:42'),
('35.18.20', 'Jatikalen', '2018-03-27 10:50:42', '2018-03-27 10:50:42'),
('35.18.20.2001', 'Perning', '2018-03-27 10:50:42', '2018-03-27 10:50:42'),
('35.18.20.2002', 'Ngasem', '2018-03-27 10:50:42', '2018-03-27 10:50:42'),
('35.18.20.2003', 'Gondang Wetan', '2018-03-27 10:50:42', '2018-03-27 10:50:42'),
('35.18.20.2004', 'Jatikalen', '2018-03-27 10:50:42', '2018-03-27 10:50:42'),
('35.18.20.2005', 'Begendeng', '2018-03-27 10:50:42', '2018-03-27 10:50:42'),
('35.18.20.2006', 'Lumpangkuwik', '2018-03-27 10:50:42', '2018-03-27 10:50:42'),
('35.18.20.2007', 'Dawuhan', '2018-03-27 10:50:42', '2018-03-27 10:50:42'),
('35.18.20.2008', 'Munung', '2018-03-27 10:50:42', '2018-03-27 10:50:42'),
('35.18.20.2009', 'Pulowetan', '2018-03-27 10:50:42', '2018-03-27 10:50:42'),
('35.18.20.2010', 'Pule', '2018-03-27 10:50:42', '2018-03-27 10:50:42'),
('35.18.20.2011', 'Dlururejo', '2018-03-27 10:50:42', '2018-03-27 10:50:42'),
('35.19', 'KAB. MADIUN', '2018-03-27 10:50:42', '2018-03-27 10:50:42'),
('35.19.01', 'Kebon Sari', '2018-03-27 10:50:42', '2018-03-27 10:50:42'),
('35.19.01.2001', 'Tambakmas', '2018-03-27 10:50:42', '2018-03-27 10:50:42'),
('35.19.01.2002', 'Tanjungrejo', '2018-03-27 10:50:42', '2018-03-27 10:50:42'),
('35.19.01.2003', 'Sukorejo', '2018-03-27 10:50:42', '2018-03-27 10:50:42'),
('35.19.01.2004', 'Pucanganom', '2018-03-27 10:50:42', '2018-03-27 10:50:42'),
('35.19.01.2005', 'Krandegan', '2018-03-27 10:50:42', '2018-03-27 10:50:42'),
('35.19.01.2006', 'Singgahan', '2018-03-27 10:50:42', '2018-03-27 10:50:42'),
('35.19.01.2007', 'Sidorejo', '2018-03-27 10:50:42', '2018-03-27 10:50:42'),
('35.19.01.2008', 'Palur', '2018-03-27 10:50:42', '2018-03-27 10:50:42'),
('35.19.01.2009', 'Mojorejo', '2018-03-27 10:50:42', '2018-03-27 10:50:42'),
('35.19.01.2010', 'Rejosari', '2018-03-27 10:50:42', '2018-03-27 10:50:42'),
('35.19.01.2011', 'Kebonsari', '2018-03-27 10:50:42', '2018-03-27 10:50:42'),
('35.19.01.2012', 'Balerejo', '2018-03-27 10:50:42', '2018-03-27 10:50:42'),
('35.19.01.2013', 'Kedondong', '2018-03-27 10:50:42', '2018-03-27 10:50:42'),
('35.19.01.2014', 'Bacem', '2018-03-27 10:50:42', '2018-03-27 10:50:42'),
('35.19.02', 'Dolopo', '2018-03-27 10:50:42', '2018-03-27 10:50:42'),
('35.19.02.2001', 'Lembah', '2018-03-27 10:50:42', '2018-03-27 10:50:42'),
('35.19.02.1002', 'Mlilir', '2018-03-27 10:50:42', '2018-03-27 10:50:42'),
('35.19.02.2003', 'Kradinan', '2018-03-27 10:50:42', '2018-03-27 10:50:42'),
('35.19.02.2004', 'Suluk', '2018-03-27 10:50:42', '2018-03-27 10:50:42'),
('35.19.02.2005', 'Blimbing', '2018-03-27 10:50:42', '2018-03-27 10:50:42'),
('35.19.02.2006', 'Bader', '2018-03-27 10:50:42', '2018-03-27 10:50:42'),
('35.19.02.2007', 'Candimulyo', '2018-03-27 10:50:42', '2018-03-27 10:50:42'),
('35.19.02.2008', 'Glonggong', '2018-03-27 10:50:42', '2018-03-27 10:50:42'),
('35.19.02.2009', 'Dolopo', '2018-03-27 10:50:42', '2018-03-27 10:50:42'),
('35.19.02.2010', 'Doho', '2018-03-27 10:50:42', '2018-03-27 10:50:42'),
('35.19.02.2011', 'Ketawang', '2018-03-27 10:50:42', '2018-03-27 10:50:42'),
('35.19.02.1012', 'Bangunsari', '2018-03-27 10:50:42', '2018-03-27 10:50:42'),
('35.19.03', 'Geger', '2018-03-27 10:50:42', '2018-03-27 10:50:42'),
('35.19.03.2001', 'Banaran', '2018-03-27 10:50:42', '2018-03-27 10:50:42'),
('35.19.03.2002', 'Klorogan', '2018-03-27 10:50:42', '2018-03-27 10:50:42'),
('35.19.03.2003', 'Slambur', '2018-03-27 10:50:42', '2018-03-27 10:50:42'),
('35.19.03.2004', 'Geger', '2018-03-27 10:50:42', '2018-03-27 10:50:42'),
('35.19.03.2005', 'Sareng', '2018-03-27 10:50:42', '2018-03-27 10:50:42'),
('35.19.03.2006', 'Purworejo', '2018-03-27 10:50:42', '2018-03-27 10:50:42'),
('35.19.03.2007', 'Sumberejo', '2018-03-27 10:50:42', '2018-03-27 10:50:42'),
('35.19.03.2008', 'Jatisari', '2018-03-27 10:50:42', '2018-03-27 10:50:42'),
('35.19.03.2009', 'Uteran', '2018-03-27 10:50:42', '2018-03-27 10:50:42'),
('35.19.03.2010', 'Pagotan', '2018-03-27 10:50:42', '2018-03-27 10:50:42'),
('35.19.03.2011', 'Sangen', '2018-03-27 10:50:42', '2018-03-27 10:50:42'),
('35.19.03.2012', 'Jogodayuh', '2018-03-27 10:50:42', '2018-03-27 10:50:42'),
('35.19.03.2013', 'Nglandung', '2018-03-27 10:50:42', '2018-03-27 10:50:42'),
('35.19.03.2014', 'Sambirejo', '2018-03-27 10:50:42', '2018-03-27 10:50:42'),
('35.19.03.2015', 'Putat', '2018-03-27 10:50:42', '2018-03-27 10:50:42'),
('35.19.03.2016', 'Kranggan', '2018-03-27 10:50:42', '2018-03-27 10:50:42'),
('35.19.03.2017', 'Kaibon', '2018-03-27 10:50:42', '2018-03-27 10:50:42'),
('35.19.03.2018', 'Kertobanyon', '2018-03-27 10:50:42', '2018-03-27 10:50:42'),
('35.19.03.2019', 'Kertosari', '2018-03-27 10:50:42', '2018-03-27 10:50:42'),
('35.19.04', 'Dagangan', '2018-03-27 10:50:42', '2018-03-27 10:50:42'),
('35.19.04.2001', 'Ketandan', '2018-03-27 10:50:42', '2018-03-27 10:50:42'),
('35.19.04.2002', 'Tileng', '2018-03-27 10:50:42', '2018-03-27 10:50:42'),
('35.19.04.2003', 'Mendak', '2018-03-27 10:50:42', '2018-03-27 10:50:42');
INSERT INTO `tbl_wilayah` (`kode`, `nama`, `dtm_crt`, `dtm_upd`) VALUES
('35.19.04.2004', 'Segulung', '2018-03-27 10:50:42', '2018-03-27 10:50:42'),
('35.19.04.2005', 'Ngranget', '2018-03-27 10:50:42', '2018-03-27 10:50:42'),
('35.19.04.2006', 'Padas', '2018-03-27 10:50:42', '2018-03-27 10:50:42'),
('35.19.04.2007', 'Dagangan', '2018-03-27 10:50:42', '2018-03-27 10:50:42'),
('35.19.04.2008', 'Joho', '2018-03-27 10:50:42', '2018-03-27 10:50:42'),
('35.19.04.2009', 'Kepet', '2018-03-27 10:50:42', '2018-03-27 10:50:42'),
('35.19.04.2010', 'Sewulan', '2018-03-27 10:50:42', '2018-03-27 10:50:42'),
('35.19.04.2011', 'Jetis', '2018-03-27 10:50:42', '2018-03-27 10:50:42'),
('35.19.04.2012', 'Banjarejo', '2018-03-27 10:50:42', '2018-03-27 10:50:42'),
('35.19.04.2013', 'Mruwak', '2018-03-27 10:50:42', '2018-03-27 10:50:42'),
('35.19.04.2014', 'Prambon', '2018-03-27 10:50:42', '2018-03-27 10:50:42'),
('35.19.04.2015', 'Banjarsari Wetan', '2018-03-27 10:50:42', '2018-03-27 10:50:42'),
('35.19.04.2016', 'Banjarsari Kulon', '2018-03-27 10:50:42', '2018-03-27 10:50:42'),
('35.19.04.2017', 'Sukosari', '2018-03-27 10:50:42', '2018-03-27 10:50:42'),
('35.19.05', 'Kare', '2018-03-27 10:50:42', '2018-03-27 10:50:42'),
('35.19.05.2001', 'Kare', '2018-03-27 10:50:42', '2018-03-27 10:50:42'),
('35.19.05.2002', 'Kepel', '2018-03-27 10:50:42', '2018-03-27 10:50:42'),
('35.19.05.2003', 'Bodag', '2018-03-27 10:50:42', '2018-03-27 10:50:42'),
('35.19.05.2004', 'Bolo', '2018-03-27 10:50:42', '2018-03-27 10:50:42'),
('35.19.05.2005', 'Kuwiran', '2018-03-27 10:50:42', '2018-03-27 10:50:42'),
('35.19.05.2006', 'Randualas', '2018-03-27 10:50:42', '2018-03-27 10:50:42'),
('35.19.05.2007', 'Cermo', '2018-03-27 10:50:42', '2018-03-27 10:50:42'),
('35.19.05.2008', 'Morang', '2018-03-27 10:50:42', '2018-03-27 10:50:42'),
('35.19.06', 'Gemarang', '2018-03-27 10:50:42', '2018-03-27 10:50:42'),
('35.19.06.2001', 'Batok', '2018-03-27 10:50:42', '2018-03-27 10:50:42'),
('35.19.06.2002', 'Durenan', '2018-03-27 10:50:42', '2018-03-27 10:50:42'),
('35.19.06.2003', 'Winong', '2018-03-27 10:50:42', '2018-03-27 10:50:42'),
('35.19.06.2004', 'Tawangrejo', '2018-03-27 10:50:42', '2018-03-27 10:50:42'),
('35.19.06.2005', 'Gemarang', '2018-03-27 10:50:42', '2018-03-27 10:50:42'),
('35.19.06.2006', 'Sebayi', '2018-03-27 10:50:42', '2018-03-27 10:50:42'),
('35.19.06.2007', 'Nampu', '2018-03-27 10:50:42', '2018-03-27 10:50:42'),
('35.19.07', 'Wungu', '2018-03-27 10:50:42', '2018-03-27 10:50:42'),
('35.19.07.2001', 'Sidorejo', '2018-03-27 10:50:42', '2018-03-27 10:50:42'),
('35.19.07.2002', 'Mojopurno', '2018-03-27 10:50:42', '2018-03-27 10:50:42'),
('35.19.07.1003', 'Munggut', '2018-03-27 10:50:42', '2018-03-27 10:50:42'),
('35.19.07.2004', 'Karangrejo', '2018-03-27 10:50:42', '2018-03-27 10:50:42'),
('35.19.07.2005', 'Brumbun', '2018-03-27 10:50:42', '2018-03-27 10:50:42'),
('35.19.07.2006', 'Kresek', '2018-03-27 10:50:42', '2018-03-27 10:50:42'),
('35.19.07.2007', 'Mojorayung', '2018-03-27 10:50:42', '2018-03-27 10:50:42'),
('35.19.07.2008', 'Bantengan', '2018-03-27 10:50:42', '2018-03-27 10:50:42'),
('35.19.07.1009', 'Wungu', '2018-03-27 10:50:42', '2018-03-27 10:50:42'),
('35.19.07.2010', 'Pilangrejo', '2018-03-27 10:50:42', '2018-03-27 10:50:42'),
('35.19.07.2011', 'Tempursari', '2018-03-27 10:50:42', '2018-03-27 10:50:42'),
('35.19.07.2012', 'Nglanduk', '2018-03-27 10:50:42', '2018-03-27 10:50:42'),
('35.19.07.2013', 'Nglambangan', '2018-03-27 10:50:42', '2018-03-27 10:50:42'),
('35.19.07.2014', 'Sobrah', '2018-03-27 10:50:42', '2018-03-27 10:50:42'),
('35.19.08', 'Madiun', '2018-03-27 10:50:42', '2018-03-27 10:50:42'),
('35.19.08.1001', 'Nglames', '2018-03-27 10:50:42', '2018-03-27 10:50:42'),
('35.19.08.2002', 'Sendangrejo', '2018-03-27 10:50:42', '2018-03-27 10:50:42'),
('35.19.08.2003', 'Dempelan', '2018-03-27 10:50:42', '2018-03-27 10:50:42'),
('35.19.08.2004', 'Betek', '2018-03-27 10:50:42', '2018-03-27 10:50:42'),
('35.19.08.2005', 'Sirapan', '2018-03-27 10:50:42', '2018-03-27 10:50:42'),
('35.19.08.2006', 'Dimong', '2018-03-27 10:50:42', '2018-03-27 10:50:42'),
('35.19.08.2007', 'Tulungrejo', '2018-03-27 10:50:42', '2018-03-27 10:50:42'),
('35.19.08.2008', 'Tanjungrejo', '2018-03-27 10:50:42', '2018-03-27 10:50:42'),
('35.19.08.2009', 'Sumberejo', '2018-03-27 10:50:42', '2018-03-27 10:50:42'),
('35.19.08.2010', 'Banjarsari', '2018-03-27 10:50:42', '2018-03-27 10:50:42'),
('35.19.08.2011', 'Tiron', '2018-03-27 10:50:42', '2018-03-27 10:50:42'),
('35.19.08.2012', 'Gunungsari', '2018-03-27 10:50:42', '2018-03-27 10:50:42'),
('35.19.08.2013', 'Bagi', '2018-03-27 10:50:42', '2018-03-27 10:50:42'),
('35.19.09', 'Jiwan', '2018-03-27 10:50:42', '2018-03-27 10:50:42'),
('35.19.09.2001', 'Bukur', '2018-03-27 10:50:42', '2018-03-27 10:50:42'),
('35.19.09.2002', 'Sambirejo', '2018-03-27 10:50:42', '2018-03-27 10:50:42'),
('35.19.09.2003', 'Metesih', '2018-03-27 10:50:42', '2018-03-27 10:50:42'),
('35.19.09.2004', 'Jiwan', '2018-03-27 10:50:42', '2018-03-27 10:50:42'),
('35.19.09.2005', 'Sukolilo', '2018-03-27 10:50:42', '2018-03-27 10:50:42'),
('35.19.09.2006', 'Kincang Wetan', '2018-03-27 10:50:42', '2018-03-27 10:50:42'),
('35.19.09.2007', 'Kwangsen', '2018-03-27 10:50:42', '2018-03-27 10:50:42'),
('35.19.09.2008', 'Grobogan', '2018-03-27 10:50:42', '2018-03-27 10:50:42'),
('35.19.09.2009', 'Wayut', '2018-03-27 10:50:42', '2018-03-27 10:50:42'),
('35.19.09.2010', 'Klagenserut', '2018-03-27 10:50:42', '2018-03-27 10:50:42'),
('35.19.09.2011', 'Teguhan', '2018-03-27 10:50:42', '2018-03-27 10:50:42'),
('35.19.09.2012', 'Ngetrep', '2018-03-27 10:50:42', '2018-03-27 10:50:42'),
('35.19.09.2013', 'Bedoho', '2018-03-27 10:50:42', '2018-03-27 10:50:42'),
('35.19.09.2014', 'Bibrik', '2018-03-27 10:50:42', '2018-03-27 10:50:42'),
('35.19.10', 'Balerejo', '2018-03-27 10:50:42', '2018-03-27 10:50:42'),
('35.19.10.2001', 'Garon', '2018-03-27 10:50:42', '2018-03-27 10:50:42'),
('35.19.10.2002', 'Balerejo', '2018-03-27 10:50:42', '2018-03-27 10:50:42'),
('35.19.10.2003', 'Kebonagung', '2018-03-27 10:50:42', '2018-03-27 10:50:42'),
('35.19.10.2004', 'Gading', '2018-03-27 10:50:42', '2018-03-27 10:50:42'),
('35.19.10.2005', 'Sumberbening', '2018-03-27 10:50:42', '2018-03-27 10:50:42'),
('35.19.10.2006', 'Bulakrejo', '2018-03-27 10:50:42', '2018-03-27 10:50:42'),
('35.19.10.2007', 'Tapelan', '2018-03-27 10:50:42', '2018-03-27 10:50:42'),
('35.19.10.2008', 'Babadan', '2018-03-27 10:50:42', '2018-03-27 10:50:42'),
('35.19.10.2009', 'Warurejo', '2018-03-27 10:50:42', '2018-03-27 10:50:42'),
('35.19.10.2010', 'Jerukgulung', '2018-03-27 10:50:42', '2018-03-27 10:50:42'),
('35.19.10.2011', 'Kedungjati', '2018-03-27 10:50:42', '2018-03-27 10:50:42'),
('35.19.10.2012', 'Glonggong', '2018-03-27 10:50:42', '2018-03-27 10:50:42'),
('35.19.10.2013', 'Sogo', '2018-03-27 10:50:42', '2018-03-27 10:50:42'),
('35.19.10.2014', 'Banaran', '2018-03-27 10:50:42', '2018-03-27 10:50:42'),
('35.19.10.2015', 'Pacinan', '2018-03-27 10:50:42', '2018-03-27 10:50:42'),
('35.19.10.2016', 'Kedungrejo', '2018-03-27 10:50:42', '2018-03-27 10:50:42'),
('35.19.10.2017', 'Kuwu', '2018-03-27 10:50:42', '2018-03-27 10:50:42'),
('35.19.10.2018', 'Simo', '2018-03-27 10:50:42', '2018-03-27 10:50:42'),
('35.19.11', 'Mejayan', '2018-03-27 10:50:42', '2018-03-27 10:50:42'),
('35.19.11.2001', 'Kaliabu', '2018-03-27 10:50:42', '2018-03-27 10:50:42'),
('35.19.11.2002', 'Klecorejo', '2018-03-27 10:50:42', '2018-03-27 10:50:42'),
('35.19.11.2003', 'Blabakan', '2018-03-27 10:50:42', '2018-03-27 10:50:42'),
('35.19.11.2004', 'Wonorejo', '2018-03-27 10:50:42', '2018-03-27 10:50:42'),
('35.19.11.2005', 'Kebonagung', '2018-03-27 10:50:42', '2018-03-27 10:50:42'),
('35.19.11.2006', 'Darmorejo', '2018-03-27 10:50:42', '2018-03-27 10:50:42'),
('35.19.11.2007', 'Kaligunting', '2018-03-27 10:50:42', '2018-03-27 10:50:42'),
('35.19.11.2008', 'Sidodadi', '2018-03-27 10:50:42', '2018-03-27 10:50:42'),
('35.19.11.2009', 'Kuncen', '2018-03-27 10:50:42', '2018-03-27 10:50:42'),
('35.19.11.2010', 'Mejayan', '2018-03-27 10:50:42', '2018-03-27 10:50:42'),
('35.19.11.2011', 'Ngampel', '2018-03-27 10:50:42', '2018-03-27 10:50:42'),
('35.19.11.1012', 'Bangunsari', '2018-03-27 10:50:42', '2018-03-27 10:50:42'),
('35.19.11.1013', 'Krajan', '2018-03-27 10:50:42', '2018-03-27 10:50:42'),
('35.19.11.1014', 'Pandean', '2018-03-27 10:50:42', '2018-03-27 10:50:42'),
('35.19.12', 'Saradan', '2018-03-27 10:50:42', '2018-03-27 10:50:42'),
('35.19.12.2001', 'Bandungan', '2018-03-27 10:50:42', '2018-03-27 10:50:42'),
('35.19.12.2002', 'Pajaran', '2018-03-27 10:50:42', '2018-03-27 10:50:42'),
('35.19.12.2003', 'Sugihwaras', '2018-03-27 10:50:42', '2018-03-27 10:50:42'),
('35.19.12.2004', 'Sidorejo', '2018-03-27 10:50:42', '2018-03-27 10:50:42'),
('35.19.12.2005', 'Bongsopotro', '2018-03-27 10:50:42', '2018-03-27 10:50:42'),
('35.19.12.2006', 'Sukorejo', '2018-03-27 10:50:42', '2018-03-27 10:50:42'),
('35.19.12.2007', 'Ngepeh', '2018-03-27 10:50:42', '2018-03-27 10:50:42'),
('35.19.12.2008', 'Bajulan', '2018-03-27 10:50:42', '2018-03-27 10:50:42'),
('35.19.12.2009', 'Bener', '2018-03-27 10:50:42', '2018-03-27 10:50:42'),
('35.19.12.2010', 'Sumbersari', '2018-03-27 10:50:42', '2018-03-27 10:50:42'),
('35.19.12.2011', 'Klumutan', '2018-03-27 10:50:42', '2018-03-27 10:50:42'),
('35.19.12.2012', 'Sambirejo', '2018-03-27 10:50:42', '2018-03-27 10:50:42'),
('35.19.12.2013', 'Tulung', '2018-03-27 10:50:42', '2018-03-27 10:50:42'),
('35.19.12.2014', 'Sumberbendo', '2018-03-27 10:50:42', '2018-03-27 10:50:42'),
('35.19.12.2015', 'Klangon', '2018-03-27 10:50:42', '2018-03-27 10:50:42'),
('35.19.13', 'Pilangkenceng', '2018-03-27 10:50:42', '2018-03-27 10:50:42'),
('35.19.13.2001', 'Muneng', '2018-03-27 10:50:42', '2018-03-27 10:50:42'),
('35.19.13.2002', 'Pulerejo', '2018-03-27 10:50:42', '2018-03-27 10:50:42'),
('35.19.13.2003', 'Purworejo', '2018-03-27 10:50:42', '2018-03-27 10:50:42'),
('35.19.13.2004', 'Kedungrejo', '2018-03-27 10:50:42', '2018-03-27 10:50:42'),
('35.19.13.2005', 'Wonoayu', '2018-03-27 10:50:42', '2018-03-27 10:50:42'),
('35.19.13.2006', 'Pilangkenceng', '2018-03-27 10:50:42', '2018-03-27 10:50:42'),
('35.19.13.2007', 'Sumbergandu', '2018-03-27 10:50:42', '2018-03-27 10:50:42'),
('35.19.13.2008', 'Kedungmaron', '2018-03-27 10:50:42', '2018-03-27 10:50:42'),
('35.19.13.2009', 'Duren', '2018-03-27 10:50:42', '2018-03-27 10:50:42'),
('35.19.13.2010', 'Dawuhan', '2018-03-27 10:50:42', '2018-03-27 10:50:42'),
('35.19.13.2011', 'Bulu', '2018-03-27 10:50:42', '2018-03-27 10:50:42'),
('35.19.13.2012', 'Kenongorejo', '2018-03-27 10:50:42', '2018-03-27 10:50:42'),
('35.19.13.2013', 'Ngengor', '2018-03-27 10:50:42', '2018-03-27 10:50:42'),
('35.19.13.2014', 'Gandul', '2018-03-27 10:50:42', '2018-03-27 10:50:42'),
('35.19.13.2015', 'Luworo', '2018-03-27 10:50:42', '2018-03-27 10:50:42'),
('35.19.13.2016', 'Kedungbanteng', '2018-03-27 10:50:42', '2018-03-27 10:50:42'),
('35.19.13.2017', 'Krebet', '2018-03-27 10:50:42', '2018-03-27 10:50:42'),
('35.19.13.2018', 'Ngale', '2018-03-27 10:50:42', '2018-03-27 10:50:42'),
('35.19.14', 'Sawahan', '2018-03-27 10:50:42', '2018-03-27 10:50:42'),
('35.19.14.2001', 'Sidomulyo', '2018-03-27 10:50:42', '2018-03-27 10:50:42'),
('35.19.14.2002', 'Kanung', '2018-03-27 10:50:42', '2018-03-27 10:50:42'),
('35.19.14.2003', 'Rejosari', '2018-03-27 10:50:42', '2018-03-27 10:50:42'),
('35.19.14.2004', 'Pucangrejo', '2018-03-27 10:50:42', '2018-03-27 10:50:42'),
('35.19.14.2005', 'Krokeh', '2018-03-27 10:50:42', '2018-03-27 10:50:42'),
('35.19.14.2006', 'Lebakayu', '2018-03-27 10:50:42', '2018-03-27 10:50:42'),
('35.19.14.2007', 'Bakur', '2018-03-27 10:50:42', '2018-03-27 10:50:42'),
('35.19.14.2008', 'Golan', '2018-03-27 10:50:42', '2018-03-27 10:50:42'),
('35.19.14.2009', 'Cabean', '2018-03-27 10:50:42', '2018-03-27 10:50:42'),
('35.19.14.2010', 'Sawahan', '2018-03-27 10:50:42', '2018-03-27 10:50:42'),
('35.19.14.2011', 'Pule', '2018-03-27 10:50:42', '2018-03-27 10:50:42'),
('35.19.14.2012', 'Kajang', '2018-03-27 10:50:42', '2018-03-27 10:50:42'),
('35.19.14.2013', 'Klumpit', '2018-03-27 10:50:42', '2018-03-27 10:50:42'),
('35.19.15', 'Wonoasri', '2018-03-27 10:50:42', '2018-03-27 10:50:42'),
('35.19.15.2001', 'Ngadirejo', '2018-03-27 10:50:42', '2018-03-27 10:50:42'),
('35.19.15.2002', 'Jatirejo', '2018-03-27 10:50:42', '2018-03-27 10:50:42'),
('35.19.15.2003', 'Banyukambang', '2018-03-27 10:50:42', '2018-03-27 10:50:42'),
('35.19.15.2004', 'Sidomulyo', '2018-03-27 10:50:42', '2018-03-27 10:50:42'),
('35.19.15.2005', 'Wonoasri', '2018-03-27 10:50:42', '2018-03-27 10:50:42'),
('35.19.15.2006', 'Plumpungrejo', '2018-03-27 10:50:42', '2018-03-27 10:50:42'),
('35.19.15.2007', 'Bancong', '2018-03-27 10:50:42', '2018-03-27 10:50:42'),
('35.19.15.2008', 'Purwosari', '2018-03-27 10:50:42', '2018-03-27 10:50:42'),
('35.19.15.2009', 'Klitik', '2018-03-27 10:50:42', '2018-03-27 10:50:42'),
('35.19.15.2010', 'Buduran', '2018-03-27 10:50:42', '2018-03-27 10:50:42'),
('35.20', 'KAB. MAGETAN', '2018-03-27 10:50:42', '2018-03-27 10:50:42'),
('35.20.01', 'Poncol', '2018-03-27 10:50:42', '2018-03-27 10:50:42'),
('35.20.01.2001', 'Poncol', '2018-03-27 10:50:42', '2018-03-27 10:50:42'),
('35.20.01.2002', 'Gonggang', '2018-03-27 10:50:42', '2018-03-27 10:50:42'),
('35.20.01.2003', 'Janggan', '2018-03-27 10:50:42', '2018-03-27 10:50:42'),
('35.20.01.2004', 'Genilangit', '2018-03-27 10:50:42', '2018-03-27 10:50:42'),
('35.20.01.1005', 'Alastuwo', '2018-03-27 10:50:42', '2018-03-27 10:50:42'),
('35.20.01.2006', 'Plangkrongan', '2018-03-27 10:50:42', '2018-03-27 10:50:42'),
('35.20.01.2007', 'Cileng', '2018-03-27 10:50:42', '2018-03-27 10:50:42'),
('35.20.01.2008', 'Sombo', '2018-03-27 10:50:42', '2018-03-27 10:50:42'),
('35.20.02', 'Parang', '2018-03-27 10:50:42', '2018-03-27 10:50:42'),
('35.20.02.2001', 'Sayutan', '2018-03-27 10:50:42', '2018-03-27 10:50:42'),
('35.20.02.2002', 'Nglopang', '2018-03-27 10:50:42', '2018-03-27 10:50:42'),
('35.20.02.2003', 'Mategal', '2018-03-27 10:50:42', '2018-03-27 10:50:42'),
('35.20.02.2004', 'Bungkuk', '2018-03-27 10:50:42', '2018-03-27 10:50:42'),
('35.20.02.2005', 'Trosono', '2018-03-27 10:50:42', '2018-03-27 10:50:42'),
('35.20.02.2006', 'Ngunut', '2018-03-27 10:50:42', '2018-03-27 10:50:42'),
('35.20.02.2007', 'Ngaglik', '2018-03-27 10:50:42', '2018-03-27 10:50:42'),
('35.20.02.1008', 'Parang', '2018-03-27 10:50:42', '2018-03-27 10:50:42'),
('35.20.02.2009', 'Tamanarum', '2018-03-27 10:50:42', '2018-03-27 10:50:42'),
('35.20.02.2010', 'Pragak', '2018-03-27 10:50:42', '2018-03-27 10:50:42'),
('35.20.02.2011', 'Sundul', '2018-03-27 10:50:42', '2018-03-27 10:50:42'),
('35.20.02.2012', 'Jokerto', '2018-03-27 10:50:42', '2018-03-27 10:50:42'),
('35.20.02.2013', 'Krajan', '2018-03-27 10:50:42', '2018-03-27 10:50:42'),
('35.20.03', 'Lembeyan', '2018-03-27 10:50:42', '2018-03-27 10:50:42'),
('35.20.03.2001', 'Kediren', '2018-03-27 10:50:42', '2018-03-27 10:50:42'),
('35.20.03.1002', 'Lembeyan Kulon', '2018-03-27 10:50:42', '2018-03-27 10:50:42'),
('35.20.03.2003', 'Lembeyan Wetan', '2018-03-27 10:50:42', '2018-03-27 10:50:42'),
('35.20.03.2004', 'Tunggur', '2018-03-27 10:50:42', '2018-03-27 10:50:42'),
('35.20.03.2005', 'Dukuh', '2018-03-27 10:50:42', '2018-03-27 10:50:42'),
('35.20.03.2006', 'Kedungpanji', '2018-03-27 10:50:42', '2018-03-27 10:50:42'),
('35.20.03.2007', 'Nguri', '2018-03-27 10:50:42', '2018-03-27 10:50:42'),
('35.20.03.2008', 'Pupus', '2018-03-27 10:50:42', '2018-03-27 10:50:42'),
('35.20.03.2009', 'Tapen', '2018-03-27 10:50:42', '2018-03-27 10:50:42'),
('35.20.03.2010', 'Krowe', '2018-03-27 10:50:42', '2018-03-27 10:50:42'),
('35.20.04', 'Takeran', '2018-03-27 10:50:42', '2018-03-27 10:50:42'),
('35.20.04.2009', 'Kiringan', '2018-03-27 10:50:42', '2018-03-27 10:50:42'),
('35.20.04.2010', 'Duyung', '2018-03-27 10:50:42', '2018-03-27 10:50:42'),
('35.20.04.2011', 'Tawangrejo', '2018-03-27 10:50:42', '2018-03-27 10:50:42'),
('35.20.04.2012', 'Sawojajar', '2018-03-27 10:50:42', '2018-03-27 10:50:42'),
('35.20.04.1013', 'Takeran', '2018-03-27 10:50:42', '2018-03-27 10:50:42'),
('35.20.04.2014', 'Kuwonharjo', '2018-03-27 10:50:42', '2018-03-27 10:50:42'),
('35.20.04.2015', 'Kepuhrejo', '2018-03-27 10:50:42', '2018-03-27 10:50:42'),
('35.20.04.2016', 'Kerik', '2018-03-27 10:50:42', '2018-03-27 10:50:42'),
('35.20.04.2017', 'Waduk', '2018-03-27 10:50:42', '2018-03-27 10:50:42'),
('35.20.04.2018', 'Jomblang', '2018-03-27 10:50:42', '2018-03-27 10:50:42'),
('35.20.04.2019', 'Kerang', '2018-03-27 10:50:42', '2018-03-27 10:50:42'),
('35.20.04.2020', 'Madigondo', '2018-03-27 10:50:42', '2018-03-27 10:50:42'),
('35.20.05', 'Kawedanan', '2018-03-27 10:50:42', '2018-03-27 10:50:42'),
('35.20.05.2001', 'Mangunrejo', '2018-03-27 10:50:42', '2018-03-27 10:50:42'),
('35.20.05.2002', 'Giripurno', '2018-03-27 10:50:42', '2018-03-27 10:50:42'),
('35.20.05.2003', 'Ngentep', '2018-03-27 10:50:42', '2018-03-27 10:50:42'),
('35.20.05.2004', 'Balerejo', '2018-03-27 10:50:42', '2018-03-27 10:50:42'),
('35.20.05.2005', 'Garon', '2018-03-27 10:50:42', '2018-03-27 10:50:42'),
('35.20.05.2006', 'Tladan', '2018-03-27 10:50:42', '2018-03-27 10:50:42'),
('35.20.05.2007', 'Pojok', '2018-03-27 10:50:42', '2018-03-27 10:50:42'),
('35.20.05.2008', 'Ngunut', '2018-03-27 10:50:42', '2018-03-27 10:50:42'),
('35.20.05.2009', 'Tulung', '2018-03-27 10:50:42', '2018-03-27 10:50:42'),
('35.20.05.1010', 'Kawedanan', '2018-03-27 10:50:42', '2018-03-27 10:50:42'),
('35.20.05.1011', 'Rejosari', '2018-03-27 10:50:42', '2018-03-27 10:50:42'),
('35.20.05.1012', 'Sampung', '2018-03-27 10:50:42', '2018-03-27 10:50:42'),
('35.20.05.2013', 'Bogem', '2018-03-27 10:50:42', '2018-03-27 10:50:42'),
('35.20.05.2014', 'Jambangan', '2018-03-27 10:50:42', '2018-03-27 10:50:42'),
('35.20.05.2015', 'Selorejo', '2018-03-27 10:50:42', '2018-03-27 10:50:42'),
('35.20.05.2016', 'Sugihrejo', '2018-03-27 10:50:42', '2018-03-27 10:50:42'),
('35.20.05.2017', 'Ngadirejo', '2018-03-27 10:50:42', '2018-03-27 10:50:42'),
('35.20.05.2018', 'Karangrejo', '2018-03-27 10:50:42', '2018-03-27 10:50:42'),
('35.20.05.2019', 'Genengan', '2018-03-27 10:50:42', '2018-03-27 10:50:42'),
('35.20.05.2020', 'Mojorejo', '2018-03-27 10:50:42', '2018-03-27 10:50:42'),
('35.20.06', 'Magetan', '2018-03-27 10:50:42', '2018-03-27 10:50:42'),
('35.20.06.2001', 'Tambakrejo', '2018-03-27 10:50:42', '2018-03-27 10:50:42'),
('35.20.06.1002', 'Mangkujayan', '2018-03-27 10:50:42', '2018-03-27 10:50:42'),
('35.20.06.1003', 'Bulukerto', '2018-03-27 10:50:42', '2018-03-27 10:50:42'),
('35.20.06.1004', 'Magetan', '2018-03-27 10:50:42', '2018-03-27 10:50:42'),
('35.20.06.2005', 'Ringinagung', '2018-03-27 10:50:42', '2018-03-27 10:50:42'),
('35.20.06.2009', 'Candirejo', '2018-03-27 10:50:42', '2018-03-27 10:50:42'),
('35.20.06.1010', 'Selosari', '2018-03-27 10:50:42', '2018-03-27 10:50:42'),
('35.20.06.1011', 'Tawanganom', '2018-03-27 10:50:42', '2018-03-27 10:50:42'),
('35.20.06.1012', 'Kepolorejo', '2018-03-27 10:50:42', '2018-03-27 10:50:42'),
('35.20.06.1013', 'Sukowinangun', '2018-03-27 10:50:42', '2018-03-27 10:50:42'),
('35.20.06.1014', 'Kebonagung', '2018-03-27 10:50:42', '2018-03-27 10:50:42'),
('35.20.06.1015', 'Tambran', '2018-03-27 10:50:42', '2018-03-27 10:50:42'),
('35.20.06.2016', 'Baron', '2018-03-27 10:50:42', '2018-03-27 10:50:42'),
('35.20.06.2017', 'Purwosari', '2018-03-27 10:50:42', '2018-03-27 10:50:42'),
('35.20.07', 'Plaosan', '2018-03-27 10:50:42', '2018-03-27 10:50:42'),
('35.20.07.2001', 'Ngancar', '2018-03-27 10:50:42', '2018-03-27 10:50:42'),
('35.20.07.2002', 'Plumpung', '2018-03-27 10:50:42', '2018-03-27 10:50:42'),
('35.20.07.2003', 'Puntukdoro', '2018-03-27 10:50:42', '2018-03-27 10:50:42'),
('35.20.07.2004', 'Bulugunung', '2018-03-27 10:50:42', '2018-03-27 10:50:42'),
('35.20.07.2005', 'Bogoarum', '2018-03-27 10:50:42', '2018-03-27 10:50:42'),
('35.20.07.2006', 'Randugede', '2018-03-27 10:50:42', '2018-03-27 10:50:42'),
('35.20.07.2007', 'Sumberagung', '2018-03-27 10:50:42', '2018-03-27 10:50:42'),
('35.20.07.2008', 'Nitikan', '2018-03-27 10:50:42', '2018-03-27 10:50:42'),
('35.20.07.2009', 'Sidomukti', '2018-03-27 10:50:42', '2018-03-27 10:50:42'),
('35.20.07.2010', 'Buluharjo', '2018-03-27 10:50:42', '2018-03-27 10:50:42'),
('35.20.07.1011', 'Plaosan', '2018-03-27 10:50:42', '2018-03-27 10:50:42'),
('35.20.07.2012', 'Dadi', '2018-03-27 10:50:42', '2018-03-27 10:50:42'),
('35.20.07.1013', 'Sarangan', '2018-03-27 10:50:42', '2018-03-27 10:50:42'),
('35.20.07.2014', 'Pacalan', '2018-03-27 10:50:42', '2018-03-27 10:50:42'),
('35.20.07.2015', 'Sendangagung', '2018-03-27 10:50:42', '2018-03-27 10:50:42'),
('35.20.08', 'Panekan', '2018-03-27 10:50:42', '2018-03-27 10:50:42'),
('35.20.08.2004', 'Terung', '2018-03-27 10:50:42', '2018-03-27 10:50:42'),
('35.20.08.2005', 'Cepoko', '2018-03-27 10:50:42', '2018-03-27 10:50:42'),
('35.20.08.2006', 'Milangasri', '2018-03-27 10:50:42', '2018-03-27 10:50:42'),
('35.20.08.2007', 'Wates', '2018-03-27 10:50:42', '2018-03-27 10:50:42'),
('35.20.08.2008', 'Sidowayah', '2018-03-27 10:50:42', '2018-03-27 10:50:42'),
('35.20.08.1009', 'Panekan', '2018-03-27 10:50:42', '2018-03-27 10:50:42'),
('35.20.08.2010', 'Tanjungsari', '2018-03-27 10:50:42', '2018-03-27 10:50:42'),
('35.20.08.2011', 'Sumberdodol', '2018-03-27 10:50:42', '2018-03-27 10:50:42'),
('35.20.08.2012', 'Manjung', '2018-03-27 10:50:42', '2018-03-27 10:50:42'),
('35.20.08.2013', 'Tapak', '2018-03-27 10:50:42', '2018-03-27 10:50:42'),
('35.20.08.2014', 'Sukowidi', '2018-03-27 10:50:42', '2018-03-27 10:50:42'),
('35.20.08.2015', 'Bedagung', '2018-03-27 10:50:42', '2018-03-27 10:50:42'),
('35.20.08.2016', 'Ngiliran', '2018-03-27 10:50:42', '2018-03-27 10:50:42'),
('35.20.08.2017', 'Jabung', '2018-03-27 10:50:42', '2018-03-27 10:50:42'),
('35.20.08.2018', 'Rejomulyo', '2018-03-27 10:50:42', '2018-03-27 10:50:42'),
('35.20.08.2019', 'Turi', '2018-03-27 10:50:42', '2018-03-27 10:50:42'),
('35.20.08.2020', 'Banjarejo', '2018-03-27 10:50:42', '2018-03-27 10:50:42'),
('35.20.09', 'Sukomoro', '2018-03-27 10:50:42', '2018-03-27 10:50:42'),
('35.20.09.2001', 'Kalangketi', '2018-03-27 10:50:42', '2018-03-27 10:50:42'),
('35.20.09.2002', 'Tamanan', '2018-03-27 10:50:42', '2018-03-27 10:50:42'),
('35.20.09.2003', 'Tambakmas', '2018-03-27 10:50:42', '2018-03-27 10:50:42'),
('35.20.09.2004', 'Bandar', '2018-03-27 10:50:42', '2018-03-27 10:50:42'),
('35.20.09.2005', 'Bibis', '2018-03-27 10:50:42', '2018-03-27 10:50:42'),
('35.20.09.2006', 'Sukomoro', '2018-03-27 10:50:42', '2018-03-27 10:50:42'),
('35.20.09.2007', 'Bulu', '2018-03-27 10:50:42', '2018-03-27 10:50:42'),
('35.20.09.2008', 'Pojoksari', '2018-03-27 10:50:42', '2018-03-27 10:50:42'),
('35.20.09.1009', 'Tinap', '2018-03-27 10:50:42', '2018-03-27 10:50:42'),
('35.20.09.2010', 'Kedungguwo', '2018-03-27 10:50:42', '2018-03-27 10:50:42'),
('35.20.09.2011', 'Kembangan', '2018-03-27 10:50:42', '2018-03-27 10:50:42'),
('35.20.09.2012', 'Kentangan', '2018-03-27 10:50:42', '2018-03-27 10:50:42'),
('35.20.09.2013', 'Bogem', '2018-03-27 10:50:42', '2018-03-27 10:50:42'),
('35.20.09.2014', 'Truneng', '2018-03-27 10:50:42', '2018-03-27 10:50:42'),
('35.20.10', 'Bendo', '2018-03-27 10:50:42', '2018-03-27 10:50:42'),
('35.20.10.2001', 'Dukuh', '2018-03-27 10:50:42', '2018-03-27 10:50:42'),
('35.20.10.2002', 'Belotan', '2018-03-27 10:50:42', '2018-03-27 10:50:42'),
('35.20.10.2003', 'Pingkuk', '2018-03-27 10:50:42', '2018-03-27 10:50:42'),
('35.20.10.2004', 'Tanjung', '2018-03-27 10:50:42', '2018-03-27 10:50:42'),
('35.20.10.2005', 'Tegalarum', '2018-03-27 10:50:42', '2018-03-27 10:50:42'),
('35.20.10.2006', 'Bulak', '2018-03-27 10:50:42', '2018-03-27 10:50:42'),
('35.20.10.2007', 'Kinandang', '2018-03-27 10:50:42', '2018-03-27 10:50:42'),
('35.20.10.2008', 'Soco', '2018-03-27 10:50:42', '2018-03-27 10:50:42'),
('35.20.10.2009', 'Lemahbang', '2018-03-27 10:50:42', '2018-03-27 10:50:42'),
('35.20.10.2010', 'Kledokan', '2018-03-27 10:50:42', '2018-03-27 10:50:42'),
('35.20.10.2011', 'Carikan', '2018-03-27 10:50:42', '2018-03-27 10:50:42'),
('35.20.10.1012', 'Bendo', '2018-03-27 10:50:42', '2018-03-27 10:50:42'),
('35.20.10.2013', 'Bulugledeg', '2018-03-27 10:50:42', '2018-03-27 10:50:42'),
('35.20.10.2014', 'Duwet', '2018-03-27 10:50:42', '2018-03-27 10:50:42'),
('35.20.10.2015', 'Setren', '2018-03-27 10:50:42', '2018-03-27 10:50:42'),
('35.20.10.2016', 'Kleco', '2018-03-27 10:50:42', '2018-03-27 10:50:42'),
('35.20.11', 'Maospati', '2018-03-27 10:50:42', '2018-03-27 10:50:42'),
('35.20.11.2001', 'Sugihwaras', '2018-03-27 10:50:42', '2018-03-27 10:50:42'),
('35.20.11.2002', 'Tanjungsepreh', '2018-03-27 10:50:42', '2018-03-27 10:50:42'),
('35.20.11.2003', 'Gulun', '2018-03-27 10:50:42', '2018-03-27 10:50:42'),
('35.20.11.2004', 'Malang', '2018-03-27 10:50:42', '2018-03-27 10:50:42'),
('35.20.11.1005', 'Maospati', '2018-03-27 10:50:42', '2018-03-27 10:50:42'),
('35.20.11.2006', 'Klagengambiran', '2018-03-27 10:50:42', '2018-03-27 10:50:42'),
('35.20.11.2007', 'Pandeyan', '2018-03-27 10:50:42', '2018-03-27 10:50:42'),
('35.20.11.2008', 'Suratmajan', '2018-03-27 10:50:42', '2018-03-27 10:50:42'),
('35.20.11.2009', 'Ronowijayan', '2018-03-27 10:50:42', '2018-03-27 10:50:42'),
('35.20.11.2010', 'Ngujung', '2018-03-27 10:50:42', '2018-03-27 10:50:42'),
('35.20.11.2011', 'Sumberejo', '2018-03-27 10:50:42', '2018-03-27 10:50:42'),
('35.20.11.2012', 'Pesu', '2018-03-27 10:50:42', '2018-03-27 10:50:42'),
('35.20.11.1013', 'Kraton', '2018-03-27 10:50:42', '2018-03-27 10:50:42'),
('35.20.11.1014', 'Mranggen', '2018-03-27 10:50:42', '2018-03-27 10:50:42'),
('35.20.11.2015', 'Sempol', '2018-03-27 10:50:42', '2018-03-27 10:50:42'),
('35.20.12', 'Barat', '2018-03-27 10:50:42', '2018-03-27 10:50:42'),
('35.20.12.2001', 'Bogorejo', '2018-03-27 10:50:42', '2018-03-27 10:50:42'),
('35.20.12.2002', 'Banjarejo', '2018-03-27 10:50:42', '2018-03-27 10:50:42'),
('35.20.12.2003', 'Karangsono', '2018-03-27 10:50:42', '2018-03-27 10:50:42'),
('35.20.12.2004', 'Purwodadi', '2018-03-27 10:50:42', '2018-03-27 10:50:42'),
('35.20.12.1005', 'Mangge', '2018-03-27 10:50:42', '2018-03-27 10:50:42'),
('35.20.12.1006', 'Tebon', '2018-03-27 10:50:42', '2018-03-27 10:50:42'),
('35.20.12.2007', 'Manjung', '2018-03-27 10:50:42', '2018-03-27 10:50:42'),
('35.20.12.2008', 'Ngumpul', '2018-03-27 10:50:42', '2018-03-27 10:50:42'),
('35.20.12.2009', 'Panggung', '2018-03-27 10:50:42', '2018-03-27 10:50:42'),
('35.20.12.2010', 'Blaran', '2018-03-27 10:50:42', '2018-03-27 10:50:42'),
('35.20.12.2011', 'Jonggrang', '2018-03-27 10:50:42', '2018-03-27 10:50:42'),
('35.20.12.2012', 'Rejomulyo', '2018-03-27 10:50:42', '2018-03-27 10:50:42'),
('35.20.12.2013', 'Bangunasri', '2018-03-27 10:50:42', '2018-03-27 10:50:42'),
('35.20.12.2014', 'Klagen', '2018-03-27 10:50:42', '2018-03-27 10:50:42'),
('35.20.13', 'Karangrejo', '2018-03-27 10:50:42', '2018-03-27 10:50:42'),
('35.20.13.1001', 'Karangrejo', '2018-03-27 10:50:42', '2018-03-27 10:50:42'),
('35.20.13.2002', 'Mantren', '2018-03-27 10:50:42', '2018-03-27 10:50:42'),
('35.20.13.2003', 'Gondang', '2018-03-27 10:50:42', '2018-03-27 10:50:42'),
('35.20.13.2004', 'Samberembe', '2018-03-27 10:50:42', '2018-03-27 10:50:42'),
('35.20.13.2005', 'Patihan', '2018-03-27 10:50:42', '2018-03-27 10:50:42'),
('35.20.13.1006', 'Manisrejo', '2018-03-27 10:50:42', '2018-03-27 10:50:42'),
('35.20.13.2007', 'Pelem', '2018-03-27 10:50:42', '2018-03-27 10:50:42'),
('35.20.13.2008', 'Baluk', '2018-03-27 10:50:42', '2018-03-27 10:50:42'),
('35.20.13.2009', 'Gebyog', '2018-03-27 10:50:42', '2018-03-27 10:50:42'),
('35.20.13.2010', 'Maron', '2018-03-27 10:50:42', '2018-03-27 10:50:42'),
('35.20.13.2011', 'Prampelan', '2018-03-27 10:50:42', '2018-03-27 10:50:42'),
('35.20.13.2012', 'Grabahan', '2018-03-27 10:50:42', '2018-03-27 10:50:42'),
('35.20.13.2013', 'Kauman', '2018-03-27 10:50:42', '2018-03-27 10:50:42'),
('35.20.14', 'Karas', '2018-03-27 10:50:42', '2018-03-27 10:50:42'),
('35.20.14.2001', 'Karas', '2018-03-27 10:50:42', '2018-03-27 10:50:42'),
('35.20.14.2002', 'Sobontoro', '2018-03-27 10:50:42', '2018-03-27 10:50:42'),
('35.20.14.2003', 'Sumursongo', '2018-03-27 10:50:42', '2018-03-27 10:50:42'),
('35.20.14.2004', 'Taji', '2018-03-27 10:50:42', '2018-03-27 10:50:42'),
('35.20.14.2005', 'Kuwon', '2018-03-27 10:50:42', '2018-03-27 10:50:42'),
('35.20.14.2006', 'Jungke', '2018-03-27 10:50:42', '2018-03-27 10:50:42'),
('35.20.14.2007', 'Temboro', '2018-03-27 10:50:42', '2018-03-27 10:50:42'),
('35.20.14.2008', 'Temenggungan', '2018-03-27 10:50:42', '2018-03-27 10:50:42'),
('35.20.14.2009', 'Geplak', '2018-03-27 10:50:42', '2018-03-27 10:50:42'),
('35.20.14.2010', 'Botok', '2018-03-27 10:50:42', '2018-03-27 10:50:42'),
('35.20.14.2011', 'Ginuk', '2018-03-27 10:50:42', '2018-03-27 10:50:42'),
('35.20.15', 'Kartoharjo', '2018-03-27 10:50:42', '2018-03-27 10:50:42'),
('35.20.15.2001', 'Kartoharjo', '2018-03-27 10:50:42', '2018-03-27 10:50:42'),
('35.20.15.2002', 'Mrahu', '2018-03-27 10:50:42', '2018-03-27 10:50:42'),
('35.20.15.2003', 'Klurahan', '2018-03-27 10:50:42', '2018-03-27 10:50:42'),
('35.20.15.2004', 'Pencol', '2018-03-27 10:50:42', '2018-03-27 10:50:42'),
('35.20.15.2005', 'Sukowidi', '2018-03-27 10:50:42', '2018-03-27 10:50:42'),
('35.20.15.2006', 'Ngelang', '2018-03-27 10:50:42', '2018-03-27 10:50:42'),
('35.20.15.2007', 'Jajar', '2018-03-27 10:50:42', '2018-03-27 10:50:42'),
('35.20.15.2008', 'Gunungan', '2018-03-27 10:50:42', '2018-03-27 10:50:42'),
('35.20.15.2009', 'Jeruk', '2018-03-27 10:50:42', '2018-03-27 10:50:42'),
('35.20.15.2010', 'Bayem Wetan', '2018-03-27 10:50:42', '2018-03-27 10:50:42'),
('35.20.15.2011', 'Bayem Taman', '2018-03-27 10:50:42', '2018-03-27 10:50:42'),
('35.20.15.2012', 'Karangmojo', '2018-03-27 10:50:42', '2018-03-27 10:50:42'),
('35.20.16', 'Ngariboyo', '2018-03-27 10:50:42', '2018-03-27 10:50:42'),
('35.20.16.2001', 'Selotinatah', '2018-03-27 10:50:42', '2018-03-27 10:50:42'),
('35.20.16.2002', 'Pendem', '2018-03-27 10:50:42', '2018-03-27 10:50:42'),
('35.20.16.2003', 'Bangsri', '2018-03-27 10:50:42', '2018-03-27 10:50:42'),
('35.20.16.2004', 'Selopanggung', '2018-03-27 10:50:42', '2018-03-27 10:50:42'),
('35.20.16.2005', 'Sumberdukun', '2018-03-27 10:50:42', '2018-03-27 10:50:42'),
('35.20.16.2006', 'Baleasri', '2018-03-27 10:50:42', '2018-03-27 10:50:42'),
('35.20.16.2007', 'Balegondo', '2018-03-27 10:50:42', '2018-03-27 10:50:42'),
('35.20.16.2008', 'Ngariboyo', '2018-03-27 10:50:42', '2018-03-27 10:50:42'),
('35.20.16.2009', 'Mojopurno', '2018-03-27 10:50:42', '2018-03-27 10:50:42'),
('35.20.16.2010', 'Banyudono', '2018-03-27 10:50:42', '2018-03-27 10:50:42'),
('35.20.16.2011', 'Banjarpanjang', '2018-03-27 10:50:42', '2018-03-27 10:50:42'),
('35.20.16.2012', 'Banjarejo', '2018-03-27 10:50:42', '2018-03-27 10:50:42'),
('35.20.17', 'Nguntoronadi', '2018-03-27 10:50:42', '2018-03-27 10:50:42'),
('35.20.17.2001', 'Sukowidi', '2018-03-27 10:50:42', '2018-03-27 10:50:42'),
('35.20.17.2002', 'Semen', '2018-03-27 10:50:42', '2018-03-27 10:50:42'),
('35.20.17.2003', 'Goranggareng', '2018-03-27 10:50:42', '2018-03-27 10:50:42'),
('35.20.17.2004', 'Petungrejo', '2018-03-27 10:50:42', '2018-03-27 10:50:42'),
('35.20.17.2005', 'Nguntoronadi', '2018-03-27 10:50:42', '2018-03-27 10:50:42'),
('35.20.17.2006', 'Simbatan', '2018-03-27 10:50:42', '2018-03-27 10:50:42'),
('35.20.17.2007', 'Purworejo', '2018-03-27 10:50:42', '2018-03-27 10:50:42'),
('35.20.17.2008', 'Kenongomulyo', '2018-03-27 10:50:42', '2018-03-27 10:50:42'),
('35.20.17.2009', 'Driyorejo', '2018-03-27 10:50:42', '2018-03-27 10:50:42'),
('35.20.18', 'Sidorejo', '2018-03-27 10:50:42', '2018-03-27 10:50:42'),
('35.20.18.2001', 'Sambirobyong', '2018-03-27 10:50:42', '2018-03-27 10:50:42'),
('35.20.18.2002', 'Campursari', '2018-03-27 10:50:42', '2018-03-27 10:50:42'),
('35.20.18.2003', 'Kalang', '2018-03-27 10:50:42', '2018-03-27 10:50:42'),
('35.20.18.2004', 'Durenan', '2018-03-27 10:50:42', '2018-03-27 10:50:42'),
('35.20.18.2005', 'Sidorejo', '2018-03-27 10:50:42', '2018-03-27 10:50:42'),
('35.20.18.2006', 'Getasanyar', '2018-03-27 10:50:42', '2018-03-27 10:50:42'),
('35.20.18.2007', 'Sidomulyo', '2018-03-27 10:50:42', '2018-03-27 10:50:42'),
('35.20.18.2008', 'Sumbersawit', '2018-03-27 10:50:42', '2018-03-27 10:50:42'),
('35.20.18.2009', 'Sidokerto', '2018-03-27 10:50:42', '2018-03-27 10:50:42'),
('35.20.18.2010', 'Widorokandang', '2018-03-27 10:50:42', '2018-03-27 10:50:42'),
('35.21', 'KAB. NGAWI', '2018-03-27 10:50:42', '2018-03-27 10:50:42'),
('35.21.01', 'Sine', '2018-03-27 10:50:42', '2018-03-27 10:50:42'),
('35.21.01.2001', 'Wonosari', '2018-03-27 10:50:42', '2018-03-27 10:50:42'),
('35.21.01.2002', 'Pandansari', '2018-03-27 10:50:42', '2018-03-27 10:50:42'),
('35.21.01.2003', 'Girikerto', '2018-03-27 10:50:42', '2018-03-27 10:50:42'),
('35.21.01.2004', 'Ngrendeng', '2018-03-27 10:50:42', '2018-03-27 10:50:42'),
('35.21.01.2005', 'Hargosari', '2018-03-27 10:50:42', '2018-03-27 10:50:42'),
('35.21.01.2006', 'Pocol', '2018-03-27 10:50:42', '2018-03-27 10:50:42'),
('35.21.01.2007', 'Gendol', '2018-03-27 10:50:42', '2018-03-27 10:50:42'),
('35.21.01.2008', 'Sine', '2018-03-27 10:50:42', '2018-03-27 10:50:42'),
('35.21.01.2009', 'Sumberejo', '2018-03-27 10:50:42', '2018-03-27 10:50:42'),
('35.21.01.2010', 'Sumbersari', '2018-03-27 10:50:42', '2018-03-27 10:50:42'),
('35.21.01.2011', 'Kuniran', '2018-03-27 10:50:42', '2018-03-27 10:50:42'),
('35.21.01.2012', 'Tulakan', '2018-03-27 10:50:42', '2018-03-27 10:50:42'),
('35.21.01.2013', 'Ketanggung', '2018-03-27 10:50:42', '2018-03-27 10:50:42'),
('35.21.01.2014', 'Jagir', '2018-03-27 10:50:42', '2018-03-27 10:50:42'),
('35.21.01.2015', 'Kauman', '2018-03-27 10:50:42', '2018-03-27 10:50:42'),
('35.21.02', 'Ngrambe', '2018-03-27 10:50:42', '2018-03-27 10:50:42'),
('35.21.02.2001', 'Hargomulyo', '2018-03-27 10:50:42', '2018-03-27 10:50:42'),
('35.21.02.2002', 'Giriharjo', '2018-03-27 10:50:42', '2018-03-27 10:50:42'),
('35.21.02.2003', 'Setono', '2018-03-27 10:50:42', '2018-03-27 10:50:42'),
('35.21.02.2004', 'Wakah', '2018-03-27 10:50:42', '2018-03-27 10:50:42'),
('35.21.02.2005', 'Tawangrejo', '2018-03-27 10:50:42', '2018-03-27 10:50:42'),
('35.21.02.2006', 'Sambirejo', '2018-03-27 10:50:42', '2018-03-27 10:50:42'),
('35.21.02.2007', 'Manisharjo', '2018-03-27 10:50:42', '2018-03-27 10:50:42'),
('35.21.02.2008', 'Sidomulyo', '2018-03-27 10:50:42', '2018-03-27 10:50:42'),
('35.21.02.2009', 'Ngrambe', '2018-03-27 10:50:42', '2018-03-27 10:50:42'),
('35.21.02.2010', 'Babadan', '2018-03-27 10:50:42', '2018-03-27 10:50:42'),
('35.21.02.2011', 'Krandegan', '2018-03-27 10:50:42', '2018-03-27 10:50:42'),
('35.21.02.2012', 'Pucangan', '2018-03-27 10:50:42', '2018-03-27 10:50:42'),
('35.21.02.2013', 'Cepoko', '2018-03-27 10:50:42', '2018-03-27 10:50:42'),
('35.21.02.2014', 'Mendiro', '2018-03-27 10:50:42', '2018-03-27 10:50:42'),
('35.21.03', 'Jogorogo', '2018-03-27 10:50:42', '2018-03-27 10:50:42'),
('35.21.03.2001', 'Umbulrejo', '2018-03-27 10:50:42', '2018-03-27 10:50:42'),
('35.21.03.2002', 'Kletekan', '2018-03-27 10:50:42', '2018-03-27 10:50:42'),
('35.21.03.2003', 'Jaten', '2018-03-27 10:50:42', '2018-03-27 10:50:42'),
('35.21.03.2004', 'Girimulyo', '2018-03-27 10:50:42', '2018-03-27 10:50:42'),
('35.21.03.2005', 'Ngrayudan', '2018-03-27 10:50:42', '2018-03-27 10:50:42'),
('35.21.03.2006', 'Talang', '2018-03-27 10:50:42', '2018-03-27 10:50:42'),
('35.21.03.2007', 'Macanan', '2018-03-27 10:50:42', '2018-03-27 10:50:42'),
('35.21.03.2008', 'Brubuh', '2018-03-27 10:50:42', '2018-03-27 10:50:42'),
('35.21.03.2009', 'Jogorogo', '2018-03-27 10:50:42', '2018-03-27 10:50:42'),
('35.21.03.2010', 'Dawung', '2018-03-27 10:50:42', '2018-03-27 10:50:42'),
('35.21.03.2011', 'Tanjungsari', '2018-03-27 10:50:42', '2018-03-27 10:50:42'),
('35.21.03.2012', 'Soco', '2018-03-27 10:50:42', '2018-03-27 10:50:42'),
('35.21.04', 'Kendal', '2018-03-27 10:50:42', '2018-03-27 10:50:42'),
('35.21.04.2001', 'Karanggupito', '2018-03-27 10:50:42', '2018-03-27 10:50:42'),
('35.21.04.2002', 'Karangrejo', '2018-03-27 10:50:42', '2018-03-27 10:50:42'),
('35.21.04.2003', 'Simo', '2018-03-27 10:50:42', '2018-03-27 10:50:42'),
('35.21.04.2004', 'Ploso', '2018-03-27 10:50:42', '2018-03-27 10:50:42'),
('35.21.04.2005', 'Majasem', '2018-03-27 10:50:42', '2018-03-27 10:50:42'),
('35.21.04.2006', 'Kendal', '2018-03-27 10:50:42', '2018-03-27 10:50:42'),
('35.21.04.2007', 'Sidorejo', '2018-03-27 10:50:42', '2018-03-27 10:50:42'),
('35.21.04.2008', 'Gayam', '2018-03-27 10:50:42', '2018-03-27 10:50:42'),
('35.21.04.2009', 'Dadapan', '2018-03-27 10:50:42', '2018-03-27 10:50:42'),
('35.21.04.2010', 'Patalan', '2018-03-27 10:50:42', '2018-03-27 10:50:42'),
('35.21.05', 'Geneng', '2018-03-27 10:50:42', '2018-03-27 10:50:42'),
('35.21.05.2005', 'Kerasweton', '2018-03-27 10:50:42', '2018-03-27 10:50:42'),
('35.21.05.2006', 'Keniten', '2018-03-27 10:50:42', '2018-03-27 10:50:42'),
('35.21.05.2007', 'Tambakromo', '2018-03-27 10:50:42', '2018-03-27 10:50:42'),
('35.21.05.2009', 'Tepas', '2018-03-27 10:50:42', '2018-03-27 10:50:42'),
('35.21.05.2010', 'Geneng', '2018-03-27 10:50:42', '2018-03-27 10:50:42'),
('35.21.05.2011', 'Sidorejo', '2018-03-27 10:50:42', '2018-03-27 10:50:42'),
('35.21.05.2012', 'Baderan', '2018-03-27 10:50:42', '2018-03-27 10:50:42'),
('35.21.05.2013', 'Kasreman', '2018-03-27 10:50:42', '2018-03-27 10:50:42'),
('35.21.05.2014', 'Kersikan', '2018-03-27 10:50:42', '2018-03-27 10:50:42'),
('35.21.05.2015', 'Dempel', '2018-03-27 10:50:42', '2018-03-27 10:50:42'),
('35.21.05.2016', 'Klitik', '2018-03-27 10:50:42', '2018-03-27 10:50:42'),
('35.21.05.2017', 'Kersoharjo', '2018-03-27 10:50:42', '2018-03-27 10:50:42'),
('35.21.05.2018', 'Klampisan', '2018-03-27 10:50:42', '2018-03-27 10:50:42'),
('35.21.06', 'Kwadungan', '2018-03-27 10:50:42', '2018-03-27 10:50:42'),
('35.21.06.2001', 'Kendung', '2018-03-27 10:50:42', '2018-03-27 10:50:42'),
('35.21.06.2002', 'Dinden', '2018-03-27 10:50:42', '2018-03-27 10:50:42'),
('35.21.06.2003', 'Pojok', '2018-03-27 10:50:42', '2018-03-27 10:50:42'),
('35.21.06.2004', 'Jenangan', '2018-03-27 10:50:42', '2018-03-27 10:50:42'),
('35.21.06.2005', 'Purwosari', '2018-03-27 10:50:42', '2018-03-27 10:50:42'),
('35.21.06.2006', 'Tirak', '2018-03-27 10:50:42', '2018-03-27 10:50:42'),
('35.21.06.2007', 'Sumengko', '2018-03-27 10:50:42', '2018-03-27 10:50:42'),
('35.21.06.2008', 'Simo', '2018-03-27 10:50:42', '2018-03-27 10:50:42'),
('35.21.06.2009', 'Warukkalong', '2018-03-27 10:50:42', '2018-03-27 10:50:42'),
('35.21.06.2010', 'Kwadungan', '2018-03-27 10:50:42', '2018-03-27 10:50:42'),
('35.21.06.2011', 'Budug', '2018-03-27 10:50:42', '2018-03-27 10:50:42'),
('35.21.06.2012', 'Mojomanis', '2018-03-27 10:50:42', '2018-03-27 10:50:42'),
('35.21.06.2013', 'Banget', '2018-03-27 10:50:42', '2018-03-27 10:50:42'),
('35.21.06.2014', 'Karangsono', '2018-03-27 10:50:42', '2018-03-27 10:50:42'),
('35.21.07', 'Karangjati', '2018-03-27 10:50:42', '2018-03-27 10:50:42'),
('35.21.07.2001', 'Campur Asri', '2018-03-27 10:50:42', '2018-03-27 10:50:42'),
('35.21.07.2002', 'Danguk', '2018-03-27 10:50:42', '2018-03-27 10:50:42'),
('35.21.07.2003', 'Gempol', '2018-03-27 10:50:42', '2018-03-27 10:50:42'),
('35.21.07.2004', 'Ringinanom', '2018-03-27 10:50:42', '2018-03-27 10:50:42'),
('35.21.07.2005', 'Sembung', '2018-03-27 10:50:42', '2018-03-27 10:50:42'),
('35.21.07.2006', 'Sidorejo', '2018-03-27 10:50:42', '2018-03-27 10:50:42'),
('35.21.07.2007', 'Dungmiri', '2018-03-27 10:50:42', '2018-03-27 10:50:42'),
('35.21.07.2008', 'Brangol', '2018-03-27 10:50:42', '2018-03-27 10:50:42'),
('35.21.07.2009', 'Sidokerto', '2018-03-27 10:50:42', '2018-03-27 10:50:42'),
('35.21.07.2010', 'Jatipuro', '2018-03-27 10:50:42', '2018-03-27 10:50:42'),
('35.21.07.2011', 'Puhti', '2018-03-27 10:50:42', '2018-03-27 10:50:42'),
('35.21.07.2012', 'Sawo', '2018-03-27 10:50:42', '2018-03-27 10:50:42'),
('35.21.07.2013', 'Karangjati', '2018-03-27 10:50:42', '2018-03-27 10:50:42'),
('35.21.07.2014', 'Legundi', '2018-03-27 10:50:42', '2018-03-27 10:50:42'),
('35.21.07.2015', 'Rejomulyo', '2018-03-27 10:50:42', '2018-03-27 10:50:42'),
('35.21.07.2016', 'Rejuno', '2018-03-27 10:50:42', '2018-03-27 10:50:42'),
('35.21.07.2017', 'Ploso Lor', '2018-03-27 10:50:42', '2018-03-27 10:50:42'),
('35.21.08', 'Padas', '2018-03-27 10:50:42', '2018-03-27 10:50:42'),
('35.21.08.2001', 'Banjarsari', '2018-03-27 10:50:42', '2018-03-27 10:50:42'),
('35.21.08.2002', 'Bendo', '2018-03-27 10:50:42', '2018-03-27 10:50:42'),
('35.21.08.2003', 'Tambakromo', '2018-03-27 10:50:42', '2018-03-27 10:50:42'),
('35.21.08.2004', 'Tungkulrejo', '2018-03-27 10:50:42', '2018-03-27 10:50:42'),
('35.21.08.2005', 'Bintoyo', '2018-03-27 10:50:42', '2018-03-27 10:50:42'),
('35.21.08.2006', 'Sukowiyono', '2018-03-27 10:50:42', '2018-03-27 10:50:42'),
('35.21.08.2007', 'Munggut', '2018-03-27 10:50:42', '2018-03-27 10:50:42'),
('35.21.08.2011', 'Pacing', '2018-03-27 10:50:42', '2018-03-27 10:50:42'),
('35.21.08.2012', 'Padas', '2018-03-27 10:50:42', '2018-03-27 10:50:42'),
('35.21.08.2013', 'Kedungprahu', '2018-03-27 10:50:42', '2018-03-27 10:50:42'),
('35.21.08.2014', 'Sambiroto', '2018-03-27 10:50:42', '2018-03-27 10:50:42'),
('35.21.08.2015', 'Kwadungan Lor', '2018-03-27 10:50:42', '2018-03-27 10:50:42'),
('35.21.09', 'Ngawi', '2018-03-27 10:50:42', '2018-03-27 10:50:42'),
('35.21.09.2001', 'Mangunharjo', '2018-03-27 10:50:42', '2018-03-27 10:50:42'),
('35.21.09.2002', 'Kandangan', '2018-03-27 10:50:42', '2018-03-27 10:50:42'),
('35.21.09.2003', 'Kartoharjo', '2018-03-27 10:50:42', '2018-03-27 10:50:42'),
('35.21.09.2004', 'Karangasri', '2018-03-27 10:50:42', '2018-03-27 10:50:42'),
('35.21.09.2005', 'Banyuurip', '2018-03-27 10:50:42', '2018-03-27 10:50:42'),
('35.21.09.2006', 'Beran', '2018-03-27 10:50:42', '2018-03-27 10:50:42'),
('35.21.09.2007', 'Jururejo', '2018-03-27 10:50:42', '2018-03-27 10:50:42'),
('35.21.09.2008', 'Grudo', '2018-03-27 10:50:42', '2018-03-27 10:50:42'),
('35.21.09.2009', 'Watualang', '2018-03-27 10:50:42', '2018-03-27 10:50:42'),
('35.21.09.2010', 'Ngawi', '2018-03-27 10:50:42', '2018-03-27 10:50:42'),
('35.21.09.2011', 'Karangtengahprandon', '2018-03-27 10:50:42', '2018-03-27 10:50:42'),
('35.21.09.2012', 'Kerek', '2018-03-27 10:50:42', '2018-03-27 10:50:42'),
('35.21.09.1013', 'Margomulyo', '2018-03-27 10:50:42', '2018-03-27 10:50:42'),
('35.21.09.1014', 'Karangtengah', '2018-03-27 10:50:42', '2018-03-27 10:50:42'),
('35.21.09.1015', 'Ketanggi', '2018-03-27 10:50:42', '2018-03-27 10:50:42'),
('35.21.09.1016', 'Pelem', '2018-03-27 10:50:42', '2018-03-27 10:50:42'),
('35.21.10', 'Paron', '2018-03-27 10:50:42', '2018-03-27 10:50:42'),
('35.21.10.2001', 'Gentong', '2018-03-27 10:50:42', '2018-03-27 10:50:42'),
('35.21.10.2002', 'Babadan', '2018-03-27 10:50:42', '2018-03-27 10:50:42'),
('35.21.10.2003', 'Semen', '2018-03-27 10:50:42', '2018-03-27 10:50:42'),
('35.21.10.2004', 'Kedungputri', '2018-03-27 10:50:42', '2018-03-27 10:50:42'),
('35.21.10.2005', 'Tempuran', '2018-03-27 10:50:42', '2018-03-27 10:50:42'),
('35.21.10.2006', 'Dawu', '2018-03-27 10:50:42', '2018-03-27 10:50:42'),
('35.21.10.2007', 'Paron', '2018-03-27 10:50:42', '2018-03-27 10:50:42'),
('35.21.10.2008', 'Jambangan', '2018-03-27 10:50:42', '2018-03-27 10:50:42'),
('35.21.10.2009', 'Teguhan', '2018-03-27 10:50:42', '2018-03-27 10:50:42'),
('35.21.10.2010', 'Sirigan', '2018-03-27 10:50:42', '2018-03-27 10:50:42'),
('35.21.10.2011', 'Jeblogan', '2018-03-27 10:50:42', '2018-03-27 10:50:42'),
('35.21.10.2012', 'Ngale', '2018-03-27 10:50:42', '2018-03-27 10:50:42'),
('35.21.10.2013', 'Gelung', '2018-03-27 10:50:42', '2018-03-27 10:50:42'),
('35.21.10.2014', 'Kebon', '2018-03-27 10:50:42', '2018-03-27 10:50:42'),
('35.21.11', 'Kedunggalar', '2018-03-27 10:50:42', '2018-03-27 10:50:42'),
('35.21.11.2001', 'Begal', '2018-03-27 10:50:42', '2018-03-27 10:50:42'),
('35.21.11.2002', 'Wonorejo', '2018-03-27 10:50:42', '2018-03-27 10:50:42'),
('35.21.11.2003', 'Katikan', '2018-03-27 10:50:42', '2018-03-27 10:50:42'),
('35.21.11.2004', 'Pelang Kidul', '2018-03-27 10:50:42', '2018-03-27 10:50:42'),
('35.21.11.2005', 'Kedunggalar', '2018-03-27 10:50:42', '2018-03-27 10:50:42'),
('35.21.11.2006', 'Jatigembol', '2018-03-27 10:50:42', '2018-03-27 10:50:42'),
('35.21.11.2007', 'Pelang Lor', '2018-03-27 10:50:42', '2018-03-27 10:50:42'),
('35.21.11.2008', 'Bangunrejo Kidul', '2018-03-27 10:50:42', '2018-03-27 10:50:42'),
('35.21.11.2009', 'Jenggrik', '2018-03-27 10:50:42', '2018-03-27 10:50:42'),
('35.21.11.2010', 'Wonokerto', '2018-03-27 10:50:42', '2018-03-27 10:50:42'),
('35.21.11.2011', 'Gemarang', '2018-03-27 10:50:42', '2018-03-27 10:50:42'),
('35.21.11.2012', 'Kawu', '2018-03-27 10:50:42', '2018-03-27 10:50:42'),
('35.21.12', 'Widodaren', '2018-03-27 10:50:42', '2018-03-27 10:50:42'),
('35.21.12.2001', 'Banyubiru', '2018-03-27 10:50:42', '2018-03-27 10:50:42'),
('35.21.12.2002', 'Kedunggudel', '2018-03-27 10:50:42', '2018-03-27 10:50:42'),
('35.21.12.2003', 'Sekaralas', '2018-03-27 10:50:42', '2018-03-27 10:50:42'),
('35.21.12.2004', 'Sekarputih', '2018-03-27 10:50:42', '2018-03-27 10:50:42'),
('35.21.12.2005', 'Kayutrejo', '2018-03-27 10:50:42', '2018-03-27 10:50:42'),
('35.21.12.2006', 'Sidolaju', '2018-03-27 10:50:42', '2018-03-27 10:50:42'),
('35.21.12.2007', 'Karangbanyu', '2018-03-27 10:50:42', '2018-03-27 10:50:42'),
('35.21.12.2008', 'Widodaren', '2018-03-27 10:50:42', '2018-03-27 10:50:42'),
('35.21.12.2009', 'Gendingan', '2018-03-27 10:50:42', '2018-03-27 10:50:42'),
('35.21.12.2010', 'Kauman', '2018-03-27 10:50:42', '2018-03-27 10:50:42'),
('35.21.12.2011', 'Sidomakmur', '2018-03-27 10:50:42', '2018-03-27 10:50:42'),
('35.21.12.2012', 'Walikukun', '2018-03-27 10:50:42', '2018-03-27 10:50:42'),
('35.21.13', 'Mantingan', '2018-03-27 10:50:42', '2018-03-27 10:50:42'),
('35.21.13.2001', 'Sambirejo', '2018-03-27 10:50:42', '2018-03-27 10:50:42'),
('35.21.13.2002', 'Mantingan', '2018-03-27 10:50:42', '2018-03-27 10:50:42'),
('35.21.13.2003', 'Kedungharjo', '2018-03-27 10:50:42', '2018-03-27 10:50:42'),
('35.21.13.2004', 'Pakah', '2018-03-27 10:50:42', '2018-03-27 10:50:42'),
('35.21.13.2005', 'Tambakboyo', '2018-03-27 10:50:42', '2018-03-27 10:50:42'),
('35.21.13.2006', 'Pengkol', '2018-03-27 10:50:42', '2018-03-27 10:50:42'),
('35.21.13.2007', 'Jatimulyo', '2018-03-27 10:50:42', '2018-03-27 10:50:42'),
('35.21.14', 'Pangkur', '2018-03-27 10:50:42', '2018-03-27 10:50:42'),
('35.21.14.2001', 'Babadan', '2018-03-27 10:50:42', '2018-03-27 10:50:42'),
('35.21.14.2002', 'Pohkonyal', '2018-03-27 10:50:42', '2018-03-27 10:50:42'),
('35.21.14.2003', 'Sumber', '2018-03-27 10:50:42', '2018-03-27 10:50:42'),
('35.21.14.2004', 'Gandri', '2018-03-27 10:50:42', '2018-03-27 10:50:42'),
('35.21.14.2005', 'Pleset', '2018-03-27 10:50:42', '2018-03-27 10:50:42'),
('35.21.14.2006', 'Waru Tengah', '2018-03-27 10:50:42', '2018-03-27 10:50:42'),
('35.21.14.2007', 'Ngompro', '2018-03-27 10:50:42', '2018-03-27 10:50:42'),
('35.21.14.2008', 'Pangkur', '2018-03-27 10:50:42', '2018-03-27 10:50:42'),
('35.21.14.2009', 'Paras', '2018-03-27 10:50:42', '2018-03-27 10:50:42'),
('35.21.15', 'Bringin', '2018-03-27 10:50:42', '2018-03-27 10:50:42'),
('35.21.15.2001', 'Sumberbening', '2018-03-27 10:50:42', '2018-03-27 10:50:42'),
('35.21.15.2002', 'Mojo', '2018-03-27 10:50:42', '2018-03-27 10:50:42'),
('35.21.15.2003', 'Krompol', '2018-03-27 10:50:42', '2018-03-27 10:50:42'),
('35.21.15.2004', 'Bringin', '2018-03-27 10:50:42', '2018-03-27 10:50:42'),
('35.21.15.2005', 'Dero', '2018-03-27 10:50:42', '2018-03-27 10:50:42'),
('35.21.15.2006', 'Lego Wetan', '2018-03-27 10:50:42', '2018-03-27 10:50:42'),
('35.21.15.2007', 'Gandong', '2018-03-27 10:50:42', '2018-03-27 10:50:42'),
('35.21.15.2008', 'Dampit', '2018-03-27 10:50:42', '2018-03-27 10:50:42'),
('35.21.15.2009', 'Suruh', '2018-03-27 10:50:42', '2018-03-27 10:50:42'),
('35.21.15.2010', 'Kenongorejo', '2018-03-27 10:50:42', '2018-03-27 10:50:42'),
('35.21.16', 'Pitu', '2018-03-27 10:50:42', '2018-03-27 10:50:42'),
('35.21.16.2001', 'Kalang', '2018-03-27 10:50:42', '2018-03-27 10:50:42'),
('35.21.16.2002', 'Pitu', '2018-03-27 10:50:42', '2018-03-27 10:50:42'),
('35.21.16.2003', 'Dumplengan', '2018-03-27 10:50:42', '2018-03-27 10:50:42'),
('35.21.16.2004', 'Selopuro', '2018-03-27 10:50:42', '2018-03-27 10:50:42'),
('35.21.16.2005', 'Karanggeneng', '2018-03-27 10:50:42', '2018-03-27 10:50:42'),
('35.21.16.2006', 'Ngancar', '2018-03-27 10:50:42', '2018-03-27 10:50:42'),
('35.21.16.2007', 'Cantel', '2018-03-27 10:50:42', '2018-03-27 10:50:42'),
('35.21.16.2008', 'Papungan', '2018-03-27 10:50:42', '2018-03-27 10:50:42'),
('35.21.16.2009', 'Banjarbanggi', '2018-03-27 10:50:42', '2018-03-27 10:50:42'),
('35.21.16.2010', 'Bangunrejo Lor', '2018-03-27 10:50:42', '2018-03-27 10:50:42'),
('35.21.17', 'Karanganyar', '2018-03-27 10:50:42', '2018-03-27 10:50:42'),
('35.21.17.2001', 'Karanganyar', '2018-03-27 10:50:42', '2018-03-27 10:50:42'),
('35.21.17.2002', 'Mengger', '2018-03-27 10:50:42', '2018-03-27 10:50:42'),
('35.21.17.2003', 'Gembol', '2018-03-27 10:50:42', '2018-03-27 10:50:42'),
('35.21.17.2004', 'Sriwedari', '2018-03-27 10:50:42', '2018-03-27 10:50:42'),
('35.21.17.2005', 'Bangunrejo', '2018-03-27 10:50:42', '2018-03-27 10:50:42'),
('35.21.17.2006', 'Pandean', '2018-03-27 10:50:42', '2018-03-27 10:50:42'),
('35.21.17.2007', 'Sekarjati', '2018-03-27 10:50:42', '2018-03-27 10:50:42'),
('35.21.18', 'Gerih', '2018-03-27 10:50:42', '2018-03-27 10:50:42'),
('35.21.18.2001', 'Randusongo', '2018-03-27 10:50:42', '2018-03-27 10:50:42'),
('35.21.18.2002', 'Widodaren', '2018-03-27 10:50:42', '2018-03-27 10:50:42'),
('35.21.18.2003', 'Gerih', '2018-03-27 10:50:42', '2018-03-27 10:50:42'),
('35.21.18.2004', 'Keraskulon', '2018-03-27 10:50:42', '2018-03-27 10:50:42'),
('35.21.18.2005', 'Guyung', '2018-03-27 10:50:42', '2018-03-27 10:50:42'),
('35.21.19', 'Kasreman', '2018-03-27 10:50:42', '2018-03-27 10:50:42'),
('35.21.19.2001', 'Jatirejo', '2018-03-27 10:50:42', '2018-03-27 10:50:42'),
('35.21.19.2002', 'Cangakan', '2018-03-27 10:50:42', '2018-03-27 10:50:42'),
('35.21.19.2003', 'Karangmalang', '2018-03-27 10:50:42', '2018-03-27 10:50:42'),
('35.21.19.2004', 'Gunungsari', '2018-03-27 10:50:42', '2018-03-27 10:50:42'),
('35.21.19.2005', 'Kasreman', '2018-03-27 10:50:42', '2018-03-27 10:50:42'),
('35.21.19.2006', 'Lego Kulon', '2018-03-27 10:50:42', '2018-03-27 10:50:42'),
('35.21.19.2007', 'Tawun', '2018-03-27 10:50:42', '2018-03-27 10:50:42'),
('35.21.19.2008', 'Kiyonten', '2018-03-27 10:50:42', '2018-03-27 10:50:42'),
('35.22', 'KAB. BOJONEGORO', '2018-03-27 10:50:42', '2018-03-27 10:50:42'),
('35.22.01', 'Ngraho', '2018-03-27 10:50:42', '2018-03-27 10:50:42'),
('35.22.01.2001', 'Luwihaji', '2018-03-27 10:50:42', '2018-03-27 10:50:42'),
('35.22.01.2002', 'Sugihwaras', '2018-03-27 10:50:42', '2018-03-27 10:50:42'),
('35.22.01.2003', 'Nganti', '2018-03-27 10:50:42', '2018-03-27 10:50:42'),
('35.22.01.2004', 'Jumok', '2018-03-27 10:50:42', '2018-03-27 10:50:42'),
('35.22.01.2005', 'Sumber Agung', '2018-03-27 10:50:42', '2018-03-27 10:50:42'),
('35.22.01.2006', 'Mojorejo', '2018-03-27 10:50:42', '2018-03-27 10:50:42'),
('35.22.01.2007', 'Ngraho', '2018-03-27 10:50:42', '2018-03-27 10:50:42'),
('35.22.01.2008', 'Blimbinggede', '2018-03-27 10:50:42', '2018-03-27 10:50:42');
INSERT INTO `tbl_wilayah` (`kode`, `nama`, `dtm_crt`, `dtm_upd`) VALUES
('35.22.01.2009', 'Kalirejo', '2018-03-27 10:50:42', '2018-03-27 10:50:42'),
('35.22.01.2010', 'Tapelan', '2018-03-27 10:50:42', '2018-03-27 10:50:42'),
('35.22.01.2011', 'Tanggungan', '2018-03-27 10:50:42', '2018-03-27 10:50:42'),
('35.22.01.2012', 'Pandan', '2018-03-27 10:50:42', '2018-03-27 10:50:42'),
('35.22.01.2013', 'Sumberarum', '2018-03-27 10:50:42', '2018-03-27 10:50:42'),
('35.22.01.2014', 'Payaman', '2018-03-27 10:50:42', '2018-03-27 10:50:42'),
('35.22.01.2015', 'Bancer', '2018-03-27 10:50:42', '2018-03-27 10:50:42'),
('35.22.01.2016', 'Klempun', '2018-03-27 10:50:42', '2018-03-27 10:50:42'),
('35.22.02', 'Tambakrejo', '2018-03-27 10:50:42', '2018-03-27 10:50:42'),
('35.22.02.2001', 'Napis', '2018-03-27 10:50:42', '2018-03-27 10:50:42'),
('35.22.02.2002', 'Jatimulyo', '2018-03-27 10:50:42', '2018-03-27 10:50:42'),
('35.22.02.2003', 'Ngrancang', '2018-03-27 10:50:42', '2018-03-27 10:50:42'),
('35.22.02.2004', 'Turi', '2018-03-27 10:50:42', '2018-03-27 10:50:42'),
('35.22.02.2005', 'Malingmati', '2018-03-27 10:50:42', '2018-03-27 10:50:42'),
('35.22.02.2006', 'Tambakrejo', '2018-03-27 10:50:42', '2018-03-27 10:50:42'),
('35.22.02.2007', 'Bakalan', '2018-03-27 10:50:42', '2018-03-27 10:50:42'),
('35.22.02.2008', 'Jawik', '2018-03-27 10:50:42', '2018-03-27 10:50:42'),
('35.22.02.2009', 'Sukerejo', '2018-03-27 10:50:42', '2018-03-27 10:50:42'),
('35.22.02.2010', 'Gading', '2018-03-27 10:50:42', '2018-03-27 10:50:42'),
('35.22.02.2011', 'Pengkol', '2018-03-27 10:50:42', '2018-03-27 10:50:42'),
('35.22.02.2012', 'Tanjung', '2018-03-27 10:50:42', '2018-03-27 10:50:42'),
('35.22.02.2013', 'Gamongan', '2018-03-27 10:50:42', '2018-03-27 10:50:42'),
('35.22.02.2014', 'Kalisumber', '2018-03-27 10:50:42', '2018-03-27 10:50:42'),
('35.22.02.2015', 'Mulyorejo', '2018-03-27 10:50:42', '2018-03-27 10:50:42'),
('35.22.02.2016', 'Dolokgede', '2018-03-27 10:50:42', '2018-03-27 10:50:42'),
('35.22.02.2017', 'Sendangrejo', '2018-03-27 10:50:42', '2018-03-27 10:50:42'),
('35.22.02.2018', 'Kacangan', '2018-03-27 10:50:42', '2018-03-27 10:50:42'),
('35.22.03', 'Ngambon', '2018-03-27 10:50:42', '2018-03-27 10:50:42'),
('35.22.03.2001', 'Nglamping', '2018-03-27 10:50:42', '2018-03-27 10:50:42'),
('35.22.03.2002', 'Karangmangu', '2018-03-27 10:50:42', '2018-03-27 10:50:42'),
('35.22.03.2003', 'Ngambon', '2018-03-27 10:50:42', '2018-03-27 10:50:42'),
('35.22.03.2004', 'Sengon', '2018-03-27 10:50:42', '2018-03-27 10:50:42'),
('35.22.03.2005', 'Bondol', '2018-03-27 10:50:42', '2018-03-27 10:50:42'),
('35.22.04', 'Ngasem', '2018-03-27 10:50:42', '2018-03-27 10:50:42'),
('35.22.04.2001', 'Butoh', '2018-03-27 10:50:42', '2018-03-27 10:50:42'),
('35.22.04.2002', 'Trenggulungan', '2018-03-27 10:50:42', '2018-03-27 10:50:42'),
('35.22.04.2003', 'Setren', '2018-03-27 10:50:42', '2018-03-27 10:50:42'),
('35.22.04.2004', 'Mediyunan', '2018-03-27 10:50:42', '2018-03-27 10:50:42'),
('35.22.04.2005', 'Kolong', '2018-03-27 10:50:42', '2018-03-27 10:50:42'),
('35.22.04.2006', 'Sendangharjo', '2018-03-27 10:50:42', '2018-03-27 10:50:42'),
('35.22.04.2007', 'Ngadiluwih', '2018-03-27 10:50:42', '2018-03-27 10:50:42'),
('35.22.04.2008', 'Ngasem', '2018-03-27 10:50:42', '2018-03-27 10:50:42'),
('35.22.04.2009', 'Bandungrejo', '2018-03-27 10:50:42', '2018-03-27 10:50:42'),
('35.22.04.2010', 'Tengger', '2018-03-27 10:50:42', '2018-03-27 10:50:42'),
('35.22.04.2011', 'Ngantru', '2018-03-27 10:50:42', '2018-03-27 10:50:42'),
('35.22.04.2012', 'Sambong', '2018-03-27 10:50:42', '2018-03-27 10:50:42'),
('35.22.04.2013', 'Dukuhkidul', '2018-03-27 10:50:42', '2018-03-27 10:50:42'),
('35.22.04.2014', 'Wadang', '2018-03-27 10:50:42', '2018-03-27 10:50:42'),
('35.22.04.2015', 'Jampet', '2018-03-27 10:50:42', '2018-03-27 10:50:42'),
('35.22.04.2016', 'Bareng', '2018-03-27 10:50:42', '2018-03-27 10:50:42'),
('35.22.04.2017', 'Jelu', '2018-03-27 10:50:42', '2018-03-27 10:50:42'),
('35.22.05', 'Bubulan', '2018-03-27 10:50:42', '2018-03-27 10:50:42'),
('35.22.05.2001', 'Bubulan', '2018-03-27 10:50:42', '2018-03-27 10:50:42'),
('35.22.05.2002', 'Cancung', '2018-03-27 10:50:42', '2018-03-27 10:50:42'),
('35.22.05.2003', 'Clebung', '2018-03-27 10:50:42', '2018-03-27 10:50:42'),
('35.22.05.2004', 'Sumberbendo', '2018-03-27 10:50:42', '2018-03-27 10:50:42'),
('35.22.05.2005', 'Ngorogunung', '2018-03-27 10:50:42', '2018-03-27 10:50:42'),
('35.22.06', 'Dander', '2018-03-27 10:50:42', '2018-03-27 10:50:42'),
('35.22.06.2001', 'Ngunut', '2018-03-27 10:50:42', '2018-03-27 10:50:42'),
('35.22.06.2002', 'Dander', '2018-03-27 10:50:42', '2018-03-27 10:50:42'),
('35.22.06.2003', 'Growak', '2018-03-27 10:50:42', '2018-03-27 10:50:42'),
('35.22.06.2004', 'Sumberarum', '2018-03-27 10:50:42', '2018-03-27 10:50:42'),
('35.22.06.2005', 'Kunci', '2018-03-27 10:50:42', '2018-03-27 10:50:42'),
('35.22.06.2006', 'Jatiblimbing', '2018-03-27 10:50:42', '2018-03-27 10:50:42'),
('35.22.06.2007', 'Ngraseh', '2018-03-27 10:50:42', '2018-03-27 10:50:42'),
('35.22.06.2008', 'Mojoranu', '2018-03-27 10:50:42', '2018-03-27 10:50:42'),
('35.22.06.2009', 'Sendangrejo', '2018-03-27 10:50:42', '2018-03-27 10:50:42'),
('35.22.06.2010', 'Karangsono', '2018-03-27 10:50:42', '2018-03-27 10:50:42'),
('35.22.06.2011', 'Sumberagung', '2018-03-27 10:50:42', '2018-03-27 10:50:42'),
('35.22.06.2012', 'Somodikaran', '2018-03-27 10:50:42', '2018-03-27 10:50:42'),
('35.22.06.2013', 'Ngumpakdalem', '2018-03-27 10:50:42', '2018-03-27 10:50:42'),
('35.22.06.2014', 'Sumbertlaseh', '2018-03-27 10:50:42', '2018-03-27 10:50:42'),
('35.22.06.2015', 'Ngulanan', '2018-03-27 10:50:42', '2018-03-27 10:50:42'),
('35.22.06.2016', 'Ngablak', '2018-03-27 10:50:42', '2018-03-27 10:50:42'),
('35.22.07', 'Sugihwaras', '2018-03-27 10:50:42', '2018-03-27 10:50:42'),
('35.22.07.2001', 'Bareng', '2018-03-27 10:50:42', '2018-03-27 10:50:42'),
('35.22.07.2002', 'Drenges', '2018-03-27 10:50:42', '2018-03-27 10:50:42'),
('35.22.07.2003', 'Wedoro', '2018-03-27 10:50:42', '2018-03-27 10:50:42'),
('35.22.07.2004', 'Panunggalan', '2018-03-27 10:50:42', '2018-03-27 10:50:42'),
('35.22.07.2005', 'Alasgung', '2018-03-27 10:50:42', '2018-03-27 10:50:42'),
('35.22.07.2006', 'Siwalan', '2018-03-27 10:50:42', '2018-03-27 10:50:42'),
('35.22.07.2007', 'Glagahan', '2018-03-27 10:50:42', '2018-03-27 10:50:42'),
('35.22.07.2008', 'Panemon', '2018-03-27 10:50:42', '2018-03-27 10:50:42'),
('35.22.07.2009', 'Jatitengah', '2018-03-27 10:50:42', '2018-03-27 10:50:42'),
('35.22.07.2010', 'Sugihwaras', '2018-03-27 10:50:42', '2018-03-27 10:50:42'),
('35.22.07.2011', 'Trate', '2018-03-27 10:50:42', '2018-03-27 10:50:42'),
('35.22.07.2012', 'Bulu', '2018-03-27 10:50:42', '2018-03-27 10:50:42'),
('35.22.07.2013', 'Nglajang', '2018-03-27 10:50:42', '2018-03-27 10:50:42'),
('35.22.07.2014', 'Kedungdowo', '2018-03-27 10:50:42', '2018-03-27 10:50:42'),
('35.22.07.2015', 'Glagahwangi', '2018-03-27 10:50:42', '2018-03-27 10:50:42'),
('35.22.07.2016', 'Balongrejo', '2018-03-27 10:50:42', '2018-03-27 10:50:42'),
('35.22.07.2017', 'Genjor', '2018-03-27 10:50:42', '2018-03-27 10:50:42'),
('35.22.08', 'Kedungadem', '2018-03-27 10:50:42', '2018-03-27 10:50:42'),
('35.22.08.2001', 'Babad', '2018-03-27 10:50:42', '2018-03-27 10:50:42'),
('35.22.08.2002', 'Pejok', '2018-03-27 10:50:42', '2018-03-27 10:50:42'),
('35.22.08.2003', 'Dayukkidul', '2018-03-27 10:50:42', '2018-03-27 10:50:42'),
('35.22.08.2004', 'Panjang', '2018-03-27 10:50:42', '2018-03-27 10:50:42'),
('35.22.08.2005', 'Tondomulo', '2018-03-27 10:50:42', '2018-03-27 10:50:42'),
('35.22.08.2006', 'Kesongo', '2018-03-27 10:50:42', '2018-03-27 10:50:42'),
('35.22.08.2007', 'Kendung', '2018-03-27 10:50:42', '2018-03-27 10:50:42'),
('35.22.08.2008', 'Mlideg', '2018-03-27 10:50:42', '2018-03-27 10:50:42'),
('35.22.08.2009', 'Trumbrasanom', '2018-03-27 10:50:42', '2018-03-27 10:50:42'),
('35.22.08.2010', 'Kedungdalem', '2018-03-27 10:50:42', '2018-03-27 10:50:42'),
('35.22.08.2011', 'Duwel', '2018-03-27 10:50:42', '2018-03-27 10:50:42'),
('35.22.08.2012', 'Kepohkidul', '2018-03-27 10:50:42', '2018-03-27 10:50:42'),
('35.22.08.2013', 'Geger', '2018-03-27 10:50:42', '2018-03-27 10:50:42'),
('35.22.08.2014', 'Kedungejo', '2018-03-27 10:50:42', '2018-03-27 10:50:42'),
('35.22.08.2015', 'Megale', '2018-03-27 10:50:42', '2018-03-27 10:50:42'),
('35.22.08.2016', 'Sidorejo', '2018-03-27 10:50:42', '2018-03-27 10:50:42'),
('35.22.08.2017', 'Drokilo', '2018-03-27 10:50:42', '2018-03-27 10:50:42'),
('35.22.08.2018', 'Mojorejo', '2018-03-27 10:50:42', '2018-03-27 10:50:42'),
('35.22.08.2019', 'Jamberejo', '2018-03-27 10:50:42', '2018-03-27 10:50:42'),
('35.22.08.2020', 'Sidomulyo', '2018-03-27 10:50:42', '2018-03-27 10:50:42'),
('35.22.08.2021', 'Tlogoagung', '2018-03-27 10:50:42', '2018-03-27 10:50:42'),
('35.22.08.2022', 'Ngrandu', '2018-03-27 10:50:42', '2018-03-27 10:50:42'),
('35.22.08.2023', 'Balongcabe', '2018-03-27 10:50:42', '2018-03-27 10:50:42'),
('35.22.09', 'Kepoh Baru', '2018-03-27 10:50:42', '2018-03-27 10:50:42'),
('35.22.09.2001', 'Pejok', '2018-03-27 10:50:42', '2018-03-27 10:50:42'),
('35.22.09.2002', 'Cengkir', '2018-03-27 10:50:42', '2018-03-27 10:50:42'),
('35.22.09.2003', 'Kepoh', '2018-03-27 10:50:42', '2018-03-27 10:50:42'),
('35.22.09.2004', 'Sidomukti', '2018-03-27 10:50:42', '2018-03-27 10:50:42'),
('35.22.09.2005', 'Simorejo', '2018-03-27 10:50:42', '2018-03-27 10:50:42'),
('35.22.09.2006', 'Krangkong', '2018-03-27 10:50:42', '2018-03-27 10:50:42'),
('35.22.09.2007', 'Nglumber', '2018-03-27 10:50:42', '2018-03-27 10:50:42'),
('35.22.09.2008', 'Brangkal', '2018-03-27 10:50:42', '2018-03-27 10:50:42'),
('35.22.09.2009', 'Mojosari', '2018-03-27 10:50:42', '2018-03-27 10:50:42'),
('35.22.09.2010', 'Balongdowo', '2018-03-27 10:50:42', '2018-03-27 10:50:42'),
('35.22.09.2011', 'Suberroto', '2018-03-27 10:50:42', '2018-03-27 10:50:42'),
('35.22.09.2012', 'Pohwates', '2018-03-27 10:50:42', '2018-03-27 10:50:42'),
('35.22.09.2013', 'Turigede', '2018-03-27 10:50:42', '2018-03-27 10:50:42'),
('35.22.09.2014', 'Bayemgede', '2018-03-27 10:50:42', '2018-03-27 10:50:42'),
('35.22.09.2015', 'Tlogorejo', '2018-03-27 10:50:42', '2018-03-27 10:50:42'),
('35.22.09.2016', 'Sumberagung', '2018-03-27 10:50:42', '2018-03-27 10:50:42'),
('35.22.09.2017', 'Woro', '2018-03-27 10:50:42', '2018-03-27 10:50:42'),
('35.22.09.2018', 'Bumirejo', '2018-03-27 10:50:42', '2018-03-27 10:50:42'),
('35.22.09.2019', 'Betet', '2018-03-27 10:50:42', '2018-03-27 10:50:42'),
('35.22.09.2020', 'Jipo', '2018-03-27 10:50:42', '2018-03-27 10:50:42'),
('35.22.09.2021', 'Ngranggonanya', '2018-03-27 10:50:42', '2018-03-27 10:50:42'),
('35.22.09.2022', 'Mudung', '2018-03-27 10:50:42', '2018-03-27 10:50:42'),
('35.22.09.2023', 'Karanggang', '2018-03-27 10:50:42', '2018-03-27 10:50:42'),
('35.22.09.2024', 'Sugih Waras', '2018-03-27 10:50:42', '2018-03-27 10:50:42'),
('35.22.09.2025', 'Sumbergede', '2018-03-27 10:50:42', '2018-03-27 10:50:42'),
('35.22.10', 'Baureno', '2018-03-27 10:50:42', '2018-03-27 10:50:42'),
('35.22.10.2001', 'Drajat', '2018-03-27 10:50:42', '2018-03-27 10:50:42'),
('35.22.10.2002', 'Banjaranyar', '2018-03-27 10:50:42', '2018-03-27 10:50:42'),
('35.22.10.2003', 'Ngemplak', '2018-03-27 10:50:42', '2018-03-27 10:50:42'),
('35.22.10.2004', 'Sraturejo', '2018-03-27 10:50:42', '2018-03-27 10:50:42'),
('35.22.10.2005', 'Blongsong', '2018-03-27 10:50:42', '2018-03-27 10:50:42'),
('35.22.10.2006', 'Baureno', '2018-03-27 10:50:42', '2018-03-27 10:50:42'),
('35.22.10.2007', 'Trojalu', '2018-03-27 10:50:42', '2018-03-27 10:50:42'),
('35.22.10.2008', 'Tulungagung', '2018-03-27 10:50:42', '2018-03-27 10:50:42'),
('35.22.10.2009', 'Selorejo', '2018-03-27 10:50:42', '2018-03-27 10:50:42'),
('35.22.10.2010', 'Tlogoagung', '2018-03-27 10:50:42', '2018-03-27 10:50:42'),
('35.22.10.2011', 'Sumuragung', '2018-03-27 10:50:42', '2018-03-27 10:50:42'),
('35.22.10.2012', 'Gajah', '2018-03-27 10:50:42', '2018-03-27 10:50:42'),
('35.22.10.2013', 'Kalisari', '2018-03-27 10:50:42', '2018-03-27 10:50:42'),
('35.22.10.2014', 'Tanggungan', '2018-03-27 10:50:42', '2018-03-27 10:50:42'),
('35.22.10.2015', 'Gunungsari', '2018-03-27 10:50:42', '2018-03-27 10:50:42'),
('35.22.10.2016', 'Bumiayu', '2018-03-27 10:50:42', '2018-03-27 10:50:42'),
('35.22.10.2017', 'Kauman', '2018-03-27 10:50:42', '2018-03-27 10:50:42'),
('35.22.10.2018', 'Karangdayu', '2018-03-27 10:50:42', '2018-03-27 10:50:42'),
('35.22.10.2019', 'Pasinan', '2018-03-27 10:50:42', '2018-03-27 10:50:42'),
('35.22.10.2020', 'Banjaran', '2018-03-27 10:50:42', '2018-03-27 10:50:42'),
('35.22.10.2021', 'Sembunglor', '2018-03-27 10:50:42', '2018-03-27 10:50:42'),
('35.22.10.2022', 'Pamohan', '2018-03-27 10:50:42', '2018-03-27 10:50:42'),
('35.22.10.2023', 'Pucungarum', '2018-03-27 10:50:42', '2018-03-27 10:50:42'),
('35.22.10.2024', 'Kedungrejo', '2018-03-27 10:50:42', '2018-03-27 10:50:42'),
('35.22.10.2025', 'Lebaksari', '2018-03-27 10:50:42', '2018-03-27 10:50:42'),
('35.22.11', 'Kanor', '2018-03-27 10:50:42', '2018-03-27 10:50:42'),
('35.22.11.2001', 'Semambung', '2018-03-27 10:50:42', '2018-03-27 10:50:42'),
('35.22.11.2002', 'Kanor', '2018-03-27 10:50:42', '2018-03-27 10:50:42'),
('35.22.11.2003', 'Tambahrejo', '2018-03-27 10:50:42', '2018-03-27 10:50:42'),
('35.22.11.2004', 'Piyak', '2018-03-27 10:50:42', '2018-03-27 10:50:42'),
('35.22.11.2005', 'Kabalan', '2018-03-27 10:50:42', '2018-03-27 10:50:42'),
('35.22.11.2006', 'Cangakan', '2018-03-27 10:50:42', '2018-03-27 10:50:42'),
('35.22.11.2007', 'Sarangan', '2018-03-27 10:50:42', '2018-03-27 10:50:42'),
('35.22.11.2008', 'Tejo', '2018-03-27 10:50:42', '2018-03-27 10:50:42'),
('35.22.11.2009', 'Simbatan', '2018-03-27 10:50:42', '2018-03-27 10:50:42'),
('35.22.11.2010', 'Pesen', '2018-03-27 10:50:42', '2018-03-27 10:50:42'),
('35.22.11.2011', 'Samberan', '2018-03-27 10:50:42', '2018-03-27 10:50:42'),
('35.22.11.2012', 'Palembon', '2018-03-27 10:50:42', '2018-03-27 10:50:42'),
('35.22.11.2013', 'Sedeng', '2018-03-27 10:50:42', '2018-03-27 10:50:42'),
('35.22.11.2014', 'Caruban', '2018-03-27 10:50:42', '2018-03-27 10:50:42'),
('35.22.11.2015', 'Sumberwangi', '2018-03-27 10:50:42', '2018-03-27 10:50:42'),
('35.22.11.2016', 'Prigi', '2018-03-27 10:50:42', '2018-03-27 10:50:42'),
('35.22.11.2017', 'Pilang', '2018-03-27 10:50:42', '2018-03-27 10:50:42'),
('35.22.11.2018', 'Gedongarum', '2018-03-27 10:50:42', '2018-03-27 10:50:42'),
('35.22.11.2019', 'Kedungprimpen', '2018-03-27 10:50:42', '2018-03-27 10:50:42'),
('35.22.11.2020', 'Temu', '2018-03-27 10:50:42', '2018-03-27 10:50:42'),
('35.22.11.2021', 'Simorejo', '2018-03-27 10:50:42', '2018-03-27 10:50:42'),
('35.22.11.2022', 'Bungur', '2018-03-27 10:50:42', '2018-03-27 10:50:42'),
('35.22.11.2023', 'Bakung', '2018-03-27 10:50:42', '2018-03-27 10:50:42'),
('35.22.11.2024', 'Nglaranga', '2018-03-27 10:50:42', '2018-03-27 10:50:42'),
('35.22.11.2025', 'Sroyo', '2018-03-27 10:50:42', '2018-03-27 10:50:42'),
('35.22.12', 'Sumberejo', '2018-03-27 10:50:42', '2018-03-27 10:50:42'),
('35.22.12.2001', 'Tlogohaji', '2018-03-27 10:50:42', '2018-03-27 10:50:42'),
('35.22.12.2002', 'Ngampal', '2018-03-27 10:50:42', '2018-03-27 10:50:42'),
('35.22.12.2003', 'Kedungrejo', '2018-03-27 10:50:42', '2018-03-27 10:50:42'),
('35.22.12.2004', 'Mlinjeng', '2018-03-27 10:50:42', '2018-03-27 10:50:42'),
('35.22.12.2005', 'Banjarrejo', '2018-03-27 10:50:42', '2018-03-27 10:50:42'),
('35.22.12.2006', 'Sumberrejo', '2018-03-27 10:50:42', '2018-03-27 10:50:42'),
('35.22.12.2007', 'Kayulemah', '2018-03-27 10:50:42', '2018-03-27 10:50:42'),
('35.22.12.2008', 'Teleng', '2018-03-27 10:50:42', '2018-03-27 10:50:42'),
('35.22.12.2009', 'Waton', '2018-03-27 10:50:42', '2018-03-27 10:50:42'),
('35.22.12.2010', 'Sambongrejo', '2018-03-27 10:50:42', '2018-03-27 10:50:42'),
('35.22.12.2011', 'Sendangagung', '2018-03-27 10:50:42', '2018-03-27 10:50:42'),
('35.22.12.2012', 'Deru', '2018-03-27 10:50:42', '2018-03-27 10:50:42'),
('35.22.12.2013', 'Pekuwon', '2018-03-27 10:50:42', '2018-03-27 10:50:42'),
('35.22.12.2014', 'Karangdowo', '2018-03-27 10:50:42', '2018-03-27 10:50:42'),
('35.22.12.2015', 'Pejambon', '2018-03-27 10:50:42', '2018-03-27 10:50:42'),
('35.22.12.2016', 'Tulungrejo', '2018-03-27 10:50:42', '2018-03-27 10:50:42'),
('35.22.12.2017', 'Karangdinoyo', '2018-03-27 10:50:42', '2018-03-27 10:50:42'),
('35.22.12.2018', 'Butoh', '2018-03-27 10:50:42', '2018-03-27 10:50:42'),
('35.22.12.2019', 'Mejuwet', '2018-03-27 10:50:42', '2018-03-27 10:50:42'),
('35.22.12.2020', 'Prayungan', '2018-03-27 10:50:42', '2018-03-27 10:50:42'),
('35.22.12.2021', 'Sumuragung', '2018-03-27 10:50:42', '2018-03-27 10:50:42'),
('35.22.12.2022', 'Jatigede', '2018-03-27 10:50:42', '2018-03-27 10:50:42'),
('35.22.12.2023', 'Talun', '2018-03-27 10:50:42', '2018-03-27 10:50:42'),
('35.22.12.2024', 'Bogangin', '2018-03-27 10:50:42', '2018-03-27 10:50:42'),
('35.22.12.2025', 'Sumberharjo', '2018-03-27 10:50:42', '2018-03-27 10:50:42'),
('35.22.12.2026', 'Margoagung', '2018-03-27 10:50:42', '2018-03-27 10:50:42'),
('35.22.13', 'Balen', '2018-03-27 10:50:42', '2018-03-27 10:50:42'),
('35.22.13.2001', 'Sidobandung', '2018-03-27 10:50:42', '2018-03-27 10:50:42'),
('35.22.13.2002', 'Mayangkawis', '2018-03-27 10:50:42', '2018-03-27 10:50:42'),
('35.22.13.2003', 'Kenep', '2018-03-27 10:50:42', '2018-03-27 10:50:42'),
('35.22.13.2004', 'Pohbogo', '2018-03-27 10:50:42', '2018-03-27 10:50:42'),
('35.22.13.2005', 'Penganten', '2018-03-27 10:50:42', '2018-03-27 10:50:42'),
('35.22.13.2006', 'Bulaklo', '2018-03-27 10:50:42', '2018-03-27 10:50:42'),
('35.22.13.2007', 'Bulu', '2018-03-27 10:50:42', '2018-03-27 10:50:42'),
('35.22.13.2008', 'Kemamang', '2018-03-27 10:50:42', '2018-03-27 10:50:42'),
('35.22.13.2009', 'Ngadiluhur', '2018-03-27 10:50:42', '2018-03-27 10:50:42'),
('35.22.13.2010', 'Kabunan', '2018-03-27 10:50:42', '2018-03-27 10:50:42'),
('35.22.13.2011', 'Subontoro', '2018-03-27 10:50:42', '2018-03-27 10:50:42'),
('35.22.13.2012', 'Suwaloh', '2018-03-27 10:50:42', '2018-03-27 10:50:42'),
('35.22.13.2013', 'Balenrejo', '2018-03-27 10:50:42', '2018-03-27 10:50:42'),
('35.22.13.2014', 'Margomulyo', '2018-03-27 10:50:42', '2018-03-27 10:50:42'),
('35.22.13.2015', 'Lengkong', '2018-03-27 10:50:42', '2018-03-27 10:50:42'),
('35.22.13.2016', 'Mulyoagung', '2018-03-27 10:50:42', '2018-03-27 10:50:42'),
('35.22.13.2017', 'Sekaran', '2018-03-27 10:50:42', '2018-03-27 10:50:42'),
('35.22.13.2018', 'Prambatan', '2018-03-27 10:50:42', '2018-03-27 10:50:42'),
('35.22.13.2019', 'Kedungdowo', '2018-03-27 10:50:42', '2018-03-27 10:50:42'),
('35.22.13.2020', 'Kedungbendo', '2018-03-27 10:50:42', '2018-03-27 10:50:42'),
('35.22.13.2021', 'Pilanggede', '2018-03-27 10:50:42', '2018-03-27 10:50:42'),
('35.22.13.2022', 'Sarirejo', '2018-03-27 10:50:42', '2018-03-27 10:50:42'),
('35.22.13.2023', 'Mulyorejo', '2018-03-27 10:50:42', '2018-03-27 10:50:42'),
('35.22.14', 'Kapas', '2018-03-27 10:50:42', '2018-03-27 10:50:42'),
('35.22.14.2001', 'Kumpulrejo', '2018-03-27 10:50:42', '2018-03-27 10:50:42'),
('35.22.14.2002', 'Bendo', '2018-03-27 10:50:42', '2018-03-27 10:50:42'),
('35.22.14.2003', 'Padang mentoyo', '2018-03-27 10:50:42', '2018-03-27 10:50:42'),
('35.22.14.2004', 'Tapelan', '2018-03-27 10:50:42', '2018-03-27 10:50:42'),
('35.22.14.2005', 'Bangilan', '2018-03-27 10:50:42', '2018-03-27 10:50:42'),
('35.22.14.2006', 'Sembung', '2018-03-27 10:50:42', '2018-03-27 10:50:42'),
('35.22.14.2007', 'Tanjung Harjo', '2018-03-27 10:50:42', '2018-03-27 10:50:42'),
('35.22.14.2008', 'Wedi', '2018-03-27 10:50:42', '2018-03-27 10:50:42'),
('35.22.14.2009', 'Plesungan', '2018-03-27 10:50:42', '2018-03-27 10:50:42'),
('35.22.14.2010', 'Kedaton', '2018-03-27 10:50:42', '2018-03-27 10:50:42'),
('35.22.14.2011', 'Kapas', '2018-03-27 10:50:42', '2018-03-27 10:50:42'),
('35.22.14.2012', 'Semenpinggir', '2018-03-27 10:50:42', '2018-03-27 10:50:42'),
('35.22.14.2013', 'Bogo', '2018-03-27 10:50:42', '2018-03-27 10:50:42'),
('35.22.14.2014', 'Bakalan', '2018-03-27 10:50:42', '2018-03-27 10:50:42'),
('35.22.14.2015', 'Mojodeso', '2018-03-27 10:50:42', '2018-03-27 10:50:42'),
('35.22.14.2016', 'Sukowati', '2018-03-27 10:50:42', '2018-03-27 10:50:42'),
('35.22.14.2017', 'Kalianyar', '2018-03-27 10:50:42', '2018-03-27 10:50:42'),
('35.22.14.2018', 'Tikusan', '2018-03-27 10:50:42', '2018-03-27 10:50:42'),
('35.22.14.2019', 'Ngampel', '2018-03-27 10:50:42', '2018-03-27 10:50:42'),
('35.22.14.2020', 'Sambiroto', '2018-03-27 10:50:42', '2018-03-27 10:50:42'),
('35.22.14.2021', 'Klampok', '2018-03-27 10:50:42', '2018-03-27 10:50:42'),
('35.22.15', 'Bojonegoro', '2018-03-27 10:50:42', '2018-03-27 10:50:42'),
('35.22.15.1001', 'Jetak', '2018-03-27 10:50:42', '2018-03-27 10:50:42'),
('35.22.15.2002', 'Pacul', '2018-03-27 10:50:42', '2018-03-27 10:50:42'),
('35.22.15.2003', 'Sukorejo', '2018-03-27 10:50:42', '2018-03-27 10:50:42'),
('35.22.15.1004', 'Mojokampung', '2018-03-27 10:50:42', '2018-03-27 10:50:42'),
('35.22.15.1005', 'Kepatihan', '2018-03-27 10:50:42', '2018-03-27 10:50:42'),
('35.22.15.1006', 'Sumbang', '2018-03-27 10:50:42', '2018-03-27 10:50:42'),
('35.22.15.1007', 'Klangon', '2018-03-27 10:50:42', '2018-03-27 10:50:42'),
('35.22.15.2008', 'Kauman', '2018-03-27 10:50:42', '2018-03-27 10:50:42'),
('35.22.15.1009', 'Ledok Kulon', '2018-03-27 10:50:42', '2018-03-27 10:50:42'),
('35.22.15.1010', 'Ledok Wetan', '2018-03-27 10:50:42', '2018-03-27 10:50:42'),
('35.22.15.1011', 'Kadipaten', '2018-03-27 10:50:42', '2018-03-27 10:50:42'),
('35.22.15.1012', 'Ngrowo', '2018-03-27 10:50:42', '2018-03-27 10:50:42'),
('35.22.15.1013', 'Karang pacar', '2018-03-27 10:50:42', '2018-03-27 10:50:42'),
('35.22.15.1014', 'Banjarrejo', '2018-03-27 10:50:42', '2018-03-27 10:50:42'),
('35.22.15.2015', 'Campurejo', '2018-03-27 10:50:42', '2018-03-27 10:50:42'),
('35.22.15.2016', 'Mulyoagung', '2018-03-27 10:50:42', '2018-03-27 10:50:42'),
('35.22.15.2017', 'Kalirejo', '2018-03-27 10:50:42', '2018-03-27 10:50:42'),
('35.22.15.2018', 'Semanding', '2018-03-27 10:50:42', '2018-03-27 10:50:42'),
('35.22.16', 'Kalitidu', '2018-03-27 10:50:42', '2018-03-27 10:50:42'),
('35.22.16.2006', 'Kalitidu', '2018-03-27 10:50:42', '2018-03-27 10:50:42'),
('35.22.16.2007', 'Sumengko', '2018-03-27 10:50:42', '2018-03-27 10:50:42'),
('35.22.16.2008', 'Mlaten', '2018-03-27 10:50:42', '2018-03-27 10:50:42'),
('35.22.16.2009', 'Talok', '2018-03-27 10:50:42', '2018-03-27 10:50:42'),
('35.22.16.2010', 'Brenggolo', '2018-03-27 10:50:42', '2018-03-27 10:50:42'),
('35.22.16.2011', 'Grebegan', '2018-03-27 10:50:42', '2018-03-27 10:50:42'),
('35.22.16.2012', 'Wotanngare', '2018-03-27 10:50:42', '2018-03-27 10:50:42'),
('35.22.16.2013', 'Panjunan', '2018-03-27 10:50:42', '2018-03-27 10:50:42'),
('35.22.16.2014', 'Mayanggeneng', '2018-03-27 10:50:42', '2018-03-27 10:50:42'),
('35.22.16.2015', 'Mayangrejo', '2018-03-27 10:50:42', '2018-03-27 10:50:42'),
('35.22.16.2016', 'Pilangsari', '2018-03-27 10:50:42', '2018-03-27 10:50:42'),
('35.22.16.2017', 'Mojosari', '2018-03-27 10:50:42', '2018-03-27 10:50:42'),
('35.22.16.2018', 'Pungpungan', '2018-03-27 10:50:42', '2018-03-27 10:50:42'),
('35.22.16.2019', 'Ngujo', '2018-03-27 10:50:42', '2018-03-27 10:50:42'),
('35.22.16.2020', 'Leran', '2018-03-27 10:50:42', '2018-03-27 10:50:42'),
('35.22.16.2021', 'Sukoharjo', '2018-03-27 10:50:42', '2018-03-27 10:50:42'),
('35.22.16.2022', 'Ngiringinrejo', '2018-03-27 10:50:42', '2018-03-27 10:50:42'),
('35.22.16.2023', 'Mojo', '2018-03-27 10:50:42', '2018-03-27 10:50:42'),
('35.22.17', 'Malo', '2018-03-27 10:50:42', '2018-03-27 10:50:42'),
('35.22.17.2001', 'Dukuhlor', '2018-03-27 10:50:42', '2018-03-27 10:50:42'),
('35.22.17.2002', 'Kacangan', '2018-03-27 10:50:42', '2018-03-27 10:50:42'),
('35.22.17.2003', 'Kemiri', '2018-03-27 10:50:42', '2018-03-27 10:50:42'),
('35.22.17.2004', 'Petak', '2018-03-27 10:50:42', '2018-03-27 10:50:42'),
('35.22.17.2005', 'Sudah', '2018-03-27 10:50:42', '2018-03-27 10:50:42'),
('35.22.17.2006', 'Rendeng', '2018-03-27 10:50:42', '2018-03-27 10:50:42'),
('35.22.17.2007', 'Banaran', '2018-03-27 10:50:42', '2018-03-27 10:50:42'),
('35.22.17.2008', 'Ngujung', '2018-03-27 10:50:42', '2018-03-27 10:50:42'),
('35.22.17.2009', 'Sumberejo', '2018-03-27 10:50:42', '2018-03-27 10:50:42'),
('35.22.17.2010', 'Tambakromo', '2018-03-27 10:50:42', '2018-03-27 10:50:42'),
('35.22.17.2011', 'Tinawun', '2018-03-27 10:50:42', '2018-03-27 10:50:42'),
('35.22.17.2012', 'Kedungrejo', '2018-03-27 10:50:42', '2018-03-27 10:50:42'),
('35.22.17.2013', 'Ketileng', '2018-03-27 10:50:42', '2018-03-27 10:50:42'),
('35.22.17.2014', 'Malo', '2018-03-27 10:50:42', '2018-03-27 10:50:42'),
('35.22.17.2015', 'Sukorejo', '2018-03-27 10:50:42', '2018-03-27 10:50:42'),
('35.22.17.2016', 'Kliteh', '2018-03-27 10:50:42', '2018-03-27 10:50:42'),
('35.22.17.2017', 'Trembes', '2018-03-27 10:50:42', '2018-03-27 10:50:42'),
('35.22.17.2018', 'Semiaran', '2018-03-27 10:50:42', '2018-03-27 10:50:42'),
('35.22.17.2019', 'Tanggir', '2018-03-27 10:50:42', '2018-03-27 10:50:42'),
('35.22.17.2020', 'Tulungagung', '2018-03-27 10:50:42', '2018-03-27 10:50:42'),
('35.22.18', 'Purwosari', '2018-03-27 10:50:42', '2018-03-27 10:50:42'),
('35.22.18.2001', 'Pelem', '2018-03-27 10:50:42', '2018-03-27 10:50:42'),
('35.22.18.2002', 'Ngrejeng', '2018-03-27 10:50:42', '2018-03-27 10:50:42'),
('35.22.18.2003', 'Tlatah', '2018-03-27 10:50:42', '2018-03-27 10:50:42'),
('35.22.18.2004', 'Kaliombo', '2018-03-27 10:50:42', '2018-03-27 10:50:42'),
('35.22.18.2005', 'Tinumpuk', '2018-03-27 10:50:42', '2018-03-27 10:50:42'),
('35.22.18.2006', 'Punggur', '2018-03-27 10:50:42', '2018-03-27 10:50:42'),
('35.22.18.2007', 'Sedah Kidul', '2018-03-27 10:50:42', '2018-03-27 10:50:42'),
('35.22.18.2008', 'Pojok', '2018-03-27 10:50:42', '2018-03-27 10:50:42'),
('35.22.18.2009', 'Purwosari', '2018-03-27 10:50:42', '2018-03-27 10:50:42'),
('35.22.18.2010', 'Gapluk', '2018-03-27 10:50:42', '2018-03-27 10:50:42'),
('35.22.18.2011', 'Kuniran', '2018-03-27 10:50:42', '2018-03-27 10:50:42'),
('35.22.18.2012', 'Donan', '2018-03-27 10:50:42', '2018-03-27 10:50:42'),
('35.22.19', 'Padangan', '2018-03-27 10:50:42', '2018-03-27 10:50:42'),
('35.22.19.2001', 'Tebon', '2018-03-27 10:50:42', '2018-03-27 10:50:42'),
('35.22.19.2002', 'Prangi', '2018-03-27 10:50:42', '2018-03-27 10:50:42'),
('35.22.19.2003', 'Purworejo', '2018-03-27 10:50:42', '2018-03-27 10:50:42'),
('35.22.19.2004', 'Ngeper', '2018-03-27 10:50:42', '2018-03-27 10:50:42'),
('35.22.19.2005', 'Ngasinan', '2018-03-27 10:50:42', '2018-03-27 10:50:42'),
('35.22.19.2006', 'Cendono', '2018-03-27 10:50:42', '2018-03-27 10:50:42'),
('35.22.19.2007', 'Sidorejo', '2018-03-27 10:50:42', '2018-03-27 10:50:42'),
('35.22.19.2008', 'Nguken', '2018-03-27 10:50:42', '2018-03-27 10:50:42'),
('35.22.19.2009', 'Dengok', '2018-03-27 10:50:42', '2018-03-27 10:50:42'),
('35.22.19.2010', 'Padangan', '2018-03-27 10:50:42', '2018-03-27 10:50:42'),
('35.22.19.2011', 'Kuncen', '2018-03-27 10:50:42', '2018-03-27 10:50:42'),
('35.22.19.2012', 'Sonorejo', '2018-03-27 10:50:42', '2018-03-27 10:50:42'),
('35.22.19.2013', 'Ngradin', '2018-03-27 10:50:42', '2018-03-27 10:50:42'),
('35.22.19.2014', 'Banjarejo', '2018-03-27 10:50:42', '2018-03-27 10:50:42'),
('35.22.19.2015', 'Kebonagung', '2018-03-27 10:50:42', '2018-03-27 10:50:42'),
('35.22.19.2016', 'Kendung', '2018-03-27 10:50:42', '2018-03-27 10:50:42'),
('35.22.20', 'Kasiman', '2018-03-27 10:50:42', '2018-03-27 10:50:42'),
('35.22.20.2001', 'Batokan', '2018-03-27 10:50:42', '2018-03-27 10:50:42'),
('35.22.20.2002', 'Betet', '2018-03-27 10:50:42', '2018-03-27 10:50:42'),
('35.22.20.2003', 'Tembeling', '2018-03-27 10:50:42', '2018-03-27 10:50:42'),
('35.22.20.2004', 'Sidomukti', '2018-03-27 10:50:42', '2018-03-27 10:50:42'),
('35.22.20.2005', 'Basah', '2018-03-27 10:50:42', '2018-03-27 10:50:42'),
('35.22.20.2006', 'Sambeng', '2018-03-27 10:50:42', '2018-03-27 10:50:42'),
('35.22.20.2007', 'Ngaglik', '2018-03-27 10:50:42', '2018-03-27 10:50:42'),
('35.22.20.2008', 'Kasiman', '2018-03-27 10:50:42', '2018-03-27 10:50:42'),
('35.22.20.2009', 'Sekaran', '2018-03-27 10:50:42', '2018-03-27 10:50:42'),
('35.22.20.2010', 'Tambakmerak', '2018-03-27 10:50:42', '2018-03-27 10:50:42'),
('35.22.21', 'Temayang', '2018-03-27 10:50:42', '2018-03-27 10:50:42'),
('35.22.21.2001', 'Kedungsumber', '2018-03-27 10:50:42', '2018-03-27 10:50:42'),
('35.22.21.2002', 'Kedungsari', '2018-03-27 10:50:42', '2018-03-27 10:50:42'),
('35.22.21.2003', 'Papringan', '2018-03-27 10:50:42', '2018-03-27 10:50:42'),
('35.22.21.2004', 'Soko', '2018-03-27 10:50:42', '2018-03-27 10:50:42'),
('35.22.21.2005', 'Pandantoyo', '2018-03-27 10:50:42', '2018-03-27 10:50:42'),
('35.22.21.2006', 'Belun', '2018-03-27 10:50:42', '2018-03-27 10:50:42'),
('35.22.21.2007', 'Temayang', '2018-03-27 10:50:42', '2018-03-27 10:50:42'),
('35.22.21.2008', 'Bakulan', '2018-03-27 10:50:42', '2018-03-27 10:50:42'),
('35.22.21.2009', 'Jono', '2018-03-27 10:50:42', '2018-03-27 10:50:42'),
('35.22.21.2010', 'Ngujung', '2018-03-27 10:50:42', '2018-03-27 10:50:42'),
('35.22.21.2011', 'Buntalan', '2018-03-27 10:50:42', '2018-03-27 10:50:42'),
('35.22.21.2012', 'Pancur', '2018-03-27 10:50:42', '2018-03-27 10:50:42'),
('35.22.22', 'Margomulyo', '2018-03-27 10:50:42', '2018-03-27 10:50:42'),
('35.22.22.2001', 'Kalangan', '2018-03-27 10:50:42', '2018-03-27 10:50:42'),
('35.22.22.2002', 'Ngelo', '2018-03-27 10:50:42', '2018-03-27 10:50:42'),
('35.22.22.2003', 'Margomulyo', '2018-03-27 10:50:42', '2018-03-27 10:50:42'),
('35.22.22.2004', 'Sumberrejo', '2018-03-27 10:50:42', '2018-03-27 10:50:42'),
('35.22.22.2005', 'Meduri', '2018-03-27 10:50:42', '2018-03-27 10:50:42'),
('35.22.22.2006', 'Geneng', '2018-03-27 10:50:42', '2018-03-27 10:50:42'),
('35.22.23', 'Trucuk', '2018-03-27 10:50:42', '2018-03-27 10:50:42'),
('35.22.23.2001', 'Banjarsari', '2018-03-27 10:50:42', '2018-03-27 10:50:42'),
('35.22.23.2002', 'Tulungrejo', '2018-03-27 10:50:42', '2018-03-27 10:50:42'),
('35.22.23.2003', 'Trucuk', '2018-03-27 10:50:42', '2018-03-27 10:50:42'),
('35.22.23.2004', 'Mori', '2018-03-27 10:50:42', '2018-03-27 10:50:42'),
('35.22.23.2005', 'Padang', '2018-03-27 10:50:42', '2018-03-27 10:50:42'),
('35.22.23.2006', 'Sumberrejo', '2018-03-27 10:50:42', '2018-03-27 10:50:42'),
('35.22.23.2007', 'Guyangan', '2018-03-27 10:50:42', '2018-03-27 10:50:42'),
('35.22.23.2008', 'Sranak', '2018-03-27 10:50:42', '2018-03-27 10:50:42'),
('35.22.23.2009', 'Sumbangtimun', '2018-03-27 10:50:42', '2018-03-27 10:50:42'),
('35.22.23.2010', 'Kanten', '2018-03-27 10:50:42', '2018-03-27 10:50:42'),
('35.22.23.2011', 'Kandangan', '2018-03-27 10:50:42', '2018-03-27 10:50:42'),
('35.22.23.2012', 'Pagerwesi', '2018-03-27 10:50:42', '2018-03-27 10:50:42'),
('35.22.24', 'Sukosewu', '2018-03-27 10:50:42', '2018-03-27 10:50:42'),
('35.22.24.2001', 'Semawot', '2018-03-27 10:50:42', '2018-03-27 10:50:42'),
('35.22.24.2002', 'Kalicilik', '2018-03-27 10:50:42', '2018-03-27 10:50:42'),
('35.22.24.2003', 'Sukosewu', '2018-03-27 10:50:42', '2018-03-27 10:50:42'),
('35.22.24.2004', 'Klepek', '2018-03-27 10:50:42', '2018-03-27 10:50:42'),
('35.22.24.2005', 'Tegalkodo', '2018-03-27 10:50:42', '2018-03-27 10:50:42'),
('35.22.24.2006', 'Sitiaji', '2018-03-27 10:50:42', '2018-03-27 10:50:42'),
('35.22.24.2007', 'Purwoasri', '2018-03-27 10:50:42', '2018-03-27 10:50:42'),
('35.22.24.2008', 'Pacing', '2018-03-27 10:50:42', '2018-03-27 10:50:42'),
('35.22.24.2009', 'Jumput', '2018-03-27 10:50:42', '2018-03-27 10:50:42'),
('35.22.24.2010', 'Duyungan', '2018-03-27 10:50:42', '2018-03-27 10:50:42'),
('35.22.24.2011', 'Semenkidul', '2018-03-27 10:50:42', '2018-03-27 10:50:42'),
('35.22.24.2012', 'Sidodadi', '2018-03-27 10:50:42', '2018-03-27 10:50:42'),
('35.22.24.2013', 'Sidorejo', '2018-03-27 10:50:42', '2018-03-27 10:50:42'),
('35.22.24.2014', 'Sumberejo Kidul', '2018-03-27 10:50:42', '2018-03-27 10:50:42'),
('35.22.25', 'Kedewan', '2018-03-27 10:50:42', '2018-03-27 10:50:42'),
('35.22.25.2001', 'Kawengan', '2018-03-27 10:50:42', '2018-03-27 10:50:42'),
('35.22.25.2002', 'Wonocolo', '2018-03-27 10:50:42', '2018-03-27 10:50:42'),
('35.22.25.2003', 'Hargomulyo', '2018-03-27 10:50:42', '2018-03-27 10:50:42'),
('35.22.25.2004', 'Kedewan', '2018-03-27 10:50:42', '2018-03-27 10:50:42'),
('35.22.25.2005', 'Beji', '2018-03-27 10:50:42', '2018-03-27 10:50:42'),
('35.22.26', 'Gondang', '2018-03-27 10:50:42', '2018-03-27 10:50:42'),
('35.22.26.2001', 'Krondonan', '2018-03-27 10:50:42', '2018-03-27 10:50:42'),
('35.22.26.2002', 'Jari', '2018-03-27 10:50:42', '2018-03-27 10:50:42'),
('35.22.26.2003', 'Sambongrejo', '2018-03-27 10:50:42', '2018-03-27 10:50:42'),
('35.22.26.2004', 'Pajeng', '2018-03-27 10:50:42', '2018-03-27 10:50:42'),
('35.22.26.2005', 'Gondang', '2018-03-27 10:50:42', '2018-03-27 10:50:42'),
('35.22.26.2006', 'Senganten', '2018-03-27 10:50:42', '2018-03-27 10:50:42'),
('35.22.26.2007', 'Paragelan', '2018-03-27 10:50:42', '2018-03-27 10:50:42'),
('35.22.27', 'Sekar', '2018-03-27 10:50:42', '2018-03-27 10:50:42'),
('35.22.27.2001', 'Bobol', '2018-03-27 10:50:42', '2018-03-27 10:50:42'),
('35.22.27.2002', 'Miyono', '2018-03-27 10:50:42', '2018-03-27 10:50:42'),
('35.22.27.2003', 'Sekar', '2018-03-27 10:50:42', '2018-03-27 10:50:42'),
('35.22.27.2004', 'Klino', '2018-03-27 10:50:42', '2018-03-27 10:50:42'),
('35.22.27.2005', 'Deling', '2018-03-27 10:50:42', '2018-03-27 10:50:42'),
('35.22.27.2006', 'Bareng', '2018-03-27 10:50:42', '2018-03-27 10:50:42'),
('35.22.28', 'Gayam', '2018-03-27 10:50:42', '2018-03-27 10:50:42'),
('35.22.28.2001', 'Gayam', '2018-03-27 10:50:42', '2018-03-27 10:50:42'),
('35.22.28.2002', 'Begadon', '2018-03-27 10:50:42', '2018-03-27 10:50:42'),
('35.22.28.2003', 'Ringintunggal', '2018-03-27 10:50:42', '2018-03-27 10:50:42'),
('35.22.28.2004', 'Mojodelik', '2018-03-27 10:50:42', '2018-03-27 10:50:42'),
('35.22.28.2005', 'Brabowan', '2018-03-27 10:50:42', '2018-03-27 10:50:42'),
('35.22.28.2006', 'Bonorejo', '2018-03-27 10:50:42', '2018-03-27 10:50:42'),
('35.22.28.2007', 'Beged', '2018-03-27 10:50:42', '2018-03-27 10:50:42'),
('35.22.28.2008', 'Katur', '2018-03-27 10:50:42', '2018-03-27 10:50:42'),
('35.22.28.2009', 'Ngraho', '2018-03-27 10:50:42', '2018-03-27 10:50:42'),
('35.22.28.2010', 'Sudu', '2018-03-27 10:50:42', '2018-03-27 10:50:42'),
('35.22.28.2011', 'Cengungklung', '2018-03-27 10:50:42', '2018-03-27 10:50:42'),
('35.22.28.2012', 'Manukan', '2018-03-27 10:50:42', '2018-03-27 10:50:42'),
('35.23', 'KAB. TUBAN', '2018-03-27 10:50:42', '2018-03-27 10:50:42'),
('35.23.01', 'Kenduruan', '2018-03-27 10:50:42', '2018-03-27 10:50:42'),
('35.23.01.2001', 'Jlodro', '2018-03-27 10:50:42', '2018-03-27 10:50:42'),
('35.23.01.2002', 'Sokogunung', '2018-03-27 10:50:42', '2018-03-27 10:50:42'),
('35.23.01.2003', 'Jamprong', '2018-03-27 10:50:42', '2018-03-27 10:50:42'),
('35.23.01.2004', 'Tawaran', '2018-03-27 10:50:42', '2018-03-27 10:50:42'),
('35.23.01.2005', 'Sidomukti', '2018-03-27 10:50:42', '2018-03-27 10:50:42'),
('35.23.01.2006', 'Bendolateng', '2018-03-27 10:50:42', '2018-03-27 10:50:42'),
('35.23.01.2007', 'Sidohasri', '2018-03-27 10:50:42', '2018-03-27 10:50:42'),
('35.23.01.2008', 'Sidorejo', '2018-03-27 10:50:42', '2018-03-27 10:50:42'),
('35.23.01.2009', 'Sokogrenjeng', '2018-03-27 10:50:42', '2018-03-27 10:50:42'),
('35.23.02', 'Jatirogo', '2018-03-27 10:50:42', '2018-03-27 10:50:42'),
('35.23.02.2001', 'Kebonharjo', '2018-03-27 10:50:42', '2018-03-27 10:50:42'),
('35.23.02.2002', 'Wangi', '2018-03-27 10:50:42', '2018-03-27 10:50:42'),
('35.23.02.2003', 'Ketodan', '2018-03-27 10:50:42', '2018-03-27 10:50:42'),
('35.23.02.2004', 'Karangtengah', '2018-03-27 10:50:42', '2018-03-27 10:50:42'),
('35.23.02.2005', 'Bader', '2018-03-27 10:50:42', '2018-03-27 10:50:42'),
('35.23.02.2006', 'Paseyan', '2018-03-27 10:50:42', '2018-03-27 10:50:42'),
('35.23.02.2007', 'Besowo', '2018-03-27 10:50:42', '2018-03-27 10:50:42'),
('35.23.02.2008', 'Jombok', '2018-03-27 10:50:42', '2018-03-27 10:50:42'),
('35.23.02.2009', 'Sadang', '2018-03-27 10:50:42', '2018-03-27 10:50:42'),
('35.23.02.2010', 'Wotsogo', '2018-03-27 10:50:42', '2018-03-27 10:50:42'),
('35.23.02.2011', 'Ngepon', '2018-03-27 10:50:42', '2018-03-27 10:50:42'),
('35.23.02.2012', 'Sugihan', '2018-03-27 10:50:42', '2018-03-27 10:50:42'),
('35.23.02.2013', 'Sidomulyo', '2018-03-27 10:50:42', '2018-03-27 10:50:42'),
('35.23.02.2014', 'Kedungmakam', '2018-03-27 10:50:42', '2018-03-27 10:50:42'),
('35.23.02.2015', 'Demit', '2018-03-27 10:50:42', '2018-03-27 10:50:42'),
('35.23.02.2016', 'Jatiklabang', '2018-03-27 10:50:42', '2018-03-27 10:50:42'),
('35.23.02.2017', 'Sekaran', '2018-03-27 10:50:42', '2018-03-27 10:50:42'),
('35.23.02.2018', 'Dingil', '2018-03-27 10:50:42', '2018-03-27 10:50:42'),
('35.23.03', 'Bangilan', '2018-03-27 10:50:42', '2018-03-27 10:50:42'),
('35.23.03.2001', 'Klakeh', '2018-03-27 10:50:42', '2018-03-27 10:50:42'),
('35.23.03.2002', 'Bate', '2018-03-27 10:50:42', '2018-03-27 10:50:42'),
('35.23.03.2003', 'Sidotentrem', '2018-03-27 10:50:42', '2018-03-27 10:50:42'),
('35.23.03.2004', 'Kedung Jambangan', '2018-03-27 10:50:42', '2018-03-27 10:50:42'),
('35.23.03.2005', 'Kablukan', '2018-03-27 10:50:42', '2018-03-27 10:50:42'),
('35.23.03.2006', 'Sidokumpul', '2018-03-27 10:50:42', '2018-03-27 10:50:42'),
('35.23.03.2007', 'Bangilan', '2018-03-27 10:50:42', '2018-03-27 10:50:42'),
('35.23.03.2008', 'Sidodadi', '2018-03-27 10:50:42', '2018-03-27 10:50:42'),
('35.23.03.2009', 'Kumpulrejo', '2018-03-27 10:50:42', '2018-03-27 10:50:42'),
('35.23.03.2010', 'Banjarworo', '2018-03-27 10:50:42', '2018-03-27 10:50:42'),
('35.23.03.2011', 'Ngrojo', '2018-03-27 10:50:42', '2018-03-27 10:50:42'),
('35.23.03.2012', 'Weden', '2018-03-27 10:50:42', '2018-03-27 10:50:42'),
('35.23.03.2013', 'Kedungharjo', '2018-03-27 10:50:42', '2018-03-27 10:50:42'),
('35.23.03.2014', 'Kedungmulyo', '2018-03-27 10:50:42', '2018-03-27 10:50:42'),
('35.23.04', 'Bancar', '2018-03-27 10:50:42', '2018-03-27 10:50:42'),
('35.23.04.2001', 'Tlogoagung', '2018-03-27 10:50:42', '2018-03-27 10:50:42'),
('35.23.04.2002', 'Ngujuran', '2018-03-27 10:50:42', '2018-03-27 10:50:42'),
('35.23.04.2003', 'Latsari', '2018-03-27 10:50:42', '2018-03-27 10:50:42'),
('35.23.04.2004', 'Sukolilo', '2018-03-27 10:50:42', '2018-03-27 10:50:42'),
('35.23.04.2005', 'Tengger Kulon', '2018-03-27 10:50:42', '2018-03-27 10:50:42'),
('35.23.04.2006', 'Bulujowo', '2018-03-27 10:50:42', '2018-03-27 10:50:42'),
('35.23.04.2007', 'Siding', '2018-03-27 10:50:42', '2018-03-27 10:50:42'),
('35.23.04.2008', 'Tergambang', '2018-03-27 10:50:42', '2018-03-27 10:50:42'),
('35.23.04.2009', 'Bulumeduro', '2018-03-27 10:50:42', '2018-03-27 10:50:42'),
('35.23.04.2010', 'Banjarjo', '2018-03-27 10:50:42', '2018-03-27 10:50:42'),
('35.23.04.2011', 'Boncong', '2018-03-27 10:50:42', '2018-03-27 10:50:42'),
('35.23.04.2012', 'Jatisari', '2018-03-27 10:50:42', '2018-03-27 10:50:42'),
('35.23.04.2013', 'Sumberan', '2018-03-27 10:50:42', '2018-03-27 10:50:42'),
('35.23.04.2014', 'Kayen', '2018-03-27 10:50:42', '2018-03-27 10:50:42'),
('35.23.04.2015', 'Bogorejo', '2018-03-27 10:50:42', '2018-03-27 10:50:42'),
('35.23.04.2016', 'Sembungin', '2018-03-27 10:50:42', '2018-03-27 10:50:42'),
('35.23.04.2017', 'Karangrejo', '2018-03-27 10:50:42', '2018-03-27 10:50:42'),
('35.23.04.2018', 'Sukoharjo', '2018-03-27 10:50:42', '2018-03-27 10:50:42'),
('35.23.04.2019', 'Pugoh', '2018-03-27 10:50:42', '2018-03-27 10:50:42'),
('35.23.04.2020', 'Bancar', '2018-03-27 10:50:42', '2018-03-27 10:50:42'),
('35.23.04.2021', 'Ngampelrejo', '2018-03-27 10:50:42', '2018-03-27 10:50:42'),
('35.23.04.2022', 'Sidomulyo', '2018-03-27 10:50:42', '2018-03-27 10:50:42'),
('35.23.04.2023', 'Margosuko', '2018-03-27 10:50:42', '2018-03-27 10:50:42'),
('35.23.04.2024', 'Cingklung', '2018-03-27 10:50:42', '2018-03-27 10:50:42'),
('35.23.05', 'Senori', '2018-03-27 10:50:42', '2018-03-27 10:50:42'),
('35.23.05.2001', 'Medalem', '2018-03-27 10:50:42', '2018-03-27 10:50:42'),
('35.23.05.2002', 'Jatisari', '2018-03-27 10:50:42', '2018-03-27 10:50:42'),
('35.23.05.2003', 'Kaligede', '2018-03-27 10:50:42', '2018-03-27 10:50:42'),
('35.23.05.2004', 'Banyuurip', '2018-03-27 10:50:42', '2018-03-27 10:50:42'),
('35.23.05.2005', 'Leran', '2018-03-27 10:50:42', '2018-03-27 10:50:42'),
('35.23.05.2006', 'Wonosari', '2018-03-27 10:50:42', '2018-03-27 10:50:42'),
('35.23.05.2007', 'Sendang', '2018-03-27 10:50:42', '2018-03-27 10:50:42'),
('35.23.05.2008', 'Wanglu Kulon', '2018-03-27 10:50:42', '2018-03-27 10:50:42'),
('35.23.05.2009', 'Wanglu Wetan', '2018-03-27 10:50:42', '2018-03-27 10:50:42'),
('35.23.05.2010', 'Sidoharjo', '2018-03-27 10:50:42', '2018-03-27 10:50:42'),
('35.23.05.2011', 'Rayung', '2018-03-27 10:50:42', '2018-03-27 10:50:42'),
('35.23.05.2012', 'Katerban', '2018-03-27 10:50:42', '2018-03-27 10:50:42'),
('35.23.06', 'Tambakboyo', '2018-03-27 10:50:42', '2018-03-27 10:50:42'),
('35.23.06.2001', 'Dikir', '2018-03-27 10:50:42', '2018-03-27 10:50:42'),
('35.23.06.2002', 'Ngulahan', '2018-03-27 10:50:42', '2018-03-27 10:50:42'),
('35.23.06.2003', 'Plajan', '2018-03-27 10:50:42', '2018-03-27 10:50:42'),
('35.23.06.2004', 'Mander', '2018-03-27 10:50:42', '2018-03-27 10:50:42'),
('35.23.06.2005', 'Belikanget', '2018-03-27 10:50:42', '2018-03-27 10:50:42'),
('35.23.06.2006', 'Cokrowati', '2018-03-27 10:50:42', '2018-03-27 10:50:42'),
('35.23.06.2007', 'Pulogede', '2018-03-27 10:50:42', '2018-03-27 10:50:42'),
('35.23.06.2008', 'Gadon', '2018-03-27 10:50:42', '2018-03-27 10:50:42'),
('35.23.06.2009', 'Sotang', '2018-03-27 10:50:42', '2018-03-27 10:50:42'),
('35.23.06.2010', 'Pabeyan', '2018-03-27 10:50:42', '2018-03-27 10:50:42'),
('35.23.06.2011', 'Klutuk', '2018-03-27 10:50:42', '2018-03-27 10:50:42'),
('35.23.06.2012', 'Tambakboyo', '2018-03-27 10:50:42', '2018-03-27 10:50:42'),
('35.23.06.2013', 'Dasin', '2018-03-27 10:50:42', '2018-03-27 10:50:42'),
('35.23.06.2014', 'Kenanti', '2018-03-27 10:50:42', '2018-03-27 10:50:42'),
('35.23.06.2015', 'Sawir', '2018-03-27 10:50:42', '2018-03-27 10:50:42'),
('35.23.06.2016', 'Sobontoro', '2018-03-27 10:50:42', '2018-03-27 10:50:42'),
('35.23.06.2017', 'Merkawang', '2018-03-27 10:50:42', '2018-03-27 10:50:42'),
('35.23.06.2018', 'Glodonggede', '2018-03-27 10:50:42', '2018-03-27 10:50:42'),
('35.23.07', 'Singgahan', '2018-03-27 10:50:42', '2018-03-27 10:50:42'),
('35.23.07.2001', 'Laju Kidul', '2018-03-27 10:50:42', '2018-03-27 10:50:42'),
('35.23.07.2002', 'Laju Lor', '2018-03-27 10:50:42', '2018-03-27 10:50:42'),
('35.23.07.2003', 'Tanggir', '2018-03-27 10:50:42', '2018-03-27 10:50:42'),
('35.23.07.2004', 'Tanjungrejo', '2018-03-27 10:50:42', '2018-03-27 10:50:42'),
('35.23.07.2005', 'Binangun', '2018-03-27 10:50:42', '2018-03-27 10:50:42'),
('35.23.07.2006', 'Mergosari', '2018-03-27 10:50:42', '2018-03-27 10:50:42'),
('35.23.07.2007', 'Mulyoagung', '2018-03-27 10:50:42', '2018-03-27 10:50:42'),
('35.23.07.2008', 'Tunggulrejo', '2018-03-27 10:50:42', '2018-03-27 10:50:42'),
('35.23.07.2009', 'Tingkis', '2018-03-27 10:50:42', '2018-03-27 10:50:42'),
('35.23.07.2010', 'Mulyorejo', '2018-03-27 10:50:42', '2018-03-27 10:50:42'),
('35.23.07.2011', 'Saringembat', '2018-03-27 10:50:42', '2018-03-27 10:50:42'),
('35.23.07.2012', 'Kedungjambe', '2018-03-27 10:50:42', '2018-03-27 10:50:42'),
('35.23.08', 'Kerek', '2018-03-27 10:50:42', '2018-03-27 10:50:42'),
('35.23.08.2001', 'Gemulung', '2018-03-27 10:50:42', '2018-03-27 10:50:42'),
('35.23.08.2002', 'Sidonganti', '2018-03-27 10:50:42', '2018-03-27 10:50:42'),
('35.23.08.2003', 'Trantang', '2018-03-27 10:50:42', '2018-03-27 10:50:42'),
('35.23.08.2004', 'Wolutengah', '2018-03-27 10:50:42', '2018-03-27 10:50:42'),
('35.23.08.2005', 'Tengger Wetan', '2018-03-27 10:50:42', '2018-03-27 10:50:42'),
('35.23.08.2006', 'Gaji', '2018-03-27 10:50:42', '2018-03-27 10:50:42'),
('35.23.08.2007', 'Hargoretno', '2018-03-27 10:50:42', '2018-03-27 10:50:42'),
('35.23.08.2008', 'Margorejo', '2018-03-27 10:50:42', '2018-03-27 10:50:42'),
('35.23.08.2009', 'Kedungrejo', '2018-03-27 10:50:42', '2018-03-27 10:50:42'),
('35.23.08.2010', 'Jarorejo', '2018-03-27 10:50:42', '2018-03-27 10:50:42'),
('35.23.08.2011', 'Mliwang', '2018-03-27 10:50:42', '2018-03-27 10:50:42'),
('35.23.08.2012', 'Kasiman', '2018-03-27 10:50:42', '2018-03-27 10:50:42'),
('35.23.08.2013', 'Margomulyo', '2018-03-27 10:50:42', '2018-03-27 10:50:42'),
('35.23.08.2014', 'Temayang', '2018-03-27 10:50:42', '2018-03-27 10:50:42'),
('35.23.08.2015', 'Sumberarum', '2018-03-27 10:50:42', '2018-03-27 10:50:42'),
('35.23.08.2016', 'Karanglo', '2018-03-27 10:50:42', '2018-03-27 10:50:42'),
('35.23.08.2017', 'Padasan', '2018-03-27 10:50:42', '2018-03-27 10:50:42'),
('35.23.09', 'Parengan', '2018-03-27 10:50:42', '2018-03-27 10:50:42'),
('35.23.09.2001', 'Sembung', '2018-03-27 10:50:42', '2018-03-27 10:50:42'),
('35.23.09.2002', 'Kemlaten', '2018-03-27 10:50:42', '2018-03-27 10:50:42'),
('35.23.09.2003', 'Sukorejo', '2018-03-27 10:50:42', '2018-03-27 10:50:42'),
('35.23.09.2004', 'Ngawun', '2018-03-27 10:50:42', '2018-03-27 10:50:42'),
('35.23.09.2005', 'Mergoasri', '2018-03-27 10:50:42', '2018-03-27 10:50:42'),
('35.23.09.2006', 'Kumpulrejo', '2018-03-27 10:50:42', '2018-03-27 10:50:42'),
('35.23.09.2007', 'Parangbatu', '2018-03-27 10:50:42', '2018-03-27 10:50:42'),
('35.23.09.2008', 'Wukirharjo', '2018-03-27 10:50:42', '2018-03-27 10:50:42'),
('35.23.09.2009', 'Cengkong', '2018-03-27 10:50:42', '2018-03-27 10:50:42'),
('35.23.09.2010', 'Brangkal', '2018-03-27 10:50:42', '2018-03-27 10:50:42'),
('35.23.09.2011', 'Margorejo', '2018-03-27 10:50:42', '2018-03-27 10:50:42'),
('35.23.09.2012', 'Dagangan', '2018-03-27 10:50:42', '2018-03-27 10:50:42'),
('35.23.09.2013', 'Suciharjo', '2018-03-27 10:50:42', '2018-03-27 10:50:42'),
('35.23.09.2014', 'Pacing', '2018-03-27 10:50:42', '2018-03-27 10:50:42'),
('35.23.09.2015', 'Selogabus', '2018-03-27 10:50:42', '2018-03-27 10:50:42'),
('35.23.09.2016', 'Sugihwaras', '2018-03-27 10:50:42', '2018-03-27 10:50:42'),
('35.23.09.2017', 'Sendangrejo', '2018-03-27 10:50:42', '2018-03-27 10:50:42'),
('35.23.09.2018', 'Mojomalang', '2018-03-27 10:50:42', '2018-03-27 10:50:42'),
('35.23.10', 'Montong', '2018-03-27 10:50:42', '2018-03-27 10:50:42'),
('35.23.10.2001', 'Guwoterus', '2018-03-27 10:50:42', '2018-03-27 10:50:42'),
('35.23.10.2002', 'Nguluhan', '2018-03-27 10:50:42', '2018-03-27 10:50:42'),
('35.23.10.2003', 'Tanggulangin', '2018-03-27 10:50:42', '2018-03-27 10:50:42'),
('35.23.10.2004', 'Manjung', '2018-03-27 10:50:42', '2018-03-27 10:50:42'),
('35.23.10.2005', 'Talangkembar', '2018-03-27 10:50:42', '2018-03-27 10:50:42'),
('35.23.10.2006', 'Montongsekar', '2018-03-27 10:50:42', '2018-03-27 10:50:42'),
('35.23.10.2007', 'Pakel', '2018-03-27 10:50:42', '2018-03-27 10:50:42'),
('35.23.10.2008', 'Sumurgung', '2018-03-27 10:50:42', '2018-03-27 10:50:42'),
('35.23.10.2009', 'Bringin', '2018-03-27 10:50:42', '2018-03-27 10:50:42'),
('35.23.10.2010', 'Pucangan', '2018-03-27 10:50:42', '2018-03-27 10:50:42'),
('35.23.10.2011', 'Maindu', '2018-03-27 10:50:42', '2018-03-27 10:50:42'),
('35.23.10.2012', 'Jetak', '2018-03-27 10:50:42', '2018-03-27 10:50:42'),
('35.23.10.2013', 'Talun', '2018-03-27 10:50:42', '2018-03-27 10:50:42'),
('35.23.11', 'Soko', '2018-03-27 10:50:42', '2018-03-27 10:50:42'),
('35.23.11.2001', 'Tluwe', '2018-03-27 10:50:42', '2018-03-27 10:50:42'),
('35.23.11.2002', 'Wadung', '2018-03-27 10:50:42', '2018-03-27 10:50:42'),
('35.23.11.2003', 'Jati', '2018-03-27 10:50:42', '2018-03-27 10:50:42'),
('35.23.11.2004', 'Menilo', '2018-03-27 10:50:42', '2018-03-27 10:50:42'),
('35.23.11.2005', 'Cekalang', '2018-03-27 10:50:42', '2018-03-27 10:50:42'),
('35.23.11.2006', 'Pandanagung', '2018-03-27 10:50:42', '2018-03-27 10:50:42'),
('35.23.11.2007', 'Prambontergayang', '2018-03-27 10:50:42', '2018-03-27 10:50:42'),
('35.23.11.2008', 'Klumpit', '2018-03-27 10:50:42', '2018-03-27 10:50:42'),
('35.23.11.2009', 'Simo', '2018-03-27 10:50:42', '2018-03-27 10:50:42'),
('35.23.11.2010', 'Mentoro', '2018-03-27 10:50:42', '2018-03-27 10:50:42'),
('35.23.11.2012', 'Kendalrejo', '2018-03-27 10:50:42', '2018-03-27 10:50:42'),
('35.23.11.2013', 'Nguruan', '2018-03-27 10:50:42', '2018-03-27 10:50:42'),
('35.23.11.2014', 'Jegulo', '2018-03-27 10:50:42', '2018-03-27 10:50:42'),
('35.23.11.2015', 'Sokosari', '2018-03-27 10:50:42', '2018-03-27 10:50:42'),
('35.23.11.2016', 'Bangunrejo', '2018-03-27 10:50:42', '2018-03-27 10:50:42'),
('35.23.11.2017', 'Mojoagung', '2018-03-27 10:50:42', '2018-03-27 10:50:42'),
('35.23.11.2019', 'Gununganyar', '2018-03-27 10:50:42', '2018-03-27 10:50:42'),
('35.23.11.2020', 'Sumurcinde', '2018-03-27 10:50:42', '2018-03-27 10:50:42'),
('35.23.11.2021', 'Pandanwangi', '2018-03-27 10:50:42', '2018-03-27 10:50:42'),
('35.23.11.2022', 'Sandingrowo', '2018-03-27 10:50:42', '2018-03-27 10:50:42'),
('35.23.11.2023', 'Rahayu', '2018-03-27 10:50:42', '2018-03-27 10:50:42'),
('35.23.11.2024', 'Glagahsari', '2018-03-27 10:50:42', '2018-03-27 10:50:42'),
('35.23.11.2025', 'Kenongosari', '2018-03-27 10:50:42', '2018-03-27 10:50:42'),
('35.23.12', 'Jenu', '2018-03-27 10:50:42', '2018-03-27 10:50:42'),
('35.23.12.2001', 'Karangasem', '2018-03-27 10:50:42', '2018-03-27 10:50:42'),
('35.23.12.2002', 'Socorejo', '2018-03-27 10:50:42', '2018-03-27 10:50:42'),
('35.23.12.2003', 'Temaji', '2018-03-27 10:50:42', '2018-03-27 10:50:42'),
('35.23.12.2004', 'Purworejo', '2018-03-27 10:50:42', '2018-03-27 10:50:42'),
('35.23.12.2005', 'Tasikharjo', '2018-03-27 10:50:42', '2018-03-27 10:50:42'),
('35.23.12.2006', 'Sumurgeneng', '2018-03-27 10:50:42', '2018-03-27 10:50:42'),
('35.23.12.2007', 'Suwalan', '2018-03-27 10:50:42', '2018-03-27 10:50:42'),
('35.23.12.2008', 'Remen', '2018-03-27 10:50:42', '2018-03-27 10:50:42'),
('35.23.12.2009', 'Beji', '2018-03-27 10:50:42', '2018-03-27 10:50:42'),
('35.23.12.2010', 'Wadung', '2018-03-27 10:50:42', '2018-03-27 10:50:42'),
('35.23.12.2011', 'Rawasan', '2018-03-27 10:50:42', '2018-03-27 10:50:42'),
('35.23.12.2012', 'Mentoso', '2018-03-27 10:50:42', '2018-03-27 10:50:42'),
('35.23.12.2013', 'Jenggolo', '2018-03-27 10:50:42', '2018-03-27 10:50:42'),
('35.23.12.2014', 'Kaliuntu', '2018-03-27 10:50:42', '2018-03-27 10:50:42'),
('35.23.12.2015', 'Sekardadi', '2018-03-27 10:50:42', '2018-03-27 10:50:42'),
('35.23.12.2016', 'Jenu', '2018-03-27 10:50:42', '2018-03-27 10:50:42'),
('35.23.12.2017', 'Sugihwaras', '2018-03-27 10:50:42', '2018-03-27 10:50:42'),
('35.23.13', 'Merakurak', '2018-03-27 10:50:42', '2018-03-27 10:50:42'),
('35.23.13.2001', 'Tlogowaru', '2018-03-27 10:50:42', '2018-03-27 10:50:42'),
('35.23.13.2002', 'Tobo', '2018-03-27 10:50:42', '2018-03-27 10:50:42'),
('35.23.13.2003', 'Temandang', '2018-03-27 10:50:42', '2018-03-27 10:50:42'),
('35.23.13.2004', 'Tuwiri Wetan', '2018-03-27 10:50:42', '2018-03-27 10:50:42'),
('35.23.13.2005', 'Pongpongan', '2018-03-27 10:50:42', '2018-03-27 10:50:42'),
('35.23.13.2006', 'Tuwiri Kulon', '2018-03-27 10:50:42', '2018-03-27 10:50:42'),
('35.23.13.2007', 'Sugihan', '2018-03-27 10:50:42', '2018-03-27 10:50:42'),
('35.23.13.2008', 'Senori', '2018-03-27 10:50:42', '2018-03-27 10:50:42'),
('35.23.13.2009', 'Sembungrejo', '2018-03-27 10:50:42', '2018-03-27 10:50:42'),
('35.23.13.2010', 'Kapu', '2018-03-27 10:50:42', '2018-03-27 10:50:42');
INSERT INTO `tbl_wilayah` (`kode`, `nama`, `dtm_crt`, `dtm_upd`) VALUES
('35.23.13.2011', 'Tahulu', '2018-03-27 10:50:42', '2018-03-27 10:50:42'),
('35.23.13.2012', 'Tegalrejo', '2018-03-27 10:50:42', '2018-03-27 10:50:42'),
('35.23.13.2013', 'Borehbangle', '2018-03-27 10:50:42', '2018-03-27 10:50:42'),
('35.23.13.2014', 'Sambonggede', '2018-03-27 10:50:42', '2018-03-27 10:50:42'),
('35.23.13.2015', 'Sumber', '2018-03-27 10:50:42', '2018-03-27 10:50:42'),
('35.23.13.2016', 'Mandirejo', '2018-03-27 10:50:42', '2018-03-27 10:50:42'),
('35.23.13.2017', 'Sendanghaji', '2018-03-27 10:50:42', '2018-03-27 10:50:42'),
('35.23.13.2018', 'Bogorejo', '2018-03-27 10:50:42', '2018-03-27 10:50:42'),
('35.23.13.2019', 'Sumberejo', '2018-03-27 10:50:42', '2018-03-27 10:50:42'),
('35.23.14', 'Rengel', '2018-03-27 10:50:42', '2018-03-27 10:50:42'),
('35.23.14.2004', 'Kebonagung', '2018-03-27 10:50:42', '2018-03-27 10:50:42'),
('35.23.14.2005', 'Pekuwon', '2018-03-27 10:50:42', '2018-03-27 10:50:42'),
('35.23.14.2007', 'Rengel', '2018-03-27 10:50:42', '2018-03-27 10:50:42'),
('35.23.14.2008', 'Maibit', '2018-03-27 10:50:42', '2018-03-27 10:50:42'),
('35.23.14.2009', 'Bulurejo', '2018-03-27 10:50:42', '2018-03-27 10:50:42'),
('35.23.14.2010', 'Karangtinoto', '2018-03-27 10:50:42', '2018-03-27 10:50:42'),
('35.23.14.2011', 'Sawahan', '2018-03-27 10:50:42', '2018-03-27 10:50:42'),
('35.23.14.2013', 'Kanorejo', '2018-03-27 10:50:42', '2018-03-27 10:50:42'),
('35.23.14.2014', 'Tambakrejo', '2018-03-27 10:50:42', '2018-03-27 10:50:42'),
('35.23.14.2016', 'Ngadirejo', '2018-03-27 10:50:42', '2018-03-27 10:50:42'),
('35.23.14.2017', 'Sumberejo', '2018-03-27 10:50:42', '2018-03-27 10:50:42'),
('35.23.14.2018', 'Punggulrejo', '2018-03-27 10:50:42', '2018-03-27 10:50:42'),
('35.23.14.2019', 'Campurejo', '2018-03-27 10:50:42', '2018-03-27 10:50:42'),
('35.23.14.2020', 'Banjaragung', '2018-03-27 10:50:42', '2018-03-27 10:50:42'),
('35.23.14.2021', 'Banjararum', '2018-03-27 10:50:42', '2018-03-27 10:50:42'),
('35.23.14.2022', 'Prambonwetan', '2018-03-27 10:50:42', '2018-03-27 10:50:42'),
('35.23.15', 'Semanding', '2018-03-27 10:50:42', '2018-03-27 10:50:42'),
('35.23.15.2001', 'Jadi', '2018-03-27 10:50:42', '2018-03-27 10:50:42'),
('35.23.15.2002', 'Boto', '2018-03-27 10:50:42', '2018-03-27 10:50:42'),
('35.23.15.2003', 'Prunggahan Kulon', '2018-03-27 10:50:42', '2018-03-27 10:50:42'),
('35.23.15.2004', 'Tegalagung', '2018-03-27 10:50:42', '2018-03-27 10:50:42'),
('35.23.15.1006', 'Karang', '2018-03-27 10:50:42', '2018-03-27 10:50:42'),
('35.23.15.2009', 'Bektiharjo', '2018-03-27 10:50:42', '2018-03-27 10:50:42'),
('35.23.15.2010', 'Ngino', '2018-03-27 10:50:42', '2018-03-27 10:50:42'),
('35.23.15.2011', 'Prunggahanwetan', '2018-03-27 10:50:42', '2018-03-27 10:50:42'),
('35.23.15.2012', 'Sambongrejo', '2018-03-27 10:50:42', '2018-03-27 10:50:42'),
('35.23.15.2013', 'Semanding', '2018-03-27 10:50:42', '2018-03-27 10:50:42'),
('35.23.15.2014', 'Bejagung', '2018-03-27 10:50:42', '2018-03-27 10:50:42'),
('35.23.15.1015', 'Gedongombo', '2018-03-27 10:50:42', '2018-03-27 10:50:42'),
('35.23.15.2016', 'Penambangan', '2018-03-27 10:50:42', '2018-03-27 10:50:42'),
('35.23.15.2017', 'Genaharjo', '2018-03-27 10:50:42', '2018-03-27 10:50:42'),
('35.23.15.2018', 'Kowang', '2018-03-27 10:50:42', '2018-03-27 10:50:42'),
('35.23.15.2019', 'Tunah', '2018-03-27 10:50:42', '2018-03-27 10:50:42'),
('35.23.15.2020', 'Gesing', '2018-03-27 10:50:42', '2018-03-27 10:50:42'),
('35.23.16', 'Tuban', '2018-03-27 10:50:42', '2018-03-27 10:50:42'),
('35.23.16.2001', 'Sumurgung', '2018-03-27 10:50:42', '2018-03-27 10:50:42'),
('35.23.16.2002', 'Sugiharjo', '2018-03-27 10:50:42', '2018-03-27 10:50:42'),
('35.23.16.1003', 'Mondokan', '2018-03-27 10:50:42', '2018-03-27 10:50:42'),
('35.23.16.2004', 'Kembangbilo', '2018-03-27 10:50:42', '2018-03-27 10:50:42'),
('35.23.16.1005', 'Perbon', '2018-03-27 10:50:42', '2018-03-27 10:50:42'),
('35.23.16.1006', 'Latsari', '2018-03-27 10:50:42', '2018-03-27 10:50:42'),
('35.23.16.1007', 'Karangsari', '2018-03-27 10:50:42', '2018-03-27 10:50:42'),
('35.23.16.1008', 'Kingking', '2018-03-27 10:50:42', '2018-03-27 10:50:42'),
('35.23.16.1009', 'Ronggomulyo', '2018-03-27 10:50:42', '2018-03-27 10:50:42'),
('35.23.16.1010', 'Sidorejo', '2018-03-27 10:50:42', '2018-03-27 10:50:42'),
('35.23.16.1011', 'Doromukti', '2018-03-27 10:50:42', '2018-03-27 10:50:42'),
('35.23.16.1012', 'Sidomulyo', '2018-03-27 10:50:42', '2018-03-27 10:50:42'),
('35.23.16.1013', 'Kutorejo', '2018-03-27 10:50:42', '2018-03-27 10:50:42'),
('35.23.16.1014', 'Kebonsari', '2018-03-27 10:50:42', '2018-03-27 10:50:42'),
('35.23.16.1015', 'Sendangharjo', '2018-03-27 10:50:42', '2018-03-27 10:50:42'),
('35.23.16.1016', 'Baturetno', '2018-03-27 10:50:42', '2018-03-27 10:50:42'),
('35.23.16.1017', 'Sukolilo', '2018-03-27 10:50:42', '2018-03-27 10:50:42'),
('35.23.17', 'Plumpang', '2018-03-27 10:50:42', '2018-03-27 10:50:42'),
('35.23.17.2001', 'Trutup', '2018-03-27 10:50:42', '2018-03-27 10:50:42'),
('35.23.17.2002', 'Kesamben', '2018-03-27 10:50:42', '2018-03-27 10:50:42'),
('35.23.17.2003', 'Kepohagung', '2018-03-27 10:50:42', '2018-03-27 10:50:42'),
('35.23.17.2004', 'Kedungrejo', '2018-03-27 10:50:42', '2018-03-27 10:50:42'),
('35.23.17.2005', 'Sumurjalak', '2018-03-27 10:50:42', '2018-03-27 10:50:42'),
('35.23.17.2006', 'Sembungrejo', '2018-03-27 10:50:42', '2018-03-27 10:50:42'),
('35.23.17.2007', 'Sumberagung', '2018-03-27 10:50:42', '2018-03-27 10:50:42'),
('35.23.17.2008', 'Cangkring', '2018-03-27 10:50:42', '2018-03-27 10:50:42'),
('35.23.17.2009', 'Plumpang', '2018-03-27 10:50:42', '2018-03-27 10:50:42'),
('35.23.17.2010', 'Plandirejo', '2018-03-27 10:50:42', '2018-03-27 10:50:42'),
('35.23.17.2011', 'Ngrayung', '2018-03-27 10:50:42', '2018-03-27 10:50:42'),
('35.23.17.2012', 'Bandungrejo', '2018-03-27 10:50:42', '2018-03-27 10:50:42'),
('35.23.17.2013', 'Jatimulyo', '2018-03-27 10:50:42', '2018-03-27 10:50:42'),
('35.23.17.2014', 'Klotok', '2018-03-27 10:50:42', '2018-03-27 10:50:42'),
('35.23.17.2015', 'Magersari', '2018-03-27 10:50:42', '2018-03-27 10:50:42'),
('35.23.17.2016', 'Kebomlati', '2018-03-27 10:50:42', '2018-03-27 10:50:42'),
('35.23.17.2017', 'Penidon', '2018-03-27 10:50:42', '2018-03-27 10:50:42'),
('35.23.17.2018', 'Kedungsoko', '2018-03-27 10:50:42', '2018-03-27 10:50:42'),
('35.23.18', 'Palang', '2018-03-27 10:50:42', '2018-03-27 10:50:42'),
('35.23.18.1001', 'Payuran', '2018-03-27 10:50:42', '2018-03-27 10:50:42'),
('35.23.18.2002', 'Tasikmadu', '2018-03-27 10:50:42', '2018-03-27 10:50:42'),
('35.23.18.2003', 'Tegalbang', '2018-03-27 10:50:42', '2018-03-27 10:50:42'),
('35.23.18.2004', 'Sumurgung', '2018-03-27 10:50:42', '2018-03-27 10:50:42'),
('35.23.18.2005', 'Kradenan', '2018-03-27 10:50:42', '2018-03-27 10:50:42'),
('35.23.18.2006', 'Dawung', '2018-03-27 10:50:42', '2018-03-27 10:50:42'),
('35.23.18.2007', 'Cendoro', '2018-03-27 10:50:42', '2018-03-27 10:50:42'),
('35.23.18.2008', 'Ngimbang', '2018-03-27 10:50:42', '2018-03-27 10:50:42'),
('35.23.18.2009', 'Pucangan', '2018-03-27 10:50:42', '2018-03-27 10:50:42'),
('35.23.18.2010', 'Gesikharjo', '2018-03-27 10:50:42', '2018-03-27 10:50:42'),
('35.23.18.2011', 'Palang', '2018-03-27 10:50:42', '2018-03-27 10:50:42'),
('35.23.18.2012', 'Glodog', '2018-03-27 10:50:42', '2018-03-27 10:50:42'),
('35.23.18.2013', 'Leran Kulon', '2018-03-27 10:50:42', '2018-03-27 10:50:42'),
('35.23.18.2014', 'Leranwetan', '2018-03-27 10:50:42', '2018-03-27 10:50:42'),
('35.23.18.2015', 'Wangun', '2018-03-27 10:50:42', '2018-03-27 10:50:42'),
('35.23.18.2016', 'Karangagung', '2018-03-27 10:50:42', '2018-03-27 10:50:42'),
('35.23.18.2017', 'Pliwetan', '2018-03-27 10:50:42', '2018-03-27 10:50:42'),
('35.23.18.2018', 'Cepokrejo', '2018-03-27 10:50:42', '2018-03-27 10:50:42'),
('35.23.18.2019', 'Ketambul', '2018-03-27 10:50:42', '2018-03-27 10:50:42'),
('35.23.19', 'Widang', '2018-03-27 10:50:42', '2018-03-27 10:50:42'),
('35.23.19.2001', 'Patihan', '2018-03-27 10:50:42', '2018-03-27 10:50:42'),
('35.23.19.2002', 'Minohorejo', '2018-03-27 10:50:42', '2018-03-27 10:50:42'),
('35.23.19.2003', 'Mrutuk', '2018-03-27 10:50:42', '2018-03-27 10:50:42'),
('35.23.19.2004', 'Compreng', '2018-03-27 10:50:42', '2018-03-27 10:50:42'),
('35.23.19.2005', 'Sumberjo', '2018-03-27 10:50:42', '2018-03-27 10:50:42'),
('35.23.19.2006', 'Ngadipuro', '2018-03-27 10:50:42', '2018-03-27 10:50:42'),
('35.23.19.2007', 'Ngadirejo', '2018-03-27 10:50:42', '2018-03-27 10:50:42'),
('35.23.19.2008', 'Bunut', '2018-03-27 10:50:42', '2018-03-27 10:50:42'),
('35.23.19.2009', 'Widang', '2018-03-27 10:50:42', '2018-03-27 10:50:42'),
('35.23.19.2010', 'Banjar', '2018-03-27 10:50:42', '2018-03-27 10:50:42'),
('35.23.19.2011', 'Tegalsari', '2018-03-27 10:50:42', '2018-03-27 10:50:42'),
('35.23.19.2012', 'Mlangi', '2018-03-27 10:50:42', '2018-03-27 10:50:42'),
('35.23.19.2013', 'Simorejo', '2018-03-27 10:50:42', '2018-03-27 10:50:42'),
('35.23.19.2014', 'Kedungharjo', '2018-03-27 10:50:42', '2018-03-27 10:50:42'),
('35.23.19.2015', 'Kujung', '2018-03-27 10:50:42', '2018-03-27 10:50:42'),
('35.23.19.2016', 'Tegalrejo', '2018-03-27 10:50:42', '2018-03-27 10:50:42'),
('35.23.20', 'Grabagan', '2018-03-27 10:50:42', '2018-03-27 10:50:42'),
('35.23.20.2001', 'Ngarum', '2018-03-27 10:50:42', '2018-03-27 10:50:42'),
('35.23.20.2002', 'Ngrejeng', '2018-03-27 10:50:42', '2018-03-27 10:50:42'),
('35.23.20.2003', 'Grabagan', '2018-03-27 10:50:42', '2018-03-27 10:50:42'),
('35.23.20.2004', 'Waleran', '2018-03-27 10:50:42', '2018-03-27 10:50:42'),
('35.23.20.2005', 'Banyubang', '2018-03-27 10:50:42', '2018-03-27 10:50:42'),
('35.23.20.2006', 'Gesikan', '2018-03-27 10:50:42', '2018-03-27 10:50:42'),
('35.23.20.2007', 'Ngandong', '2018-03-27 10:50:42', '2018-03-27 10:50:42'),
('35.23.20.2008', 'Dahor', '2018-03-27 10:50:42', '2018-03-27 10:50:42'),
('35.23.20.2009', 'Dermawuharjo', '2018-03-27 10:50:42', '2018-03-27 10:50:42'),
('35.23.20.2010', 'Menyunyur', '2018-03-27 10:50:42', '2018-03-27 10:50:42'),
('35.23.20.2011', 'Pakis', '2018-03-27 10:50:42', '2018-03-27 10:50:42'),
('35.24', 'KAB. LAMONGAN', '2018-03-27 10:50:42', '2018-03-27 10:50:42'),
('35.24.01', 'Sukorame', '2018-03-27 10:50:42', '2018-03-27 10:50:42'),
('35.24.01.2001', 'Sembung', '2018-03-27 10:50:42', '2018-03-27 10:50:42'),
('35.24.01.2002', 'Banggle', '2018-03-27 10:50:42', '2018-03-27 10:50:42'),
('35.24.01.2003', 'Kedungkumpul', '2018-03-27 10:50:42', '2018-03-27 10:50:42'),
('35.24.01.2004', 'Sukorame', '2018-03-27 10:50:42', '2018-03-27 10:50:42'),
('35.24.01.2005', 'Mragel', '2018-03-27 10:50:42', '2018-03-27 10:50:42'),
('35.24.01.2006', 'Kedungrejo', '2018-03-27 10:50:42', '2018-03-27 10:50:42'),
('35.24.01.2007', 'Sewor', '2018-03-27 10:50:42', '2018-03-27 10:50:42'),
('35.24.01.2008', 'Wedoro', '2018-03-27 10:50:42', '2018-03-27 10:50:42'),
('35.24.01.2009', 'Pendowokumpul', '2018-03-27 10:50:42', '2018-03-27 10:50:42'),
('35.24.02', 'Bluluk', '2018-03-27 10:50:42', '2018-03-27 10:50:42'),
('35.24.02.2001', 'Talunrejo', '2018-03-27 10:50:42', '2018-03-27 10:50:42'),
('35.24.02.2002', 'Banjargondang', '2018-03-27 10:50:42', '2018-03-27 10:50:42'),
('35.24.02.2003', 'Bluluk', '2018-03-27 10:50:42', '2018-03-27 10:50:42'),
('35.24.02.2004', 'Cangkring', '2018-03-27 10:50:42', '2018-03-27 10:50:42'),
('35.24.02.2005', 'Bronjong', '2018-03-27 10:50:42', '2018-03-27 10:50:42'),
('35.24.02.2006', 'Songowareng', '2018-03-27 10:50:42', '2018-03-27 10:50:42'),
('35.24.02.2007', 'Kuwurejo', '2018-03-27 10:50:42', '2018-03-27 10:50:42'),
('35.24.02.2008', 'Sumberbanjar', '2018-03-27 10:50:42', '2018-03-27 10:50:42'),
('35.24.02.2009', 'Primpen', '2018-03-27 10:50:42', '2018-03-27 10:50:42'),
('35.24.03', 'Modo', '2018-03-27 10:50:42', '2018-03-27 10:50:42'),
('35.24.03.2001', 'Jegreg', '2018-03-27 10:50:42', '2018-03-27 10:50:42'),
('35.24.03.2002', 'Kedungpengaron', '2018-03-27 10:50:42', '2018-03-27 10:50:42'),
('35.24.03.2003', 'Sumberagung', '2018-03-27 10:50:42', '2018-03-27 10:50:42'),
('35.24.03.2004', 'Kedunglerep', '2018-03-27 10:50:42', '2018-03-27 10:50:42'),
('35.24.03.2005', 'Jatipayak', '2018-03-27 10:50:42', '2018-03-27 10:50:42'),
('35.24.03.2006', 'Kedungwaras', '2018-03-27 10:50:42', '2018-03-27 10:50:42'),
('35.24.03.2007', 'Sidomulyo', '2018-03-27 10:50:42', '2018-03-27 10:50:42'),
('35.24.03.2008', 'Sambangrejo', '2018-03-27 10:50:42', '2018-03-27 10:50:42'),
('35.24.03.2009', 'Medalem', '2018-03-27 10:50:42', '2018-03-27 10:50:42'),
('35.24.03.2010', 'Sidodowo', '2018-03-27 10:50:42', '2018-03-27 10:50:42'),
('35.24.03.2011', 'Mojorejo', '2018-03-27 10:50:42', '2018-03-27 10:50:42'),
('35.24.03.2012', 'Sambungrejo', '2018-03-27 10:50:42', '2018-03-27 10:50:42'),
('35.24.03.2013', 'Kedungrejo', '2018-03-27 10:50:42', '2018-03-27 10:50:42'),
('35.24.03.2014', 'Kacangan', '2018-03-27 10:50:42', '2018-03-27 10:50:42'),
('35.24.03.2015', 'Nguwok', '2018-03-27 10:50:42', '2018-03-27 10:50:42'),
('35.24.03.2016', 'Pule', '2018-03-27 10:50:42', '2018-03-27 10:50:42'),
('35.24.03.2017', 'Yungyang', '2018-03-27 10:50:42', '2018-03-27 10:50:42'),
('35.24.04', 'Ngimbang', '2018-03-27 10:50:42', '2018-03-27 10:50:42'),
('35.24.04.2001', 'Kedungmentawar', '2018-03-27 10:50:42', '2018-03-27 10:50:42'),
('35.24.04.2002', 'Cerme', '2018-03-27 10:50:42', '2018-03-27 10:50:42'),
('35.24.04.2003', 'Gebangangkrik', '2018-03-27 10:50:42', '2018-03-27 10:50:42'),
('35.24.04.2004', 'Ngasemlemahbang', '2018-03-27 10:50:42', '2018-03-27 10:50:42'),
('35.24.04.2005', 'Slaharwotan', '2018-03-27 10:50:42', '2018-03-27 10:50:42'),
('35.24.04.2006', 'Ganggangtingan', '2018-03-27 10:50:42', '2018-03-27 10:50:42'),
('35.24.04.2007', 'Jejel', '2018-03-27 10:50:42', '2018-03-27 10:50:42'),
('35.24.04.2008', 'Purwokerto', '2018-03-27 10:50:42', '2018-03-27 10:50:42'),
('35.24.04.2009', 'Kakatpenjalin', '2018-03-27 10:50:42', '2018-03-27 10:50:42'),
('35.24.04.2010', 'Tlemang', '2018-03-27 10:50:42', '2018-03-27 10:50:42'),
('35.24.04.2011', 'Mendogo', '2018-03-27 10:50:42', '2018-03-27 10:50:42'),
('35.24.04.2012', 'Lawak', '2018-03-27 10:50:42', '2018-03-27 10:50:42'),
('35.24.04.2013', 'Drujugurit', '2018-03-27 10:50:42', '2018-03-27 10:50:42'),
('35.24.04.2014', 'Girik', '2018-03-27 10:50:42', '2018-03-27 10:50:42'),
('35.24.04.2015', 'Munungrejo', '2018-03-27 10:50:42', '2018-03-27 10:50:42'),
('35.24.04.2016', 'Ngimbang', '2018-03-27 10:50:42', '2018-03-27 10:50:42'),
('35.24.04.2017', 'Durikedungrejo', '2018-03-27 10:50:42', '2018-03-27 10:50:42'),
('35.24.04.2018', 'Lamongrejo', '2018-03-27 10:50:42', '2018-03-27 10:50:42'),
('35.24.04.2019', 'Sendangrejo', '2018-03-27 10:50:42', '2018-03-27 10:50:42'),
('35.24.05', 'Babat', '2018-03-27 10:50:42', '2018-03-27 10:50:42'),
('35.24.05.1001', 'Banaran', '2018-03-27 10:50:42', '2018-03-27 10:50:42'),
('35.24.05.2002', 'Karangkembang', '2018-03-27 10:50:42', '2018-03-27 10:50:42'),
('35.24.05.1003', 'Babat', '2018-03-27 10:50:42', '2018-03-27 10:50:42'),
('35.24.05.2004', 'Pucakwangi', '2018-03-27 10:50:42', '2018-03-27 10:50:42'),
('35.24.05.2005', 'Sogo', '2018-03-27 10:50:42', '2018-03-27 10:50:42'),
('35.24.05.2006', 'Bedahan', '2018-03-27 10:50:42', '2018-03-27 10:50:42'),
('35.24.05.2007', 'Truni', '2018-03-27 10:50:42', '2018-03-27 10:50:42'),
('35.24.05.2008', 'Gendongkulon', '2018-03-27 10:50:42', '2018-03-27 10:50:42'),
('35.24.05.2009', 'Plaosan', '2018-03-27 10:50:42', '2018-03-27 10:50:42'),
('35.24.05.2010', 'Trepan', '2018-03-27 10:50:42', '2018-03-27 10:50:42'),
('35.24.05.2011', 'Kuripan', '2018-03-27 10:50:42', '2018-03-27 10:50:42'),
('35.24.05.2012', 'Kebalanpelang', '2018-03-27 10:50:42', '2018-03-27 10:50:42'),
('35.24.05.2013', 'Sumurgenuk', '2018-03-27 10:50:42', '2018-03-27 10:50:42'),
('35.24.05.2014', 'Gembong', '2018-03-27 10:50:42', '2018-03-27 10:50:42'),
('35.24.05.2015', 'Bulumargi', '2018-03-27 10:50:42', '2018-03-27 10:50:42'),
('35.24.05.2016', 'Datinawong', '2018-03-27 10:50:42', '2018-03-27 10:50:42'),
('35.24.05.2017', 'Kebalandono', '2018-03-27 10:50:42', '2018-03-27 10:50:42'),
('35.24.05.2018', 'Patihan', '2018-03-27 10:50:42', '2018-03-27 10:50:42'),
('35.24.05.2019', 'Moropelang', '2018-03-27 10:50:42', '2018-03-27 10:50:42'),
('35.24.05.2020', 'Keyongan', '2018-03-27 10:50:42', '2018-03-27 10:50:42'),
('35.24.05.2021', 'Sambangan', '2018-03-27 10:50:42', '2018-03-27 10:50:42'),
('35.24.05.2022', 'Tritunggal', '2018-03-27 10:50:42', '2018-03-27 10:50:42'),
('35.24.05.2023', 'Kebonagung', '2018-03-27 10:50:42', '2018-03-27 10:50:42'),
('35.24.06', 'Kedungpring', '2018-03-27 10:50:42', '2018-03-27 10:50:42'),
('35.24.06.2001', 'Dradahblumbang', '2018-03-27 10:50:42', '2018-03-27 10:50:42'),
('35.24.06.2002', 'Kalen', '2018-03-27 10:50:42', '2018-03-27 10:50:42'),
('35.24.06.2003', 'Mojodadi', '2018-03-27 10:50:42', '2018-03-27 10:50:42'),
('35.24.06.2004', 'Gunungrejo', '2018-03-27 10:50:42', '2018-03-27 10:50:42'),
('35.24.06.2005', 'Warungring', '2018-03-27 10:50:42', '2018-03-27 10:50:42'),
('35.24.06.2006', 'Jatidrojog', '2018-03-27 10:50:42', '2018-03-27 10:50:42'),
('35.24.06.2007', 'Kradenanrejo', '2018-03-27 10:50:42', '2018-03-27 10:50:42'),
('35.24.06.2008', 'Kandangrejo', '2018-03-27 10:50:42', '2018-03-27 10:50:42'),
('35.24.06.2009', 'Kedungpring', '2018-03-27 10:50:42', '2018-03-27 10:50:42'),
('35.24.06.2010', 'Tlanak', '2018-03-27 10:50:42', '2018-03-27 10:50:42'),
('35.24.06.2011', 'Sukomalo', '2018-03-27 10:50:42', '2018-03-27 10:50:42'),
('35.24.06.2012', 'Mlati', '2018-03-27 10:50:42', '2018-03-27 10:50:42'),
('35.24.06.2013', 'Karangcangkring', '2018-03-27 10:50:42', '2018-03-27 10:50:42'),
('35.24.06.2014', 'Mekanderejo', '2018-03-27 10:50:42', '2018-03-27 10:50:42'),
('35.24.06.2015', 'Banjarejo', '2018-03-27 10:50:42', '2018-03-27 10:50:42'),
('35.24.06.2016', 'Sidobangun', '2018-03-27 10:50:42', '2018-03-27 10:50:42'),
('35.24.06.2017', 'Blawirejo', '2018-03-27 10:50:42', '2018-03-27 10:50:42'),
('35.24.06.2018', 'Maindu', '2018-03-27 10:50:42', '2018-03-27 10:50:42'),
('35.24.06.2019', 'Tenggerejo', '2018-03-27 10:50:42', '2018-03-27 10:50:42'),
('35.24.06.2020', 'Majenang', '2018-03-27 10:50:42', '2018-03-27 10:50:42'),
('35.24.06.2021', 'Sidomlagean', '2018-03-27 10:50:42', '2018-03-27 10:50:42'),
('35.24.06.2022', 'Nglebur', '2018-03-27 10:50:42', '2018-03-27 10:50:42'),
('35.24.06.2023', 'Sumengko', '2018-03-27 10:50:42', '2018-03-27 10:50:42'),
('35.24.07', 'Brondong', '2018-03-27 10:50:42', '2018-03-27 10:50:42'),
('35.24.07.2001', 'Lohgung', '2018-03-27 10:50:42', '2018-03-27 10:50:42'),
('35.24.07.2002', 'Labuhan', '2018-03-27 10:50:42', '2018-03-27 10:50:42'),
('35.24.07.2003', 'Sidomukti', '2018-03-27 10:50:42', '2018-03-27 10:50:42'),
('35.24.07.2004', 'Brengkok', '2018-03-27 10:50:42', '2018-03-27 10:50:42'),
('35.24.07.2005', 'Tlogoretno', '2018-03-27 10:50:42', '2018-03-27 10:50:42'),
('35.24.07.2006', 'Sendangharjo', '2018-03-27 10:50:42', '2018-03-27 10:50:42'),
('35.24.07.2007', 'Lembor', '2018-03-27 10:50:42', '2018-03-27 10:50:42'),
('35.24.07.2008', 'Sedayulawas', '2018-03-27 10:50:42', '2018-03-27 10:50:42'),
('35.24.07.2009', 'Sumberagung', '2018-03-27 10:50:42', '2018-03-27 10:50:42'),
('35.24.07.1010', 'Brondong', '2018-03-27 10:50:42', '2018-03-27 10:50:42'),
('35.24.08', 'Laren', '2018-03-27 10:50:42', '2018-03-27 10:50:42'),
('35.24.08.2001', 'Dateng', '2018-03-27 10:50:42', '2018-03-27 10:50:42'),
('35.24.08.2002', 'Jabung', '2018-03-27 10:50:42', '2018-03-27 10:50:42'),
('35.24.08.2003', 'Keduyung', '2018-03-27 10:50:42', '2018-03-27 10:50:42'),
('35.24.08.2004', 'Centini', '2018-03-27 10:50:42', '2018-03-27 10:50:42'),
('35.24.08.2005', 'Durikulon', '2018-03-27 10:50:42', '2018-03-27 10:50:42'),
('35.24.08.2006', 'Pesanggrahan', '2018-03-27 10:50:42', '2018-03-27 10:50:42'),
('35.24.08.2007', 'Gelap', '2018-03-27 10:50:42', '2018-03-27 10:50:42'),
('35.24.08.2008', 'Mojoasem', '2018-03-27 10:50:42', '2018-03-27 10:50:42'),
('35.24.08.2009', 'Siser', '2018-03-27 10:50:42', '2018-03-27 10:50:42'),
('35.24.08.2010', 'Bulutigo', '2018-03-27 10:50:42', '2018-03-27 10:50:42'),
('35.24.08.2011', 'Pelangwot', '2018-03-27 10:50:42', '2018-03-27 10:50:42'),
('35.24.08.2012', 'Laren', '2018-03-27 10:50:42', '2018-03-27 10:50:42'),
('35.24.08.2013', 'Gampangsejati', '2018-03-27 10:50:42', '2018-03-27 10:50:42'),
('35.24.08.2014', 'Tamanprijeg', '2018-03-27 10:50:42', '2018-03-27 10:50:42'),
('35.24.08.2015', 'Karangtawar', '2018-03-27 10:50:42', '2018-03-27 10:50:42'),
('35.24.08.2016', 'Tejoasri', '2018-03-27 10:50:42', '2018-03-27 10:50:42'),
('35.24.08.2017', 'Godog', '2018-03-27 10:50:42', '2018-03-27 10:50:42'),
('35.24.08.2018', 'Bulubrangsi', '2018-03-27 10:50:42', '2018-03-27 10:50:42'),
('35.24.08.2019', 'Karangwungulor', '2018-03-27 10:50:42', '2018-03-27 10:50:42'),
('35.24.08.2020', 'Brangsi', '2018-03-27 10:50:42', '2018-03-27 10:50:42'),
('35.24.09', 'Sekaran', '2018-03-27 10:50:42', '2018-03-27 10:50:42'),
('35.24.09.2001', 'Besur', '2018-03-27 10:50:42', '2018-03-27 10:50:42'),
('35.24.09.2002', 'Titik', '2018-03-27 10:50:42', '2018-03-27 10:50:42'),
('35.24.09.2003', 'Kendal', '2018-03-27 10:50:42', '2018-03-27 10:50:42'),
('35.24.09.2004', 'Keting', '2018-03-27 10:50:42', '2018-03-27 10:50:42'),
('35.24.09.2005', 'Ngarum', '2018-03-27 10:50:42', '2018-03-27 10:50:42'),
('35.24.09.2006', 'Kebalankulon', '2018-03-27 10:50:42', '2018-03-27 10:50:42'),
('35.24.09.2007', 'Kudikan', '2018-03-27 10:50:42', '2018-03-27 10:50:42'),
('35.24.09.2008', 'Jugo', '2018-03-27 10:50:42', '2018-03-27 10:50:42'),
('35.24.09.2009', 'Manyar', '2018-03-27 10:50:42', '2018-03-27 10:50:42'),
('35.24.09.2010', 'Trosono', '2018-03-27 10:50:42', '2018-03-27 10:50:42'),
('35.24.09.2011', 'Latek', '2018-03-27 10:50:42', '2018-03-27 10:50:42'),
('35.24.09.2012', 'Miru', '2018-03-27 10:50:42', '2018-03-27 10:50:42'),
('35.24.09.2013', 'Sekaran', '2018-03-27 10:50:42', '2018-03-27 10:50:42'),
('35.24.09.2014', 'Moro', '2018-03-27 10:50:42', '2018-03-27 10:50:42'),
('35.24.09.2015', 'Karang', '2018-03-27 10:50:42', '2018-03-27 10:50:42'),
('35.24.09.2016', 'Kembangan', '2018-03-27 10:50:42', '2018-03-27 10:50:42'),
('35.24.09.2017', 'Siman', '2018-03-27 10:50:42', '2018-03-27 10:50:42'),
('35.24.09.2018', 'Bulutengger', '2018-03-27 10:50:42', '2018-03-27 10:50:42'),
('35.24.09.2019', 'Porodeso', '2018-03-27 10:50:42', '2018-03-27 10:50:42'),
('35.24.09.2020', 'Bugel', '2018-03-27 10:50:42', '2018-03-27 10:50:42'),
('35.24.09.2021', 'Sungegeneng', '2018-03-27 10:50:42', '2018-03-27 10:50:42'),
('35.24.10', 'Maduran', '2018-03-27 10:50:42', '2018-03-27 10:50:42'),
('35.24.10.2001', 'Duriwetan', '2018-03-27 10:50:42', '2018-03-27 10:50:42'),
('35.24.10.2002', 'Taji', '2018-03-27 10:50:42', '2018-03-27 10:50:42'),
('35.24.10.2003', 'Brumbun', '2018-03-27 10:50:42', '2018-03-27 10:50:42'),
('35.24.10.2004', 'Siwuran', '2018-03-27 10:50:42', '2018-03-27 10:50:42'),
('35.24.10.2005', 'Klagensrampat', '2018-03-27 10:50:42', '2018-03-27 10:50:42'),
('35.24.10.2006', 'Pangean', '2018-03-27 10:50:42', '2018-03-27 10:50:42'),
('35.24.10.2007', 'Maduran', '2018-03-27 10:50:42', '2018-03-27 10:50:42'),
('35.24.10.2008', 'Jangkungsomo', '2018-03-27 10:50:42', '2018-03-27 10:50:42'),
('35.24.10.2009', 'Parengan', '2018-03-27 10:50:42', '2018-03-27 10:50:42'),
('35.24.10.2010', 'Pangkatrejo', '2018-03-27 10:50:42', '2018-03-27 10:50:42'),
('35.24.10.2011', 'Kanugrahan', '2018-03-27 10:50:42', '2018-03-27 10:50:42'),
('35.24.10.2012', 'Gumantuk', '2018-03-27 10:50:42', '2018-03-27 10:50:42'),
('35.24.10.2013', 'Ngayung', '2018-03-27 10:50:42', '2018-03-27 10:50:42'),
('35.24.10.2014', 'Pringgoboyo', '2018-03-27 10:50:42', '2018-03-27 10:50:42'),
('35.24.10.2015', 'Gedangan', '2018-03-27 10:50:42', '2018-03-27 10:50:42'),
('35.24.10.2016', 'Turi', '2018-03-27 10:50:42', '2018-03-27 10:50:42'),
('35.24.10.2017', 'Blumbang', '2018-03-27 10:50:42', '2018-03-27 10:50:42'),
('35.24.11', 'Sambeng', '2018-03-27 10:50:42', '2018-03-27 10:50:42'),
('35.24.11.2001', 'Sidokumpul', '2018-03-27 10:50:42', '2018-03-27 10:50:42'),
('35.24.11.2002', 'Pasarlegi', '2018-03-27 10:50:42', '2018-03-27 10:50:42'),
('35.24.11.2003', 'Semampirejo', '2018-03-27 10:50:42', '2018-03-27 10:50:42'),
('35.24.11.2004', 'Wateswinangun', '2018-03-27 10:50:42', '2018-03-27 10:50:42'),
('35.24.11.2005', 'Sumbersari', '2018-03-27 10:50:42', '2018-03-27 10:50:42'),
('35.24.11.2006', 'Pataan', '2018-03-27 10:50:42', '2018-03-27 10:50:42'),
('35.24.11.2007', 'Tenggiring', '2018-03-27 10:50:42', '2018-03-27 10:50:42'),
('35.24.11.2008', 'Garung', '2018-03-27 10:50:42', '2018-03-27 10:50:42'),
('35.24.11.2009', 'Wonorejo', '2018-03-27 10:50:42', '2018-03-27 10:50:42'),
('35.24.11.2010', 'Ardirejo', '2018-03-27 10:50:42', '2018-03-27 10:50:42'),
('35.24.11.2011', 'Sekidang', '2018-03-27 10:50:42', '2018-03-27 10:50:42'),
('35.24.11.2012', 'Kedungwangi', '2018-03-27 10:50:42', '2018-03-27 10:50:42'),
('35.24.11.2013', 'Jatipandak', '2018-03-27 10:50:42', '2018-03-27 10:50:42'),
('35.24.11.2014', 'Candisari', '2018-03-27 10:50:42', '2018-03-27 10:50:42'),
('35.24.11.2015', 'Nogojatisari', '2018-03-27 10:50:42', '2018-03-27 10:50:42'),
('35.24.11.2016', 'Pamotan', '2018-03-27 10:50:42', '2018-03-27 10:50:42'),
('35.24.11.2017', 'Wudi', '2018-03-27 10:50:42', '2018-03-27 10:50:42'),
('35.24.11.2018', 'Barurejo', '2018-03-27 10:50:42', '2018-03-27 10:50:42'),
('35.24.11.2019', 'Kedungbanjar', '2018-03-27 10:50:42', '2018-03-27 10:50:42'),
('35.24.11.2020', 'Gempolmanis', '2018-03-27 10:50:42', '2018-03-27 10:50:42'),
('35.24.11.2021', 'Selorejo', '2018-03-27 10:50:42', '2018-03-27 10:50:42'),
('35.24.11.2022', 'Kreteranggon', '2018-03-27 10:50:42', '2018-03-27 10:50:42'),
('35.24.12', 'Sugio', '2018-03-27 10:50:42', '2018-03-27 10:50:42'),
('35.24.12.2001', 'Sidobogem', '2018-03-27 10:50:42', '2018-03-27 10:50:42'),
('35.24.12.2002', 'Kalitengah', '2018-03-27 10:50:42', '2018-03-27 10:50:42'),
('35.24.12.2003', 'Kedungdadi', '2018-03-27 10:50:42', '2018-03-27 10:50:42'),
('35.24.12.2004', 'Sidorejo', '2018-03-27 10:50:42', '2018-03-27 10:50:42'),
('35.24.12.2005', 'Kedungbanjar', '2018-03-27 10:50:42', '2018-03-27 10:50:42'),
('35.24.12.2006', 'Bedingin', '2018-03-27 10:50:42', '2018-03-27 10:50:42'),
('35.24.12.2007', 'Bakalrejo', '2018-03-27 10:50:42', '2018-03-27 10:50:42'),
('35.24.12.2008', 'Gondanglor', '2018-03-27 10:50:42', '2018-03-27 10:50:42'),
('35.24.12.2009', 'Pangkatrejo', '2018-03-27 10:50:42', '2018-03-27 10:50:42'),
('35.24.12.2010', 'Karangsambigalih', '2018-03-27 10:50:42', '2018-03-27 10:50:42'),
('35.24.12.2011', 'Supenuh', '2018-03-27 10:50:42', '2018-03-27 10:50:42'),
('35.24.12.2012', 'Lebakadi', '2018-03-27 10:50:42', '2018-03-27 10:50:42'),
('35.24.12.2013', 'Deketagung', '2018-03-27 10:50:42', '2018-03-27 10:50:42'),
('35.24.12.2014', 'Jubellor', '2018-03-27 10:50:42', '2018-03-27 10:50:42'),
('35.24.12.2015', 'Sugio', '2018-03-27 10:50:42', '2018-03-27 10:50:42'),
('35.24.12.2016', 'Daliwangun', '2018-03-27 10:50:42', '2018-03-27 10:50:42'),
('35.24.12.2017', 'Jubelkidul', '2018-03-27 10:50:42', '2018-03-27 10:50:42'),
('35.24.12.2018', 'Lawanganagung', '2018-03-27 10:50:42', '2018-03-27 10:50:42'),
('35.24.12.2019', 'Kalipang', '2018-03-27 10:50:42', '2018-03-27 10:50:42'),
('35.24.12.2020', 'German', '2018-03-27 10:50:42', '2018-03-27 10:50:42'),
('35.24.12.2021', 'Sekarbagus', '2018-03-27 10:50:42', '2018-03-27 10:50:42'),
('35.24.13', 'Pucuk', '2018-03-27 10:50:42', '2018-03-27 10:50:42'),
('35.24.13.2001', 'Pucuk', '2018-03-27 10:50:42', '2018-03-27 10:50:42'),
('35.24.13.2002', 'Gempolpading', '2018-03-27 10:50:42', '2018-03-27 10:50:42'),
('35.24.13.2003', 'Kesambi', '2018-03-27 10:50:42', '2018-03-27 10:50:42'),
('35.24.13.2004', 'Plososetro', '2018-03-27 10:50:42', '2018-03-27 10:50:42'),
('35.24.13.2005', 'Wanar', '2018-03-27 10:50:42', '2018-03-27 10:50:42'),
('35.24.13.2006', 'Karangtinggil', '2018-03-27 10:50:42', '2018-03-27 10:50:42'),
('35.24.13.2007', 'Warukulon', '2018-03-27 10:50:42', '2018-03-27 10:50:42'),
('35.24.13.2008', 'Waruwetan', '2018-03-27 10:50:42', '2018-03-27 10:50:42'),
('35.24.13.2009', 'Kedali', '2018-03-27 10:50:42', '2018-03-27 10:50:42'),
('35.24.13.2010', 'Paji', '2018-03-27 10:50:42', '2018-03-27 10:50:42'),
('35.24.13.2011', 'Sumberjo', '2018-03-27 10:50:42', '2018-03-27 10:50:42'),
('35.24.13.2012', 'Cungkup', '2018-03-27 10:50:42', '2018-03-27 10:50:42'),
('35.24.13.2013', 'Bogoharjo', '2018-03-27 10:50:42', '2018-03-27 10:50:42'),
('35.24.13.2014', 'Ngambeg', '2018-03-27 10:50:42', '2018-03-27 10:50:42'),
('35.24.13.2015', 'Babatkumpul', '2018-03-27 10:50:42', '2018-03-27 10:50:42'),
('35.24.13.2016', 'Tanggungan', '2018-03-27 10:50:42', '2018-03-27 10:50:42'),
('35.24.13.2017', 'Padenganploso', '2018-03-27 10:50:42', '2018-03-27 10:50:42'),
('35.24.14', 'Paciran', '2018-03-27 10:50:42', '2018-03-27 10:50:42'),
('35.24.14.1001', 'Blimbing', '2018-03-27 10:50:42', '2018-03-27 10:50:42'),
('35.24.14.2002', 'Kadangsemangkon', '2018-03-27 10:50:42', '2018-03-27 10:50:42'),
('35.24.14.2003', 'Paciran', '2018-03-27 10:50:42', '2018-03-27 10:50:42'),
('35.24.14.2004', 'Sumurgayam', '2018-03-27 10:50:42', '2018-03-27 10:50:42'),
('35.24.14.2005', 'Sendangagung', '2018-03-27 10:50:42', '2018-03-27 10:50:42'),
('35.24.14.2006', 'Sendangduwur', '2018-03-27 10:50:42', '2018-03-27 10:50:42'),
('35.24.14.2007', 'Tunggul', '2018-03-27 10:50:42', '2018-03-27 10:50:42'),
('35.24.14.2008', 'Kranji', '2018-03-27 10:50:42', '2018-03-27 10:50:42'),
('35.24.14.2009', 'Drajat', '2018-03-27 10:50:42', '2018-03-27 10:50:42'),
('35.24.14.2010', 'Banjarwati', '2018-03-27 10:50:42', '2018-03-27 10:50:42'),
('35.24.14.2011', 'Kemantren', '2018-03-27 10:50:42', '2018-03-27 10:50:42'),
('35.24.14.2012', 'Sidokelar', '2018-03-27 10:50:42', '2018-03-27 10:50:42'),
('35.24.14.2013', 'Tlogosadang', '2018-03-27 10:50:42', '2018-03-27 10:50:42'),
('35.24.14.2014', 'Paloh', '2018-03-27 10:50:42', '2018-03-27 10:50:42'),
('35.24.14.2015', 'Weru', '2018-03-27 10:50:42', '2018-03-27 10:50:42'),
('35.24.14.2016', 'Sidokumpul', '2018-03-27 10:50:42', '2018-03-27 10:50:42'),
('35.24.14.2017', 'Warulor', '2018-03-27 10:50:42', '2018-03-27 10:50:42'),
('35.24.15', 'Solokuro', '2018-03-27 10:50:42', '2018-03-27 10:50:42'),
('35.24.15.2001', 'Dadapan', '2018-03-27 10:50:42', '2018-03-27 10:50:42'),
('35.24.15.2002', 'Tebluru', '2018-03-27 10:50:42', '2018-03-27 10:50:42'),
('35.24.15.2003', 'Sugihan', '2018-03-27 10:50:42', '2018-03-27 10:50:42'),
('35.24.15.2004', 'Tenggulun', '2018-03-27 10:50:42', '2018-03-27 10:50:42'),
('35.24.15.2005', 'Payaman', '2018-03-27 10:50:42', '2018-03-27 10:50:42'),
('35.24.15.2006', 'Solokuro', '2018-03-27 10:50:42', '2018-03-27 10:50:42'),
('35.24.15.2007', 'Takerharjo', '2018-03-27 10:50:42', '2018-03-27 10:50:42'),
('35.24.15.2008', 'Dagan', '2018-03-27 10:50:42', '2018-03-27 10:50:42'),
('35.24.15.2009', 'Banyubang', '2018-03-27 10:50:42', '2018-03-27 10:50:42'),
('35.24.15.2010', 'Bluri', '2018-03-27 10:50:42', '2018-03-27 10:50:42'),
('35.24.16', 'Mantup', '2018-03-27 10:50:42', '2018-03-27 10:50:42'),
('35.24.16.2001', 'Sukobendu', '2018-03-27 10:50:42', '2018-03-27 10:50:42'),
('35.24.16.2002', 'Tunggunjagir', '2018-03-27 10:50:42', '2018-03-27 10:50:42'),
('35.24.16.2003', 'Sumberbendo', '2018-03-27 10:50:42', '2018-03-27 10:50:42'),
('35.24.16.2004', 'Mantup', '2018-03-27 10:50:42', '2018-03-27 10:50:42'),
('35.24.16.2005', 'Kedukbembem', '2018-03-27 10:50:42', '2018-03-27 10:50:42'),
('35.24.16.2006', 'Sumberdadi', '2018-03-27 10:50:42', '2018-03-27 10:50:42'),
('35.24.16.2007', 'Kedungsoko', '2018-03-27 10:50:42', '2018-03-27 10:50:42'),
('35.24.16.2008', 'Tugu', '2018-03-27 10:50:42', '2018-03-27 10:50:42'),
('35.24.16.2009', 'Sukosari', '2018-03-27 10:50:42', '2018-03-27 10:50:42'),
('35.24.16.2010', 'Sumberagung', '2018-03-27 10:50:42', '2018-03-27 10:50:42'),
('35.24.16.2011', 'Sidomulyo', '2018-03-27 10:50:42', '2018-03-27 10:50:42'),
('35.24.16.2012', 'Mojosari', '2018-03-27 10:50:42', '2018-03-27 10:50:42'),
('35.24.16.2013', 'Plabuhanrejo', '2018-03-27 10:50:42', '2018-03-27 10:50:42'),
('35.24.16.2014', 'Sumberkerep', '2018-03-27 10:50:42', '2018-03-27 10:50:42'),
('35.24.16.2015', 'Rumpuk', '2018-03-27 10:50:42', '2018-03-27 10:50:42'),
('35.24.17', 'Sukodadi', '2018-03-27 10:50:42', '2018-03-27 10:50:42'),
('35.24.17.2001', 'Siwalanrejo', '2018-03-27 10:50:42', '2018-03-27 10:50:42'),
('35.24.17.2002', 'Kebonsari', '2018-03-27 10:50:42', '2018-03-27 10:50:42'),
('35.24.17.2003', 'Sukolilo', '2018-03-27 10:50:42', '2018-03-27 10:50:42'),
('35.24.17.2004', 'Pajangan', '2018-03-27 10:50:42', '2018-03-27 10:50:42'),
('35.24.17.2005', 'Kadungrembug', '2018-03-27 10:50:42', '2018-03-27 10:50:42'),
('35.24.17.2006', 'Sumberagung', '2018-03-27 10:50:42', '2018-03-27 10:50:42'),
('35.24.17.2007', 'Sukodadi', '2018-03-27 10:50:42', '2018-03-27 10:50:42'),
('35.24.17.2008', 'Sumberaji', '2018-03-27 10:50:42', '2018-03-27 10:50:42'),
('35.24.17.2009', 'Menongo', '2018-03-27 10:50:42', '2018-03-27 10:50:42'),
('35.24.17.2010', 'Madulegi', '2018-03-27 10:50:42', '2018-03-27 10:50:42'),
('35.24.17.2011', 'Banjarejo', '2018-03-27 10:50:42', '2018-03-27 10:50:42'),
('35.24.17.2012', 'Plumpang', '2018-03-27 10:50:42', '2018-03-27 10:50:42'),
('35.24.17.2013', 'Bandungsari', '2018-03-27 10:50:42', '2018-03-27 10:50:42'),
('35.24.17.2014', 'Sidogembul', '2018-03-27 10:50:42', '2018-03-27 10:50:42'),
('35.24.17.2015', 'Balongtawun', '2018-03-27 10:50:42', '2018-03-27 10:50:42'),
('35.24.17.2016', 'Gedangan', '2018-03-27 10:50:42', '2018-03-27 10:50:42'),
('35.24.17.2017', 'Tlogorejo', '2018-03-27 10:50:42', '2018-03-27 10:50:42'),
('35.24.17.2018', 'Baturono', '2018-03-27 10:50:42', '2018-03-27 10:50:42'),
('35.24.17.2019', 'Surabayan', '2018-03-27 10:50:42', '2018-03-27 10:50:42'),
('35.24.17.2020', 'Sugihrejo', '2018-03-27 10:50:42', '2018-03-27 10:50:42'),
('35.24.18', 'Karanggeneng', '2018-03-27 10:50:42', '2018-03-27 10:50:42'),
('35.24.18.2001', 'Bantengputih', '2018-03-27 10:50:42', '2018-03-27 10:50:42'),
('35.24.18.2002', 'Karangrejo', '2018-03-27 10:50:42', '2018-03-27 10:50:42'),
('35.24.18.2003', 'Latukan', '2018-03-27 10:50:42', '2018-03-27 10:50:42'),
('35.24.18.2004', 'Guci', '2018-03-27 10:50:42', '2018-03-27 10:50:42'),
('35.24.18.2005', 'Kaligerman', '2018-03-27 10:50:42', '2018-03-27 10:50:42'),
('35.24.18.2006', 'Sungelebak', '2018-03-27 10:50:42', '2018-03-27 10:50:42'),
('35.24.18.2007', 'Prijekngablak', '2018-03-27 10:50:42', '2018-03-27 10:50:42'),
('35.24.18.2008', 'Tracal', '2018-03-27 10:50:42', '2018-03-27 10:50:42'),
('35.24.18.2009', 'Sonoadi', '2018-03-27 10:50:42', '2018-03-27 10:50:42'),
('35.24.18.2010', 'Kalanganyar', '2018-03-27 10:50:42', '2018-03-27 10:50:42'),
('35.24.18.2011', 'Banjarmadu', '2018-03-27 10:50:42', '2018-03-27 10:50:42'),
('35.24.18.2012', 'Kendalkemlagi', '2018-03-27 10:50:42', '2018-03-27 10:50:42'),
('35.24.18.2013', 'Kawistolegi', '2018-03-27 10:50:42', '2018-03-27 10:50:42'),
('35.24.18.2014', 'Jagran', '2018-03-27 10:50:42', '2018-03-27 10:50:42'),
('35.24.18.2015', 'Karangwungu', '2018-03-27 10:50:42', '2018-03-27 10:50:42'),
('35.24.18.2016', 'Sumberwudi', '2018-03-27 10:50:42', '2018-03-27 10:50:42'),
('35.24.18.2017', 'Karanggeneng', '2018-03-27 10:50:42', '2018-03-27 10:50:42'),
('35.24.18.2018', 'Mertani', '2018-03-27 10:50:42', '2018-03-27 10:50:42'),
('35.24.19', 'Kembangbahu', '2018-03-27 10:50:42', '2018-03-27 10:50:42'),
('35.24.19.2001', 'Tlogoagung', '2018-03-27 10:50:42', '2018-03-27 10:50:42'),
('35.24.19.2002', 'Kedungmegarih', '2018-03-27 10:50:42', '2018-03-27 10:50:42'),
('35.24.19.2003', 'Sidomukti', '2018-03-27 10:50:42', '2018-03-27 10:50:42'),
('35.24.19.2004', 'Sukosongo', '2018-03-27 10:50:42', '2018-03-27 10:50:42'),
('35.24.19.2005', 'Kaliwates', '2018-03-27 10:50:42', '2018-03-27 10:50:42'),
('35.24.19.2006', 'Kedungasri', '2018-03-27 10:50:42', '2018-03-27 10:50:42'),
('35.24.19.2007', 'Doyomulyo', '2018-03-27 10:50:42', '2018-03-27 10:50:42'),
('35.24.19.2008', 'Kembangbahu', '2018-03-27 10:50:42', '2018-03-27 10:50:42'),
('35.24.19.2009', 'Maor', '2018-03-27 10:50:42', '2018-03-27 10:50:42'),
('35.24.19.2010', 'Moronyamplung', '2018-03-27 10:50:42', '2018-03-27 10:50:42'),
('35.24.19.2011', 'Mangkujajar', '2018-03-27 10:50:42', '2018-03-27 10:50:42'),
('35.24.19.2012', 'Puter', '2018-03-27 10:50:42', '2018-03-27 10:50:42'),
('35.24.19.2013', 'Pelang', '2018-03-27 10:50:42', '2018-03-27 10:50:42'),
('35.24.19.2014', 'Dumpiagung', '2018-03-27 10:50:42', '2018-03-27 10:50:42'),
('35.24.19.2015', 'Randubener', '2018-03-27 10:50:42', '2018-03-27 10:50:42'),
('35.24.19.2016', 'Lopang', '2018-03-27 10:50:42', '2018-03-27 10:50:42'),
('35.24.19.2017', 'Gintungan', '2018-03-27 10:50:42', '2018-03-27 10:50:42'),
('35.24.19.2018', 'Kalemas', '2018-03-27 10:50:42', '2018-03-27 10:50:42'),
('35.24.20', 'Kalitengah', '2018-03-27 10:50:42', '2018-03-27 10:50:42'),
('35.24.20.2001', 'Pucangro', '2018-03-27 10:50:42', '2018-03-27 10:50:42'),
('35.24.20.2002', 'Pucangtelu', '2018-03-27 10:50:42', '2018-03-27 10:50:42'),
('35.24.20.2003', 'Somosari', '2018-03-27 10:50:42', '2018-03-27 10:50:42'),
('35.24.20.2004', 'Jelakcatur', '2018-03-27 10:50:42', '2018-03-27 10:50:42'),
('35.24.20.2005', 'Mungli', '2018-03-27 10:50:42', '2018-03-27 10:50:42'),
('35.24.20.2006', 'Pengangsalan', '2018-03-27 10:50:42', '2018-03-27 10:50:42'),
('35.24.20.2007', 'Dibee', '2018-03-27 10:50:42', '2018-03-27 10:50:42'),
('35.24.20.2008', 'Butungan', '2018-03-27 10:50:42', '2018-03-27 10:50:42'),
('35.24.20.2009', 'Lukrejo', '2018-03-27 10:50:42', '2018-03-27 10:50:42'),
('35.24.20.2010', 'Tiwet', '2018-03-27 10:50:42', '2018-03-27 10:50:42'),
('35.24.20.2011', 'Blajo', '2018-03-27 10:50:42', '2018-03-27 10:50:42'),
('35.24.20.2012', 'Kalitengah', '2018-03-27 10:50:42', '2018-03-27 10:50:42'),
('35.24.20.2013', 'Gambuhan', '2018-03-27 10:50:42', '2018-03-27 10:50:42'),
('35.24.20.2014', 'Cluring', '2018-03-27 10:50:42', '2018-03-27 10:50:42'),
('35.24.20.2015', 'Bojoasri', '2018-03-27 10:50:42', '2018-03-27 10:50:42'),
('35.24.20.2016', 'Kediren', '2018-03-27 10:50:42', '2018-03-27 10:50:42'),
('35.24.20.2017', 'Kuluran', '2018-03-27 10:50:42', '2018-03-27 10:50:42'),
('35.24.20.2018', 'Canditunggal', '2018-03-27 10:50:42', '2018-03-27 10:50:42'),
('35.24.20.2019', 'Sugihwaras', '2018-03-27 10:50:42', '2018-03-27 10:50:42'),
('35.24.20.2020', 'Tunjungmekar', '2018-03-27 10:50:42', '2018-03-27 10:50:42'),
('35.24.21', 'Turi', '2018-03-27 10:50:42', '2018-03-27 10:50:42'),
('35.24.21.2001', 'Geger', '2018-03-27 10:50:42', '2018-03-27 10:50:42'),
('35.24.21.2002', 'Badurame', '2018-03-27 10:50:42', '2018-03-27 10:50:42'),
('35.24.21.2003', 'Karangwedoro', '2018-03-27 10:50:42', '2018-03-27 10:50:42'),
('35.24.21.2004', 'Wangunrejo', '2018-03-27 10:50:42', '2018-03-27 10:50:42'),
('35.24.21.2005', 'Putatkumpul', '2018-03-27 10:50:42', '2018-03-27 10:50:42'),
('35.24.21.2006', 'Keben', '2018-03-27 10:50:42', '2018-03-27 10:50:42'),
('35.24.21.2007', 'Sukoanyar', '2018-03-27 10:50:42', '2018-03-27 10:50:42'),
('35.24.21.2008', 'Kemlagigede', '2018-03-27 10:50:42', '2018-03-27 10:50:42'),
('35.24.21.2009', 'Turi', '2018-03-27 10:50:42', '2018-03-27 10:50:42'),
('35.24.21.2010', 'Kemlagilor', '2018-03-27 10:50:42', '2018-03-27 10:50:42'),
('35.24.21.2011', 'Sukorejo', '2018-03-27 10:50:42', '2018-03-27 10:50:42'),
('35.24.21.2012', 'Tawangrejo', '2018-03-27 10:50:42', '2018-03-27 10:50:42'),
('35.24.21.2013', 'Bambang', '2018-03-27 10:50:42', '2018-03-27 10:50:42'),
('35.24.21.2014', 'Pomahanjanggan', '2018-03-27 10:50:42', '2018-03-27 10:50:42'),
('35.24.21.2015', 'Tambakploso', '2018-03-27 10:50:42', '2018-03-27 10:50:42'),
('35.24.21.2016', 'Balun', '2018-03-27 10:50:42', '2018-03-27 10:50:42'),
('35.24.21.2017', 'Ngujungrejo', '2018-03-27 10:50:42', '2018-03-27 10:50:42'),
('35.24.21.2018', 'Kepudibener', '2018-03-27 10:50:42', '2018-03-27 10:50:42'),
('35.24.21.2019', 'Gedungboyountung', '2018-03-27 10:50:42', '2018-03-27 10:50:42'),
('35.24.22', 'Lamongan', '2018-03-27 10:50:42', '2018-03-27 10:50:42'),
('35.24.22.2001', 'Rancangkencono', '2018-03-27 10:50:42', '2018-03-27 10:50:42'),
('35.24.22.2002', 'Karanglangit', '2018-03-27 10:50:42', '2018-03-27 10:50:42'),
('35.24.22.2003', 'Pangkatrejo', '2018-03-27 10:50:42', '2018-03-27 10:50:42'),
('35.24.22.2004', 'Kebet', '2018-03-27 10:50:42', '2018-03-27 10:50:42'),
('35.24.22.2005', 'Sendangrejo', '2018-03-27 10:50:42', '2018-03-27 10:50:42'),
('35.24.22.2006', 'Sumberjo', '2018-03-27 10:50:42', '2018-03-27 10:50:42'),
('35.24.22.2007', 'Tanjung', '2018-03-27 10:50:42', '2018-03-27 10:50:42'),
('35.24.22.2008', 'Plosowahyu', '2018-03-27 10:50:42', '2018-03-27 10:50:42'),
('35.24.22.2009', 'Wajik', '2018-03-27 10:50:42', '2018-03-27 10:50:42'),
('35.24.22.2010', 'Kramat', '2018-03-27 10:50:42', '2018-03-27 10:50:42'),
('35.24.22.2011', 'Made', '2018-03-27 10:50:42', '2018-03-27 10:50:42'),
('35.24.22.1012', 'Sukorejo', '2018-03-27 10:50:42', '2018-03-27 10:50:42'),
('35.24.22.1013', 'Sukomulyo', '2018-03-27 10:50:42', '2018-03-27 10:50:42'),
('35.24.22.1014', 'Sidoharjo', '2018-03-27 10:50:42', '2018-03-27 10:50:42'),
('35.24.22.1015', 'Tumenggungan', '2018-03-27 10:50:42', '2018-03-27 10:50:42'),
('35.24.22.2016', 'Sidomukti', '2018-03-27 10:50:42', '2018-03-27 10:50:42'),
('35.24.22.1017', 'Sidokumpul', '2018-03-27 10:50:42', '2018-03-27 10:50:42'),
('35.24.22.1018', 'Tlogoanyar', '2018-03-27 10:50:42', '2018-03-27 10:50:42'),
('35.24.22.1019', 'Jetis', '2018-03-27 10:50:42', '2018-03-27 10:50:42'),
('35.24.22.1020', 'Banjarmendalan', '2018-03-27 10:50:42', '2018-03-27 10:50:42'),
('35.24.23', 'Tikung', '2018-03-27 10:50:42', '2018-03-27 10:50:42'),
('35.24.23.2001', 'Wonokromo', '2018-03-27 10:50:42', '2018-03-27 10:50:42'),
('35.24.23.2002', 'Soko', '2018-03-27 10:50:42', '2018-03-27 10:50:42'),
('35.24.23.2003', 'Guminingrejo', '2018-03-27 10:50:42', '2018-03-27 10:50:42'),
('35.24.23.2004', 'Bakalanpule', '2018-03-27 10:50:42', '2018-03-27 10:50:42'),
('35.24.23.2005', 'Takeranklating', '2018-03-27 10:50:42', '2018-03-27 10:50:42'),
('35.24.23.2006', 'Kelorarum', '2018-03-27 10:50:42', '2018-03-27 10:50:42'),
('35.24.23.2007', 'Jotosanur', '2018-03-27 10:50:42', '2018-03-27 10:50:42'),
('35.24.23.2008', 'Pengumbulanadi', '2018-03-27 10:50:42', '2018-03-27 10:50:42'),
('35.24.23.2009', 'Jatirejo', '2018-03-27 10:50:42', '2018-03-27 10:50:42'),
('35.24.23.2010', 'Dukuhagung', '2018-03-27 10:50:42', '2018-03-27 10:50:42'),
('35.24.23.2011', 'Tambakrigadung', '2018-03-27 10:50:42', '2018-03-27 10:50:42'),
('35.24.23.2012', 'Botoputih', '2018-03-27 10:50:42', '2018-03-27 10:50:42'),
('35.24.23.2013', 'Balongwangi', '2018-03-27 10:50:42', '2018-03-27 10:50:42'),
('35.24.24', 'Karangbinangun', '2018-03-27 10:50:42', '2018-03-27 10:50:42'),
('35.24.24.2001', 'Waruk', '2018-03-27 10:50:42', '2018-03-27 10:50:42'),
('35.24.24.2002', 'Sukorejo', '2018-03-27 10:50:42', '2018-03-27 10:50:42'),
('35.24.24.2003', 'Karanganom', '2018-03-27 10:50:42', '2018-03-27 10:50:42'),
('35.24.24.2004', 'Somowinangun', '2018-03-27 10:50:42', '2018-03-27 10:50:42'),
('35.24.24.2005', 'Ketapangtelu', '2018-03-27 10:50:42', '2018-03-27 10:50:42'),
('35.24.24.2006', 'Mayong', '2018-03-27 10:50:42', '2018-03-27 10:50:42'),
('35.24.24.2007', 'Palangan', '2018-03-27 10:50:42', '2018-03-27 10:50:42'),
('35.24.24.2008', 'Blawi', '2018-03-27 10:50:42', '2018-03-27 10:50:42'),
('35.24.24.2009', 'Banjarejo', '2018-03-27 10:50:42', '2018-03-27 10:50:42'),
('35.24.24.2010', 'Putatbangah', '2018-03-27 10:50:42', '2018-03-27 10:50:42'),
('35.24.24.2011', 'Banyuurip', '2018-03-27 10:50:42', '2018-03-27 10:50:42'),
('35.24.24.2012', 'Pendowolimo', '2018-03-27 10:50:42', '2018-03-27 10:50:42'),
('35.24.24.2013', 'Baranggayam', '2018-03-27 10:50:42', '2018-03-27 10:50:42'),
('35.24.24.2014', 'Watangpanjang', '2018-03-27 10:50:42', '2018-03-27 10:50:42'),
('35.24.24.2015', 'Sambopinggir', '2018-03-27 10:50:42', '2018-03-27 10:50:42'),
('35.24.24.2016', 'Priyoso', '2018-03-27 10:50:42', '2018-03-27 10:50:42'),
('35.24.24.2017', 'Windu', '2018-03-27 10:50:42', '2018-03-27 10:50:42'),
('35.24.24.2018', 'Bogobabadan', '2018-03-27 10:50:42', '2018-03-27 10:50:42'),
('35.24.24.2019', 'Gawerejo', '2018-03-27 10:50:42', '2018-03-27 10:50:42'),
('35.24.24.2020', 'Kuro', '2018-03-27 10:50:42', '2018-03-27 10:50:42'),
('35.24.24.2021', 'Karangbinangun', '2018-03-27 10:50:42', '2018-03-27 10:50:42'),
('35.24.25', 'Deket', '2018-03-27 10:50:42', '2018-03-27 10:50:42'),
('35.24.25.2001', 'Sidorejo', '2018-03-27 10:50:42', '2018-03-27 10:50:42'),
('35.24.25.2002', 'Dlanggu', '2018-03-27 10:50:42', '2018-03-27 10:50:42'),
('35.24.25.2003', 'Laladan', '2018-03-27 10:50:42', '2018-03-27 10:50:42'),
('35.24.25.2004', 'Deketkulon', '2018-03-27 10:50:42', '2018-03-27 10:50:42'),
('35.24.25.2005', 'Deketwetan', '2018-03-27 10:50:42', '2018-03-27 10:50:42'),
('35.24.25.2006', 'Sugihwaras', '2018-03-27 10:50:42', '2018-03-27 10:50:42'),
('35.24.25.2007', 'Dinoyo', '2018-03-27 10:50:42', '2018-03-27 10:50:42'),
('35.24.25.2008', 'Sidomulyo', '2018-03-27 10:50:42', '2018-03-27 10:50:42'),
('35.24.25.2009', 'Rejosari', '2018-03-27 10:50:42', '2018-03-27 10:50:42'),
('35.24.25.2010', 'Pandanpancur', '2018-03-27 10:50:42', '2018-03-27 10:50:42'),
('35.24.25.2011', 'Sidobinangun', '2018-03-27 10:50:42', '2018-03-27 10:50:42'),
('35.24.25.2012', 'Babatagung', '2018-03-27 10:50:42', '2018-03-27 10:50:42'),
('35.24.25.2013', 'Tukkerto', '2018-03-27 10:50:42', '2018-03-27 10:50:42'),
('35.24.25.2014', 'Weduni', '2018-03-27 10:50:42', '2018-03-27 10:50:42'),
('35.24.25.2015', 'Rejotengah', '2018-03-27 10:50:42', '2018-03-27 10:50:42'),
('35.24.25.2016', 'Srirande', '2018-03-27 10:50:42', '2018-03-27 10:50:42'),
('35.24.25.2017', 'Plosobuden', '2018-03-27 10:50:42', '2018-03-27 10:50:42'),
('35.24.26', 'Glagah', '2018-03-27 10:50:42', '2018-03-27 10:50:42'),
('35.24.26.2001', 'Soko', '2018-03-27 10:50:42', '2018-03-27 10:50:42'),
('35.24.26.2002', 'Morocalan', '2018-03-27 10:50:42', '2018-03-27 10:50:42'),
('35.24.26.2003', 'Gempolpendowo', '2018-03-27 10:50:42', '2018-03-27 10:50:42'),
('35.24.26.2004', 'Pasi', '2018-03-27 10:50:42', '2018-03-27 10:50:42'),
('35.24.26.2005', 'Rayunggumuk', '2018-03-27 10:50:42', '2018-03-27 10:50:42'),
('35.24.26.2006', 'Menganti', '2018-03-27 10:50:42', '2018-03-27 10:50:42'),
('35.24.26.2007', 'Margoanyar', '2018-03-27 10:50:42', '2018-03-27 10:50:42'),
('35.24.26.2008', 'Began', '2018-03-27 10:50:42', '2018-03-27 10:50:42'),
('35.24.26.2009', 'Mendogo', '2018-03-27 10:50:42', '2018-03-27 10:50:42'),
('35.24.26.2010', 'Kentong', '2018-03-27 10:50:42', '2018-03-27 10:50:42'),
('35.24.26.2011', 'Sudangan', '2018-03-27 10:50:42', '2018-03-27 10:50:42'),
('35.24.26.2012', 'Medang', '2018-03-27 10:50:42', '2018-03-27 10:50:42'),
('35.24.26.2013', 'Duduklor', '2018-03-27 10:50:42', '2018-03-27 10:50:42'),
('35.24.26.2014', 'Glagah', '2018-03-27 10:50:42', '2018-03-27 10:50:42'),
('35.24.26.2015', 'Wangen', '2018-03-27 10:50:42', '2018-03-27 10:50:42'),
('35.24.26.2016', 'Tanggungprigel', '2018-03-27 10:50:42', '2018-03-27 10:50:42'),
('35.24.26.2017', 'Karangagung', '2018-03-27 10:50:42', '2018-03-27 10:50:42'),
('35.24.26.2018', 'Bangkok', '2018-03-27 10:50:42', '2018-03-27 10:50:42'),
('35.24.26.2019', 'Jatirenggo', '2018-03-27 10:50:42', '2018-03-27 10:50:42'),
('35.24.26.2020', 'Bapuhbaru', '2018-03-27 10:50:42', '2018-03-27 10:50:42'),
('35.24.26.2021', 'Bapuhbandung', '2018-03-27 10:50:42', '2018-03-27 10:50:42'),
('35.24.26.2022', 'Meluntur', '2018-03-27 10:50:42', '2018-03-27 10:50:42'),
('35.24.26.2023', 'Konang', '2018-03-27 10:50:42', '2018-03-27 10:50:42'),
('35.24.26.2024', 'Dukuhtunggal', '2018-03-27 10:50:42', '2018-03-27 10:50:42'),
('35.24.26.2025', 'Panggang', '2018-03-27 10:50:42', '2018-03-27 10:50:42'),
('35.24.26.2026', 'Wonorejo', '2018-03-27 10:50:42', '2018-03-27 10:50:42'),
('35.24.26.2027', 'Wedoro', '2018-03-27 10:50:42', '2018-03-27 10:50:42'),
('35.24.26.2028', 'Karangturi', '2018-03-27 10:50:42', '2018-03-27 10:50:42'),
('35.24.26.2029', 'Meluwur', '2018-03-27 10:50:42', '2018-03-27 10:50:42'),
('35.24.27', 'Sarirejo', '2018-03-27 10:50:42', '2018-03-27 10:50:42'),
('35.24.27.2001', 'Kedungkumpul', '2018-03-27 10:50:42', '2018-03-27 10:50:42'),
('35.24.27.2002', 'Dermolemahbang', '2018-03-27 10:50:42', '2018-03-27 10:50:42'),
('35.24.27.2003', 'Simbatan', '2018-03-27 10:50:42', '2018-03-27 10:50:42'),
('35.24.27.2004', 'Sumberjo', '2018-03-27 10:50:42', '2018-03-27 10:50:42'),
('35.24.27.2005', 'Canggah', '2018-03-27 10:50:42', '2018-03-27 10:50:42'),
('35.24.27.2006', 'Beru', '2018-03-27 10:50:42', '2018-03-27 10:50:42'),
('35.24.27.2007', 'Tambakmenjangan', '2018-03-27 10:50:42', '2018-03-27 10:50:42'),
('35.24.27.2008', 'Gempoltukmloko', '2018-03-27 10:50:42', '2018-03-27 10:50:42'),
('35.24.27.2009', 'Sarirejo', '2018-03-27 10:50:42', '2018-03-27 10:50:42'),
('35.25', 'KAB. GRESIK', '2018-03-27 10:50:42', '2018-03-27 10:50:42'),
('35.25.01', 'Dukun', '2018-03-27 10:50:42', '2018-03-27 10:50:42'),
('35.25.01.2001', 'Sawo', '2018-03-27 10:50:42', '2018-03-27 10:50:42'),
('35.25.01.2002', 'Karang Cangkring', '2018-03-27 10:50:42', '2018-03-27 10:50:42'),
('35.25.01.2003', 'Kedong Kedoan', '2018-03-27 10:50:42', '2018-03-27 10:50:42'),
('35.25.01.2004', 'Bulangan', '2018-03-27 10:50:42', '2018-03-27 10:50:42'),
('35.25.01.2005', 'Wonokerto', '2018-03-27 10:50:42', '2018-03-27 10:50:42'),
('35.25.01.2006', 'Bangeran', '2018-03-27 10:50:42', '2018-03-27 10:50:42'),
('35.25.01.2007', 'Lowayu', '2018-03-27 10:50:42', '2018-03-27 10:50:42'),
('35.25.01.2008', 'Petiyintunggal', '2018-03-27 10:50:42', '2018-03-27 10:50:42'),
('35.25.01.2009', 'Tiremenggal', '2018-03-27 10:50:42', '2018-03-27 10:50:42'),
('35.25.01.2010', 'Tebuwung', '2018-03-27 10:50:42', '2018-03-27 10:50:42'),
('35.25.01.2011', 'Dukuh Kembar', '2018-03-27 10:50:42', '2018-03-27 10:50:42'),
('35.25.01.2012', 'Madu Mulyorejo', '2018-03-27 10:50:42', '2018-03-27 10:50:42'),
('35.25.01.2013', 'Mentaras', '2018-03-27 10:50:42', '2018-03-27 10:50:42'),
('35.25.01.2014', 'Baron', '2018-03-27 10:50:42', '2018-03-27 10:50:42'),
('35.25.01.2015', 'Jrebeng', '2018-03-27 10:50:42', '2018-03-27 10:50:42'),
('35.25.01.2016', 'Mojopetung', '2018-03-27 10:50:42', '2018-03-27 10:50:42'),
('35.25.01.2017', 'Sekargadung', '2018-03-27 10:50:42', '2018-03-27 10:50:42'),
('35.25.01.2018', 'Imaan', '2018-03-27 10:50:42', '2018-03-27 10:50:42'),
('35.25.01.2019', 'Babak Bawo', '2018-03-27 10:50:42', '2018-03-27 10:50:42'),
('35.25.01.2020', 'Babaksari', '2018-03-27 10:50:42', '2018-03-27 10:50:42'),
('35.25.01.2021', 'Sambo Gunung', '2018-03-27 10:50:42', '2018-03-27 10:50:42'),
('35.25.01.2022', 'Sembungan Kidul', '2018-03-27 10:50:42', '2018-03-27 10:50:42'),
('35.25.01.2023', 'Sembung Anyar', '2018-03-27 10:50:42', '2018-03-27 10:50:42'),
('35.25.01.2024', 'Kalirejo', '2018-03-27 10:50:42', '2018-03-27 10:50:42'),
('35.25.01.2025', 'Padang Bandung', '2018-03-27 10:50:42', '2018-03-27 10:50:42'),
('35.25.01.2026', 'Dukun Anyar', '2018-03-27 10:50:42', '2018-03-27 10:50:42'),
('35.25.02', 'Balongpanggang', '2018-03-27 10:50:42', '2018-03-27 10:50:42');
INSERT INTO `tbl_wilayah` (`kode`, `nama`, `dtm_crt`, `dtm_upd`) VALUES
('35.25.02.2001', 'Jombangdelik', '2018-03-27 10:50:42', '2018-03-27 10:50:42'),
('35.25.02.2002', 'Brangkal', '2018-03-27 10:50:42', '2018-03-27 10:50:42'),
('35.25.02.2003', 'Ngampel', '2018-03-27 10:50:42', '2018-03-27 10:50:42'),
('35.25.02.2004', 'Bandung Sekaran', '2018-03-27 10:50:42', '2018-03-27 10:50:42'),
('35.25.02.2005', 'Babatan', '2018-03-27 10:50:42', '2018-03-27 10:50:42'),
('35.25.02.2006', 'Tanah Landean', '2018-03-27 10:50:42', '2018-03-27 10:50:42'),
('35.25.02.2007', 'Kedung Sumber', '2018-03-27 10:50:42', '2018-03-27 10:50:42'),
('35.25.02.2008', 'Wonorejo', '2018-03-27 10:50:42', '2018-03-27 10:50:42'),
('35.25.02.2009', 'Dapet', '2018-03-27 10:50:42', '2018-03-27 10:50:42'),
('35.25.02.2010', 'Dohoagung', '2018-03-27 10:50:42', '2018-03-27 10:50:42'),
('35.25.02.2011', 'Mojo Gede', '2018-03-27 10:50:42', '2018-03-27 10:50:42'),
('35.25.02.2012', 'Tenggor', '2018-03-27 10:50:42', '2018-03-27 10:50:42'),
('35.25.02.2013', 'Wahas', '2018-03-27 10:50:42', '2018-03-27 10:50:42'),
('35.25.02.2014', 'Kedungpring', '2018-03-27 10:50:42', '2018-03-27 10:50:42'),
('35.25.02.2015', 'Sekar Putih', '2018-03-27 10:50:42', '2018-03-27 10:50:42'),
('35.25.02.2016', 'Pinggir', '2018-03-27 10:50:42', '2018-03-27 10:50:42'),
('35.25.02.2017', 'Karang Semanding', '2018-03-27 10:50:42', '2018-03-27 10:50:42'),
('35.25.02.2018', 'Pacuh', '2018-03-27 10:50:42', '2018-03-27 10:50:42'),
('35.25.02.2019', 'Balong Panggang', '2018-03-27 10:50:42', '2018-03-27 10:50:42'),
('35.25.02.2020', 'Wotan Sari', '2018-03-27 10:50:42', '2018-03-27 10:50:42'),
('35.25.02.2021', 'Pucung', '2018-03-27 10:50:42', '2018-03-27 10:50:42'),
('35.25.02.2022', 'Klotok', '2018-03-27 10:50:42', '2018-03-27 10:50:42'),
('35.25.02.2023', 'Ngasin', '2018-03-27 10:50:42', '2018-03-27 10:50:42'),
('35.25.02.2024', 'Banjar Agung', '2018-03-27 10:50:42', '2018-03-27 10:50:42'),
('35.25.02.2025', 'Ganggang', '2018-03-27 10:50:42', '2018-03-27 10:50:42'),
('35.25.03', 'Panceng', '2018-03-27 10:50:42', '2018-03-27 10:50:42'),
('35.25.03.2001', 'Pantenan', '2018-03-27 10:50:42', '2018-03-27 10:50:42'),
('35.25.03.2002', 'Sumurber', '2018-03-27 10:50:42', '2018-03-27 10:50:42'),
('35.25.03.2003', 'Siwalan', '2018-03-27 10:50:42', '2018-03-27 10:50:42'),
('35.25.03.2004', 'Ketanen', '2018-03-27 10:50:42', '2018-03-27 10:50:42'),
('35.25.03.2005', 'Banyu Tengah', '2018-03-27 10:50:42', '2018-03-27 10:50:42'),
('35.25.03.2006', 'Serah', '2018-03-27 10:50:42', '2018-03-27 10:50:42'),
('35.25.03.2007', 'Sukowati', '2018-03-27 10:50:42', '2018-03-27 10:50:42'),
('35.25.03.2008', 'Prupuh', '2018-03-27 10:50:42', '2018-03-27 10:50:42'),
('35.25.03.2009', 'Campurejo', '2018-03-27 10:50:42', '2018-03-27 10:50:42'),
('35.25.03.2010', 'Sukodono', '2018-03-27 10:50:42', '2018-03-27 10:50:42'),
('35.25.03.2011', 'Dalegan', '2018-03-27 10:50:42', '2018-03-27 10:50:42'),
('35.25.03.2012', 'Petung', '2018-03-27 10:50:42', '2018-03-27 10:50:42'),
('35.25.03.2013', 'Wotan', '2018-03-27 10:50:42', '2018-03-27 10:50:42'),
('35.25.03.2014', 'Doudo', '2018-03-27 10:50:42', '2018-03-27 10:50:42'),
('35.25.04', 'Benjeng', '2018-03-27 10:50:42', '2018-03-27 10:50:42'),
('35.25.04.2001', 'Karangan Kidul', '2018-03-27 10:50:42', '2018-03-27 10:50:42'),
('35.25.04.2002', 'Sedapur Klagen', '2018-03-27 10:50:42', '2018-03-27 10:50:42'),
('35.25.04.2003', 'Delik Sumber', '2018-03-27 10:50:42', '2018-03-27 10:50:42'),
('35.25.04.2004', 'Lundo', '2018-03-27 10:50:42', '2018-03-27 10:50:42'),
('35.25.04.2005', 'Kali Padang', '2018-03-27 10:50:42', '2018-03-27 10:50:42'),
('35.25.04.2006', 'Kedung Rukem', '2018-03-27 10:50:42', '2018-03-27 10:50:42'),
('35.25.04.2007', 'Balong Tunjung', '2018-03-27 10:50:42', '2018-03-27 10:50:42'),
('35.25.04.2008', 'Munggugebang', '2018-03-27 10:50:42', '2018-03-27 10:50:42'),
('35.25.04.2009', 'Balongmojo', '2018-03-27 10:50:42', '2018-03-27 10:50:42'),
('35.25.04.2010', 'Bulang Kulon', '2018-03-27 10:50:42', '2018-03-27 10:50:42'),
('35.25.04.2011', 'Banter', '2018-03-27 10:50:42', '2018-03-27 10:50:42'),
('35.25.04.2012', 'Sirnoboyo', '2018-03-27 10:50:42', '2018-03-27 10:50:42'),
('35.25.04.2013', 'Munggugianti', '2018-03-27 10:50:42', '2018-03-27 10:50:42'),
('35.25.04.2014', 'Klampok', '2018-03-27 10:50:42', '2018-03-27 10:50:42'),
('35.25.04.2015', 'Metatu', '2018-03-27 10:50:42', '2018-03-27 10:50:42'),
('35.25.04.2016', 'Bengkelolor', '2018-03-27 10:50:42', '2018-03-27 10:50:42'),
('35.25.04.2017', 'Gurang Ploso', '2018-03-27 10:50:42', '2018-03-27 10:50:42'),
('35.25.04.2018', 'Kedung Sekar', '2018-03-27 10:50:42', '2018-03-27 10:50:42'),
('35.25.04.2019', 'Dermo', '2018-03-27 10:50:42', '2018-03-27 10:50:42'),
('35.25.04.2020', 'Jogodalu', '2018-03-27 10:50:42', '2018-03-27 10:50:42'),
('35.25.04.2021', 'Jatirembe', '2018-03-27 10:50:42', '2018-03-27 10:50:42'),
('35.25.04.2022', 'Bulurejo', '2018-03-27 10:50:42', '2018-03-27 10:50:42'),
('35.25.04.2023', 'Pundut Trate', '2018-03-27 10:50:42', '2018-03-27 10:50:42'),
('35.25.05', 'Duduksampeyan', '2018-03-27 10:50:42', '2018-03-27 10:50:42'),
('35.25.05.2001', 'Panjunan', '2018-03-27 10:50:42', '2018-03-27 10:50:42'),
('35.25.05.2002', 'Kandangan', '2018-03-27 10:50:42', '2018-03-27 10:50:42'),
('35.25.05.2003', 'Pandanan', '2018-03-27 10:50:42', '2018-03-27 10:50:42'),
('35.25.05.2004', 'Tumapel', '2018-03-27 10:50:42', '2018-03-27 10:50:42'),
('35.25.05.2005', 'Tambak Rejo', '2018-03-27 10:50:42', '2018-03-27 10:50:42'),
('35.25.05.2006', 'Glanggang', '2018-03-27 10:50:42', '2018-03-27 10:50:42'),
('35.25.05.2007', 'Palebon', '2018-03-27 10:50:42', '2018-03-27 10:50:42'),
('35.25.05.2008', 'Setrohadi', '2018-03-27 10:50:42', '2018-03-27 10:50:42'),
('35.25.05.2009', 'Bendungan', '2018-03-27 10:50:42', '2018-03-27 10:50:42'),
('35.25.05.2010', 'Sumengko', '2018-03-27 10:50:42', '2018-03-27 10:50:42'),
('35.25.05.2011', 'Wadak Lor', '2018-03-27 10:50:42', '2018-03-27 10:50:42'),
('35.25.05.2012', 'Wadak Kidul', '2018-03-27 10:50:42', '2018-03-27 10:50:42'),
('35.25.05.2013', 'Petisbenem', '2018-03-27 10:50:42', '2018-03-27 10:50:42'),
('35.25.05.2014', 'Duduk Sampeyan', '2018-03-27 10:50:42', '2018-03-27 10:50:42'),
('35.25.05.2015', 'Gredek', '2018-03-27 10:50:42', '2018-03-27 10:50:42'),
('35.25.05.2016', 'Kramat', '2018-03-27 10:50:42', '2018-03-27 10:50:42'),
('35.25.05.2017', 'Sumari', '2018-03-27 10:50:42', '2018-03-27 10:50:42'),
('35.25.05.2018', 'Samirplapan', '2018-03-27 10:50:42', '2018-03-27 10:50:42'),
('35.25.05.2019', 'Kawistowindu', '2018-03-27 10:50:42', '2018-03-27 10:50:42'),
('35.25.05.2020', 'Kemudi', '2018-03-27 10:50:42', '2018-03-27 10:50:42'),
('35.25.05.2021', 'Tebaloan', '2018-03-27 10:50:42', '2018-03-27 10:50:42'),
('35.25.05.2022', 'Tirem', '2018-03-27 10:50:42', '2018-03-27 10:50:42'),
('35.25.05.2023', 'Ambeng Ambengwatangrejo', '2018-03-27 10:50:42', '2018-03-27 10:50:42'),
('35.25.06', 'Wringinanom', '2018-03-27 10:50:42', '2018-03-27 10:50:42'),
('35.25.06.2001', 'Sedapur Klagen', '2018-03-27 10:50:42', '2018-03-27 10:50:42'),
('35.25.06.2002', 'Sumber Gede', '2018-03-27 10:50:42', '2018-03-27 10:50:42'),
('35.25.06.2003', 'Mondoluku', '2018-03-27 10:50:42', '2018-03-27 10:50:42'),
('35.25.06.2004', 'Guranganyar', '2018-03-27 10:50:42', '2018-03-27 10:50:42'),
('35.25.06.2005', 'Sumberwaru', '2018-03-27 10:50:42', '2018-03-27 10:50:42'),
('35.25.06.2006', 'Kesambenkulon', '2018-03-27 10:50:42', '2018-03-27 10:50:42'),
('35.25.06.2007', 'Sumberrame', '2018-03-27 10:50:42', '2018-03-27 10:50:42'),
('35.25.06.2008', 'Sembung', '2018-03-27 10:50:42', '2018-03-27 10:50:42'),
('35.25.06.2009', 'Sooko', '2018-03-27 10:50:42', '2018-03-27 10:50:42'),
('35.25.06.2010', 'Wringinanom', '2018-03-27 10:50:42', '2018-03-27 10:50:42'),
('35.25.06.2011', 'Pedagangan', '2018-03-27 10:50:42', '2018-03-27 10:50:42'),
('35.25.06.2012', 'Lebanisuko', '2018-03-27 10:50:42', '2018-03-27 10:50:42'),
('35.25.06.2013', 'Lebaniwaras', '2018-03-27 10:50:42', '2018-03-27 10:50:42'),
('35.25.06.2014', 'Watestanjung', '2018-03-27 10:50:42', '2018-03-27 10:50:42'),
('35.25.06.2015', 'Sumengko', '2018-03-27 10:50:42', '2018-03-27 10:50:42'),
('35.25.06.2016', 'Pasinan Lemah Pt.', '2018-03-27 10:50:42', '2018-03-27 10:50:42'),
('35.25.07', 'Ujungpangkah', '2018-03-27 10:50:42', '2018-03-27 10:50:42'),
('35.25.07.2001', 'Pangkahkulon', '2018-03-27 10:50:42', '2018-03-27 10:50:42'),
('35.25.07.2002', 'Cangaan', '2018-03-27 10:50:42', '2018-03-27 10:50:42'),
('35.25.07.2003', 'Ngimboh', '2018-03-27 10:50:42', '2018-03-27 10:50:42'),
('35.25.07.2004', 'Sekapuk', '2018-03-27 10:50:42', '2018-03-27 10:50:42'),
('35.25.07.2005', 'Gosari', '2018-03-27 10:50:42', '2018-03-27 10:50:42'),
('35.25.07.2006', 'Banyuurip', '2018-03-27 10:50:42', '2018-03-27 10:50:42'),
('35.25.07.2007', 'Kebon Agung', '2018-03-27 10:50:42', '2018-03-27 10:50:42'),
('35.25.07.2008', 'Pangkah Wetan', '2018-03-27 10:50:42', '2018-03-27 10:50:42'),
('35.25.07.2009', 'Boolo', '2018-03-27 10:50:42', '2018-03-27 10:50:42'),
('35.25.07.2010', 'Glatik', '2018-03-27 10:50:42', '2018-03-27 10:50:42'),
('35.25.07.2011', 'Karangrejo', '2018-03-27 10:50:42', '2018-03-27 10:50:42'),
('35.25.07.2012', 'Ketapangrejo', '2018-03-27 10:50:42', '2018-03-27 10:50:42'),
('35.25.07.2013', 'Tanjangawan', '2018-03-27 10:50:42', '2018-03-27 10:50:42'),
('35.25.08', 'Kedamean', '2018-03-27 10:50:42', '2018-03-27 10:50:42'),
('35.25.08.2001', 'Mojowuku', '2018-03-27 10:50:42', '2018-03-27 10:50:42'),
('35.25.08.2002', 'Glindah', '2018-03-27 10:50:42', '2018-03-27 10:50:42'),
('35.25.08.2003', 'Sidoraharjo', '2018-03-27 10:50:42', '2018-03-27 10:50:42'),
('35.25.08.2004', 'Tulung', '2018-03-27 10:50:42', '2018-03-27 10:50:42'),
('35.25.08.2005', 'Cermenlerek', '2018-03-27 10:50:42', '2018-03-27 10:50:42'),
('35.25.08.2006', 'Lampah', '2018-03-27 10:50:42', '2018-03-27 10:50:42'),
('35.25.08.2007', 'Slempit', '2018-03-27 10:50:42', '2018-03-27 10:50:42'),
('35.25.08.2008', 'Turirejo', '2018-03-27 10:50:42', '2018-03-27 10:50:42'),
('35.25.08.2009', 'Belahan Rejo', '2018-03-27 10:50:42', '2018-03-27 10:50:42'),
('35.25.08.2010', 'Menunggal', '2018-03-27 10:50:42', '2018-03-27 10:50:42'),
('35.25.08.2011', 'Tanjung', '2018-03-27 10:50:42', '2018-03-27 10:50:42'),
('35.25.08.2012', 'Katimoho', '2018-03-27 10:50:42', '2018-03-27 10:50:42'),
('35.25.08.2013', 'Banyuurip', '2018-03-27 10:50:42', '2018-03-27 10:50:42'),
('35.25.08.2014', 'Kedamean', '2018-03-27 10:50:42', '2018-03-27 10:50:42'),
('35.25.08.2015', 'Ngepung', '2018-03-27 10:50:42', '2018-03-27 10:50:42'),
('35.25.09', 'Sidayu', '2018-03-27 10:50:42', '2018-03-27 10:50:42'),
('35.25.09.2001', 'Sukorejo', '2018-03-27 10:50:42', '2018-03-27 10:50:42'),
('35.25.09.2002', 'Gedangan', '2018-03-27 10:50:42', '2018-03-27 10:50:42'),
('35.25.09.2003', 'Wadeng', '2018-03-27 10:50:42', '2018-03-27 10:50:42'),
('35.25.09.2004', 'Lasem', '2018-03-27 10:50:42', '2018-03-27 10:50:42'),
('35.25.09.2005', 'Kertosono', '2018-03-27 10:50:42', '2018-03-27 10:50:42'),
('35.25.09.2006', 'Sambi Pondok', '2018-03-27 10:50:42', '2018-03-27 10:50:42'),
('35.25.09.2007', 'Raci Kulon', '2018-03-27 10:50:42', '2018-03-27 10:50:42'),
('35.25.09.2008', 'Golokan', '2018-03-27 10:50:42', '2018-03-27 10:50:42'),
('35.25.09.2009', 'Raci Tengah', '2018-03-27 10:50:42', '2018-03-27 10:50:42'),
('35.25.09.2010', 'Purwodadi', '2018-03-27 10:50:42', '2018-03-27 10:50:42'),
('35.25.09.2011', 'Sidomulyo', '2018-03-27 10:50:42', '2018-03-27 10:50:42'),
('35.25.09.2012', 'Srowo', '2018-03-27 10:50:42', '2018-03-27 10:50:42'),
('35.25.09.2013', 'Kauman', '2018-03-27 10:50:42', '2018-03-27 10:50:42'),
('35.25.09.2014', 'Bunderan', '2018-03-27 10:50:42', '2018-03-27 10:50:42'),
('35.25.09.2015', 'Asempapak', '2018-03-27 10:50:42', '2018-03-27 10:50:42'),
('35.25.09.2016', 'Mriyunan', '2018-03-27 10:50:42', '2018-03-27 10:50:42'),
('35.25.09.2017', 'Mojoasem', '2018-03-27 10:50:42', '2018-03-27 10:50:42'),
('35.25.09.2018', 'Sedagaran', '2018-03-27 10:50:42', '2018-03-27 10:50:42'),
('35.25.09.2019', 'Ngawen', '2018-03-27 10:50:42', '2018-03-27 10:50:42'),
('35.25.09.2020', 'Pengulu', '2018-03-27 10:50:42', '2018-03-27 10:50:42'),
('35.25.09.2021', 'Randuboto', '2018-03-27 10:50:42', '2018-03-27 10:50:42'),
('35.25.10', 'Manyar', '2018-03-27 10:50:42', '2018-03-27 10:50:42'),
('35.25.10.2001', 'Tanggul Rejo', '2018-03-27 10:50:42', '2018-03-27 10:50:42'),
('35.25.10.2002', 'Morobakung', '2018-03-27 10:50:42', '2018-03-27 10:50:42'),
('35.25.10.2003', 'Pejangganan', '2018-03-27 10:50:42', '2018-03-27 10:50:42'),
('35.25.10.2004', 'Gumeno', '2018-03-27 10:50:42', '2018-03-27 10:50:42'),
('35.25.10.2005', 'Sumber Rejo', '2018-03-27 10:50:42', '2018-03-27 10:50:42'),
('35.25.10.2006', 'Ngampel', '2018-03-27 10:50:42', '2018-03-27 10:50:42'),
('35.25.10.2007', 'Betoyo Kauman', '2018-03-27 10:50:42', '2018-03-27 10:50:42'),
('35.25.10.2008', 'Sembayat', '2018-03-27 10:50:42', '2018-03-27 10:50:42'),
('35.25.10.2009', 'Betoyo Guci', '2018-03-27 10:50:42', '2018-03-27 10:50:42'),
('35.25.10.2010', 'Leran', '2018-03-27 10:50:42', '2018-03-27 10:50:42'),
('35.25.10.2011', 'Tebalo', '2018-03-27 10:50:42', '2018-03-27 10:50:42'),
('35.25.10.2012', 'Karang Rejo', '2018-03-27 10:50:42', '2018-03-27 10:50:42'),
('35.25.10.2013', 'Banyuwangi', '2018-03-27 10:50:42', '2018-03-27 10:50:42'),
('35.25.10.2014', 'Manyar Rejo', '2018-03-27 10:50:42', '2018-03-27 10:50:42'),
('35.25.10.2015', 'Manyar Sido Mukti', '2018-03-27 10:50:42', '2018-03-27 10:50:42'),
('35.25.10.2016', 'Manyar Sido Rukun', '2018-03-27 10:50:42', '2018-03-27 10:50:42'),
('35.25.10.2017', 'Banjar Sari', '2018-03-27 10:50:42', '2018-03-27 10:50:42'),
('35.25.10.2018', 'Suci', '2018-03-27 10:50:42', '2018-03-27 10:50:42'),
('35.25.10.2019', 'Paganden', '2018-03-27 10:50:42', '2018-03-27 10:50:42'),
('35.25.10.2020', 'Pongangan', '2018-03-27 10:50:42', '2018-03-27 10:50:42'),
('35.25.10.2021', 'Sukomulyo', '2018-03-27 10:50:42', '2018-03-27 10:50:42'),
('35.25.10.2022', 'Yoso Wilangun', '2018-03-27 10:50:42', '2018-03-27 10:50:42'),
('35.25.10.2023', 'Roomo', '2018-03-27 10:50:42', '2018-03-27 10:50:42'),
('35.25.11', 'Cerme', '2018-03-27 10:50:42', '2018-03-27 10:50:42'),
('35.25.11.2001', 'Dadap Kuning', '2018-03-27 10:50:42', '2018-03-27 10:50:42'),
('35.25.11.2002', 'Lengkong', '2018-03-27 10:50:42', '2018-03-27 10:50:42'),
('35.25.11.2003', 'Kandangan', '2018-03-27 10:50:42', '2018-03-27 10:50:42'),
('35.25.11.2004', 'Dooro', '2018-03-27 10:50:42', '2018-03-27 10:50:42'),
('35.25.11.2005', 'Dampaan', '2018-03-27 10:50:42', '2018-03-27 10:50:42'),
('35.25.11.2006', 'Ngembung', '2018-03-27 10:50:42', '2018-03-27 10:50:42'),
('35.25.11.2007', 'Suko Anyar', '2018-03-27 10:50:42', '2018-03-27 10:50:42'),
('35.25.11.2008', 'Gedang Kulud', '2018-03-27 10:50:42', '2018-03-27 10:50:42'),
('35.25.11.2009', 'Wedani', '2018-03-27 10:50:42', '2018-03-27 10:50:42'),
('35.25.11.2010', 'Dungus', '2018-03-27 10:50:42', '2018-03-27 10:50:42'),
('35.25.11.2011', 'Guranganyar', '2018-03-27 10:50:42', '2018-03-27 10:50:42'),
('35.25.11.2012', 'Kambingan', '2018-03-27 10:50:42', '2018-03-27 10:50:42'),
('35.25.11.2013', 'Morowudi', '2018-03-27 10:50:42', '2018-03-27 10:50:42'),
('35.25.11.2014', 'Betiting', '2018-03-27 10:50:42', '2018-03-27 10:50:42'),
('35.25.11.2015', 'Ngabetan', '2018-03-27 10:50:42', '2018-03-27 10:50:42'),
('35.25.11.2016', 'Padeg', '2018-03-27 10:50:42', '2018-03-27 10:50:42'),
('35.25.11.2017', 'Iker Iker Geger', '2018-03-27 10:50:42', '2018-03-27 10:50:42'),
('35.25.11.2018', 'Semampir', '2018-03-27 10:50:42', '2018-03-27 10:50:42'),
('35.25.11.2019', 'Cagak Agung', '2018-03-27 10:50:42', '2018-03-27 10:50:42'),
('35.25.11.2020', 'Cerme Kidul', '2018-03-27 10:50:42', '2018-03-27 10:50:42'),
('35.25.11.2021', 'Cerme Lor', '2018-03-27 10:50:42', '2018-03-27 10:50:42'),
('35.25.11.2022', 'Pandu', '2018-03-27 10:50:42', '2018-03-27 10:50:42'),
('35.25.11.2023', 'Banjarsari', '2018-03-27 10:50:42', '2018-03-27 10:50:42'),
('35.25.11.2024', 'Tambak Beras', '2018-03-27 10:50:42', '2018-03-27 10:50:42'),
('35.25.11.2025', 'Jono', '2018-03-27 10:50:42', '2018-03-27 10:50:42'),
('35.25.12', 'Bungah', '2018-03-27 10:50:42', '2018-03-27 10:50:42'),
('35.25.12.2001', 'Sidomukti', '2018-03-27 10:50:42', '2018-03-27 10:50:42'),
('35.25.12.2002', 'Mojopuro Gede', '2018-03-27 10:50:42', '2018-03-27 10:50:42'),
('35.25.12.2003', 'Mojopuro Wetan', '2018-03-27 10:50:42', '2018-03-27 10:50:42'),
('35.25.12.2004', 'Melirang', '2018-03-27 10:50:42', '2018-03-27 10:50:42'),
('35.25.12.2005', 'Sidorejo', '2018-03-27 10:50:42', '2018-03-27 10:50:42'),
('35.25.12.2006', 'Raci Wetan', '2018-03-27 10:50:42', '2018-03-27 10:50:42'),
('35.25.12.2007', 'Masangan', '2018-03-27 10:50:42', '2018-03-27 10:50:42'),
('35.25.12.2008', 'Sido Kumpul', '2018-03-27 10:50:42', '2018-03-27 10:50:42'),
('35.25.12.2009', 'Pegundan', '2018-03-27 10:50:42', '2018-03-27 10:50:42'),
('35.25.12.2010', 'Sukowati', '2018-03-27 10:50:42', '2018-03-27 10:50:42'),
('35.25.12.2011', 'Abar Abir', '2018-03-27 10:50:42', '2018-03-27 10:50:42'),
('35.25.12.2012', 'Bungah', '2018-03-27 10:50:42', '2018-03-27 10:50:42'),
('35.25.12.2013', 'Kemangi', '2018-03-27 10:50:42', '2018-03-27 10:50:42'),
('35.25.12.2014', 'Kisik', '2018-03-27 10:50:42', '2018-03-27 10:50:42'),
('35.25.12.2015', 'Gumeng', '2018-03-27 10:50:42', '2018-03-27 10:50:42'),
('35.25.12.2016', 'Sukorejo', '2018-03-27 10:50:42', '2018-03-27 10:50:42'),
('35.25.12.2017', 'Indrodelik', '2018-03-27 10:50:42', '2018-03-27 10:50:42'),
('35.25.12.2018', 'Bedanten', '2018-03-27 10:50:42', '2018-03-27 10:50:42'),
('35.25.12.2019', 'Sungon Legowo', '2018-03-27 10:50:42', '2018-03-27 10:50:42'),
('35.25.12.2020', 'Tanjung Widoro', '2018-03-27 10:50:42', '2018-03-27 10:50:42'),
('35.25.12.2021', 'Watu Agung', '2018-03-27 10:50:42', '2018-03-27 10:50:42'),
('35.25.12.2022', 'Kramat', '2018-03-27 10:50:42', '2018-03-27 10:50:42'),
('35.25.13', 'Menganti', '2018-03-27 10:50:42', '2018-03-27 10:50:42'),
('35.25.13.2001', 'Beton', '2018-03-27 10:50:42', '2018-03-27 10:50:42'),
('35.25.13.2002', 'Mranti', '2018-03-27 10:50:42', '2018-03-27 10:50:42'),
('35.25.13.2003', 'Gading Watu', '2018-03-27 10:50:42', '2018-03-27 10:50:42'),
('35.25.13.2004', 'Bringkang', '2018-03-27 10:50:42', '2018-03-27 10:50:42'),
('35.25.13.2005', 'Boteng', '2018-03-27 10:50:42', '2018-03-27 10:50:42'),
('35.25.13.2006', 'Putat Lor', '2018-03-27 10:50:42', '2018-03-27 10:50:42'),
('35.25.13.2007', 'Domas', '2018-03-27 10:50:42', '2018-03-27 10:50:42'),
('35.25.13.2008', 'Mojo Tengah', '2018-03-27 10:50:42', '2018-03-27 10:50:42'),
('35.25.13.2009', 'Boboh', '2018-03-27 10:50:42', '2018-03-27 10:50:42'),
('35.25.13.2010', 'Sido Jangkung', '2018-03-27 10:50:42', '2018-03-27 10:50:42'),
('35.25.13.2011', 'Hendro Sari', '2018-03-27 10:50:42', '2018-03-27 10:50:42'),
('35.25.13.2012', 'Pelem Watu', '2018-03-27 10:50:42', '2018-03-27 10:50:42'),
('35.25.13.2013', 'Menganti', '2018-03-27 10:50:42', '2018-03-27 10:50:42'),
('35.25.13.2014', 'Hulaan', '2018-03-27 10:50:42', '2018-03-27 10:50:42'),
('35.25.13.2015', 'Kepatihan', '2018-03-27 10:50:42', '2018-03-27 10:50:42'),
('35.25.13.2016', 'Gempol Kurung', '2018-03-27 10:50:42', '2018-03-27 10:50:42'),
('35.25.13.2017', 'Drancang', '2018-03-27 10:50:42', '2018-03-27 10:50:42'),
('35.25.13.2018', 'Sido Wungu', '2018-03-27 10:50:42', '2018-03-27 10:50:42'),
('35.25.13.2019', 'Randu Padangan', '2018-03-27 10:50:42', '2018-03-27 10:50:42'),
('35.25.13.2020', 'Setro', '2018-03-27 10:50:42', '2018-03-27 10:50:42'),
('35.25.13.2021', 'Pengalangan', '2018-03-27 10:50:42', '2018-03-27 10:50:42'),
('35.25.13.2022', 'Laban', '2018-03-27 10:50:42', '2018-03-27 10:50:42'),
('35.25.14', 'Kebomas', '2018-03-27 10:50:42', '2018-03-27 10:50:42'),
('35.25.14.2001', 'Dahan Rejo', '2018-03-27 10:50:42', '2018-03-27 10:50:42'),
('35.25.14.2002', 'Kembangan', '2018-03-27 10:50:42', '2018-03-27 10:50:42'),
('35.25.14.2003', 'Kedayang', '2018-03-27 10:50:42', '2018-03-27 10:50:42'),
('35.25.14.2004', 'Randu Agung', '2018-03-27 10:50:42', '2018-03-27 10:50:42'),
('35.25.14.2005', 'Klangonan', '2018-03-27 10:50:42', '2018-03-27 10:50:42'),
('35.25.14.1006', 'Gulomantung', '2018-03-27 10:50:42', '2018-03-27 10:50:42'),
('35.25.14.2007', 'Sukorejo', '2018-03-27 10:50:42', '2018-03-27 10:50:42'),
('35.25.14.1008', 'Sidomukti', '2018-03-27 10:50:42', '2018-03-27 10:50:42'),
('35.25.14.2009', 'Giri', '2018-03-27 10:50:42', '2018-03-27 10:50:42'),
('35.25.14.1010', 'Kebomas', '2018-03-27 10:50:42', '2018-03-27 10:50:42'),
('35.25.14.1011', 'Kawis Anyar', '2018-03-27 10:50:42', '2018-03-27 10:50:42'),
('35.25.14.1012', 'Ngargosari', '2018-03-27 10:50:42', '2018-03-27 10:50:42'),
('35.25.14.2013', 'Segoro Madu', '2018-03-27 10:50:42', '2018-03-27 10:50:42'),
('35.25.14.1014', 'Gending', '2018-03-27 10:50:42', '2018-03-27 10:50:42'),
('35.25.14.1015', 'Sidomoro', '2018-03-27 10:50:42', '2018-03-27 10:50:42'),
('35.25.14.1016', 'Tenggulunan', '2018-03-27 10:50:42', '2018-03-27 10:50:42'),
('35.25.14.1017', 'Singosari', '2018-03-27 10:50:42', '2018-03-27 10:50:42'),
('35.25.14.2018', 'Karang Kiring', '2018-03-27 10:50:42', '2018-03-27 10:50:42'),
('35.25.14.1019', 'Indro', '2018-03-27 10:50:42', '2018-03-27 10:50:42'),
('35.25.14.2020', 'Prambangan', '2018-03-27 10:50:42', '2018-03-27 10:50:42'),
('35.25.14.2021', 'Sekarkurung', '2018-03-27 10:50:42', '2018-03-27 10:50:42'),
('35.25.15', 'Driyorejo', '2018-03-27 10:50:42', '2018-03-27 10:50:42'),
('35.25.15.2001', 'Karang Andong', '2018-03-27 10:50:42', '2018-03-27 10:50:42'),
('35.25.15.2002', 'Banjaran', '2018-03-27 10:50:42', '2018-03-27 10:50:42'),
('35.25.15.2003', 'Krikilan', '2018-03-27 10:50:42', '2018-03-27 10:50:42'),
('35.25.15.2004', 'Mojosari Rejo', '2018-03-27 10:50:42', '2018-03-27 10:50:42'),
('35.25.15.2005', 'Tanjungan', '2018-03-27 10:50:42', '2018-03-27 10:50:42'),
('35.25.15.2006', 'Anom', '2018-03-27 10:50:42', '2018-03-27 10:50:42'),
('35.25.15.2007', 'Sumput', '2018-03-27 10:50:42', '2018-03-27 10:50:42'),
('35.25.15.2008', 'Kesamben Wetan', '2018-03-27 10:50:42', '2018-03-27 10:50:42'),
('35.25.15.2009', 'Randegan Sari', '2018-03-27 10:50:42', '2018-03-27 10:50:42'),
('35.25.15.2010', 'Tenaru', '2018-03-27 10:50:42', '2018-03-27 10:50:42'),
('35.25.15.2011', 'Driyorejo', '2018-03-27 10:50:42', '2018-03-27 10:50:42'),
('35.25.15.2012', 'Petiken', '2018-03-27 10:50:42', '2018-03-27 10:50:42'),
('35.25.15.2013', 'Cangkir', '2018-03-27 10:50:42', '2018-03-27 10:50:42'),
('35.25.15.2014', 'Gadung', '2018-03-27 10:50:42', '2018-03-27 10:50:42'),
('35.25.15.2015', 'Mulung', '2018-03-27 10:50:42', '2018-03-27 10:50:42'),
('35.25.15.2016', 'Bambe', '2018-03-27 10:50:42', '2018-03-27 10:50:42'),
('35.25.16', 'Gresik', '2018-03-27 10:50:42', '2018-03-27 10:50:42'),
('35.25.16.1001', 'Ngipik', '2018-03-27 10:50:42', '2018-03-27 10:50:42'),
('35.25.16.1002', 'Tlogo Pojok', '2018-03-27 10:50:42', '2018-03-27 10:50:42'),
('35.25.16.1003', 'Karang Turi', '2018-03-27 10:50:42', '2018-03-27 10:50:42'),
('35.25.16.1004', 'Tlogo Patut', '2018-03-27 10:50:42', '2018-03-27 10:50:42'),
('35.25.16.1005', 'Sukorame', '2018-03-27 10:50:42', '2018-03-27 10:50:42'),
('35.25.16.1006', 'Lumpur', '2018-03-27 10:50:42', '2018-03-27 10:50:42'),
('35.25.16.1007', 'Karang Poh', '2018-03-27 10:50:42', '2018-03-27 10:50:42'),
('35.25.16.1008', 'Trate', '2018-03-27 10:50:42', '2018-03-27 10:50:42'),
('35.25.16.2009', 'Tlogo Bendung', '2018-03-27 10:50:42', '2018-03-27 10:50:42'),
('35.25.16.1010', 'Sido Kumpul', '2018-03-27 10:50:42', '2018-03-27 10:50:42'),
('35.25.16.1011', 'Bedilan', '2018-03-27 10:50:42', '2018-03-27 10:50:42'),
('35.25.16.1012', 'Sukodono', '2018-03-27 10:50:42', '2018-03-27 10:50:42'),
('35.25.16.1013', 'Kemuteran', '2018-03-27 10:50:42', '2018-03-27 10:50:42'),
('35.25.16.1014', 'Pekelingan', '2018-03-27 10:50:42', '2018-03-27 10:50:42'),
('35.25.16.1015', 'Kroman', '2018-03-27 10:50:42', '2018-03-27 10:50:42'),
('35.25.16.1016', 'Kebungson', '2018-03-27 10:50:42', '2018-03-27 10:50:42'),
('35.25.16.1017', 'Pekauman', '2018-03-27 10:50:42', '2018-03-27 10:50:42'),
('35.25.16.2018', 'Gapuro Sukolilo', '2018-03-27 10:50:42', '2018-03-27 10:50:42'),
('35.25.16.2019', 'Pulo Pancikan', '2018-03-27 10:50:42', '2018-03-27 10:50:42'),
('35.25.16.2020', 'Kramat Tinggil', '2018-03-27 10:50:42', '2018-03-27 10:50:42'),
('35.25.16.2021', 'Sido Rukun', '2018-03-27 10:50:42', '2018-03-27 10:50:42'),
('35.25.17', 'Sangkapura', '2018-03-27 10:50:42', '2018-03-27 10:50:42'),
('35.25.17.2001', 'Dekat Agung', '2018-03-27 10:50:42', '2018-03-27 10:50:42'),
('35.25.17.2002', 'Kumalasa', '2018-03-27 10:50:42', '2018-03-27 10:50:42'),
('35.25.17.2003', 'Suwari', '2018-03-27 10:50:42', '2018-03-27 10:50:42'),
('35.25.17.2004', 'Pudakit Barat', '2018-03-27 10:50:42', '2018-03-27 10:50:42'),
('35.25.17.2005', 'Pudakit Timur', '2018-03-27 10:50:42', '2018-03-27 10:50:42'),
('35.25.17.2006', 'Lebak', '2018-03-27 10:50:42', '2018-03-27 10:50:42'),
('35.25.17.2007', 'Bulu Lanjang', '2018-03-27 10:50:42', '2018-03-27 10:50:42'),
('35.25.17.2008', 'Patar Selamat', '2018-03-27 10:50:42', '2018-03-27 10:50:42'),
('35.25.17.2009', 'Kota Kusuma', '2018-03-27 10:50:42', '2018-03-27 10:50:42'),
('35.25.17.2010', 'Sungai Teluk', '2018-03-27 10:50:42', '2018-03-27 10:50:42'),
('35.25.17.2011', 'Gunung Teguh', '2018-03-27 10:50:42', '2018-03-27 10:50:42'),
('35.25.17.2012', 'Sawah Mulya', '2018-03-27 10:50:42', '2018-03-27 10:50:42'),
('35.25.17.2013', 'Sungai Rujing', '2018-03-27 10:50:42', '2018-03-27 10:50:42'),
('35.25.17.2014', 'Balikterus', '2018-03-27 10:50:42', '2018-03-27 10:50:42'),
('35.25.17.2015', 'Kebon Teluk Dalam', '2018-03-27 10:50:42', '2018-03-27 10:50:42'),
('35.25.17.2016', 'Sido Gedung Batu', '2018-03-27 10:50:42', '2018-03-27 10:50:42'),
('35.25.17.2017', 'Daun', '2018-03-27 10:50:42', '2018-03-27 10:50:42'),
('35.25.18', 'Tambak', '2018-03-27 10:50:42', '2018-03-27 10:50:42'),
('35.25.18.2001', 'Gelam', '2018-03-27 10:50:42', '2018-03-27 10:50:42'),
('35.25.18.2002', 'Sukaoneng', '2018-03-27 10:50:42', '2018-03-27 10:50:42'),
('35.25.18.2003', 'Sukalela', '2018-03-27 10:50:42', '2018-03-27 10:50:42'),
('35.25.18.2004', 'Pekalongan', '2018-03-27 10:50:42', '2018-03-27 10:50:42'),
('35.25.18.2005', 'Tambak', '2018-03-27 10:50:42', '2018-03-27 10:50:42'),
('35.25.18.2006', 'Teluk Jati Dawang', '2018-03-27 10:50:42', '2018-03-27 10:50:42'),
('35.25.18.2007', 'Klumpang Gubug', '2018-03-27 10:50:42', '2018-03-27 10:50:42'),
('35.25.18.2008', 'Grejeg', '2018-03-27 10:50:42', '2018-03-27 10:50:42'),
('35.25.18.2009', 'Tanjungori', '2018-03-27 10:50:42', '2018-03-27 10:50:42'),
('35.25.18.2010', 'Peromaan', '2018-03-27 10:50:42', '2018-03-27 10:50:42'),
('35.25.18.2011', 'Diponggo', '2018-03-27 10:50:42', '2018-03-27 10:50:42'),
('35.25.18.2012', 'Kepuh Teluk', '2018-03-27 10:50:42', '2018-03-27 10:50:42'),
('35.25.18.2013', 'Kepuh Legundi', '2018-03-27 10:50:42', '2018-03-27 10:50:42'),
('35.26', 'KAB. BANGKALAN', '2018-03-27 10:50:42', '2018-03-27 10:50:42'),
('35.26.01', 'Bangkalan', '2018-03-27 10:50:42', '2018-03-27 10:50:42'),
('35.26.01.1001', 'Mlajah', '2018-03-27 10:50:42', '2018-03-27 10:50:42'),
('35.26.01.1002', 'Kemayoran', '2018-03-27 10:50:42', '2018-03-27 10:50:42'),
('35.26.01.1003', 'Pangeranan', '2018-03-27 10:50:42', '2018-03-27 10:50:42'),
('35.26.01.1004', 'Demangan', '2018-03-27 10:50:42', '2018-03-27 10:50:42'),
('35.26.01.1005', 'Kraton', '2018-03-27 10:50:42', '2018-03-27 10:50:42'),
('35.26.01.1006', 'Pejagan', '2018-03-27 10:50:42', '2018-03-27 10:50:42'),
('35.26.01.1007', 'Bancaran', '2018-03-27 10:50:42', '2018-03-27 10:50:42'),
('35.26.01.2008', 'Sembilangan', '2018-03-27 10:50:42', '2018-03-27 10:50:42'),
('35.26.01.2009', 'Ujung Piring', '2018-03-27 10:50:42', '2018-03-27 10:50:42'),
('35.26.01.2010', 'Kramat', '2018-03-27 10:50:42', '2018-03-27 10:50:42'),
('35.26.01.2011', 'Martajasah', '2018-03-27 10:50:42', '2018-03-27 10:50:42'),
('35.26.01.2012', 'Sabiyan', '2018-03-27 10:50:42', '2018-03-27 10:50:42'),
('35.26.01.2013', 'Gebang', '2018-03-27 10:50:42', '2018-03-27 10:50:42'),
('35.26.02', 'Socah', '2018-03-27 10:50:42', '2018-03-27 10:50:42'),
('35.26.02.2001', 'Socah', '2018-03-27 10:50:42', '2018-03-27 10:50:42'),
('35.26.02.2002', 'Keleyan', '2018-03-27 10:50:42', '2018-03-27 10:50:42'),
('35.26.02.2003', 'Bilaporah', '2018-03-27 10:50:42', '2018-03-27 10:50:42'),
('35.26.02.2004', 'Parseh', '2018-03-27 10:50:42', '2018-03-27 10:50:42'),
('35.26.02.2005', 'Jaddih', '2018-03-27 10:50:42', '2018-03-27 10:50:42'),
('35.26.02.2006', 'Buluh', '2018-03-27 10:50:42', '2018-03-27 10:50:42'),
('35.26.02.2007', 'Junganyar', '2018-03-27 10:50:42', '2018-03-27 10:50:42'),
('35.26.02.2008', 'Dakiring', '2018-03-27 10:50:42', '2018-03-27 10:50:42'),
('35.26.02.2009', 'Petaonan', '2018-03-27 10:50:42', '2018-03-27 10:50:42'),
('35.26.02.2010', 'Pernajuh', '2018-03-27 10:50:42', '2018-03-27 10:50:42'),
('35.26.02.2011', 'Saggra  Agung', '2018-03-27 10:50:42', '2018-03-27 10:50:42'),
('35.26.03', 'Burneh', '2018-03-27 10:50:42', '2018-03-27 10:50:42'),
('35.26.03.2001', 'Burneh', '2018-03-27 10:50:42', '2018-03-27 10:50:42'),
('35.26.03.2002', 'Langkap', '2018-03-27 10:50:42', '2018-03-27 10:50:42'),
('35.26.03.2003', 'Banangkah', '2018-03-27 10:50:42', '2018-03-27 10:50:42'),
('35.26.03.2004', 'Alas Kembang', '2018-03-27 10:50:42', '2018-03-27 10:50:42'),
('35.26.03.1005', 'Tunjung', '2018-03-27 10:50:42', '2018-03-27 10:50:42'),
('35.26.03.2006', 'Arok', '2018-03-27 10:50:42', '2018-03-27 10:50:42'),
('35.26.03.2007', 'Kapor', '2018-03-27 10:50:42', '2018-03-27 10:50:42'),
('35.26.03.2008', 'Sobih', '2018-03-27 10:50:42', '2018-03-27 10:50:42'),
('35.26.03.2009', 'Pangolangan', '2018-03-27 10:50:42', '2018-03-27 10:50:42'),
('35.26.03.2010', 'Binoh', '2018-03-27 10:50:42', '2018-03-27 10:50:42'),
('35.26.03.2011', 'Perreng', '2018-03-27 10:50:42', '2018-03-27 10:50:42'),
('35.26.03.2012', 'Jambuh', '2018-03-27 10:50:42', '2018-03-27 10:50:42'),
('35.26.04', 'Kamal', '2018-03-27 10:50:42', '2018-03-27 10:50:42'),
('35.26.04.2001', 'Kamal', '2018-03-27 10:50:42', '2018-03-27 10:50:42'),
('35.26.04.2002', 'Banyuajuh', '2018-03-27 10:50:42', '2018-03-27 10:50:42'),
('35.26.04.2003', 'Gili Barat', '2018-03-27 10:50:42', '2018-03-27 10:50:42'),
('35.26.04.2004', 'Gili Timur', '2018-03-27 10:50:42', '2018-03-27 10:50:42'),
('35.26.04.2005', 'Gili Anyar', '2018-03-27 10:50:42', '2018-03-27 10:50:42'),
('35.26.04.2006', 'Telang', '2018-03-27 10:50:42', '2018-03-27 10:50:42'),
('35.26.04.2007', 'Pendabah', '2018-03-27 10:50:42', '2018-03-27 10:50:42'),
('35.26.04.2008', 'Tajungan', '2018-03-27 10:50:42', '2018-03-27 10:50:42'),
('35.26.04.2009', 'Kebun', '2018-03-27 10:50:42', '2018-03-27 10:50:42'),
('35.26.04.2010', 'Tangjung Jati', '2018-03-27 10:50:42', '2018-03-27 10:50:42'),
('35.26.05', 'Arosbaya', '2018-03-27 10:50:42', '2018-03-27 10:50:42'),
('35.26.05.2001', 'Arosbaya', '2018-03-27 10:50:42', '2018-03-27 10:50:42'),
('35.26.05.2002', 'Tengket', '2018-03-27 10:50:42', '2018-03-27 10:50:42'),
('35.26.05.2003', 'Lajing', '2018-03-27 10:50:42', '2018-03-27 10:50:42'),
('35.26.05.2004', 'Balung', '2018-03-27 10:50:42', '2018-03-27 10:50:42'),
('35.26.05.2005', 'Glagga', '2018-03-27 10:50:42', '2018-03-27 10:50:42'),
('35.26.05.2006', 'Pandan Lanjang', '2018-03-27 10:50:42', '2018-03-27 10:50:42'),
('35.26.05.2007', 'Batonaong', '2018-03-27 10:50:42', '2018-03-27 10:50:42'),
('35.26.05.2008', 'Ombul', '2018-03-27 10:50:42', '2018-03-27 10:50:42'),
('35.26.05.2009', 'Karang Duwak', '2018-03-27 10:50:42', '2018-03-27 10:50:42'),
('35.26.05.2010', 'Berbeluk', '2018-03-27 10:50:42', '2018-03-27 10:50:42'),
('35.26.05.2011', 'Buduran', '2018-03-27 10:50:42', '2018-03-27 10:50:42'),
('35.26.05.2012', 'Tambegan', '2018-03-27 10:50:42', '2018-03-27 10:50:42'),
('35.26.05.2013', 'Cendagah', '2018-03-27 10:50:42', '2018-03-27 10:50:42'),
('35.26.05.2014', 'Mangkon', '2018-03-27 10:50:42', '2018-03-27 10:50:42'),
('35.26.05.2015', 'Karang Pao', '2018-03-27 10:50:42', '2018-03-27 10:50:42'),
('35.26.05.2016', 'Makam Agung', '2018-03-27 10:50:42', '2018-03-27 10:50:42'),
('35.26.05.2017', 'Dlemer', '2018-03-27 10:50:42', '2018-03-27 10:50:42'),
('35.26.05.2018', 'Plakaran', '2018-03-27 10:50:42', '2018-03-27 10:50:42'),
('35.26.06', 'Geger', '2018-03-27 10:50:42', '2018-03-27 10:50:42'),
('35.26.06.2001', 'Kombangan', '2018-03-27 10:50:42', '2018-03-27 10:50:42'),
('35.26.06.2002', 'Bayoneng Laok', '2018-03-27 10:50:42', '2018-03-27 10:50:42'),
('35.26.06.2003', 'Katol Barat', '2018-03-27 10:50:42', '2018-03-27 10:50:42'),
('35.26.06.2004', 'Dabung', '2018-03-27 10:50:42', '2018-03-27 10:50:42'),
('35.26.06.2005', 'Lerpak', '2018-03-27 10:50:42', '2018-03-27 10:50:42'),
('35.26.06.2006', 'Geger', '2018-03-27 10:50:42', '2018-03-27 10:50:42'),
('35.26.06.2007', 'Togubang', '2018-03-27 10:50:42', '2018-03-27 10:50:42'),
('35.26.06.2008', 'Batobella', '2018-03-27 10:50:42', '2018-03-27 10:50:42'),
('35.26.06.2009', 'Kampak', '2018-03-27 10:50:42', '2018-03-27 10:50:42'),
('35.26.06.2010', 'Campor', '2018-03-27 10:50:42', '2018-03-27 10:50:42'),
('35.26.06.2011', 'Kompol', '2018-03-27 10:50:42', '2018-03-27 10:50:42'),
('35.26.06.2012', 'Tegar Priyah', '2018-03-27 10:50:42', '2018-03-27 10:50:42'),
('35.26.06.2013', 'Bayoneng Dajah', '2018-03-27 10:50:42', '2018-03-27 10:50:42'),
('35.26.07', 'Klampis', '2018-03-27 10:50:42', '2018-03-27 10:50:42'),
('35.26.07.2001', 'Klampis Barat', '2018-03-27 10:50:42', '2018-03-27 10:50:42'),
('35.26.07.2002', 'Bulukagung', '2018-03-27 10:50:42', '2018-03-27 10:50:42'),
('35.26.07.2003', 'Mrandung', '2018-03-27 10:50:42', '2018-03-27 10:50:42'),
('35.26.07.2004', 'Tobaddung', '2018-03-27 10:50:42', '2018-03-27 10:50:42'),
('35.26.07.2005', 'Tolbuk', '2018-03-27 10:50:42', '2018-03-27 10:50:42'),
('35.26.07.2006', 'Moarah', '2018-03-27 10:50:42', '2018-03-27 10:50:42'),
('35.26.07.2007', 'Raas', '2018-03-27 10:50:42', '2018-03-27 10:50:42'),
('35.26.07.2008', 'Polongan', '2018-03-27 10:50:42', '2018-03-27 10:50:42'),
('35.26.07.2009', 'Karang Asem', '2018-03-27 10:50:42', '2018-03-27 10:50:42'),
('35.26.07.2010', 'Trogan', '2018-03-27 10:50:42', '2018-03-27 10:50:42'),
('35.26.07.2011', 'Bulung', '2018-03-27 10:50:42', '2018-03-27 10:50:42'),
('35.26.07.2012', 'Banteyan', '2018-03-27 10:50:42', '2018-03-27 10:50:42'),
('35.26.07.2013', 'Bragang', '2018-03-27 10:50:42', '2018-03-27 10:50:42'),
('35.26.07.2014', 'Lergunong', '2018-03-27 10:50:42', '2018-03-27 10:50:42'),
('35.26.07.2015', 'Panyaksagan', '2018-03-27 10:50:42', '2018-03-27 10:50:42'),
('35.26.07.2016', 'Manonggal', '2018-03-27 10:50:42', '2018-03-27 10:50:42'),
('35.26.07.2017', 'Bator', '2018-03-27 10:50:42', '2018-03-27 10:50:42'),
('35.26.07.2018', 'Klampis Timur', '2018-03-27 10:50:42', '2018-03-27 10:50:42'),
('35.26.07.2019', 'Tenggun Dajah', '2018-03-27 10:50:42', '2018-03-27 10:50:42'),
('35.26.07.2020', 'Larangan Sorjan', '2018-03-27 10:50:42', '2018-03-27 10:50:42'),
('35.26.07.2021', 'Larangan Glintong', '2018-03-27 10:50:42', '2018-03-27 10:50:42'),
('35.26.07.2022', 'Kool', '2018-03-27 10:50:42', '2018-03-27 10:50:42'),
('35.26.08', 'Sepulu', '2018-03-27 10:50:42', '2018-03-27 10:50:42'),
('35.26.08.2001', 'Sepulu', '2018-03-27 10:50:42', '2018-03-27 10:50:42'),
('35.26.08.2002', 'Maneron', '2018-03-27 10:50:42', '2018-03-27 10:50:42'),
('35.26.08.2003', 'Gangseyan', '2018-03-27 10:50:42', '2018-03-27 10:50:42'),
('35.26.08.2004', 'Klapayan', '2018-03-27 10:50:42', '2018-03-27 10:50:42'),
('35.26.08.2005', 'Bangsereh', '2018-03-27 10:50:42', '2018-03-27 10:50:42'),
('35.26.08.2006', 'Kelbung', '2018-03-27 10:50:42', '2018-03-27 10:50:42'),
('35.26.08.2007', 'Saplasah', '2018-03-27 10:50:42', '2018-03-27 10:50:42'),
('35.26.08.2008', 'Genelap', '2018-03-27 10:50:42', '2018-03-27 10:50:42'),
('35.26.08.2009', 'Klabetan', '2018-03-27 10:50:42', '2018-03-27 10:50:42'),
('35.26.08.2010', 'Banyior', '2018-03-27 10:50:42', '2018-03-27 10:50:42'),
('35.26.08.2011', 'Prancak', '2018-03-27 10:50:42', '2018-03-27 10:50:42'),
('35.26.08.2012', 'Labuhan', '2018-03-27 10:50:42', '2018-03-27 10:50:42'),
('35.26.08.2013', 'Tanagura Barat', '2018-03-27 10:50:42', '2018-03-27 10:50:42'),
('35.26.08.2014', 'Lembung Paseser', '2018-03-27 10:50:42', '2018-03-27 10:50:42'),
('35.26.08.2015', 'Tanagura Timur', '2018-03-27 10:50:42', '2018-03-27 10:50:42'),
('35.26.09', 'Tanjung Bumi', '2018-03-27 10:50:42', '2018-03-27 10:50:42'),
('35.26.09.2001', 'Paseseh', '2018-03-27 10:50:42', '2018-03-27 10:50:42'),
('35.26.09.2002', 'Bumi Anyar', '2018-03-27 10:50:42', '2018-03-27 10:50:42'),
('35.26.09.2003', 'Tambak Pocok', '2018-03-27 10:50:42', '2018-03-27 10:50:42'),
('35.26.09.2004', 'Larangan Timur', '2018-03-27 10:50:42', '2018-03-27 10:50:42'),
('35.26.09.2005', 'Bungkeng', '2018-03-27 10:50:42', '2018-03-27 10:50:42'),
('35.26.09.2006', 'Bandang Dajah', '2018-03-27 10:50:42', '2018-03-27 10:50:42'),
('35.26.09.2007', 'Tagungguh', '2018-03-27 10:50:42', '2018-03-27 10:50:42'),
('35.26.09.2008', 'Planggiran', '2018-03-27 10:50:42', '2018-03-27 10:50:42'),
('35.26.09.2009', 'Aeng Tabar', '2018-03-27 10:50:42', '2018-03-27 10:50:42'),
('35.26.09.2010', 'Banyusangka', '2018-03-27 10:50:42', '2018-03-27 10:50:42'),
('35.26.09.2011', 'Tlangoh', '2018-03-27 10:50:42', '2018-03-27 10:50:42'),
('35.26.09.2012', 'Macajah', '2018-03-27 10:50:42', '2018-03-27 10:50:42'),
('35.26.09.2013', 'Tanjung Bumi', '2018-03-27 10:50:42', '2018-03-27 10:50:42'),
('35.26.09.2014', 'Telaga Biru', '2018-03-27 10:50:42', '2018-03-27 10:50:42'),
('35.26.10', 'Kokop', '2018-03-27 10:50:42', '2018-03-27 10:50:42'),
('35.26.10.2001', 'Dupok', '2018-03-27 10:50:42', '2018-03-27 10:50:42'),
('35.26.10.2002', 'Bandasoleh', '2018-03-27 10:50:42', '2018-03-27 10:50:42'),
('35.26.10.2003', 'Batokorogan', '2018-03-27 10:50:42', '2018-03-27 10:50:42'),
('35.26.10.2004', 'Tramok', '2018-03-27 10:50:42', '2018-03-27 10:50:42'),
('35.26.10.2005', 'Katol Timur', '2018-03-27 10:50:42', '2018-03-27 10:50:42'),
('35.26.10.2006', 'Lembung Gunong', '2018-03-27 10:50:42', '2018-03-27 10:50:42'),
('35.26.10.2007', 'Amparaan', '2018-03-27 10:50:42', '2018-03-27 10:50:42'),
('35.26.10.2008', 'Kokop', '2018-03-27 10:50:42', '2018-03-27 10:50:42'),
('35.26.10.2009', 'Tlokoh', '2018-03-27 10:50:42', '2018-03-27 10:50:42'),
('35.26.10.2010', 'Durjan', '2018-03-27 10:50:42', '2018-03-27 10:50:42'),
('35.26.10.2011', 'Manoan', '2018-03-27 10:50:42', '2018-03-27 10:50:42'),
('35.26.10.2012', 'Mandung', '2018-03-27 10:50:42', '2018-03-27 10:50:42'),
('35.26.10.2013', 'Bandang Laok', '2018-03-27 10:50:42', '2018-03-27 10:50:42'),
('35.26.11', 'Kwanyar', '2018-03-27 10:50:42', '2018-03-27 10:50:42'),
('35.26.11.2001', 'Pesanggrahan', '2018-03-27 10:50:42', '2018-03-27 10:50:42'),
('35.26.11.2002', 'Kwanyar Barat', '2018-03-27 10:50:42', '2018-03-27 10:50:42'),
('35.26.11.2003', 'Ketetang', '2018-03-27 10:50:42', '2018-03-27 10:50:42'),
('35.26.11.2004', 'Dlemer', '2018-03-27 10:50:42', '2018-03-27 10:50:42'),
('35.26.11.2005', 'Morombuh', '2018-03-27 10:50:42', '2018-03-27 10:50:42'),
('35.26.11.2006', 'Tebul', '2018-03-27 10:50:42', '2018-03-27 10:50:42'),
('35.26.11.2007', 'Karang Anyar', '2018-03-27 10:50:42', '2018-03-27 10:50:42'),
('35.26.11.2008', 'Janteh', '2018-03-27 10:50:42', '2018-03-27 10:50:42'),
('35.26.11.2009', 'Somor Koneng', '2018-03-27 10:50:42', '2018-03-27 10:50:42'),
('35.26.11.2010', 'Paoran', '2018-03-27 10:50:42', '2018-03-27 10:50:42'),
('35.26.11.2011', 'Karang Entang', '2018-03-27 10:50:42', '2018-03-27 10:50:42'),
('35.26.11.2012', 'Batah Barat', '2018-03-27 10:50:42', '2018-03-27 10:50:42'),
('35.26.11.2013', 'Batah Timur', '2018-03-27 10:50:42', '2018-03-27 10:50:42'),
('35.26.11.2014', 'Pandanan', '2018-03-27 10:50:42', '2018-03-27 10:50:42'),
('35.26.11.2015', 'Gunung Sereng', '2018-03-27 10:50:42', '2018-03-27 10:50:42'),
('35.26.11.2016', 'Duwek Buter', '2018-03-27 10:50:42', '2018-03-27 10:50:42'),
('35.26.12', 'Labang', '2018-03-27 10:50:42', '2018-03-27 10:50:42'),
('35.26.12.2001', 'Kesek', '2018-03-27 10:50:42', '2018-03-27 10:50:42'),
('35.26.12.2002', 'Labang', '2018-03-27 10:50:42', '2018-03-27 10:50:42'),
('35.26.12.2003', 'Jukong', '2018-03-27 10:50:42', '2018-03-27 10:50:42'),
('35.26.12.2004', 'Pangpong', '2018-03-27 10:50:42', '2018-03-27 10:50:42'),
('35.26.12.2005', 'Sukolilo Timur', '2018-03-27 10:50:42', '2018-03-27 10:50:42'),
('35.26.12.2006', 'Sukolilo Barat', '2018-03-27 10:50:42', '2018-03-27 10:50:42'),
('35.26.12.2007', 'Bringen', '2018-03-27 10:50:42', '2018-03-27 10:50:42'),
('35.26.12.2008', 'Baengas', '2018-03-27 10:50:42', '2018-03-27 10:50:42'),
('35.26.12.2009', 'Bunajih', '2018-03-27 10:50:42', '2018-03-27 10:50:42'),
('35.26.12.2010', 'Sendang Laok', '2018-03-27 10:50:42', '2018-03-27 10:50:42'),
('35.26.12.2011', 'Sendang Dajah', '2018-03-27 10:50:42', '2018-03-27 10:50:42'),
('35.26.12.2012', 'Petapan', '2018-03-27 10:50:42', '2018-03-27 10:50:42'),
('35.26.12.2013', 'Morkepek', '2018-03-27 10:50:42', '2018-03-27 10:50:42'),
('35.26.13', 'Tanah Merah', '2018-03-27 10:50:42', '2018-03-27 10:50:42'),
('35.26.13.2001', 'Tanah Merah Dajah', '2018-03-27 10:50:42', '2018-03-27 10:50:42'),
('35.26.13.2002', 'Tanah Merah Laok', '2018-03-27 10:50:42', '2018-03-27 10:50:42'),
('35.26.13.2003', 'Petrah', '2018-03-27 10:50:42', '2018-03-27 10:50:42'),
('35.26.13.2004', 'Jangkar', '2018-03-27 10:50:42', '2018-03-27 10:50:42'),
('35.26.13.2005', 'Pettong', '2018-03-27 10:50:42', '2018-03-27 10:50:42'),
('35.26.13.2006', 'Kendaban', '2018-03-27 10:50:42', '2018-03-27 10:50:42'),
('35.26.13.2007', 'Dumajah', '2018-03-27 10:50:42', '2018-03-27 10:50:42'),
('35.26.13.2008', 'Pacentan', '2018-03-27 10:50:42', '2018-03-27 10:50:42'),
('35.26.13.2009', 'Baipajung', '2018-03-27 10:50:42', '2018-03-27 10:50:42'),
('35.26.13.2010', 'Tlomar', '2018-03-27 10:50:42', '2018-03-27 10:50:42'),
('35.26.13.2011', 'Rongdurin', '2018-03-27 10:50:42', '2018-03-27 10:50:42'),
('35.26.13.2012', 'Landak', '2018-03-27 10:50:42', '2018-03-27 10:50:42'),
('35.26.13.2013', 'Basanah', '2018-03-27 10:50:42', '2018-03-27 10:50:42'),
('35.26.13.2014', 'Poter', '2018-03-27 10:50:42', '2018-03-27 10:50:42'),
('35.26.13.2015', 'Patemon', '2018-03-27 10:50:42', '2018-03-27 10:50:42'),
('35.26.13.2016', 'Dlambah Dajah', '2018-03-27 10:50:42', '2018-03-27 10:50:42'),
('35.26.13.2017', 'Dlambah Laok', '2018-03-27 10:50:42', '2018-03-27 10:50:42'),
('35.26.13.2018', 'Mrecah', '2018-03-27 10:50:42', '2018-03-27 10:50:42'),
('35.26.13.2019', 'Buddan', '2018-03-27 10:50:42', '2018-03-27 10:50:42'),
('35.26.13.2020', 'Batangan', '2018-03-27 10:50:42', '2018-03-27 10:50:42'),
('35.26.13.2021', 'Padurungan', '2018-03-27 10:50:42', '2018-03-27 10:50:42'),
('35.26.13.2022', 'Pangeleyan', '2018-03-27 10:50:42', '2018-03-27 10:50:42'),
('35.26.13.2023', 'Kranggan Barat', '2018-03-27 10:50:42', '2018-03-27 10:50:42'),
('35.26.14', 'Tragah', '2018-03-27 10:50:42', '2018-03-27 10:50:42'),
('35.26.14.2001', 'Soket Laok', '2018-03-27 10:50:42', '2018-03-27 10:50:42'),
('35.26.14.2002', 'Soket Dajah', '2018-03-27 10:50:42', '2018-03-27 10:50:42'),
('35.26.14.2003', 'Pamorah', '2018-03-27 10:50:42', '2018-03-27 10:50:42'),
('35.26.14.2004', 'Banyubeseh', '2018-03-27 10:50:42', '2018-03-27 10:50:42'),
('35.26.14.2005', 'Pocong', '2018-03-27 10:50:42', '2018-03-27 10:50:42'),
('35.26.14.2006', 'Tragah', '2018-03-27 10:50:42', '2018-03-27 10:50:42'),
('35.26.14.2007', 'Karang Leman', '2018-03-27 10:50:42', '2018-03-27 10:50:42'),
('35.26.14.2008', 'Dukotambin', '2018-03-27 10:50:42', '2018-03-27 10:50:42'),
('35.26.14.2009', 'Keteleng', '2018-03-27 10:50:42', '2018-03-27 10:50:42'),
('35.26.14.2010', 'Alang Alang', '2018-03-27 10:50:42', '2018-03-27 10:50:42'),
('35.26.14.2011', 'Kemoning', '2018-03-27 10:50:42', '2018-03-27 10:50:42'),
('35.26.14.2012', 'Tambin', '2018-03-27 10:50:42', '2018-03-27 10:50:42'),
('35.26.14.2013', 'Bajeman', '2018-03-27 10:50:42', '2018-03-27 10:50:42'),
('35.26.14.2014', 'Jaddung', '2018-03-27 10:50:42', '2018-03-27 10:50:42'),
('35.26.14.2015', 'Pacangan', '2018-03-27 10:50:42', '2018-03-27 10:50:42'),
('35.26.14.2016', 'Bancang', '2018-03-27 10:50:42', '2018-03-27 10:50:42'),
('35.26.14.2017', 'Jaah', '2018-03-27 10:50:42', '2018-03-27 10:50:42'),
('35.26.14.2018', 'Masaran', '2018-03-27 10:50:42', '2018-03-27 10:50:42'),
('35.26.15', 'Blega', '2018-03-27 10:50:42', '2018-03-27 10:50:42'),
('35.26.15.2001', 'Blega', '2018-03-27 10:50:42', '2018-03-27 10:50:42'),
('35.26.15.2002', 'Rosep', '2018-03-27 10:50:42', '2018-03-27 10:50:42'),
('35.26.15.2003', 'Nyor Manes', '2018-03-27 10:50:42', '2018-03-27 10:50:42'),
('35.26.15.2004', 'Alas Rajah', '2018-03-27 10:50:42', '2018-03-27 10:50:42'),
('35.26.15.2005', 'Blega Oloh', '2018-03-27 10:50:42', '2018-03-27 10:50:42'),
('35.26.15.2006', 'Karang Nangkah', '2018-03-27 10:50:42', '2018-03-27 10:50:42'),
('35.26.15.2007', 'Karang Panasan', '2018-03-27 10:50:42', '2018-03-27 10:50:42'),
('35.26.15.2008', 'Karang Gayam', '2018-03-27 10:50:42', '2018-03-27 10:50:42'),
('35.26.15.2009', 'Lomaer', '2018-03-27 10:50:42', '2018-03-27 10:50:42'),
('35.26.15.2010', 'Bates', '2018-03-27 10:50:42', '2018-03-27 10:50:42'),
('35.26.15.2011', 'Lombang Laok', '2018-03-27 10:50:42', '2018-03-27 10:50:42'),
('35.26.15.2012', 'Lombang Dajah', '2018-03-27 10:50:42', '2018-03-27 10:50:42'),
('35.26.15.2013', 'Karpote', '2018-03-27 10:50:42', '2018-03-27 10:50:42'),
('35.26.15.2014', 'Kajjan', '2018-03-27 10:50:42', '2018-03-27 10:50:42'),
('35.26.15.2015', 'Panjalinan', '2018-03-27 10:50:42', '2018-03-27 10:50:42'),
('35.26.15.2016', 'Pangeran Gadungan', '2018-03-27 10:50:42', '2018-03-27 10:50:42'),
('35.26.15.2017', 'Kampao', '2018-03-27 10:50:42', '2018-03-27 10:50:42'),
('35.26.15.2018', 'Ko\'olan', '2018-03-27 10:50:42', '2018-03-27 10:50:42'),
('35.26.15.2019', 'Gigir', '2018-03-27 10:50:42', '2018-03-27 10:50:42'),
('35.26.16', 'Modung', '2018-03-27 10:50:42', '2018-03-27 10:50:42'),
('35.26.16.2001', 'Patereman', '2018-03-27 10:50:42', '2018-03-27 10:50:42'),
('35.26.16.2002', 'Paeng', '2018-03-27 10:50:42', '2018-03-27 10:50:42'),
('35.26.16.2003', 'Kolla', '2018-03-27 10:50:42', '2018-03-27 10:50:42'),
('35.26.16.2004', 'Neroh', '2018-03-27 10:50:42', '2018-03-27 10:50:42'),
('35.26.16.2005', 'Langpanggang', '2018-03-27 10:50:42', '2018-03-27 10:50:42'),
('35.26.16.2006', 'Patenteng', '2018-03-27 10:50:42', '2018-03-27 10:50:42'),
('35.26.16.2007', 'Srabi Barat', '2018-03-27 10:50:42', '2018-03-27 10:50:42'),
('35.26.16.2008', 'Srabi Timur', '2018-03-27 10:50:42', '2018-03-27 10:50:42'),
('35.26.16.2009', 'Pangpajung', '2018-03-27 10:50:42', '2018-03-27 10:50:42'),
('35.26.16.2010', 'Karang Anyar', '2018-03-27 10:50:42', '2018-03-27 10:50:42'),
('35.26.16.2011', 'Alas Kokon', '2018-03-27 10:50:42', '2018-03-27 10:50:42'),
('35.26.16.2012', 'Pakong', '2018-03-27 10:50:42', '2018-03-27 10:50:42'),
('35.26.16.2013', 'Glisgis', '2018-03-27 10:50:42', '2018-03-27 10:50:42'),
('35.26.16.2014', 'Brakas Dajah', '2018-03-27 10:50:42', '2018-03-27 10:50:42'),
('35.26.16.2015', 'Modung', '2018-03-27 10:50:42', '2018-03-27 10:50:42'),
('35.26.16.2016', 'Suwaan', '2018-03-27 10:50:42', '2018-03-27 10:50:42'),
('35.26.16.2017', 'Manggaan', '2018-03-27 10:50:42', '2018-03-27 10:50:42'),
('35.26.17', 'Konang', '2018-03-27 10:50:42', '2018-03-27 10:50:42'),
('35.26.17.2001', 'Bandung', '2018-03-27 10:50:42', '2018-03-27 10:50:42'),
('35.26.17.2002', 'Konang', '2018-03-27 10:50:42', '2018-03-27 10:50:42'),
('35.26.17.2003', 'Genteng', '2018-03-27 10:50:42', '2018-03-27 10:50:42'),
('35.26.17.2004', 'Pakes', '2018-03-27 10:50:42', '2018-03-27 10:50:42'),
('35.26.17.2005', 'Cangkareman', '2018-03-27 10:50:42', '2018-03-27 10:50:42'),
('35.26.17.2006', 'Sen Asen', '2018-03-27 10:50:42', '2018-03-27 10:50:42'),
('35.26.17.2007', 'Sambiyan', '2018-03-27 10:50:42', '2018-03-27 10:50:42'),
('35.26.17.2008', 'Campor', '2018-03-27 10:50:42', '2018-03-27 10:50:42'),
('35.26.17.2009', 'Galis Dajah', '2018-03-27 10:50:42', '2018-03-27 10:50:42'),
('35.26.17.2010', 'Kanegarah', '2018-03-27 10:50:42', '2018-03-27 10:50:42'),
('35.26.17.2011', 'Durin Barat', '2018-03-27 10:50:42', '2018-03-27 10:50:42'),
('35.26.17.2012', 'Durin Timur', '2018-03-27 10:50:42', '2018-03-27 10:50:42'),
('35.26.17.2013', 'Batokaban', '2018-03-27 10:50:42', '2018-03-27 10:50:42'),
('35.26.18', 'Galis', '2018-03-27 10:50:42', '2018-03-27 10:50:42'),
('35.26.18.2001', 'Tellok', '2018-03-27 10:50:42', '2018-03-27 10:50:42'),
('35.26.18.2002', 'Daleman', '2018-03-27 10:50:42', '2018-03-27 10:50:42'),
('35.26.18.2003', 'Blateran', '2018-03-27 10:50:42', '2018-03-27 10:50:42'),
('35.26.18.2004', 'Paterongan', '2018-03-27 10:50:42', '2018-03-27 10:50:42'),
('35.26.18.2005', 'Kajuanak', '2018-03-27 10:50:42', '2018-03-27 10:50:42'),
('35.26.18.2006', 'Longkek', '2018-03-27 10:50:42', '2018-03-27 10:50:42'),
('35.26.18.2007', 'Galis', '2018-03-27 10:50:42', '2018-03-27 10:50:42'),
('35.26.18.2008', 'Pekadan', '2018-03-27 10:50:42', '2018-03-27 10:50:42'),
('35.26.18.2009', 'Bangpendah', '2018-03-27 10:50:42', '2018-03-27 10:50:42'),
('35.26.18.2010', 'Paka\'an Dajah', '2018-03-27 10:50:42', '2018-03-27 10:50:42'),
('35.26.18.2011', 'Paka\'an Laok', '2018-03-27 10:50:42', '2018-03-27 10:50:42'),
('35.26.18.2012', 'Kranggan Timur', '2018-03-27 10:50:42', '2018-03-27 10:50:42'),
('35.26.18.2013', 'Separah', '2018-03-27 10:50:42', '2018-03-27 10:50:42'),
('35.26.18.2014', 'Banjar', '2018-03-27 10:50:42', '2018-03-27 10:50:42'),
('35.26.18.2015', 'Tlagah', '2018-03-27 10:50:42', '2018-03-27 10:50:42'),
('35.26.18.2016', 'Lantek Barat', '2018-03-27 10:50:42', '2018-03-27 10:50:42'),
('35.26.18.2017', 'Lantek Timor', '2018-03-27 10:50:42', '2018-03-27 10:50:42'),
('35.26.18.2018', 'Kelbung', '2018-03-27 10:50:42', '2018-03-27 10:50:42'),
('35.26.18.2019', 'Banyu Bunih', '2018-03-27 10:50:42', '2018-03-27 10:50:42'),
('35.26.18.2020', 'Sadah', '2018-03-27 10:50:42', '2018-03-27 10:50:42'),
('35.26.18.2021', 'Sorpa', '2018-03-27 10:50:42', '2018-03-27 10:50:42'),
('35.27', 'KAB. SAMPANG', '2018-03-27 10:50:42', '2018-03-27 10:50:42'),
('35.27.01', 'Sreseh', '2018-03-27 10:50:42', '2018-03-27 10:50:42'),
('35.27.01.2001', 'Noreh', '2018-03-27 10:50:42', '2018-03-27 10:50:42'),
('35.27.01.2002', 'Labuhan', '2018-03-27 10:50:42', '2018-03-27 10:50:42'),
('35.27.01.2003', 'Taman', '2018-03-27 10:50:42', '2018-03-27 10:50:42'),
('35.27.01.2004', 'Sreseh', '2018-03-27 10:50:42', '2018-03-27 10:50:42'),
('35.27.01.2005', 'Disanah', '2018-03-27 10:50:42', '2018-03-27 10:50:42'),
('35.27.01.2006', 'Marparan', '2018-03-27 10:50:42', '2018-03-27 10:50:42'),
('35.27.01.2007', 'Klobur', '2018-03-27 10:50:42', '2018-03-27 10:50:42'),
('35.27.01.2008', 'Labang', '2018-03-27 10:50:42', '2018-03-27 10:50:42'),
('35.27.01.2009', 'Bundah', '2018-03-27 10:50:42', '2018-03-27 10:50:42'),
('35.27.01.2010', 'Bangsah', '2018-03-27 10:50:42', '2018-03-27 10:50:42'),
('35.27.01.2011', 'Plasah', '2018-03-27 10:50:42', '2018-03-27 10:50:42'),
('35.27.01.2012', 'Junok', '2018-03-27 10:50:42', '2018-03-27 10:50:42'),
('35.27.02', 'Torjun', '2018-03-27 10:50:42', '2018-03-27 10:50:42');
INSERT INTO `tbl_wilayah` (`kode`, `nama`, `dtm_crt`, `dtm_upd`) VALUES
('35.27.02.2007', 'Dulang', '2018-03-27 10:50:42', '2018-03-27 10:50:42'),
('35.27.02.2008', 'Patarongan', '2018-03-27 10:50:42', '2018-03-27 10:50:42'),
('35.27.02.2009', 'Pangongsean', '2018-03-27 10:50:42', '2018-03-27 10:50:42'),
('35.27.02.2010', 'Krampon', '2018-03-27 10:50:42', '2018-03-27 10:50:42'),
('35.27.02.2011', 'Bringinnonggal', '2018-03-27 10:50:42', '2018-03-27 10:50:42'),
('35.27.02.2012', 'Torjun', '2018-03-27 10:50:42', '2018-03-27 10:50:42'),
('35.27.02.2013', 'Patapan', '2018-03-27 10:50:42', '2018-03-27 10:50:42'),
('35.27.02.2014', 'Jeruk Porot', '2018-03-27 10:50:42', '2018-03-27 10:50:42'),
('35.27.02.2015', 'Kodak', '2018-03-27 10:50:42', '2018-03-27 10:50:42'),
('35.27.02.2016', 'Kanjar', '2018-03-27 10:50:42', '2018-03-27 10:50:42'),
('35.27.02.2017', 'Kara', '2018-03-27 10:50:42', '2018-03-27 10:50:42'),
('35.27.02.2018', 'Tanah Merah', '2018-03-27 10:50:42', '2018-03-27 10:50:42'),
('35.27.03', 'Sampang', '2018-03-27 10:50:42', '2018-03-27 10:50:42'),
('35.27.03.2001', 'P. Mandingan', '2018-03-27 10:50:42', '2018-03-27 10:50:42'),
('35.27.03.2002', 'Aengsareh', '2018-03-27 10:50:42', '2018-03-27 10:50:42'),
('35.27.03.1003', 'Polagan', '2018-03-27 10:50:42', '2018-03-27 10:50:42'),
('35.27.03.1004', 'Banyuanyar', '2018-03-27 10:50:42', '2018-03-27 10:50:42'),
('35.27.03.2005', 'Gunung Maddah', '2018-03-27 10:50:42', '2018-03-27 10:50:42'),
('35.27.03.1006', 'Rongtengah', '2018-03-27 10:50:42', '2018-03-27 10:50:42'),
('35.27.03.1007', 'Karang Dalam', '2018-03-27 10:50:42', '2018-03-27 10:50:42'),
('35.27.03.1008', 'Gunung Sekar', '2018-03-27 10:50:42', '2018-03-27 10:50:42'),
('35.27.03.1009', 'Dalpenang', '2018-03-27 10:50:42', '2018-03-27 10:50:42'),
('35.27.03.2010', 'Panggung', '2018-03-27 10:50:42', '2018-03-27 10:50:42'),
('35.27.03.2011', 'Taman Sareh', '2018-03-27 10:50:42', '2018-03-27 10:50:42'),
('35.27.03.2012', 'Pakalongan', '2018-03-27 10:50:42', '2018-03-27 10:50:42'),
('35.27.03.2013', 'Tanggumong', '2018-03-27 10:50:42', '2018-03-27 10:50:42'),
('35.27.03.2014', 'Kamuning', '2018-03-27 10:50:42', '2018-03-27 10:50:42'),
('35.27.03.2015', 'Banyumas', '2018-03-27 10:50:42', '2018-03-27 10:50:42'),
('35.27.03.2016', 'Pangelen', '2018-03-27 10:50:42', '2018-03-27 10:50:42'),
('35.27.03.2017', 'Paseyan', '2018-03-27 10:50:42', '2018-03-27 10:50:42'),
('35.27.03.2018', 'Baruh', '2018-03-27 10:50:42', '2018-03-27 10:50:42'),
('35.27.04', 'Camplong', '2018-03-27 10:50:42', '2018-03-27 10:50:42'),
('35.27.04.2001', 'Taddan', '2018-03-27 10:50:42', '2018-03-27 10:50:42'),
('35.27.04.2002', 'Banjar Talela', '2018-03-27 10:50:42', '2018-03-27 10:50:42'),
('35.27.04.2003', 'Tambaan', '2018-03-27 10:50:42', '2018-03-27 10:50:42'),
('35.27.04.2004', 'Prajjan', '2018-03-27 10:50:42', '2018-03-27 10:50:42'),
('35.27.04.2005', 'Dharma Camplong', '2018-03-27 10:50:42', '2018-03-27 10:50:42'),
('35.27.04.2006', 'Batukarang', '2018-03-27 10:50:42', '2018-03-27 10:50:42'),
('35.27.04.2007', 'Sejati', '2018-03-27 10:50:42', '2018-03-27 10:50:42'),
('35.27.04.2008', 'Dharma Tanjung', '2018-03-27 10:50:42', '2018-03-27 10:50:42'),
('35.27.04.2009', 'Rabasan', '2018-03-27 10:50:42', '2018-03-27 10:50:42'),
('35.27.04.2010', 'Banjartabulu', '2018-03-27 10:50:42', '2018-03-27 10:50:42'),
('35.27.04.2011', 'Anggersek', '2018-03-27 10:50:42', '2018-03-27 10:50:42'),
('35.27.04.2012', 'Madupat', '2018-03-27 10:50:42', '2018-03-27 10:50:42'),
('35.27.04.2013', 'Pamolaan', '2018-03-27 10:50:42', '2018-03-27 10:50:42'),
('35.27.04.2014', 'Plampaan', '2018-03-27 10:50:42', '2018-03-27 10:50:42'),
('35.27.05', 'Omben', '2018-03-27 10:50:42', '2018-03-27 10:50:42'),
('35.27.05.2001', 'Kebun Sareh', '2018-03-27 10:50:42', '2018-03-27 10:50:42'),
('35.27.05.2002', 'Karangnangger', '2018-03-27 10:50:42', '2018-03-27 10:50:42'),
('35.27.05.2003', 'Rapa Laok', '2018-03-27 10:50:42', '2018-03-27 10:50:42'),
('35.27.05.2004', 'Rapa Daya', '2018-03-27 10:50:42', '2018-03-27 10:50:42'),
('35.27.05.2005', 'Astapah', '2018-03-27 10:50:42', '2018-03-27 10:50:42'),
('35.27.05.2006', 'Sogian', '2018-03-27 10:50:42', '2018-03-27 10:50:42'),
('35.27.05.2007', 'Gersempal', '2018-03-27 10:50:42', '2018-03-27 10:50:42'),
('35.27.05.2008', 'Temoran', '2018-03-27 10:50:42', '2018-03-27 10:50:42'),
('35.27.05.2009', 'Meteng', '2018-03-27 10:50:42', '2018-03-27 10:50:42'),
('35.27.05.2010', 'Madulang', '2018-03-27 10:50:42', '2018-03-27 10:50:42'),
('35.27.05.2011', 'Kamondung', '2018-03-27 10:50:42', '2018-03-27 10:50:42'),
('35.27.05.2012', 'Omben', '2018-03-27 10:50:42', '2018-03-27 10:50:42'),
('35.27.05.2013', 'Tambak', '2018-03-27 10:50:42', '2018-03-27 10:50:42'),
('35.27.05.2014', 'Angsokah', '2018-03-27 10:50:42', '2018-03-27 10:50:42'),
('35.27.05.2015', 'Jranguan', '2018-03-27 10:50:42', '2018-03-27 10:50:42'),
('35.27.05.2016', 'Rongdalam', '2018-03-27 10:50:42', '2018-03-27 10:50:42'),
('35.27.05.2017', 'Napo Laok', '2018-03-27 10:50:42', '2018-03-27 10:50:42'),
('35.27.05.2018', 'Napo Daya', '2018-03-27 10:50:42', '2018-03-27 10:50:42'),
('35.27.05.2019', 'Karanggayam', '2018-03-27 10:50:42', '2018-03-27 10:50:42'),
('35.27.05.2020', 'Pandan', '2018-03-27 10:50:42', '2018-03-27 10:50:42'),
('35.27.06', 'Kedungdung', '2018-03-27 10:50:42', '2018-03-27 10:50:42'),
('35.27.06.2001', 'Banyukapah', '2018-03-27 10:50:42', '2018-03-27 10:50:42'),
('35.27.06.2002', 'Rabasan', '2018-03-27 10:50:42', '2018-03-27 10:50:42'),
('35.27.06.2003', 'Rohayu', '2018-03-27 10:50:42', '2018-03-27 10:50:42'),
('35.27.06.2004', 'Kedungdung', '2018-03-27 10:50:42', '2018-03-27 10:50:42'),
('35.27.06.2005', 'Komis', '2018-03-27 10:50:42', '2018-03-27 10:50:42'),
('35.27.06.2006', 'Bajrasoka', '2018-03-27 10:50:42', '2018-03-27 10:50:42'),
('35.27.06.2007', 'Kramat', '2018-03-27 10:50:42', '2018-03-27 10:50:42'),
('35.27.06.2008', 'Nyeloh', '2018-03-27 10:50:42', '2018-03-27 10:50:42'),
('35.27.06.2009', 'Banjar', '2018-03-27 10:50:42', '2018-03-27 10:50:42'),
('35.27.06.2010', 'Ombul', '2018-03-27 10:50:42', '2018-03-27 10:50:42'),
('35.27.06.2011', 'Pajeruan', '2018-03-27 10:50:42', '2018-03-27 10:50:42'),
('35.27.06.2012', 'Moktesareh', '2018-03-27 10:50:42', '2018-03-27 10:50:42'),
('35.27.06.2013', 'Batoporo Barat', '2018-03-27 10:50:42', '2018-03-27 10:50:42'),
('35.27.06.2014', 'Batoporo Timur', '2018-03-27 10:50:42', '2018-03-27 10:50:42'),
('35.27.06.2015', 'Gunungeleh', '2018-03-27 10:50:42', '2018-03-27 10:50:42'),
('35.27.06.2016', 'Daleman', '2018-03-27 10:50:42', '2018-03-27 10:50:42'),
('35.27.06.2017', 'Pasarenan', '2018-03-27 10:50:42', '2018-03-27 10:50:42'),
('35.27.06.2018', 'Palenggian', '2018-03-27 10:50:42', '2018-03-27 10:50:42'),
('35.27.07', 'Jrengik', '2018-03-27 10:50:42', '2018-03-27 10:50:42'),
('35.27.07.2001', 'Asemraja', '2018-03-27 10:50:42', '2018-03-27 10:50:42'),
('35.27.07.2002', 'Plakaran', '2018-03-27 10:50:42', '2018-03-27 10:50:42'),
('35.27.07.2003', 'Asemnonggal', '2018-03-27 10:50:42', '2018-03-27 10:50:42'),
('35.27.07.2004', 'Majangan', '2018-03-27 10:50:42', '2018-03-27 10:50:42'),
('35.27.07.2005', 'Margantoko', '2018-03-27 10:50:42', '2018-03-27 10:50:42'),
('35.27.07.2006', 'Penyepen', '2018-03-27 10:50:42', '2018-03-27 10:50:42'),
('35.27.07.2007', 'Taman', '2018-03-27 10:50:42', '2018-03-27 10:50:42'),
('35.27.07.2008', 'Jrengik', '2018-03-27 10:50:42', '2018-03-27 10:50:42'),
('35.27.07.2009', 'Kalangan Prao', '2018-03-27 10:50:42', '2018-03-27 10:50:42'),
('35.27.07.2010', 'Kotah', '2018-03-27 10:50:42', '2018-03-27 10:50:42'),
('35.27.07.2011', 'Jungkarang', '2018-03-27 10:50:42', '2018-03-27 10:50:42'),
('35.27.07.2012', 'Mlakah', '2018-03-27 10:50:42', '2018-03-27 10:50:42'),
('35.27.07.2013', 'Bancelok', '2018-03-27 10:50:42', '2018-03-27 10:50:42'),
('35.27.07.2014', 'Buker', '2018-03-27 10:50:42', '2018-03-27 10:50:42'),
('35.27.08', 'Tambelangan', '2018-03-27 10:50:42', '2018-03-27 10:50:42'),
('35.27.08.2001', 'Karanganyar', '2018-03-27 10:50:42', '2018-03-27 10:50:42'),
('35.27.08.2002', 'Baturasang', '2018-03-27 10:50:42', '2018-03-27 10:50:42'),
('35.27.08.2003', 'Mambulu Barat', '2018-03-27 10:50:42', '2018-03-27 10:50:42'),
('35.27.08.2004', 'Bringin', '2018-03-27 10:50:42', '2018-03-27 10:50:42'),
('35.27.08.2005', 'Samaran', '2018-03-27 10:50:42', '2018-03-27 10:50:42'),
('35.27.08.2006', 'Tambelangan', '2018-03-27 10:50:42', '2018-03-27 10:50:42'),
('35.27.08.2007', 'Barunggagah', '2018-03-27 10:50:42', '2018-03-27 10:50:42'),
('35.27.08.2008', 'Banjarbillah', '2018-03-27 10:50:42', '2018-03-27 10:50:42'),
('35.27.08.2009', 'Somber', '2018-03-27 10:50:42', '2018-03-27 10:50:42'),
('35.27.08.2010', 'Birem', '2018-03-27 10:50:42', '2018-03-27 10:50:42'),
('35.27.09', 'Banyuates', '2018-03-27 10:50:42', '2018-03-27 10:50:42'),
('35.27.09.2001', 'Olor', '2018-03-27 10:50:42', '2018-03-27 10:50:42'),
('35.27.09.2002', 'Planggaran Barat', '2018-03-27 10:50:42', '2018-03-27 10:50:42'),
('35.27.09.2003', 'Planggaran Timur', '2018-03-27 10:50:42', '2018-03-27 10:50:42'),
('35.27.09.2004', 'Tolang', '2018-03-27 10:50:42', '2018-03-27 10:50:42'),
('35.27.09.2005', 'Lar Lar', '2018-03-27 10:50:42', '2018-03-27 10:50:42'),
('35.27.09.2006', 'Tlagah', '2018-03-27 10:50:42', '2018-03-27 10:50:42'),
('35.27.09.2007', 'Nagasareh', '2018-03-27 10:50:42', '2018-03-27 10:50:42'),
('35.27.09.2008', 'Trapang', '2018-03-27 10:50:42', '2018-03-27 10:50:42'),
('35.27.09.2009', 'Terosan', '2018-03-27 10:50:42', '2018-03-27 10:50:42'),
('35.27.09.2010', 'Asem Jaran', '2018-03-27 10:50:42', '2018-03-27 10:50:42'),
('35.27.09.2011', 'Kembang Jeruk', '2018-03-27 10:50:42', '2018-03-27 10:50:42'),
('35.27.09.2012', 'Morbatoh', '2018-03-27 10:50:42', '2018-03-27 10:50:42'),
('35.27.09.2013', 'Montor', '2018-03-27 10:50:42', '2018-03-27 10:50:42'),
('35.27.09.2014', 'Tebanah', '2018-03-27 10:50:42', '2018-03-27 10:50:42'),
('35.27.09.2015', 'Nepa', '2018-03-27 10:50:42', '2018-03-27 10:50:42'),
('35.27.09.2016', 'Batioh', '2018-03-27 10:50:42', '2018-03-27 10:50:42'),
('35.27.09.2017', 'Masaran', '2018-03-27 10:50:42', '2018-03-27 10:50:42'),
('35.27.09.2018', 'Banyuates', '2018-03-27 10:50:42', '2018-03-27 10:50:42'),
('35.27.09.2019', 'Jatra Timur', '2018-03-27 10:50:42', '2018-03-27 10:50:42'),
('35.27.09.2020', 'Tapaan', '2018-03-27 10:50:42', '2018-03-27 10:50:42'),
('35.27.10', 'Robatal', '2018-03-27 10:50:42', '2018-03-27 10:50:42'),
('35.27.10.2008', 'Lepelle', '2018-03-27 10:50:42', '2018-03-27 10:50:42'),
('35.27.10.2009', 'Bapelle', '2018-03-27 10:50:42', '2018-03-27 10:50:42'),
('35.27.10.2010', 'Sawah Tengah', '2018-03-27 10:50:42', '2018-03-27 10:50:42'),
('35.27.10.2011', 'Torjunan', '2018-03-27 10:50:42', '2018-03-27 10:50:42'),
('35.27.10.2012', 'Tragih', '2018-03-27 10:50:42', '2018-03-27 10:50:42'),
('35.27.10.2013', 'Jelgung', '2018-03-27 10:50:42', '2018-03-27 10:50:42'),
('35.27.10.2014', 'Robatal', '2018-03-27 10:50:42', '2018-03-27 10:50:42'),
('35.27.10.2015', 'Gunung Rancak', '2018-03-27 10:50:42', '2018-03-27 10:50:42'),
('35.27.10.2016', 'Pandiyangan', '2018-03-27 10:50:42', '2018-03-27 10:50:42'),
('35.27.11', 'Sokobanah', '2018-03-27 10:50:42', '2018-03-27 10:50:42'),
('35.27.11.2001', 'Tobai Barat', '2018-03-27 10:50:42', '2018-03-27 10:50:42'),
('35.27.11.2002', 'Tobai Tengah', '2018-03-27 10:50:42', '2018-03-27 10:50:42'),
('35.27.11.2003', 'Tobai Timur', '2018-03-27 10:50:42', '2018-03-27 10:50:42'),
('35.27.11.2004', 'Bira Tengah', '2018-03-27 10:50:42', '2018-03-27 10:50:42'),
('35.27.11.2005', 'Bira Timur', '2018-03-27 10:50:42', '2018-03-27 10:50:42'),
('35.27.11.2006', 'Sokobanah Laok', '2018-03-27 10:50:42', '2018-03-27 10:50:42'),
('35.27.11.2007', 'Tamberu Laok', '2018-03-27 10:50:42', '2018-03-27 10:50:42'),
('35.27.11.2008', 'Tamberu Daya', '2018-03-27 10:50:42', '2018-03-27 10:50:42'),
('35.27.11.2009', 'Sokobanah Tengah', '2018-03-27 10:50:42', '2018-03-27 10:50:42'),
('35.27.11.2010', 'Sokobanah Daya', '2018-03-27 10:50:42', '2018-03-27 10:50:42'),
('35.27.11.2011', 'Tamberu Barat', '2018-03-27 10:50:42', '2018-03-27 10:50:42'),
('35.27.11.2012', 'Tamberu Timur', '2018-03-27 10:50:42', '2018-03-27 10:50:42'),
('35.27.12', 'Ketapang', '2018-03-27 10:50:42', '2018-03-27 10:50:42'),
('35.27.12.2001', 'Paopale Laok', '2018-03-27 10:50:42', '2018-03-27 10:50:42'),
('35.27.12.2002', 'Bunten Barat', '2018-03-27 10:50:42', '2018-03-27 10:50:42'),
('35.27.12.2003', 'Bunten Timur', '2018-03-27 10:50:42', '2018-03-27 10:50:42'),
('35.27.12.2004', 'Pancor', '2018-03-27 10:50:42', '2018-03-27 10:50:42'),
('35.27.12.2005', 'Karanganyar', '2018-03-27 10:50:42', '2018-03-27 10:50:42'),
('35.27.12.2006', 'Pangereman', '2018-03-27 10:50:42', '2018-03-27 10:50:42'),
('35.27.12.2007', 'Bira Barat', '2018-03-27 10:50:42', '2018-03-27 10:50:42'),
('35.27.12.2008', 'Ketapang Timur', '2018-03-27 10:50:42', '2018-03-27 10:50:42'),
('35.27.12.2009', 'Ketapang Daya', '2018-03-27 10:50:42', '2018-03-27 10:50:42'),
('35.27.12.2010', 'Ketapang Laok', '2018-03-27 10:50:42', '2018-03-27 10:50:42'),
('35.27.12.2011', 'Ketapang Barat', '2018-03-27 10:50:42', '2018-03-27 10:50:42'),
('35.27.12.2012', 'Paopale Daya', '2018-03-27 10:50:42', '2018-03-27 10:50:42'),
('35.27.12.2013', 'Rabiyan', '2018-03-27 10:50:42', '2018-03-27 10:50:42'),
('35.27.12.2014', 'Banyusokah', '2018-03-27 10:50:42', '2018-03-27 10:50:42'),
('35.27.13', 'Pangarengan', '2018-03-27 10:50:42', '2018-03-27 10:50:42'),
('35.27.13.2001', 'Pangarengan', '2018-03-27 10:50:42', '2018-03-27 10:50:42'),
('35.27.13.2002', 'Apa an', '2018-03-27 10:50:42', '2018-03-27 10:50:42'),
('35.27.13.2003', 'Gulbung', '2018-03-27 10:50:42', '2018-03-27 10:50:42'),
('35.27.13.2004', 'Panyirangan', '2018-03-27 10:50:42', '2018-03-27 10:50:42'),
('35.27.13.2005', 'Pacangga an', '2018-03-27 10:50:42', '2018-03-27 10:50:42'),
('35.27.13.2006', 'Ragung', '2018-03-27 10:50:42', '2018-03-27 10:50:42'),
('35.27.14', 'Karangpenang', '2018-03-27 10:50:42', '2018-03-27 10:50:42'),
('35.27.14.2001', 'Blu uran', '2018-03-27 10:50:42', '2018-03-27 10:50:42'),
('35.27.14.2002', 'Tlambah', '2018-03-27 10:50:42', '2018-03-27 10:50:42'),
('35.27.14.2003', 'Bulmatet', '2018-03-27 10:50:42', '2018-03-27 10:50:42'),
('35.27.14.2004', 'Poreh', '2018-03-27 10:50:42', '2018-03-27 10:50:42'),
('35.27.14.2005', 'Karangpenang Oloh', '2018-03-27 10:50:42', '2018-03-27 10:50:42'),
('35.27.14.2006', 'Karangpenang Onjur', '2018-03-27 10:50:42', '2018-03-27 10:50:42'),
('35.27.14.2007', 'Gunung Kesan', '2018-03-27 10:50:42', '2018-03-27 10:50:42'),
('35.28', 'KAB. PAMEKASAN', '2018-03-27 10:50:42', '2018-03-27 10:50:42'),
('35.28.01', 'Tlanakan', '2018-03-27 10:50:42', '2018-03-27 10:50:42'),
('35.28.01.2001', 'Dabuan', '2018-03-27 10:50:42', '2018-03-27 10:50:42'),
('35.28.01.2002', 'Terrak', '2018-03-27 10:50:42', '2018-03-27 10:50:42'),
('35.28.01.2003', 'Mangngar', '2018-03-27 10:50:42', '2018-03-27 10:50:42'),
('35.28.01.2004', 'Bandaran', '2018-03-27 10:50:42', '2018-03-27 10:50:42'),
('35.28.01.2005', 'Kramat', '2018-03-27 10:50:42', '2018-03-27 10:50:42'),
('35.28.01.2006', 'Ambat', '2018-03-27 10:50:42', '2018-03-27 10:50:42'),
('35.28.01.2007', 'Branta Pesisir', '2018-03-27 10:50:42', '2018-03-27 10:50:42'),
('35.28.01.2008', 'Tlanakan', '2018-03-27 10:50:42', '2018-03-27 10:50:42'),
('35.28.01.2009', 'Branta Tinggi', '2018-03-27 10:50:42', '2018-03-27 10:50:42'),
('35.28.01.2010', 'Tlesah', '2018-03-27 10:50:42', '2018-03-27 10:50:42'),
('35.28.01.2011', 'Larangan Tokol', '2018-03-27 10:50:42', '2018-03-27 10:50:42'),
('35.28.01.2012', 'Ceguk', '2018-03-27 10:50:42', '2018-03-27 10:50:42'),
('35.28.01.2013', 'Panglegur', '2018-03-27 10:50:42', '2018-03-27 10:50:42'),
('35.28.01.2014', 'Bukek', '2018-03-27 10:50:42', '2018-03-27 10:50:42'),
('35.28.01.2015', 'Gugul', '2018-03-27 10:50:42', '2018-03-27 10:50:42'),
('35.28.01.2016', 'Larangan Slampar', '2018-03-27 10:50:42', '2018-03-27 10:50:42'),
('35.28.01.2017', 'Taroan', '2018-03-27 10:50:42', '2018-03-27 10:50:42'),
('35.28.02', 'Pademawu', '2018-03-27 10:50:42', '2018-03-27 10:50:42'),
('35.28.02.2001', 'Tanjung', '2018-03-27 10:50:42', '2018-03-27 10:50:42'),
('35.28.02.2002', 'Padelegan', '2018-03-27 10:50:42', '2018-03-27 10:50:42'),
('35.28.02.2003', 'Majungan', '2018-03-27 10:50:42', '2018-03-27 10:50:42'),
('35.28.02.2004', 'Pagagan', '2018-03-27 10:50:42', '2018-03-27 10:50:42'),
('35.28.02.2005', 'Jarin', '2018-03-27 10:50:42', '2018-03-27 10:50:42'),
('35.28.02.2006', 'Baddurih', '2018-03-27 10:50:42', '2018-03-27 10:50:42'),
('35.28.02.2007', 'Buddih', '2018-03-27 10:50:42', '2018-03-27 10:50:42'),
('35.28.02.2008', 'Sopaah', '2018-03-27 10:50:42', '2018-03-27 10:50:42'),
('35.28.02.2009', 'Prekbun', '2018-03-27 10:50:42', '2018-03-27 10:50:42'),
('35.28.02.2010', 'Durbuk', '2018-03-27 10:50:42', '2018-03-27 10:50:42'),
('35.28.02.2011', 'Pademawu Barat', '2018-03-27 10:50:42', '2018-03-27 10:50:42'),
('35.28.02.2012', 'Pademawu Timur', '2018-03-27 10:50:42', '2018-03-27 10:50:42'),
('35.28.02.2013', 'Bunder', '2018-03-27 10:50:42', '2018-03-27 10:50:42'),
('35.28.02.2014', 'Dasok', '2018-03-27 10:50:42', '2018-03-27 10:50:42'),
('35.28.02.2015', 'Murtajih', '2018-03-27 10:50:42', '2018-03-27 10:50:42'),
('35.28.02.2016', 'Sumedangan', '2018-03-27 10:50:42', '2018-03-27 10:50:42'),
('35.28.02.2017', 'Lemper', '2018-03-27 10:50:42', '2018-03-27 10:50:42'),
('35.28.02.1018', 'Barurambat Timur', '2018-03-27 10:50:42', '2018-03-27 10:50:42'),
('35.28.02.1019', 'Lawangan Daya', '2018-03-27 10:50:42', '2018-03-27 10:50:42'),
('35.28.02.2020', 'Sentol', '2018-03-27 10:50:42', '2018-03-27 10:50:42'),
('35.28.02.2021', 'Tambung', '2018-03-27 10:50:42', '2018-03-27 10:50:42'),
('35.28.02.2022', 'Buddagan', '2018-03-27 10:50:42', '2018-03-27 10:50:42'),
('35.28.03', 'Galis', '2018-03-27 10:50:42', '2018-03-27 10:50:42'),
('35.28.03.2001', 'Tobungan', '2018-03-27 10:50:42', '2018-03-27 10:50:42'),
('35.28.03.2002', 'Konang', '2018-03-27 10:50:42', '2018-03-27 10:50:42'),
('35.28.03.2003', 'Pandan', '2018-03-27 10:50:42', '2018-03-27 10:50:42'),
('35.28.03.2004', 'Lembung', '2018-03-27 10:50:42', '2018-03-27 10:50:42'),
('35.28.03.2005', 'Galis', '2018-03-27 10:50:42', '2018-03-27 10:50:42'),
('35.28.03.2006', 'Bulay', '2018-03-27 10:50:42', '2018-03-27 10:50:42'),
('35.28.03.2007', 'Pagendingan', '2018-03-27 10:50:42', '2018-03-27 10:50:42'),
('35.28.03.2008', 'Ponteh', '2018-03-27 10:50:42', '2018-03-27 10:50:42'),
('35.28.03.2009', 'Polagan', '2018-03-27 10:50:42', '2018-03-27 10:50:42'),
('35.28.03.2010', 'Artodung', '2018-03-27 10:50:42', '2018-03-27 10:50:42'),
('35.28.04', 'Pamekasan', '2018-03-27 10:50:42', '2018-03-27 10:50:42'),
('35.28.04.1001', 'Kangenan', '2018-03-27 10:50:42', '2018-03-27 10:50:42'),
('35.28.04.2002', 'Panempan', '2018-03-27 10:50:42', '2018-03-27 10:50:42'),
('35.28.04.1003', 'Patemon', '2018-03-27 10:50:42', '2018-03-27 10:50:42'),
('35.28.04.2004', 'Laden', '2018-03-27 10:50:42', '2018-03-27 10:50:42'),
('35.28.04.2005', 'Jalmak', '2018-03-27 10:50:42', '2018-03-27 10:50:42'),
('35.28.04.2006', 'Teja Barat', '2018-03-27 10:50:42', '2018-03-27 10:50:42'),
('35.28.04.2007', 'Teja Timur', '2018-03-27 10:50:42', '2018-03-27 10:50:42'),
('35.28.04.2008', 'Bettet', '2018-03-27 10:50:42', '2018-03-27 10:50:42'),
('35.28.04.2009', 'Nyalabu Laok', '2018-03-27 10:50:42', '2018-03-27 10:50:42'),
('35.28.04.2010', 'Nyalbu Daja', '2018-03-27 10:50:42', '2018-03-27 10:50:42'),
('35.28.04.1011', 'Bugih', '2018-03-27 10:50:42', '2018-03-27 10:50:42'),
('35.28.04.1012', 'Jungcang Cang', '2018-03-27 10:50:42', '2018-03-27 10:50:42'),
('35.28.04.1013', 'Parteker', '2018-03-27 10:50:42', '2018-03-27 10:50:42'),
('35.28.04.1014', 'Barurambat Kota', '2018-03-27 10:50:42', '2018-03-27 10:50:42'),
('35.28.04.1015', 'Geladak Anyar', '2018-03-27 10:50:42', '2018-03-27 10:50:42'),
('35.28.04.1016', 'Kolpajung', '2018-03-27 10:50:42', '2018-03-27 10:50:42'),
('35.28.04.1017', 'Kowel', '2018-03-27 10:50:42', '2018-03-27 10:50:42'),
('35.28.04.2018', 'Toronan', '2018-03-27 10:50:42', '2018-03-27 10:50:42'),
('35.28.05', 'Proppo', '2018-03-27 10:50:42', '2018-03-27 10:50:42'),
('35.28.05.2001', 'Karang Anyar', '2018-03-27 10:50:42', '2018-03-27 10:50:42'),
('35.28.05.2002', 'Toket', '2018-03-27 10:50:42', '2018-03-27 10:50:42'),
('35.28.05.2003', 'Candi Burung', '2018-03-27 10:50:42', '2018-03-27 10:50:42'),
('35.28.05.2004', 'Batokalangan', '2018-03-27 10:50:42', '2018-03-27 10:50:42'),
('35.28.05.2005', 'Groom', '2018-03-27 10:50:42', '2018-03-27 10:50:42'),
('35.28.05.2006', 'Srambah', '2018-03-27 10:50:42', '2018-03-27 10:50:42'),
('35.28.05.2007', 'Pangtonggal', '2018-03-27 10:50:42', '2018-03-27 10:50:42'),
('35.28.05.2008', 'Samiran', '2018-03-27 10:50:42', '2018-03-27 10:50:42'),
('35.28.05.2009', 'Kodik', '2018-03-27 10:50:42', '2018-03-27 10:50:42'),
('35.28.05.2010', 'Klampar', '2018-03-27 10:50:42', '2018-03-27 10:50:42'),
('35.28.05.2011', 'Samatan', '2018-03-27 10:50:42', '2018-03-27 10:50:42'),
('35.28.05.2012', 'Lenteng', '2018-03-27 10:50:42', '2018-03-27 10:50:42'),
('35.28.05.2013', 'Talangoh', '2018-03-27 10:50:42', '2018-03-27 10:50:42'),
('35.28.05.2014', 'Billa\'an', '2018-03-27 10:50:42', '2018-03-27 10:50:42'),
('35.28.05.2015', 'Rangperang Laok', '2018-03-27 10:50:42', '2018-03-27 10:50:42'),
('35.28.05.2016', 'Rangperang Daja', '2018-03-27 10:50:42', '2018-03-27 10:50:42'),
('35.28.05.2017', 'Banyubulu', '2018-03-27 10:50:42', '2018-03-27 10:50:42'),
('35.28.05.2018', 'Pangorayan', '2018-03-27 10:50:42', '2018-03-27 10:50:42'),
('35.28.05.2019', 'Panglemah', '2018-03-27 10:50:42', '2018-03-27 10:50:42'),
('35.28.05.2020', 'Mapper', '2018-03-27 10:50:42', '2018-03-27 10:50:42'),
('35.28.05.2021', 'Proppo', '2018-03-27 10:50:42', '2018-03-27 10:50:42'),
('35.28.05.2022', 'Jambringin', '2018-03-27 10:50:42', '2018-03-27 10:50:42'),
('35.28.05.2023', 'Campor', '2018-03-27 10:50:42', '2018-03-27 10:50:42'),
('35.28.05.2024', 'Panaguan', '2018-03-27 10:50:42', '2018-03-27 10:50:42'),
('35.28.05.2025', 'Pangbatok', '2018-03-27 10:50:42', '2018-03-27 10:50:42'),
('35.28.05.2026', 'Tattangoh', '2018-03-27 10:50:42', '2018-03-27 10:50:42'),
('35.28.05.2027', 'Badung', '2018-03-27 10:50:42', '2018-03-27 10:50:42'),
('35.28.06', 'Palenggaan', '2018-03-27 10:50:42', '2018-03-27 10:50:42'),
('35.28.06.2001', 'Banyupele', '2018-03-27 10:50:42', '2018-03-27 10:50:42'),
('35.28.06.2002', 'Rek Kerrek', '2018-03-27 10:50:42', '2018-03-27 10:50:42'),
('35.28.06.2003', 'Angsanah', '2018-03-27 10:50:42', '2018-03-27 10:50:42'),
('35.28.06.2004', 'Akkor', '2018-03-27 10:50:42', '2018-03-27 10:50:42'),
('35.28.06.2005', 'Larangan Badung', '2018-03-27 10:50:42', '2018-03-27 10:50:42'),
('35.28.06.2006', 'Pana\'an', '2018-03-27 10:50:42', '2018-03-27 10:50:42'),
('35.28.06.2007', 'Pato\'an Laok', '2018-03-27 10:50:42', '2018-03-27 10:50:42'),
('35.28.06.2008', 'Pato\'an Dajah', '2018-03-27 10:50:42', '2018-03-27 10:50:42'),
('35.28.06.2009', 'Kacok', '2018-03-27 10:50:42', '2018-03-27 10:50:42'),
('35.28.06.2010', 'Rombuh', '2018-03-27 10:50:42', '2018-03-27 10:50:42'),
('35.28.06.2011', 'Palengaan Laok', '2018-03-27 10:50:42', '2018-03-27 10:50:42'),
('35.28.06.2012', 'Palengaan Dajah', '2018-03-27 10:50:42', '2018-03-27 10:50:42'),
('35.28.07', 'Pegantenan', '2018-03-27 10:50:42', '2018-03-27 10:50:42'),
('35.28.07.2001', 'Plakpak', '2018-03-27 10:50:42', '2018-03-27 10:50:42'),
('35.28.07.2002', 'Palesanggar', '2018-03-27 10:50:42', '2018-03-27 10:50:42'),
('35.28.07.2003', 'Pegantenan', '2018-03-27 10:50:42', '2018-03-27 10:50:42'),
('35.28.07.2004', 'Bulangan Branta', '2018-03-27 10:50:42', '2018-03-27 10:50:42'),
('35.28.07.2005', 'Bulangan Barat', '2018-03-27 10:50:42', '2018-03-27 10:50:42'),
('35.28.07.2006', 'Bulangan Haji', '2018-03-27 10:50:42', '2018-03-27 10:50:42'),
('35.28.07.2007', 'Tlagah', '2018-03-27 10:50:42', '2018-03-27 10:50:42'),
('35.28.07.2008', 'Bulangan Timur', '2018-03-27 10:50:42', '2018-03-27 10:50:42'),
('35.28.07.2009', 'Tebul Timur', '2018-03-27 10:50:42', '2018-03-27 10:50:42'),
('35.28.07.2010', 'Tebul Barat', '2018-03-27 10:50:42', '2018-03-27 10:50:42'),
('35.28.07.2011', 'Ambender', '2018-03-27 10:50:42', '2018-03-27 10:50:42'),
('35.28.07.2012', 'Pasanggar', '2018-03-27 10:50:42', '2018-03-27 10:50:42'),
('35.28.07.2013', 'Tanjung', '2018-03-27 10:50:42', '2018-03-27 10:50:42'),
('35.28.08', 'Larangan', '2018-03-27 10:50:42', '2018-03-27 10:50:42'),
('35.28.08.2001', 'Peltong', '2018-03-27 10:50:42', '2018-03-27 10:50:42'),
('35.28.08.2002', 'Blumbungan', '2018-03-27 10:50:42', '2018-03-27 10:50:42'),
('35.28.08.2003', 'Trasak', '2018-03-27 10:50:42', '2018-03-27 10:50:42'),
('35.28.08.2004', 'Tentenan Barat', '2018-03-27 10:50:42', '2018-03-27 10:50:42'),
('35.28.08.2005', 'Tentenan Timur', '2018-03-27 10:50:42', '2018-03-27 10:50:42'),
('35.28.08.2006', 'Grujugan', '2018-03-27 10:50:42', '2018-03-27 10:50:42'),
('35.28.08.2007', 'Larangan Luar', '2018-03-27 10:50:42', '2018-03-27 10:50:42'),
('35.28.08.2008', 'Larangan Dalam', '2018-03-27 10:50:42', '2018-03-27 10:50:42'),
('35.28.08.2009', 'Panaguan', '2018-03-27 10:50:42', '2018-03-27 10:50:42'),
('35.28.08.2010', 'Montok', '2018-03-27 10:50:42', '2018-03-27 10:50:42'),
('35.28.08.2011', 'Taraban', '2018-03-27 10:50:42', '2018-03-27 10:50:42'),
('35.28.08.2012', 'Duko Timur', '2018-03-27 10:50:42', '2018-03-27 10:50:42'),
('35.28.08.2013', 'Lancar', '2018-03-27 10:50:42', '2018-03-27 10:50:42'),
('35.28.08.2014', 'Kaduara Barat', '2018-03-27 10:50:42', '2018-03-27 10:50:42'),
('35.28.09', 'Pakong', '2018-03-27 10:50:42', '2018-03-27 10:50:42'),
('35.28.09.2001', 'Bicorong', '2018-03-27 10:50:42', '2018-03-27 10:50:42'),
('35.28.09.2002', 'Klompang Barat', '2018-03-27 10:50:42', '2018-03-27 10:50:42'),
('35.28.09.2003', 'Klompang Timur', '2018-03-27 10:50:42', '2018-03-27 10:50:42'),
('35.28.09.2004', 'Cen Lecen', '2018-03-27 10:50:42', '2018-03-27 10:50:42'),
('35.28.09.2005', 'Bajang', '2018-03-27 10:50:42', '2018-03-27 10:50:42'),
('35.28.09.2006', 'Banban', '2018-03-27 10:50:42', '2018-03-27 10:50:42'),
('35.28.09.2007', 'Somalang', '2018-03-27 10:50:42', '2018-03-27 10:50:42'),
('35.28.09.2008', 'Palalang', '2018-03-27 10:50:42', '2018-03-27 10:50:42'),
('35.28.09.2009', 'Seddur', '2018-03-27 10:50:42', '2018-03-27 10:50:42'),
('35.28.09.2010', 'Pakong', '2018-03-27 10:50:42', '2018-03-27 10:50:42'),
('35.28.09.2011', 'Bandungan', '2018-03-27 10:50:42', '2018-03-27 10:50:42'),
('35.28.09.2012', 'Lebbek', '2018-03-27 10:50:42', '2018-03-27 10:50:42'),
('35.28.10', 'Waru', '2018-03-27 10:50:42', '2018-03-27 10:50:42'),
('35.28.10.2001', 'Bajur', '2018-03-27 10:50:42', '2018-03-27 10:50:42'),
('35.28.10.2002', 'Sumber Waru', '2018-03-27 10:50:42', '2018-03-27 10:50:42'),
('35.28.10.2003', 'Tampojung Pregih', '2018-03-27 10:50:42', '2018-03-27 10:50:42'),
('35.28.10.2004', 'Tampojung Guwa', '2018-03-27 10:50:42', '2018-03-27 10:50:42'),
('35.28.10.2005', 'Tampojung Tengah', '2018-03-27 10:50:42', '2018-03-27 10:50:42'),
('35.28.10.2006', 'Tampojung Tenggina', '2018-03-27 10:50:42', '2018-03-27 10:50:42'),
('35.28.10.2007', 'Ragang', '2018-03-27 10:50:42', '2018-03-27 10:50:42'),
('35.28.10.2008', 'Sana Laok', '2018-03-27 10:50:42', '2018-03-27 10:50:42'),
('35.28.10.2009', 'Waru Timur', '2018-03-27 10:50:42', '2018-03-27 10:50:42'),
('35.28.10.2010', 'Waru Barat', '2018-03-27 10:50:42', '2018-03-27 10:50:42'),
('35.28.10.2011', 'Tlonto Ares', '2018-03-27 10:50:42', '2018-03-27 10:50:42'),
('35.28.10.2012', 'Tagangser Laok', '2018-03-27 10:50:42', '2018-03-27 10:50:42'),
('35.28.11', 'Batumarmar', '2018-03-27 10:50:42', '2018-03-27 10:50:42'),
('35.28.11.2001', 'Bujur Barat', '2018-03-27 10:50:42', '2018-03-27 10:50:42'),
('35.28.11.2002', 'Pangereman', '2018-03-27 10:50:42', '2018-03-27 10:50:42'),
('35.28.11.2003', 'Bangserreh', '2018-03-27 10:50:42', '2018-03-27 10:50:42'),
('35.28.11.2004', 'Lesong Laok', '2018-03-27 10:50:42', '2018-03-27 10:50:42'),
('35.28.11.2005', 'Ponjangan Barat', '2018-03-27 10:50:42', '2018-03-27 10:50:42'),
('35.28.11.2006', 'Ponjangan Timur', '2018-03-27 10:50:42', '2018-03-27 10:50:42'),
('35.28.11.2007', 'Kapong', '2018-03-27 10:50:42', '2018-03-27 10:50:42'),
('35.28.11.2008', 'Lesong Daja', '2018-03-27 10:50:42', '2018-03-27 10:50:42'),
('35.28.11.2009', 'Batu Bintang', '2018-03-27 10:50:42', '2018-03-27 10:50:42'),
('35.28.11.2010', 'Blaban', '2018-03-27 10:50:42', '2018-03-27 10:50:42'),
('35.28.11.2011', 'Tamberu', '2018-03-27 10:50:42', '2018-03-27 10:50:42'),
('35.28.11.2012', 'Bujur Tengah', '2018-03-27 10:50:42', '2018-03-27 10:50:42'),
('35.28.11.2013', 'Bujur Timur', '2018-03-27 10:50:42', '2018-03-27 10:50:42'),
('35.28.12', 'Kadur', '2018-03-27 10:50:42', '2018-03-27 10:50:42'),
('35.28.12.2001', 'Pamaroh', '2018-03-27 10:50:42', '2018-03-27 10:50:42'),
('35.28.12.2002', 'Pamoroh', '2018-03-27 10:50:42', '2018-03-27 10:50:42'),
('35.28.12.2003', 'Sukolelah', '2018-03-27 10:50:42', '2018-03-27 10:50:42'),
('35.28.12.2004', 'Gagah', '2018-03-27 10:50:42', '2018-03-27 10:50:42'),
('35.28.12.2005', 'Kertagenah Laok', '2018-03-27 10:50:42', '2018-03-27 10:50:42'),
('35.28.12.2006', 'Kertagenah Tengah', '2018-03-27 10:50:42', '2018-03-27 10:50:42'),
('35.28.12.2007', 'Bungbaruh', '2018-03-27 10:50:42', '2018-03-27 10:50:42'),
('35.28.12.2008', 'Kadur', '2018-03-27 10:50:42', '2018-03-27 10:50:42'),
('35.28.12.2009', 'Bangkes', '2018-03-27 10:50:42', '2018-03-27 10:50:42'),
('35.28.12.2010', 'Kertagenah Dajah', '2018-03-27 10:50:42', '2018-03-27 10:50:42'),
('35.28.13', 'Pasean', '2018-03-27 10:50:42', '2018-03-27 10:50:42'),
('35.28.13.2001', 'Sana Tengah', '2018-03-27 10:50:42', '2018-03-27 10:50:42'),
('35.28.13.2002', 'Sana Dajah', '2018-03-27 10:50:42', '2018-03-27 10:50:42'),
('35.28.13.2003', 'Tagengser Dajah', '2018-03-27 10:50:42', '2018-03-27 10:50:42'),
('35.28.13.2004', 'Sotabar', '2018-03-27 10:50:42', '2018-03-27 10:50:42'),
('35.28.13.2005', 'Tlonto Rajah', '2018-03-27 10:50:42', '2018-03-27 10:50:42'),
('35.28.13.2006', 'Dempo Barat', '2018-03-27 10:50:42', '2018-03-27 10:50:42'),
('35.28.13.2007', 'Dempo Timur', '2018-03-27 10:50:42', '2018-03-27 10:50:42'),
('35.28.13.2008', 'Bindang', '2018-03-27 10:50:42', '2018-03-27 10:50:42'),
('35.28.13.2009', 'Batukerbuy', '2018-03-27 10:50:42', '2018-03-27 10:50:42'),
('35.29', 'KAB. SUMENEP', '2018-03-27 10:50:42', '2018-03-27 10:50:42'),
('35.29.01', 'Kota Sumenep', '2018-03-27 10:50:42', '2018-03-27 10:50:42'),
('35.29.01.2005', 'Kolor', '2018-03-27 10:50:42', '2018-03-27 10:50:42'),
('35.29.01.2006', 'Pabian', '2018-03-27 10:50:42', '2018-03-27 10:50:42'),
('35.29.01.2007', 'Marengan Daya', '2018-03-27 10:50:42', '2018-03-27 10:50:42'),
('35.29.01.2008', 'Kacongan', '2018-03-27 10:50:42', '2018-03-27 10:50:42'),
('35.29.01.2009', 'Paberasan', '2018-03-27 10:50:42', '2018-03-27 10:50:42'),
('35.29.01.2010', 'Parsanga', '2018-03-27 10:50:42', '2018-03-27 10:50:42'),
('35.29.01.2011', 'Bangkal', '2018-03-27 10:50:42', '2018-03-27 10:50:42'),
('35.29.01.2012', 'Kebunan', '2018-03-27 10:50:42', '2018-03-27 10:50:42'),
('35.29.01.2013', 'Pamolokan', '2018-03-27 10:50:42', '2018-03-27 10:50:42'),
('35.29.01.2014', 'Pangarangan', '2018-03-27 10:50:42', '2018-03-27 10:50:42'),
('35.29.01.1015', 'Kepanjin', '2018-03-27 10:50:42', '2018-03-27 10:50:42'),
('35.29.01.1016', 'Pajagalan', '2018-03-27 10:50:42', '2018-03-27 10:50:42'),
('35.29.01.1017', 'Bangselok', '2018-03-27 10:50:42', '2018-03-27 10:50:42'),
('35.29.01.1018', 'Karang Duak', '2018-03-27 10:50:42', '2018-03-27 10:50:42'),
('35.29.01.2019', 'Pandian', '2018-03-27 10:50:42', '2018-03-27 10:50:42'),
('35.29.01.2020', 'Kebonagong', '2018-03-27 10:50:42', '2018-03-27 10:50:42'),
('35.29.02', 'Kalianget', '2018-03-27 10:50:42', '2018-03-27 10:50:42'),
('35.29.02.2001', 'Pinggir Papas', '2018-03-27 10:50:42', '2018-03-27 10:50:42'),
('35.29.02.2002', 'Karanganyar', '2018-03-27 10:50:42', '2018-03-27 10:50:42'),
('35.29.02.2003', 'Marengan Lao', '2018-03-27 10:50:42', '2018-03-27 10:50:42'),
('35.29.02.2004', 'Kartasada', '2018-03-27 10:50:42', '2018-03-27 10:50:42'),
('35.29.02.2005', 'Kalimook', '2018-03-27 10:50:42', '2018-03-27 10:50:42'),
('35.29.02.2006', 'Kalianget Barat', '2018-03-27 10:50:42', '2018-03-27 10:50:42'),
('35.29.02.2007', 'Kalianget Timur', '2018-03-27 10:50:42', '2018-03-27 10:50:42'),
('35.29.03', 'Manding', '2018-03-27 10:50:42', '2018-03-27 10:50:42'),
('35.29.03.2001', 'Kasengan', '2018-03-27 10:50:42', '2018-03-27 10:50:42'),
('35.29.03.2002', 'Lalangon', '2018-03-27 10:50:42', '2018-03-27 10:50:42'),
('35.29.03.2003', 'Tenunan', '2018-03-27 10:50:42', '2018-03-27 10:50:42'),
('35.29.03.2004', 'Lanju', '2018-03-27 10:50:42', '2018-03-27 10:50:42'),
('35.29.03.2005', 'Gading', '2018-03-27 10:50:42', '2018-03-27 10:50:42'),
('35.29.03.2006', 'Giring', '2018-03-27 10:50:42', '2018-03-27 10:50:42'),
('35.29.03.2007', 'Gunung Kembar', '2018-03-27 10:50:42', '2018-03-27 10:50:42'),
('35.29.03.2008', 'Jabaan', '2018-03-27 10:50:42', '2018-03-27 10:50:42'),
('35.29.03.2009', 'Manding Lao', '2018-03-27 10:50:42', '2018-03-27 10:50:42'),
('35.29.03.2010', 'Manding Timur', '2018-03-27 10:50:42', '2018-03-27 10:50:42'),
('35.29.03.2011', 'Manding Daya', '2018-03-27 10:50:42', '2018-03-27 10:50:42'),
('35.29.04', 'Talango', '2018-03-27 10:50:42', '2018-03-27 10:50:42'),
('35.29.04.2001', 'Talango', '2018-03-27 10:50:42', '2018-03-27 10:50:42'),
('35.29.04.2002', 'Padike', '2018-03-27 10:50:42', '2018-03-27 10:50:42'),
('35.29.04.2003', 'Cabbiya', '2018-03-27 10:50:42', '2018-03-27 10:50:42'),
('35.29.04.2004', 'Essang', '2018-03-27 10:50:42', '2018-03-27 10:50:42'),
('35.29.04.2005', 'Kombang', '2018-03-27 10:50:42', '2018-03-27 10:50:42'),
('35.29.04.2006', 'Poteran', '2018-03-27 10:50:42', '2018-03-27 10:50:42'),
('35.29.04.2007', 'Marengan Palasa', '2018-03-27 10:50:42', '2018-03-27 10:50:42'),
('35.29.04.2008', 'Jabaan', '2018-03-27 10:50:42', '2018-03-27 10:50:42'),
('35.29.05', 'Bluto', '2018-03-27 10:50:42', '2018-03-27 10:50:42'),
('35.29.05.2001', 'Guluk Majung', '2018-03-27 10:50:42', '2018-03-27 10:50:42'),
('35.29.05.2002', 'Kapedi', '2018-03-27 10:50:42', '2018-03-27 10:50:42'),
('35.29.05.2003', 'Pakandangan Barat', '2018-03-27 10:50:42', '2018-03-27 10:50:42'),
('35.29.05.2004', 'Pakandangan Tengah', '2018-03-27 10:50:42', '2018-03-27 10:50:42'),
('35.29.05.2005', 'Pakandangan Sangra', '2018-03-27 10:50:42', '2018-03-27 10:50:42'),
('35.29.05.2006', 'Aengdake', '2018-03-27 10:50:42', '2018-03-27 10:50:42'),
('35.29.05.2007', 'Aengbaja Kenek', '2018-03-27 10:50:42', '2018-03-27 10:50:42'),
('35.29.05.2008', 'Bluto', '2018-03-27 10:50:42', '2018-03-27 10:50:42'),
('35.29.05.2009', 'Lobuk', '2018-03-27 10:50:42', '2018-03-27 10:50:42'),
('35.29.05.2010', 'Bungbungan', '2018-03-27 10:50:42', '2018-03-27 10:50:42'),
('35.29.05.2011', 'Masaran', '2018-03-27 10:50:42', '2018-03-27 10:50:42'),
('35.29.05.2012', 'Palongan', '2018-03-27 10:50:42', '2018-03-27 10:50:42'),
('35.29.05.2013', 'Aengbaja Raja', '2018-03-27 10:50:42', '2018-03-27 10:50:42'),
('35.29.05.2014', 'Karang Cempaka', '2018-03-27 10:50:42', '2018-03-27 10:50:42'),
('35.29.05.2015', 'Sera Barat', '2018-03-27 10:50:42', '2018-03-27 10:50:42'),
('35.29.05.2016', 'Sera Tengah', '2018-03-27 10:50:42', '2018-03-27 10:50:42'),
('35.29.05.2017', 'Sera Timur', '2018-03-27 10:50:42', '2018-03-27 10:50:42'),
('35.29.05.2018', 'Ging-ging', '2018-03-27 10:50:42', '2018-03-27 10:50:42'),
('35.29.05.2019', 'Errabu', '2018-03-27 10:50:42', '2018-03-27 10:50:42'),
('35.29.05.2020', 'Gilang', '2018-03-27 10:50:42', '2018-03-27 10:50:42'),
('35.29.06', 'Saronggi', '2018-03-27 10:50:42', '2018-03-27 10:50:42'),
('35.29.06.2001', 'Pagarbatu', '2018-03-27 10:50:42', '2018-03-27 10:50:42'),
('35.29.06.2002', 'Tanjung', '2018-03-27 10:50:42', '2018-03-27 10:50:42'),
('35.29.06.2003', 'Kebundadap Timur', '2018-03-27 10:50:42', '2018-03-27 10:50:42'),
('35.29.06.2004', 'Langsar', '2018-03-27 10:50:42', '2018-03-27 10:50:42'),
('35.29.06.2005', 'Kebundadap Barat', '2018-03-27 10:50:42', '2018-03-27 10:50:42'),
('35.29.06.2006', 'Saroka', '2018-03-27 10:50:42', '2018-03-27 10:50:42'),
('35.29.06.2007', 'Tanah Merah', '2018-03-27 10:50:42', '2018-03-27 10:50:42'),
('35.29.06.2008', 'Nambakor', '2018-03-27 10:50:42', '2018-03-27 10:50:42'),
('35.29.06.2009', 'Saronggi', '2018-03-27 10:50:42', '2018-03-27 10:50:42'),
('35.29.06.2010', 'Muangan', '2018-03-27 10:50:42', '2018-03-27 10:50:42'),
('35.29.06.2011', 'Juluk', '2018-03-27 10:50:42', '2018-03-27 10:50:42'),
('35.29.06.2012', 'Aeng Tong-tong', '2018-03-27 10:50:42', '2018-03-27 10:50:42'),
('35.29.06.2013', 'Talang', '2018-03-27 10:50:42', '2018-03-27 10:50:42'),
('35.29.06.2014', 'Kambingan Timur', '2018-03-27 10:50:42', '2018-03-27 10:50:42'),
('35.29.07', 'Lenteng', '2018-03-27 10:50:42', '2018-03-27 10:50:42'),
('35.29.07.2001', 'Moncek Barat', '2018-03-27 10:50:42', '2018-03-27 10:50:42'),
('35.29.07.2002', 'Moncek Tengah', '2018-03-27 10:50:42', '2018-03-27 10:50:42'),
('35.29.07.2003', 'Moncek Timur', '2018-03-27 10:50:42', '2018-03-27 10:50:42'),
('35.29.07.2004', 'Banaresep Timur', '2018-03-27 10:50:42', '2018-03-27 10:50:42'),
('35.29.07.2005', 'Tarongan', '2018-03-27 10:50:42', '2018-03-27 10:50:42'),
('35.29.07.2006', 'Kambingan Barat', '2018-03-27 10:50:42', '2018-03-27 10:50:42'),
('35.29.07.2007', 'Poreh', '2018-03-27 10:50:42', '2018-03-27 10:50:42'),
('35.29.07.2008', 'Lenteng Timur', '2018-03-27 10:50:42', '2018-03-27 10:50:42'),
('35.29.07.2009', 'Lembung Timur', '2018-03-27 10:50:42', '2018-03-27 10:50:42'),
('35.29.07.2010', 'Lenteng Barat', '2018-03-27 10:50:42', '2018-03-27 10:50:42'),
('35.29.07.2011', 'Banareseb Barat', '2018-03-27 10:50:42', '2018-03-27 10:50:42'),
('35.29.07.2012', 'Bilapora Reba', '2018-03-27 10:50:42', '2018-03-27 10:50:42'),
('35.29.07.2013', 'Lembung Barat', '2018-03-27 10:50:42', '2018-03-27 10:50:42'),
('35.29.07.2014', 'Ellak Lao', '2018-03-27 10:50:42', '2018-03-27 10:50:42'),
('35.29.07.2015', 'Ellak Daya', '2018-03-27 10:50:42', '2018-03-27 10:50:42'),
('35.29.07.2016', 'Daramesta', '2018-03-27 10:50:42', '2018-03-27 10:50:42'),
('35.29.07.2017', 'Jambu', '2018-03-27 10:50:42', '2018-03-27 10:50:42'),
('35.29.07.2018', 'Cangkreng', '2018-03-27 10:50:42', '2018-03-27 10:50:42'),
('35.29.07.2019', 'Meddelan', '2018-03-27 10:50:42', '2018-03-27 10:50:42'),
('35.29.07.2020', 'Sender', '2018-03-27 10:50:42', '2018-03-27 10:50:42'),
('35.29.08', 'Gili Ginting', '2018-03-27 10:50:42', '2018-03-27 10:50:42'),
('35.29.08.2001', 'Galis', '2018-03-27 10:50:42', '2018-03-27 10:50:42'),
('35.29.08.2002', 'Gedungan', '2018-03-27 10:50:42', '2018-03-27 10:50:42'),
('35.29.08.2003', 'Bringsang', '2018-03-27 10:50:42', '2018-03-27 10:50:42'),
('35.29.08.2004', 'Aeng Anyar', '2018-03-27 10:50:42', '2018-03-27 10:50:42'),
('35.29.08.2005', 'Lombang', '2018-03-27 10:50:42', '2018-03-27 10:50:42'),
('35.29.08.2006', 'Jate', '2018-03-27 10:50:42', '2018-03-27 10:50:42'),
('35.29.08.2007', 'Banbaru', '2018-03-27 10:50:42', '2018-03-27 10:50:42'),
('35.29.08.2008', 'Banmaleng', '2018-03-27 10:50:42', '2018-03-27 10:50:42'),
('35.29.09', 'Guluk-Guluk', '2018-03-27 10:50:42', '2018-03-27 10:50:42'),
('35.29.09.2001', 'Bakeyong', '2018-03-27 10:50:42', '2018-03-27 10:50:42'),
('35.29.09.2002', 'Pajuddan Dundang', '2018-03-27 10:50:42', '2018-03-27 10:50:42'),
('35.29.09.2003', 'Pordapor', '2018-03-27 10:50:42', '2018-03-27 10:50:42'),
('35.29.09.2004', 'Guluk-guluk', '2018-03-27 10:50:42', '2018-03-27 10:50:42'),
('35.29.09.2005', 'Ketawang Lao', '2018-03-27 10:50:42', '2018-03-27 10:50:42'),
('35.29.09.2006', 'Pananggungan', '2018-03-27 10:50:42', '2018-03-27 10:50:42'),
('35.29.09.2007', 'Baragung', '2018-03-27 10:50:42', '2018-03-27 10:50:42'),
('35.29.09.2008', 'Tambuko', '2018-03-27 10:50:42', '2018-03-27 10:50:42'),
('35.29.09.2009', 'Pajuddan Nangger', '2018-03-27 10:50:42', '2018-03-27 10:50:42'),
('35.29.09.2010', 'Pajuddan Daleman', '2018-03-27 10:50:42', '2018-03-27 10:50:42'),
('35.29.09.2011', 'Pajuddan Krg. Sokon', '2018-03-27 10:50:42', '2018-03-27 10:50:42'),
('35.29.09.2012', 'Batu Ampar', '2018-03-27 10:50:42', '2018-03-27 10:50:42'),
('35.29.10', 'Ganding', '2018-03-27 10:50:42', '2018-03-27 10:50:42'),
('35.29.10.2001', 'Bataal Barat', '2018-03-27 10:50:42', '2018-03-27 10:50:42'),
('35.29.10.2002', 'Bataal Timur', '2018-03-27 10:50:42', '2018-03-27 10:50:42'),
('35.29.10.2003', 'Rombiya Barat', '2018-03-27 10:50:42', '2018-03-27 10:50:42'),
('35.29.10.2004', 'Rombiya Timur', '2018-03-27 10:50:42', '2018-03-27 10:50:42'),
('35.29.10.2005', 'Talaga', '2018-03-27 10:50:42', '2018-03-27 10:50:42'),
('35.29.10.2006', 'Billapora Barat', '2018-03-27 10:50:42', '2018-03-27 10:50:42'),
('35.29.10.2007', 'Billapora Timur', '2018-03-27 10:50:42', '2018-03-27 10:50:42'),
('35.29.10.2008', 'Ganding', '2018-03-27 10:50:42', '2018-03-27 10:50:42'),
('35.29.10.2009', 'Gadu Timur', '2018-03-27 10:50:42', '2018-03-27 10:50:42'),
('35.29.10.2010', 'Gadu Barat', '2018-03-27 10:50:42', '2018-03-27 10:50:42'),
('35.29.10.2011', 'Ketawang Larangan', '2018-03-27 10:50:42', '2018-03-27 10:50:42'),
('35.29.10.2012', 'Ketawang Pareban', '2018-03-27 10:50:42', '2018-03-27 10:50:42'),
('35.29.10.2013', 'Ketawang Daleman', '2018-03-27 10:50:42', '2018-03-27 10:50:42'),
('35.29.10.2014', 'Ketawang Karay', '2018-03-27 10:50:42', '2018-03-27 10:50:42'),
('35.29.11', 'Pragaan', '2018-03-27 10:50:42', '2018-03-27 10:50:42'),
('35.29.11.2001', 'Kaduara Timur', '2018-03-27 10:50:42', '2018-03-27 10:50:42'),
('35.29.11.2002', 'Sendang', '2018-03-27 10:50:42', '2018-03-27 10:50:42'),
('35.29.11.2003', 'Rombasan', '2018-03-27 10:50:42', '2018-03-27 10:50:42'),
('35.29.11.2004', 'Sentol Lao', '2018-03-27 10:50:42', '2018-03-27 10:50:42'),
('35.29.11.2005', 'Larangan Perreng', '2018-03-27 10:50:42', '2018-03-27 10:50:42'),
('35.29.11.2006', 'Sentol Daya', '2018-03-27 10:50:42', '2018-03-27 10:50:42'),
('35.29.11.2007', 'Pakamban Daya', '2018-03-27 10:50:42', '2018-03-27 10:50:42'),
('35.29.11.2008', 'Pakamban Lao', '2018-03-27 10:50:42', '2018-03-27 10:50:42'),
('35.29.11.2009', 'Jaddung', '2018-03-27 10:50:42', '2018-03-27 10:50:42'),
('35.29.11.2010', 'Pragaan Lao', '2018-03-27 10:50:42', '2018-03-27 10:50:42'),
('35.29.11.2011', 'Pragaan Daya', '2018-03-27 10:50:42', '2018-03-27 10:50:42'),
('35.29.11.2012', 'Prenduan', '2018-03-27 10:50:42', '2018-03-27 10:50:42'),
('35.29.11.2013', 'Aeng Panas', '2018-03-27 10:50:42', '2018-03-27 10:50:42'),
('35.29.11.2014', 'Karduluk', '2018-03-27 10:50:42', '2018-03-27 10:50:42'),
('35.29.12', 'Ambunten', '2018-03-27 10:50:42', '2018-03-27 10:50:42'),
('35.29.12.2001', 'Ambunten Barat', '2018-03-27 10:50:42', '2018-03-27 10:50:42'),
('35.29.12.2002', 'Ambunten Tengah', '2018-03-27 10:50:42', '2018-03-27 10:50:42'),
('35.29.12.2003', 'Ambunten Timur', '2018-03-27 10:50:42', '2018-03-27 10:50:42'),
('35.29.12.2004', 'Tambak Agung Barat', '2018-03-27 10:50:42', '2018-03-27 10:50:42'),
('35.29.12.2005', 'Tb. Agung Tengah', '2018-03-27 10:50:42', '2018-03-27 10:50:42'),
('35.29.12.2006', 'Tambak Agung Ares', '2018-03-27 10:50:42', '2018-03-27 10:50:42'),
('35.29.12.2007', 'Sogian', '2018-03-27 10:50:42', '2018-03-27 10:50:42'),
('35.29.12.2008', 'Tambak Agung Timur', '2018-03-27 10:50:42', '2018-03-27 10:50:42'),
('35.29.12.2009', 'Bukabu', '2018-03-27 10:50:42', '2018-03-27 10:50:42'),
('35.29.12.2010', 'Campor Barat', '2018-03-27 10:50:42', '2018-03-27 10:50:42'),
('35.29.12.2011', 'Keles', '2018-03-27 10:50:42', '2018-03-27 10:50:42'),
('35.29.12.2012', 'Campor Timur', '2018-03-27 10:50:42', '2018-03-27 10:50:42'),
('35.29.12.2013', 'Bellu Ares', '2018-03-27 10:50:42', '2018-03-27 10:50:42'),
('35.29.12.2014', 'Bellu Kene', '2018-03-27 10:50:42', '2018-03-27 10:50:42'),
('35.29.12.2015', 'Bellu Raja', '2018-03-27 10:50:42', '2018-03-27 10:50:42'),
('35.29.13', 'Pasongsongan', '2018-03-27 10:50:42', '2018-03-27 10:50:42'),
('35.29.13.2001', 'Montorna', '2018-03-27 10:50:42', '2018-03-27 10:50:42'),
('35.29.13.2002', 'Prancak', '2018-03-27 10:50:42', '2018-03-27 10:50:42'),
('35.29.13.2003', 'Campaka', '2018-03-27 10:50:42', '2018-03-27 10:50:42'),
('35.29.13.2004', 'Rajun', '2018-03-27 10:50:42', '2018-03-27 10:50:42'),
('35.29.13.2005', 'Lebeng Timur', '2018-03-27 10:50:42', '2018-03-27 10:50:42'),
('35.29.13.2006', 'Lebeng Barat', '2018-03-27 10:50:42', '2018-03-27 10:50:42'),
('35.29.13.2007', 'Sodara', '2018-03-27 10:50:42', '2018-03-27 10:50:42'),
('35.29.13.2008', 'Pasongsongan', '2018-03-27 10:50:42', '2018-03-27 10:50:42'),
('35.29.13.2009', 'Padangdangan', '2018-03-27 10:50:42', '2018-03-27 10:50:42'),
('35.29.13.2010', 'Panaongan', '2018-03-27 10:50:42', '2018-03-27 10:50:42'),
('35.29.14', 'Dasuk', '2018-03-27 10:50:42', '2018-03-27 10:50:42'),
('35.29.14.2001', 'Slopeng', '2018-03-27 10:50:42', '2018-03-27 10:50:42'),
('35.29.14.2002', 'Semaan', '2018-03-27 10:50:42', '2018-03-27 10:50:42'),
('35.29.14.2003', 'Batubella Barat', '2018-03-27 10:50:42', '2018-03-27 10:50:42'),
('35.29.14.2004', 'Batubella Timur', '2018-03-27 10:50:42', '2018-03-27 10:50:42'),
('35.29.14.2005', 'Kecer', '2018-03-27 10:50:42', '2018-03-27 10:50:42'),
('35.29.14.2006', 'Bates', '2018-03-27 10:50:42', '2018-03-27 10:50:42'),
('35.29.14.2007', 'Brengen', '2018-03-27 10:50:42', '2018-03-27 10:50:42'),
('35.29.14.2008', 'Jelbudan', '2018-03-27 10:50:42', '2018-03-27 10:50:42'),
('35.29.14.2009', 'Kerta Barat', '2018-03-27 10:50:42', '2018-03-27 10:50:42'),
('35.29.14.2010', 'Kerta Timur', '2018-03-27 10:50:42', '2018-03-27 10:50:42'),
('35.29.14.2011', 'Nyapar', '2018-03-27 10:50:42', '2018-03-27 10:50:42'),
('35.29.14.2012', 'Dasuk Barat', '2018-03-27 10:50:42', '2018-03-27 10:50:42'),
('35.29.14.2013', 'Dasuk Timur', '2018-03-27 10:50:42', '2018-03-27 10:50:42'),
('35.29.14.2014', 'Dasuk Lao', '2018-03-27 10:50:42', '2018-03-27 10:50:42'),
('35.29.14.2015', 'Ellak Lao', '2018-03-27 10:50:42', '2018-03-27 10:50:42'),
('35.29.15', 'Rubaru', '2018-03-27 10:50:42', '2018-03-27 10:50:42'),
('35.29.15.2001', 'Mandala', '2018-03-27 10:50:42', '2018-03-27 10:50:42'),
('35.29.15.2002', 'Pakondang', '2018-03-27 10:50:42', '2018-03-27 10:50:42'),
('35.29.15.2003', 'Matanair', '2018-03-27 10:50:42', '2018-03-27 10:50:42'),
('35.29.15.2004', 'Tambak Sari', '2018-03-27 10:50:42', '2018-03-27 10:50:42'),
('35.29.15.2005', 'Banasareh', '2018-03-27 10:50:42', '2018-03-27 10:50:42'),
('35.29.15.2006', 'Bun Barat', '2018-03-27 10:50:42', '2018-03-27 10:50:42'),
('35.29.15.2007', 'Karang Nangka', '2018-03-27 10:50:42', '2018-03-27 10:50:42'),
('35.29.15.2008', 'Basoka', '2018-03-27 10:50:42', '2018-03-27 10:50:42'),
('35.29.15.2009', 'Duko', '2018-03-27 10:50:42', '2018-03-27 10:50:42'),
('35.29.15.2010', 'Rubaru', '2018-03-27 10:50:42', '2018-03-27 10:50:42'),
('35.29.15.2011', 'Kalebengan', '2018-03-27 10:50:42', '2018-03-27 10:50:42'),
('35.29.16', 'Batang Batang', '2018-03-27 10:50:42', '2018-03-27 10:50:42'),
('35.29.16.2001', 'Kolpo', '2018-03-27 10:50:42', '2018-03-27 10:50:42'),
('35.29.16.2002', 'Tamidung', '2018-03-27 10:50:42', '2018-03-27 10:50:42'),
('35.29.16.2003', 'Batang-batang Laok', '2018-03-27 10:50:42', '2018-03-27 10:50:42'),
('35.29.16.2004', 'Batang-batang Daja', '2018-03-27 10:50:42', '2018-03-27 10:50:42'),
('35.29.16.2005', 'Totosan', '2018-03-27 10:50:42', '2018-03-27 10:50:42'),
('35.29.16.2006', 'Banuaju Barat', '2018-03-27 10:50:42', '2018-03-27 10:50:42'),
('35.29.16.2007', 'Banuaju Timur', '2018-03-27 10:50:42', '2018-03-27 10:50:42'),
('35.29.16.2008', 'Janagger', '2018-03-27 10:50:42', '2018-03-27 10:50:42'),
('35.29.16.2009', 'Nyabakan Timur', '2018-03-27 10:50:42', '2018-03-27 10:50:42'),
('35.29.16.2010', 'Nyabakan Barat', '2018-03-27 10:50:42', '2018-03-27 10:50:42'),
('35.29.16.2011', 'Jangkong', '2018-03-27 10:50:42', '2018-03-27 10:50:42'),
('35.29.16.2012', 'Legung Barat', '2018-03-27 10:50:42', '2018-03-27 10:50:42'),
('35.29.16.2013', 'Legung Timur', '2018-03-27 10:50:42', '2018-03-27 10:50:42'),
('35.29.16.2014', 'Dapenda', '2018-03-27 10:50:42', '2018-03-27 10:50:42'),
('35.29.16.2015', 'Bilangan', '2018-03-27 10:50:42', '2018-03-27 10:50:42'),
('35.29.16.2016', 'Lombang', '2018-03-27 10:50:42', '2018-03-27 10:50:42'),
('35.29.17', 'Batu Putih', '2018-03-27 10:50:42', '2018-03-27 10:50:42'),
('35.29.17.2001', 'Aeng Merah', '2018-03-27 10:50:42', '2018-03-27 10:50:42'),
('35.29.17.2002', 'Tengedan', '2018-03-27 10:50:42', '2018-03-27 10:50:42'),
('35.29.17.2003', 'Juruwan Lao', '2018-03-27 10:50:42', '2018-03-27 10:50:42'),
('35.29.17.2004', 'Juruwan Daja', '2018-03-27 10:50:42', '2018-03-27 10:50:42'),
('35.29.17.2005', 'Badur', '2018-03-27 10:50:42', '2018-03-27 10:50:42'),
('35.29.17.2006', 'Dang-gedang', '2018-03-27 10:50:42', '2018-03-27 10:50:42'),
('35.29.17.2007', 'Batuputih Kene', '2018-03-27 10:50:42', '2018-03-27 10:50:42'),
('35.29.17.2008', 'Batuputih Lao', '2018-03-27 10:50:42', '2018-03-27 10:50:42'),
('35.29.17.2009', 'Batuputih Daya', '2018-03-27 10:50:42', '2018-03-27 10:50:42'),
('35.29.17.2010', 'Bantelan', '2018-03-27 10:50:42', '2018-03-27 10:50:42'),
('35.29.17.2011', 'Larangan Barma', '2018-03-27 10:50:42', '2018-03-27 10:50:42'),
('35.29.17.2012', 'Kerta', '2018-03-27 10:50:42', '2018-03-27 10:50:42'),
('35.29.17.2013', 'Bullaan', '2018-03-27 10:50:42', '2018-03-27 10:50:42'),
('35.29.17.2014', 'Sergang', '2018-03-27 10:50:42', '2018-03-27 10:50:42'),
('35.29.18', 'Dungkek', '2018-03-27 10:50:42', '2018-03-27 10:50:42'),
('35.29.18.2001', 'Candi', '2018-03-27 10:50:42', '2018-03-27 10:50:42'),
('35.29.18.2002', 'Jadung', '2018-03-27 10:50:42', '2018-03-27 10:50:42'),
('35.29.18.2003', 'Romber Barat', '2018-03-27 10:50:42', '2018-03-27 10:50:42'),
('35.29.18.2004', 'Romber Rana', '2018-03-27 10:50:42', '2018-03-27 10:50:42'),
('35.29.18.2005', 'Romber Guna', '2018-03-27 10:50:42', '2018-03-27 10:50:42'),
('35.29.18.2006', 'Taman Sareh', '2018-03-27 10:50:42', '2018-03-27 10:50:42'),
('35.29.18.2007', 'Bicabbi', '2018-03-27 10:50:42', '2018-03-27 10:50:42'),
('35.29.18.2008', 'Dungkek', '2018-03-27 10:50:42', '2018-03-27 10:50:42'),
('35.29.18.2009', 'Bunpenang', '2018-03-27 10:50:42', '2018-03-27 10:50:42'),
('35.29.18.2010', 'Bungin-bungin', '2018-03-27 10:50:42', '2018-03-27 10:50:42'),
('35.29.18.2011', 'Lapa Taman', '2018-03-27 10:50:42', '2018-03-27 10:50:42'),
('35.29.18.2012', 'Lapa Lao', '2018-03-27 10:50:42', '2018-03-27 10:50:42'),
('35.29.18.2013', 'Lapa Daja', '2018-03-27 10:50:42', '2018-03-27 10:50:42'),
('35.29.18.2014', 'Bancamara', '2018-03-27 10:50:42', '2018-03-27 10:50:42'),
('35.29.18.2015', 'Banraas', '2018-03-27 10:50:42', '2018-03-27 10:50:42'),
('35.29.19', 'Gapura', '2018-03-27 10:50:42', '2018-03-27 10:50:42'),
('35.29.19.2001', 'Grujukan', '2018-03-27 10:50:42', '2018-03-27 10:50:42'),
('35.29.19.2002', 'Longos', '2018-03-27 10:50:42', '2018-03-27 10:50:42'),
('35.29.19.2003', 'Andulang', '2018-03-27 10:50:42', '2018-03-27 10:50:42'),
('35.29.19.2004', 'Gapura Timur', '2018-03-27 10:50:42', '2018-03-27 10:50:42'),
('35.29.19.2005', 'Mandala', '2018-03-27 10:50:42', '2018-03-27 10:50:42'),
('35.29.19.2006', 'Gersik Putih', '2018-03-27 10:50:42', '2018-03-27 10:50:42'),
('35.29.19.2007', 'Gapura Tengah', '2018-03-27 10:50:42', '2018-03-27 10:50:42');
INSERT INTO `tbl_wilayah` (`kode`, `nama`, `dtm_crt`, `dtm_upd`) VALUES
('35.29.19.2008', 'Gapura Barat', '2018-03-27 10:50:42', '2018-03-27 10:50:42'),
('35.29.19.2009', 'Panangan', '2018-03-27 10:50:42', '2018-03-27 10:50:42'),
('35.29.19.2010', 'Paloloan', '2018-03-27 10:50:42', '2018-03-27 10:50:42'),
('35.29.19.2011', 'Banjar Timur', '2018-03-27 10:50:42', '2018-03-27 10:50:42'),
('35.29.19.2012', 'Banjar Barat', '2018-03-27 10:50:42', '2018-03-27 10:50:42'),
('35.29.19.2013', 'Batu Dinding', '2018-03-27 10:50:42', '2018-03-27 10:50:42'),
('35.29.19.2014', 'Baban', '2018-03-27 10:50:42', '2018-03-27 10:50:42'),
('35.29.19.2015', 'Karang Buddi', '2018-03-27 10:50:42', '2018-03-27 10:50:42'),
('35.29.19.2016', 'Braji', '2018-03-27 10:50:42', '2018-03-27 10:50:42'),
('35.29.19.2017', 'Poja', '2018-03-27 10:50:42', '2018-03-27 10:50:42'),
('35.29.20', 'Gayam', '2018-03-27 10:50:42', '2018-03-27 10:50:42'),
('35.29.20.2001', 'Pancor', '2018-03-27 10:50:42', '2018-03-27 10:50:42'),
('35.29.20.2002', 'Prambanan', '2018-03-27 10:50:42', '2018-03-27 10:50:42'),
('35.29.20.2003', 'Gendang Timur', '2018-03-27 10:50:42', '2018-03-27 10:50:42'),
('35.29.20.2004', 'Gendang Tengah', '2018-03-27 10:50:42', '2018-03-27 10:50:42'),
('35.29.20.2005', 'Jambuir', '2018-03-27 10:50:42', '2018-03-27 10:50:42'),
('35.29.20.2006', 'Gayam', '2018-03-27 10:50:42', '2018-03-27 10:50:42'),
('35.29.20.2007', 'Kaloang', '2018-03-27 10:50:42', '2018-03-27 10:50:42'),
('35.29.20.2008', 'Nyamplong', '2018-03-27 10:50:42', '2018-03-27 10:50:42'),
('35.29.20.2009', 'Geddang Barat', '2018-03-27 10:50:42', '2018-03-27 10:50:42'),
('35.29.20.2010', 'Tarebung', '2018-03-27 10:50:42', '2018-03-27 10:50:42'),
('35.29.21', 'Nonggunong', '2018-03-27 10:50:42', '2018-03-27 10:50:42'),
('35.29.21.2001', 'Nonggunong', '2018-03-27 10:50:42', '2018-03-27 10:50:42'),
('35.29.21.2002', 'Sumber', '2018-03-27 10:50:42', '2018-03-27 10:50:42'),
('35.29.21.2003', 'Tana Merah', '2018-03-27 10:50:42', '2018-03-27 10:50:42'),
('35.29.21.2004', 'Sokarami Timur', '2018-03-27 10:50:42', '2018-03-27 10:50:42'),
('35.29.21.2005', 'Sokarami Paseser', '2018-03-27 10:50:42', '2018-03-27 10:50:42'),
('35.29.21.2006', 'Talaga', '2018-03-27 10:50:42', '2018-03-27 10:50:42'),
('35.29.21.2007', 'Rosong', '2018-03-27 10:50:42', '2018-03-27 10:50:42'),
('35.29.21.2008', 'Sono', '2018-03-27 10:50:42', '2018-03-27 10:50:42'),
('35.29.22', 'Raas', '2018-03-27 10:50:42', '2018-03-27 10:50:42'),
('35.29.22.2001', 'Ketupat', '2018-03-27 10:50:42', '2018-03-27 10:50:42'),
('35.29.22.2002', 'Jungkat', '2018-03-27 10:50:42', '2018-03-27 10:50:42'),
('35.29.22.2003', 'Kropak', '2018-03-27 10:50:42', '2018-03-27 10:50:42'),
('35.29.22.2004', 'Karangnangka', '2018-03-27 10:50:42', '2018-03-27 10:50:42'),
('35.29.22.2005', 'Alasmalang', '2018-03-27 10:50:42', '2018-03-27 10:50:42'),
('35.29.22.2006', 'Potrran', '2018-03-27 10:50:42', '2018-03-27 10:50:42'),
('35.29.22.2007', 'Brakas', '2018-03-27 10:50:42', '2018-03-27 10:50:42'),
('35.29.22.2008', 'Tonduk', '2018-03-27 10:50:42', '2018-03-27 10:50:42'),
('35.29.22.2009', 'Gua-gua', '2018-03-27 10:50:42', '2018-03-27 10:50:42'),
('35.29.23', 'Masalembu', '2018-03-27 10:50:42', '2018-03-27 10:50:42'),
('35.29.23.2001', 'Suka Jeruk', '2018-03-27 10:50:42', '2018-03-27 10:50:42'),
('35.29.23.2002', 'Masalima', '2018-03-27 10:50:42', '2018-03-27 10:50:42'),
('35.29.23.2003', 'Masa Kambing', '2018-03-27 10:50:42', '2018-03-27 10:50:42'),
('35.29.23.2004', 'Kramian', '2018-03-27 10:50:42', '2018-03-27 10:50:42'),
('35.29.24', 'Arjasa', '2018-03-27 10:50:42', '2018-03-27 10:50:42'),
('35.29.24.2001', 'Pajanangger', '2018-03-27 10:50:42', '2018-03-27 10:50:42'),
('35.29.24.2008', 'Sawah Timur', '2018-03-27 10:50:42', '2018-03-27 10:50:42'),
('35.29.24.2009', 'Paseraman', '2018-03-27 10:50:42', '2018-03-27 10:50:42'),
('35.29.24.2010', 'Gellaman', '2018-03-27 10:50:42', '2018-03-27 10:50:42'),
('35.29.24.2011', 'Buddi', '2018-03-27 10:50:42', '2018-03-27 10:50:42'),
('35.29.24.2012', 'Kolo-kolo', '2018-03-27 10:50:42', '2018-03-27 10:50:42'),
('35.29.24.2013', 'Angkatan', '2018-03-27 10:50:42', '2018-03-27 10:50:42'),
('35.29.24.2014', 'Kalisangka', '2018-03-27 10:50:42', '2018-03-27 10:50:42'),
('35.29.24.2015', 'Bilis-bilis', '2018-03-27 10:50:42', '2018-03-27 10:50:42'),
('35.29.24.2016', 'Lao Jangjang', '2018-03-27 10:50:42', '2018-03-27 10:50:42'),
('35.29.24.2017', 'Sumber Nangka', '2018-03-27 10:50:42', '2018-03-27 10:50:42'),
('35.29.24.2018', 'Duko', '2018-03-27 10:50:42', '2018-03-27 10:50:42'),
('35.29.24.2019', 'Kalikatak', '2018-03-27 10:50:42', '2018-03-27 10:50:42'),
('35.29.24.2020', 'Arjasa', '2018-03-27 10:50:42', '2018-03-27 10:50:42'),
('35.29.24.2021', 'Kalianyar', '2018-03-27 10:50:42', '2018-03-27 10:50:42'),
('35.29.24.2022', 'Angon-angon', '2018-03-27 10:50:42', '2018-03-27 10:50:42'),
('35.29.24.2023', 'Sambakati', '2018-03-27 10:50:42', '2018-03-27 10:50:42'),
('35.29.24.2024', 'Pandeman', '2018-03-27 10:50:42', '2018-03-27 10:50:42'),
('35.29.24.2025', 'Pabiyan', '2018-03-27 10:50:42', '2018-03-27 10:50:42'),
('35.29.25', 'Sapeken', '2018-03-27 10:50:42', '2018-03-27 10:50:42'),
('35.29.25.2001', 'Sepanjang', '2018-03-27 10:50:42', '2018-03-27 10:50:42'),
('35.29.25.2002', 'Tanjung Kiaok', '2018-03-27 10:50:42', '2018-03-27 10:50:42'),
('35.29.25.2003', 'Sakala', '2018-03-27 10:50:42', '2018-03-27 10:50:42'),
('35.29.25.2004', 'Pagerrungan Besar', '2018-03-27 10:50:42', '2018-03-27 10:50:42'),
('35.29.25.2005', 'Pagerrungan Kecil', '2018-03-27 10:50:42', '2018-03-27 10:50:42'),
('35.29.25.2006', 'Saseel', '2018-03-27 10:50:42', '2018-03-27 10:50:42'),
('35.29.25.2007', 'Sepeken', '2018-03-27 10:50:42', '2018-03-27 10:50:42'),
('35.29.25.2008', 'Saunten', '2018-03-27 10:50:42', '2018-03-27 10:50:42'),
('35.29.25.2009', 'Paleyat', '2018-03-27 10:50:42', '2018-03-27 10:50:42'),
('35.29.25.2010', 'Sadulang', '2018-03-27 10:50:42', '2018-03-27 10:50:42'),
('35.29.25.2011', 'Saur Saebus', '2018-03-27 10:50:42', '2018-03-27 10:50:42'),
('35.29.26', 'Batuan', '2018-03-27 10:50:42', '2018-03-27 10:50:42'),
('35.29.26.2001', 'Patean', '2018-03-27 10:50:42', '2018-03-27 10:50:42'),
('35.29.26.2002', 'Babbalan', '2018-03-27 10:50:42', '2018-03-27 10:50:42'),
('35.29.26.2003', 'Gedungan', '2018-03-27 10:50:42', '2018-03-27 10:50:42'),
('35.29.26.2004', 'Gunggung', '2018-03-27 10:50:42', '2018-03-27 10:50:42'),
('35.29.26.2005', 'Batuan', '2018-03-27 10:50:42', '2018-03-27 10:50:42'),
('35.29.26.2006', 'Torbang', '2018-03-27 10:50:42', '2018-03-27 10:50:42'),
('35.29.26.2007', 'Galugur', '2018-03-27 10:50:42', '2018-03-27 10:50:42'),
('35.29.27', 'Kangayan', '2018-03-27 10:50:42', '2018-03-27 10:50:42'),
('35.29.27.2001', 'Saubi', '2018-03-27 10:50:42', '2018-03-27 10:50:42'),
('35.29.27.2002', 'Kangayan', '2018-03-27 10:50:42', '2018-03-27 10:50:42'),
('35.29.27.2003', 'Torjek', '2018-03-27 10:50:42', '2018-03-27 10:50:42'),
('35.29.27.2004', 'Cangkraman', '2018-03-27 10:50:42', '2018-03-27 10:50:42'),
('35.29.27.2005', 'Tembayang', '2018-03-27 10:50:42', '2018-03-27 10:50:42'),
('35.29.27.2006', 'Batuputih', '2018-03-27 10:50:42', '2018-03-27 10:50:42'),
('35.29.27.2007', 'Dandung', '2018-03-27 10:50:42', '2018-03-27 10:50:42'),
('35.29.27.2008', 'Timur Jangjang', '2018-03-27 10:50:42', '2018-03-27 10:50:42'),
('35.29.27.2009', 'Jukong-jukong', '2018-03-27 10:50:42', '2018-03-27 10:50:42'),
('35.71', 'KOTA KEDIRI', '2018-03-27 10:50:42', '2018-03-27 10:50:42'),
('35.71.01', 'Mojoroto', '2018-03-27 10:50:42', '2018-03-27 10:50:42'),
('35.71.01.1001', 'Bandar Lor', '2018-03-27 10:50:42', '2018-03-27 10:50:42'),
('35.71.01.1002', 'Bandar Kidul', '2018-03-27 10:50:42', '2018-03-27 10:50:42'),
('35.71.01.1003', 'Banjar Mlati', '2018-03-27 10:50:42', '2018-03-27 10:50:42'),
('35.71.01.1004', 'Pojok', '2018-03-27 10:50:42', '2018-03-27 10:50:42'),
('35.71.01.1005', 'Sukorame', '2018-03-27 10:50:42', '2018-03-27 10:50:42'),
('35.71.01.1006', 'Bujel', '2018-03-27 10:50:42', '2018-03-27 10:50:42'),
('35.71.01.1007', 'Gayam', '2018-03-27 10:50:42', '2018-03-27 10:50:42'),
('35.71.01.1008', 'Mrican', '2018-03-27 10:50:42', '2018-03-27 10:50:42'),
('35.71.01.1009', 'Dermo', '2018-03-27 10:50:42', '2018-03-27 10:50:42'),
('35.71.01.1010', 'Ngampel', '2018-03-27 10:50:42', '2018-03-27 10:50:42'),
('35.71.01.1011', 'Mojoroto', '2018-03-27 10:50:42', '2018-03-27 10:50:42'),
('35.71.01.1012', 'Campurejo', '2018-03-27 10:50:42', '2018-03-27 10:50:42'),
('35.71.01.1013', 'Lirboyo', '2018-03-27 10:50:42', '2018-03-27 10:50:42'),
('35.71.01.1014', 'Tamanan', '2018-03-27 10:50:42', '2018-03-27 10:50:42'),
('35.71.02', 'Kota', '2018-03-27 10:50:42', '2018-03-27 10:50:42'),
('35.71.02.1001', 'Semampir', '2018-03-27 10:50:42', '2018-03-27 10:50:42'),
('35.71.02.1002', 'Balowerti', '2018-03-27 10:50:42', '2018-03-27 10:50:42'),
('35.71.02.1003', 'Dandangan', '2018-03-27 10:50:42', '2018-03-27 10:50:42'),
('35.71.02.1004', 'Ngadirejo', '2018-03-27 10:50:42', '2018-03-27 10:50:42'),
('35.71.02.1005', 'Kampung Dalem', '2018-03-27 10:50:42', '2018-03-27 10:50:42'),
('35.71.02.1006', 'Setonopande', '2018-03-27 10:50:42', '2018-03-27 10:50:42'),
('35.71.02.1007', 'Ringinanom', '2018-03-27 10:50:42', '2018-03-27 10:50:42'),
('35.71.02.1008', 'Pakelan', '2018-03-27 10:50:42', '2018-03-27 10:50:42'),
('35.71.02.1009', 'Setonogedong', '2018-03-27 10:50:42', '2018-03-27 10:50:42'),
('35.71.02.1010', 'Kemasan', '2018-03-27 10:50:42', '2018-03-27 10:50:42'),
('35.71.02.1011', 'Jagalan', '2018-03-27 10:50:42', '2018-03-27 10:50:42'),
('35.71.02.1012', 'Banjaran', '2018-03-27 10:50:42', '2018-03-27 10:50:42'),
('35.71.02.1013', 'Kaliombo', '2018-03-27 10:50:42', '2018-03-27 10:50:42'),
('35.71.02.1014', 'Ngronggo', '2018-03-27 10:50:42', '2018-03-27 10:50:42'),
('35.71.02.1015', 'Manisrenggo', '2018-03-27 10:50:42', '2018-03-27 10:50:42'),
('35.71.02.1016', 'Pocanan', '2018-03-27 10:50:42', '2018-03-27 10:50:42'),
('35.71.02.1017', 'Rejomulyo', '2018-03-27 10:50:42', '2018-03-27 10:50:42'),
('35.71.03', 'Pesantren', '2018-03-27 10:50:42', '2018-03-27 10:50:42'),
('35.71.03.1001', 'Bangsal', '2018-03-27 10:50:42', '2018-03-27 10:50:42'),
('35.71.03.1002', 'Pakunden', '2018-03-27 10:50:42', '2018-03-27 10:50:42'),
('35.71.03.1003', 'Tosaren', '2018-03-27 10:50:42', '2018-03-27 10:50:42'),
('35.71.03.1004', 'Jamsaren', '2018-03-27 10:50:42', '2018-03-27 10:50:42'),
('35.71.03.1005', 'Singonegaran', '2018-03-27 10:50:42', '2018-03-27 10:50:42'),
('35.71.03.1006', 'Blabak', '2018-03-27 10:50:42', '2018-03-27 10:50:42'),
('35.71.03.1007', 'Betet', '2018-03-27 10:50:42', '2018-03-27 10:50:42'),
('35.71.03.1008', 'Tinalan', '2018-03-27 10:50:42', '2018-03-27 10:50:42'),
('35.71.03.1009', 'Bawang', '2018-03-27 10:50:42', '2018-03-27 10:50:42'),
('35.71.03.1010', 'Ngletih', '2018-03-27 10:50:42', '2018-03-27 10:50:42'),
('35.71.03.1011', 'Tampurejo', '2018-03-27 10:50:42', '2018-03-27 10:50:42'),
('35.71.03.1012', 'Ketami', '2018-03-27 10:50:42', '2018-03-27 10:50:42'),
('35.71.03.1013', 'Pesantren', '2018-03-27 10:50:42', '2018-03-27 10:50:42'),
('35.71.03.1014', 'Banaran', '2018-03-27 10:50:42', '2018-03-27 10:50:42'),
('35.71.03.1015', 'Burengan', '2018-03-27 10:50:42', '2018-03-27 10:50:42'),
('35.72', 'KOTA BLITAR', '2018-03-27 10:50:42', '2018-03-27 10:50:42'),
('35.72.01', 'Kepanjenkidul', '2018-03-27 10:50:42', '2018-03-27 10:50:42'),
('35.72.01.1001', 'Kepanjenkidul', '2018-03-27 10:50:42', '2018-03-27 10:50:42'),
('35.72.01.1002', 'Ngadirejo', '2018-03-27 10:50:42', '2018-03-27 10:50:42'),
('35.72.01.1003', 'Sentul', '2018-03-27 10:50:42', '2018-03-27 10:50:42'),
('35.72.01.1004', 'Kauman', '2018-03-27 10:50:42', '2018-03-27 10:50:42'),
('35.72.01.1005', 'Tanggung', '2018-03-27 10:50:42', '2018-03-27 10:50:42'),
('35.72.01.1006', 'Bendo', '2018-03-27 10:50:42', '2018-03-27 10:50:42'),
('35.72.01.1007', 'Kepanjenlor', '2018-03-27 10:50:42', '2018-03-27 10:50:42'),
('35.72.02', 'Sukorejo', '2018-03-27 10:50:42', '2018-03-27 10:50:42'),
('35.72.02.1001', 'Pakunden', '2018-03-27 10:50:42', '2018-03-27 10:50:42'),
('35.72.02.1002', 'Blitar', '2018-03-27 10:50:42', '2018-03-27 10:50:42'),
('35.72.02.1003', 'Tlumpu', '2018-03-27 10:50:42', '2018-03-27 10:50:42'),
('35.72.02.1004', 'Turi', '2018-03-27 10:50:42', '2018-03-27 10:50:42'),
('35.72.02.1005', 'Karangsari', '2018-03-27 10:50:42', '2018-03-27 10:50:42'),
('35.72.02.1006', 'Sukorejo', '2018-03-27 10:50:42', '2018-03-27 10:50:42'),
('35.72.02.1007', 'Tanjungsari', '2018-03-27 10:50:42', '2018-03-27 10:50:42'),
('35.72.03', 'Sananwetan', '2018-03-27 10:50:42', '2018-03-27 10:50:42'),
('35.72.03.1001', 'Gedog', '2018-03-27 10:50:42', '2018-03-27 10:50:42'),
('35.72.03.1002', 'Plosokerep', '2018-03-27 10:50:42', '2018-03-27 10:50:42'),
('35.72.03.1003', 'Klampok', '2018-03-27 10:50:42', '2018-03-27 10:50:42'),
('35.72.03.1004', 'Sananwetan', '2018-03-27 10:50:42', '2018-03-27 10:50:42'),
('35.72.03.1005', 'Rembang', '2018-03-27 10:50:42', '2018-03-27 10:50:42'),
('35.72.03.1006', 'Karang Tengah', '2018-03-27 10:50:42', '2018-03-27 10:50:42'),
('35.72.03.1007', 'Bendogerit', '2018-03-27 10:50:42', '2018-03-27 10:50:42'),
('35.73', 'KOTA MALANG', '2018-03-27 10:50:42', '2018-03-27 10:50:42'),
('35.73.01', 'Blimbing', '2018-03-27 10:50:42', '2018-03-27 10:50:42'),
('35.73.01.1001', 'Balearjosari', '2018-03-27 10:50:42', '2018-03-27 10:50:42'),
('35.73.01.1002', 'Arjosari', '2018-03-27 10:50:42', '2018-03-27 10:50:42'),
('35.73.01.1003', 'Polowijen', '2018-03-27 10:50:42', '2018-03-27 10:50:42'),
('35.73.01.1004', 'Purwodadi', '2018-03-27 10:50:42', '2018-03-27 10:50:42'),
('35.73.01.1005', 'Blimbing', '2018-03-27 10:50:42', '2018-03-27 10:50:42'),
('35.73.01.1006', 'Pandanwangi', '2018-03-27 10:50:42', '2018-03-27 10:50:42'),
('35.73.01.1007', 'Purwantoro', '2018-03-27 10:50:42', '2018-03-27 10:50:42'),
('35.73.01.1008', 'Bunulrejo', '2018-03-27 10:50:42', '2018-03-27 10:50:42'),
('35.73.01.1009', 'Kesatrian', '2018-03-27 10:50:42', '2018-03-27 10:50:42'),
('35.73.01.1010', 'Polehan', '2018-03-27 10:50:42', '2018-03-27 10:50:42'),
('35.73.01.1011', 'Jodipan', '2018-03-27 10:50:42', '2018-03-27 10:50:42'),
('35.73.02', 'Klojen', '2018-03-27 10:50:42', '2018-03-27 10:50:42'),
('35.73.02.1001', 'Klojen', '2018-03-27 10:50:42', '2018-03-27 10:50:42'),
('35.73.02.1002', 'Rampalcelaket', '2018-03-27 10:50:42', '2018-03-27 10:50:42'),
('35.73.02.1003', 'Samaan', '2018-03-27 10:50:42', '2018-03-27 10:50:42'),
('35.73.02.1004', 'Kiduldalem', '2018-03-27 10:50:42', '2018-03-27 10:50:42'),
('35.73.02.1005', 'Sukoharjo', '2018-03-27 10:50:42', '2018-03-27 10:50:42'),
('35.73.02.1006', 'Kasin', '2018-03-27 10:50:42', '2018-03-27 10:50:42'),
('35.73.02.1007', 'Kauman', '2018-03-27 10:50:42', '2018-03-27 10:50:42'),
('35.73.02.1008', 'Oro-oro Dowo', '2018-03-27 10:50:42', '2018-03-27 10:50:42'),
('35.73.02.1009', 'Bareng', '2018-03-27 10:50:42', '2018-03-27 10:50:42'),
('35.73.02.1010', 'Gading Kasri', '2018-03-27 10:50:42', '2018-03-27 10:50:42'),
('35.73.02.1011', 'Penanggungan', '2018-03-27 10:50:42', '2018-03-27 10:50:42'),
('35.73.03', 'Kedungkandang', '2018-03-27 10:50:42', '2018-03-27 10:50:42'),
('35.73.03.1001', 'Kotalama', '2018-03-27 10:50:42', '2018-03-27 10:50:42'),
('35.73.03.1002', 'Mergosono', '2018-03-27 10:50:42', '2018-03-27 10:50:42'),
('35.73.03.1003', 'Bumiayu', '2018-03-27 10:50:42', '2018-03-27 10:50:42'),
('35.73.03.1004', 'Wonokoyo', '2018-03-27 10:50:42', '2018-03-27 10:50:42'),
('35.73.03.1005', 'Buring', '2018-03-27 10:50:42', '2018-03-27 10:50:42'),
('35.73.03.1006', 'Kedungkandang', '2018-03-27 10:50:42', '2018-03-27 10:50:42'),
('35.73.03.1007', 'Lesanpuro', '2018-03-27 10:50:42', '2018-03-27 10:50:42'),
('35.73.03.1008', 'Sawojajar', '2018-03-27 10:50:42', '2018-03-27 10:50:42'),
('35.73.03.1009', 'Madyopuro', '2018-03-27 10:50:42', '2018-03-27 10:50:42'),
('35.73.03.1010', 'Cemorokandang', '2018-03-27 10:50:42', '2018-03-27 10:50:42'),
('35.73.03.1011', 'Arjowinangun', '2018-03-27 10:50:42', '2018-03-27 10:50:42'),
('35.73.03.1012', 'Tlogowaru', '2018-03-27 10:50:42', '2018-03-27 10:50:42'),
('35.73.04', 'Sukun', '2018-03-27 10:50:42', '2018-03-27 10:50:42'),
('35.73.04.1001', 'Ciptomulyo', '2018-03-27 10:50:42', '2018-03-27 10:50:42'),
('35.73.04.1002', 'Gadang', '2018-03-27 10:50:42', '2018-03-27 10:50:42'),
('35.73.04.1003', 'Kebonsari', '2018-03-27 10:50:42', '2018-03-27 10:50:42'),
('35.73.04.1004', 'Bandungrejosari', '2018-03-27 10:50:42', '2018-03-27 10:50:42'),
('35.73.04.1005', 'Sukun', '2018-03-27 10:50:42', '2018-03-27 10:50:42'),
('35.73.04.1006', 'Tanjungrejo', '2018-03-27 10:50:42', '2018-03-27 10:50:42'),
('35.73.04.1007', 'Pisangcandi', '2018-03-27 10:50:42', '2018-03-27 10:50:42'),
('35.73.04.1008', 'Bandulan', '2018-03-27 10:50:42', '2018-03-27 10:50:42'),
('35.73.04.1009', 'Karangbesuki', '2018-03-27 10:50:42', '2018-03-27 10:50:42'),
('35.73.04.1010', 'Mulyorejo', '2018-03-27 10:50:42', '2018-03-27 10:50:42'),
('35.73.04.1011', 'Bakalankrajan', '2018-03-27 10:50:42', '2018-03-27 10:50:42'),
('35.73.05', 'Lowokwaru', '2018-03-27 10:50:42', '2018-03-27 10:50:42'),
('35.73.05.1001', 'Tunggulwulung', '2018-03-27 10:50:42', '2018-03-27 10:50:42'),
('35.73.05.1002', 'Merjosari', '2018-03-27 10:50:42', '2018-03-27 10:50:42'),
('35.73.05.1003', 'Tlogomas', '2018-03-27 10:50:42', '2018-03-27 10:50:42'),
('35.73.05.1004', 'Dinoyo', '2018-03-27 10:50:42', '2018-03-27 10:50:42'),
('35.73.05.1005', 'Sumbersari', '2018-03-27 10:50:42', '2018-03-27 10:50:42'),
('35.73.05.1006', 'Ketawanggede', '2018-03-27 10:50:42', '2018-03-27 10:50:42'),
('35.73.05.1007', 'Jatimulyo', '2018-03-27 10:50:42', '2018-03-27 10:50:42'),
('35.73.05.1008', 'Tunjungsekar', '2018-03-27 10:50:42', '2018-03-27 10:50:42'),
('35.73.05.1009', 'Mojolangu', '2018-03-27 10:50:42', '2018-03-27 10:50:42'),
('35.73.05.1010', 'Tulusrejo', '2018-03-27 10:50:42', '2018-03-27 10:50:42'),
('35.73.05.1011', 'Lowokwaru', '2018-03-27 10:50:42', '2018-03-27 10:50:42'),
('35.73.05.1012', 'Tasik Madu', '2018-03-27 10:50:42', '2018-03-27 10:50:42'),
('35.74', 'KOTA PROBOLINGGO', '2018-03-27 10:50:42', '2018-03-27 10:50:42'),
('35.74.01', 'Kademangan', '2018-03-27 10:50:42', '2018-03-27 10:50:42'),
('35.74.01.1001', 'Ketapang', '2018-03-27 10:50:42', '2018-03-27 10:50:42'),
('35.74.01.1002', 'Triwung Lor', '2018-03-27 10:50:42', '2018-03-27 10:50:42'),
('35.74.01.1003', 'Triwung Kidul', '2018-03-27 10:50:42', '2018-03-27 10:50:42'),
('35.74.01.1007', 'Pohsangit Kidul', '2018-03-27 10:50:42', '2018-03-27 10:50:42'),
('35.74.01.1008', 'Kademangan', '2018-03-27 10:50:42', '2018-03-27 10:50:42'),
('35.74.01.1009', 'Pilang', '2018-03-27 10:50:42', '2018-03-27 10:50:42'),
('35.74.02', 'Wonoasih', '2018-03-27 10:50:42', '2018-03-27 10:50:42'),
('35.74.02.1001', 'Jrebeng Kidul', '2018-03-27 10:50:42', '2018-03-27 10:50:42'),
('35.74.02.1002', 'Pakistaji', '2018-03-27 10:50:42', '2018-03-27 10:50:42'),
('35.74.02.1003', 'Kedunggaleng', '2018-03-27 10:50:42', '2018-03-27 10:50:42'),
('35.74.02.1005', 'Kedung Asem', '2018-03-27 10:50:42', '2018-03-27 10:50:42'),
('35.74.02.1006', 'Sumber Taman', '2018-03-27 10:50:42', '2018-03-27 10:50:42'),
('35.74.02.1007', 'Wonoasih', '2018-03-27 10:50:42', '2018-03-27 10:50:42'),
('35.74.03', 'Mayangan', '2018-03-27 10:50:42', '2018-03-27 10:50:42'),
('35.74.03.1001', 'Mayangan', '2018-03-27 10:50:42', '2018-03-27 10:50:42'),
('35.74.03.1002', 'Mangunharjo', '2018-03-27 10:50:42', '2018-03-27 10:50:42'),
('35.74.03.1004', 'Jati', '2018-03-27 10:50:42', '2018-03-27 10:50:42'),
('35.74.03.1007', 'Sukabumi', '2018-03-27 10:50:42', '2018-03-27 10:50:42'),
('35.74.03.1010', 'Wiroborang', '2018-03-27 10:50:42', '2018-03-27 10:50:42'),
('35.74.04', 'Kanigaran', '2018-03-27 10:50:42', '2018-03-27 10:50:42'),
('35.74.04.1001', 'Tisnonegaran', '2018-03-27 10:50:42', '2018-03-27 10:50:42'),
('35.74.04.1002', 'Sukoharjo', '2018-03-27 10:50:42', '2018-03-27 10:50:42'),
('35.74.04.1003', 'Kanigaran', '2018-03-27 10:50:42', '2018-03-27 10:50:42'),
('35.74.04.1004', 'Kebonsari Wetan', '2018-03-27 10:50:42', '2018-03-27 10:50:42'),
('35.74.04.1005', 'Curahgrinting', '2018-03-27 10:50:42', '2018-03-27 10:50:42'),
('35.74.04.1006', 'Kebonsari Kulon', '2018-03-27 10:50:42', '2018-03-27 10:50:42'),
('35.74.05', 'Kedopak', '2018-03-27 10:50:42', '2018-03-27 10:50:42'),
('35.74.05.1001', 'Jrebeng Kulon', '2018-03-27 10:50:42', '2018-03-27 10:50:42'),
('35.74.05.1002', 'Kareng Lor', '2018-03-27 10:50:42', '2018-03-27 10:50:42'),
('35.74.05.1003', 'Sumber Wetan', '2018-03-27 10:50:42', '2018-03-27 10:50:42'),
('35.74.05.1004', 'Jrebeng Lor', '2018-03-27 10:50:42', '2018-03-27 10:50:42'),
('35.74.05.1005', 'Kedopok', '2018-03-27 10:50:42', '2018-03-27 10:50:42'),
('35.74.05.1006', 'Jrebeng Wetan', '2018-03-27 10:50:42', '2018-03-27 10:50:42'),
('35.75', 'KOTA PASURUAN', '2018-03-27 10:50:42', '2018-03-27 10:50:42'),
('35.75.01', 'Gadingrejo', '2018-03-27 10:50:42', '2018-03-27 10:50:42'),
('35.75.01.1001', 'Karangketug', '2018-03-27 10:50:42', '2018-03-27 10:50:42'),
('35.75.01.1002', 'Gentong', '2018-03-27 10:50:42', '2018-03-27 10:50:42'),
('35.75.01.1003', 'Sebani', '2018-03-27 10:50:42', '2018-03-27 10:50:42'),
('35.75.01.1004', 'Petahunan', '2018-03-27 10:50:42', '2018-03-27 10:50:42'),
('35.75.01.1005', 'Bukir', '2018-03-27 10:50:42', '2018-03-27 10:50:42'),
('35.75.01.1006', 'Randusari', '2018-03-27 10:50:42', '2018-03-27 10:50:42'),
('35.75.01.1007', 'Krapyakrejo', '2018-03-27 10:50:42', '2018-03-27 10:50:42'),
('35.75.01.1009', 'Gadingrejo', '2018-03-27 10:50:42', '2018-03-27 10:50:42'),
('35.75.02', 'Purworejo', '2018-03-27 10:50:42', '2018-03-27 10:50:42'),
('35.75.02.1001', 'Pohjentrek', '2018-03-27 10:50:42', '2018-03-27 10:50:42'),
('35.75.02.1002', 'Wirogunan', '2018-03-27 10:50:42', '2018-03-27 10:50:42'),
('35.75.02.1003', 'Tembokrejo', '2018-03-27 10:50:42', '2018-03-27 10:50:42'),
('35.75.02.1004', 'Purutrejo', '2018-03-27 10:50:42', '2018-03-27 10:50:42'),
('35.75.02.1005', 'Kebonagung', '2018-03-27 10:50:42', '2018-03-27 10:50:42'),
('35.75.02.1006', 'Purworejo', '2018-03-27 10:50:42', '2018-03-27 10:50:42'),
('35.75.02.1011', 'Sekargadung', '2018-03-27 10:50:42', '2018-03-27 10:50:42'),
('35.75.03', 'Bugul Kidul', '2018-03-27 10:50:42', '2018-03-27 10:50:42'),
('35.75.03.1001', 'Blandongan', '2018-03-27 10:50:42', '2018-03-27 10:50:42'),
('35.75.03.1002', 'Kepel', '2018-03-27 10:50:42', '2018-03-27 10:50:42'),
('35.75.03.1003', 'Tapa\'an', '2018-03-27 10:50:42', '2018-03-27 10:50:42'),
('35.75.03.1005', 'Bakalan', '2018-03-27 10:50:42', '2018-03-27 10:50:42'),
('35.75.03.1006', 'Krampyangan', '2018-03-27 10:50:42', '2018-03-27 10:50:42'),
('35.75.03.1009', 'Bugul Kidul', '2018-03-27 10:50:42', '2018-03-27 10:50:42'),
('35.75.04', 'Panggungrejo', '2018-03-27 10:50:42', '2018-03-27 10:50:42'),
('35.75.04.1001', 'Karanganyar', '2018-03-27 10:50:42', '2018-03-27 10:50:42'),
('35.75.04.1002', 'Tamba\'an', '2018-03-27 10:50:42', '2018-03-27 10:50:42'),
('35.75.04.1003', 'Trajeng', '2018-03-27 10:50:42', '2018-03-27 10:50:42'),
('35.75.04.1004', 'Bangilan', '2018-03-27 10:50:42', '2018-03-27 10:50:42'),
('35.75.04.1005', 'Kebonsari', '2018-03-27 10:50:42', '2018-03-27 10:50:42'),
('35.75.04.1006', 'Mayangan', '2018-03-27 10:50:42', '2018-03-27 10:50:42'),
('35.75.04.1007', 'Ngemplakrejo', '2018-03-27 10:50:42', '2018-03-27 10:50:42'),
('35.75.04.1008', 'Petamanan', '2018-03-27 10:50:42', '2018-03-27 10:50:42'),
('35.75.04.1009', 'Pekuncen', '2018-03-27 10:50:42', '2018-03-27 10:50:42'),
('35.75.04.1010', 'Bugul Lor', '2018-03-27 10:50:42', '2018-03-27 10:50:42'),
('35.75.04.1011', 'Kandangsapi', '2018-03-27 10:50:42', '2018-03-27 10:50:42'),
('35.75.04.1012', 'Panggungrejo', '2018-03-27 10:50:42', '2018-03-27 10:50:42'),
('35.75.04.1013', 'Mandaranrejo', '2018-03-27 10:50:42', '2018-03-27 10:50:42'),
('35.76', 'KOTA MOJOKERTO', '2018-03-27 10:50:42', '2018-03-27 10:50:42'),
('35.76.01', 'Prajurit Kulon', '2018-03-27 10:50:42', '2018-03-27 10:50:42'),
('35.76.01.1001', 'Kranggan', '2018-03-27 10:50:42', '2018-03-27 10:50:42'),
('35.76.01.1002', 'Miji', '2018-03-27 10:50:42', '2018-03-27 10:50:42'),
('35.76.01.1003', 'Mentikan', '2018-03-27 10:50:42', '2018-03-27 10:50:42'),
('35.76.01.1004', 'Kauman', '2018-03-27 10:50:42', '2018-03-27 10:50:42'),
('35.76.01.1005', 'Pulorejo', '2018-03-27 10:50:42', '2018-03-27 10:50:42'),
('35.76.01.1006', 'Prajurit Kulon', '2018-03-27 10:50:42', '2018-03-27 10:50:42'),
('35.76.01.1007', 'Surodinawan', '2018-03-27 10:50:42', '2018-03-27 10:50:42'),
('35.76.01.1008', 'Blooto', '2018-03-27 10:50:42', '2018-03-27 10:50:42'),
('35.76.02', 'Magersari', '2018-03-27 10:50:42', '2018-03-27 10:50:42'),
('35.76.02.1001', 'Gunung Gedangan', '2018-03-27 10:50:42', '2018-03-27 10:50:42'),
('35.76.02.1002', 'Meri', '2018-03-27 10:50:42', '2018-03-27 10:50:42'),
('35.76.02.1003', 'Magersari', '2018-03-27 10:50:42', '2018-03-27 10:50:42'),
('35.76.02.1004', 'Gedongan', '2018-03-27 10:50:42', '2018-03-27 10:50:42'),
('35.76.02.1005', 'Purwotengah', '2018-03-27 10:50:42', '2018-03-27 10:50:42'),
('35.76.02.1006', 'Sentanan', '2018-03-27 10:50:42', '2018-03-27 10:50:42'),
('35.76.02.1007', 'Jagalan', '2018-03-27 10:50:42', '2018-03-27 10:50:42'),
('35.76.02.1008', 'Balongsari', '2018-03-27 10:50:42', '2018-03-27 10:50:42'),
('35.76.02.1009', 'Kedundung', '2018-03-27 10:50:42', '2018-03-27 10:50:42'),
('35.76.02.1010', 'Wates', '2018-03-27 10:50:42', '2018-03-27 10:50:42'),
('35.77', 'KOTA MADIUN', '2018-03-27 10:50:42', '2018-03-27 10:50:42'),
('35.77.01', 'Kartoharjo', '2018-03-27 10:50:42', '2018-03-27 10:50:42'),
('35.77.01.1001', 'Oro-oro Ombo', '2018-03-27 10:50:42', '2018-03-27 10:50:42'),
('35.77.01.1002', 'Sukosari', '2018-03-27 10:50:42', '2018-03-27 10:50:42'),
('35.77.01.1003', 'Klegen', '2018-03-27 10:50:42', '2018-03-27 10:50:42'),
('35.77.01.1004', 'Rejomulyo', '2018-03-27 10:50:42', '2018-03-27 10:50:42'),
('35.77.01.1005', 'Pilangbango', '2018-03-27 10:50:42', '2018-03-27 10:50:42'),
('35.77.01.1006', 'Tawangrejo', '2018-03-27 10:50:42', '2018-03-27 10:50:42'),
('35.77.01.1007', 'Kanigoro', '2018-03-27 10:50:42', '2018-03-27 10:50:42'),
('35.77.01.1008', 'Kartoharjo', '2018-03-27 10:50:42', '2018-03-27 10:50:42'),
('35.77.01.1009', 'Kelun', '2018-03-27 10:50:42', '2018-03-27 10:50:42'),
('35.77.02', 'Manguharjo', '2018-03-27 10:50:42', '2018-03-27 10:50:42'),
('35.77.02.1001', 'Manguharjo', '2018-03-27 10:50:42', '2018-03-27 10:50:42'),
('35.77.02.1002', 'Sogaten', '2018-03-27 10:50:42', '2018-03-27 10:50:42'),
('35.77.02.1003', 'Patihan', '2018-03-27 10:50:42', '2018-03-27 10:50:42'),
('35.77.02.1004', 'Ngegong', '2018-03-27 10:50:42', '2018-03-27 10:50:42'),
('35.77.02.1005', 'Winongo', '2018-03-27 10:50:42', '2018-03-27 10:50:42'),
('35.77.02.1006', 'Madiun Lor', '2018-03-27 10:50:42', '2018-03-27 10:50:42'),
('35.77.02.1007', 'Pangongangan', '2018-03-27 10:50:42', '2018-03-27 10:50:42'),
('35.77.02.1008', 'Nambangan Lor', '2018-03-27 10:50:42', '2018-03-27 10:50:42'),
('35.77.02.1009', 'Nambangan Kidul', '2018-03-27 10:50:42', '2018-03-27 10:50:42'),
('35.77.03', 'Taman', '2018-03-27 10:50:42', '2018-03-27 10:50:42'),
('35.77.03.1001', 'Mojorejo', '2018-03-27 10:50:42', '2018-03-27 10:50:42'),
('35.77.03.1002', 'Pandean', '2018-03-27 10:50:42', '2018-03-27 10:50:42'),
('35.77.03.1003', 'Banjarejo', '2018-03-27 10:50:42', '2018-03-27 10:50:42'),
('35.77.03.1004', 'Kuncen', '2018-03-27 10:50:42', '2018-03-27 10:50:42'),
('35.77.03.1005', 'Manisrejo', '2018-03-27 10:50:42', '2018-03-27 10:50:42'),
('35.77.03.1006', 'Kejuron', '2018-03-27 10:50:42', '2018-03-27 10:50:42'),
('35.77.03.1007', 'Josenan', '2018-03-27 10:50:42', '2018-03-27 10:50:42'),
('35.77.03.1008', 'Demangan', '2018-03-27 10:50:42', '2018-03-27 10:50:42'),
('35.77.03.1009', 'Taman', '2018-03-27 10:50:42', '2018-03-27 10:50:42'),
('35.78', 'KOTA SURABAYA', '2018-03-27 10:50:42', '2018-03-27 10:50:42'),
('35.78.01', 'Karangpilang', '2018-03-27 10:50:42', '2018-03-27 10:50:42'),
('35.78.01.1001', 'Karangpilang', '2018-03-27 10:50:42', '2018-03-27 10:50:42'),
('35.78.01.1002', 'Kebraon', '2018-03-27 10:50:42', '2018-03-27 10:50:42'),
('35.78.01.1003', 'Kedurus', '2018-03-27 10:50:42', '2018-03-27 10:50:42'),
('35.78.01.1004', 'Warugunung', '2018-03-27 10:50:42', '2018-03-27 10:50:42'),
('35.78.02', 'Wonocolo', '2018-03-27 10:50:42', '2018-03-27 10:50:42'),
('35.78.02.1001', 'Sidosermo', '2018-03-27 10:50:42', '2018-03-27 10:50:42'),
('35.78.02.1002', 'Bendul Merisi', '2018-03-27 10:50:42', '2018-03-27 10:50:42'),
('35.78.02.1003', 'Margorejo', '2018-03-27 10:50:42', '2018-03-27 10:50:42'),
('35.78.02.1004', 'Jemur Wonosari', '2018-03-27 10:50:42', '2018-03-27 10:50:42'),
('35.78.02.1005', 'Siwalan Kerto', '2018-03-27 10:50:42', '2018-03-27 10:50:42'),
('35.78.03', 'Rungkut', '2018-03-27 10:50:42', '2018-03-27 10:50:42'),
('35.78.03.1001', 'Kalirungkut', '2018-03-27 10:50:42', '2018-03-27 10:50:42'),
('35.78.03.1002', 'Rungkut Kidul', '2018-03-27 10:50:42', '2018-03-27 10:50:42'),
('35.78.03.1003', 'Kedung Baruk', '2018-03-27 10:50:42', '2018-03-27 10:50:42'),
('35.78.03.1004', 'Penjaringan Sari', '2018-03-27 10:50:42', '2018-03-27 10:50:42'),
('35.78.03.1005', 'Wonorejo', '2018-03-27 10:50:42', '2018-03-27 10:50:42'),
('35.78.03.1006', 'Medokan Ayu', '2018-03-27 10:50:42', '2018-03-27 10:50:42'),
('35.78.04', 'Wonokromo', '2018-03-27 10:50:42', '2018-03-27 10:50:42'),
('35.78.04.1001', 'Wonokromo', '2018-03-27 10:50:42', '2018-03-27 10:50:42'),
('35.78.04.1002', 'Jagir', '2018-03-27 10:50:42', '2018-03-27 10:50:42'),
('35.78.04.1003', 'Ngagel', '2018-03-27 10:50:42', '2018-03-27 10:50:42'),
('35.78.04.1004', 'Ngagel Rejo', '2018-03-27 10:50:42', '2018-03-27 10:50:42'),
('35.78.04.1005', 'Darmo', '2018-03-27 10:50:42', '2018-03-27 10:50:42'),
('35.78.04.1006', 'Sawunggaling', '2018-03-27 10:50:42', '2018-03-27 10:50:42'),
('35.78.05', 'Tegalsari', '2018-03-27 10:50:42', '2018-03-27 10:50:42'),
('35.78.05.1001', 'Tegalsari', '2018-03-27 10:50:42', '2018-03-27 10:50:42'),
('35.78.05.1002', 'DR. Soetomo', '2018-03-27 10:50:42', '2018-03-27 10:50:42'),
('35.78.05.1003', 'Kedungdoro', '2018-03-27 10:50:42', '2018-03-27 10:50:42'),
('35.78.05.1004', 'Keputran', '2018-03-27 10:50:42', '2018-03-27 10:50:42'),
('35.78.05.1005', 'Wonorejo', '2018-03-27 10:50:42', '2018-03-27 10:50:42'),
('35.78.06', 'Sawahan', '2018-03-27 10:50:42', '2018-03-27 10:50:42'),
('35.78.06.1001', 'Petemon', '2018-03-27 10:50:42', '2018-03-27 10:50:42'),
('35.78.06.1002', 'Sawahan', '2018-03-27 10:50:42', '2018-03-27 10:50:42'),
('35.78.06.1003', 'Banyuurip', '2018-03-27 10:50:42', '2018-03-27 10:50:42'),
('35.78.06.1004', 'Putatjaya', '2018-03-27 10:50:42', '2018-03-27 10:50:42'),
('35.78.06.1005', 'Kupang Krajan', '2018-03-27 10:50:42', '2018-03-27 10:50:42'),
('35.78.06.1006', 'Pakis', '2018-03-27 10:50:42', '2018-03-27 10:50:42'),
('35.78.07', 'Genteng', '2018-03-27 10:50:42', '2018-03-27 10:50:42'),
('35.78.07.1001', 'Embong Kaliasin', '2018-03-27 10:50:42', '2018-03-27 10:50:42'),
('35.78.07.1002', 'Genteng', '2018-03-27 10:50:42', '2018-03-27 10:50:42'),
('35.78.07.1003', 'Kapasari', '2018-03-27 10:50:42', '2018-03-27 10:50:42'),
('35.78.07.1004', 'Ketabang', '2018-03-27 10:50:42', '2018-03-27 10:50:42'),
('35.78.07.1005', 'Peneleh', '2018-03-27 10:50:42', '2018-03-27 10:50:42'),
('35.78.08', 'Gubeng', '2018-03-27 10:50:42', '2018-03-27 10:50:42'),
('35.78.08.1001', 'Gubeng', '2018-03-27 10:50:42', '2018-03-27 10:50:42'),
('35.78.08.1002', 'Mojo', '2018-03-27 10:50:42', '2018-03-27 10:50:42'),
('35.78.08.1003', 'Airlangga', '2018-03-27 10:50:42', '2018-03-27 10:50:42'),
('35.78.08.1004', 'Kertajaya', '2018-03-27 10:50:42', '2018-03-27 10:50:42'),
('35.78.08.1005', 'Baratajaya', '2018-03-27 10:50:42', '2018-03-27 10:50:42'),
('35.78.08.1006', 'Pucangsewu', '2018-03-27 10:50:42', '2018-03-27 10:50:42'),
('35.78.09', 'Sukolilo', '2018-03-27 10:50:42', '2018-03-27 10:50:42'),
('35.78.09.1001', 'Keputih', '2018-03-27 10:50:42', '2018-03-27 10:50:42'),
('35.78.09.1002', 'Gebang Putih', '2018-03-27 10:50:42', '2018-03-27 10:50:42'),
('35.78.09.1003', 'Klampis Ngasem', '2018-03-27 10:50:42', '2018-03-27 10:50:42'),
('35.78.09.1004', 'Menur Pumpungan', '2018-03-27 10:50:42', '2018-03-27 10:50:42'),
('35.78.09.1005', 'Ngenden Jangkungan', '2018-03-27 10:50:42', '2018-03-27 10:50:42'),
('35.78.09.1006', 'Semolowaru', '2018-03-27 10:50:42', '2018-03-27 10:50:42'),
('35.78.09.1007', 'Medokan Semampir', '2018-03-27 10:50:42', '2018-03-27 10:50:42'),
('35.78.10', 'Tambaksari', '2018-03-27 10:50:42', '2018-03-27 10:50:42'),
('35.78.10.1001', 'Tambaksari', '2018-03-27 10:50:42', '2018-03-27 10:50:42'),
('35.78.10.1002', 'Ploso', '2018-03-27 10:50:42', '2018-03-27 10:50:42'),
('35.78.10.1003', 'Gading', '2018-03-27 10:50:42', '2018-03-27 10:50:42'),
('35.78.10.1004', 'Pacarkembang', '2018-03-27 10:50:42', '2018-03-27 10:50:42'),
('35.78.10.1005', 'Rangkah', '2018-03-27 10:50:42', '2018-03-27 10:50:42'),
('35.78.10.1006', 'Pacar Keling', '2018-03-27 10:50:42', '2018-03-27 10:50:42'),
('35.78.10.1007', 'Kapasmadya Baru', '2018-03-27 10:50:42', '2018-03-27 10:50:42'),
('35.78.10.1008', 'Dukuh Setro', '2018-03-27 10:50:42', '2018-03-27 10:50:42'),
('35.78.11', 'Simokerto', '2018-03-27 10:50:42', '2018-03-27 10:50:42'),
('35.78.11.1001', 'Simokerto', '2018-03-27 10:50:42', '2018-03-27 10:50:42'),
('35.78.11.1002', 'Kapasan', '2018-03-27 10:50:42', '2018-03-27 10:50:42'),
('35.78.11.1003', 'Sidodadi', '2018-03-27 10:50:42', '2018-03-27 10:50:42'),
('35.78.11.1004', 'Simolawang', '2018-03-27 10:50:42', '2018-03-27 10:50:42'),
('35.78.11.1005', 'Tambakrejo', '2018-03-27 10:50:42', '2018-03-27 10:50:42'),
('35.78.12', 'Pabean Cantikan', '2018-03-27 10:50:42', '2018-03-27 10:50:42'),
('35.78.12.1001', 'Bongkaran', '2018-03-27 10:50:42', '2018-03-27 10:50:42'),
('35.78.12.1002', 'Nyamplungan', '2018-03-27 10:50:42', '2018-03-27 10:50:42'),
('35.78.12.1003', 'Krembangan Utara', '2018-03-27 10:50:42', '2018-03-27 10:50:42'),
('35.78.12.1004', 'Perak Timur', '2018-03-27 10:50:42', '2018-03-27 10:50:42'),
('35.78.12.1005', 'Perak Utara', '2018-03-27 10:50:42', '2018-03-27 10:50:42'),
('35.78.13', 'Bubutan', '2018-03-27 10:50:42', '2018-03-27 10:50:42'),
('35.78.13.1001', 'Alun-alun Contong', '2018-03-27 10:50:42', '2018-03-27 10:50:42'),
('35.78.13.1002', 'Bubutan', '2018-03-27 10:50:42', '2018-03-27 10:50:42'),
('35.78.13.1003', 'Gundih', '2018-03-27 10:50:42', '2018-03-27 10:50:42'),
('35.78.13.1004', 'Jepara', '2018-03-27 10:50:42', '2018-03-27 10:50:42'),
('35.78.13.1005', 'Tembok Dukuh', '2018-03-27 10:50:42', '2018-03-27 10:50:42'),
('35.78.14', 'Tandes', '2018-03-27 10:50:42', '2018-03-27 10:50:42'),
('35.78.14.1002', 'Tandes', '2018-03-27 10:50:42', '2018-03-27 10:50:42'),
('35.78.14.1006', 'Karang Poh', '2018-03-27 10:50:42', '2018-03-27 10:50:42'),
('35.78.14.1007', 'Balongsari', '2018-03-27 10:50:42', '2018-03-27 10:50:42'),
('35.78.14.1009', 'Manukan Kulon', '2018-03-27 10:50:42', '2018-03-27 10:50:42'),
('35.78.14.1011', 'Manukan Wetan', '2018-03-27 10:50:42', '2018-03-27 10:50:42'),
('35.78.14.1012', 'Banjar Sugihan', '2018-03-27 10:50:42', '2018-03-27 10:50:42'),
('35.78.15', 'Krembangan', '2018-03-27 10:50:42', '2018-03-27 10:50:42'),
('35.78.15.1001', 'Krembangan Selatan', '2018-03-27 10:50:42', '2018-03-27 10:50:42'),
('35.78.15.1002', 'Kemayoran', '2018-03-27 10:50:42', '2018-03-27 10:50:42'),
('35.78.15.1003', 'Perak Barat', '2018-03-27 10:50:42', '2018-03-27 10:50:42'),
('35.78.15.1004', 'Dupak', '2018-03-27 10:50:42', '2018-03-27 10:50:42'),
('35.78.15.1005', 'Morokrembangan', '2018-03-27 10:50:42', '2018-03-27 10:50:42'),
('35.78.16', 'Semampir', '2018-03-27 10:50:42', '2018-03-27 10:50:42'),
('35.78.16.1001', 'Ampel', '2018-03-27 10:50:42', '2018-03-27 10:50:42'),
('35.78.16.1002', 'Pegirikan', '2018-03-27 10:50:42', '2018-03-27 10:50:42'),
('35.78.16.1003', 'Wonokusumo', '2018-03-27 10:50:42', '2018-03-27 10:50:42'),
('35.78.16.1004', 'Ujung', '2018-03-27 10:50:42', '2018-03-27 10:50:42'),
('35.78.16.1005', 'Sidotopo', '2018-03-27 10:50:42', '2018-03-27 10:50:42'),
('35.78.17', 'Kenjeran', '2018-03-27 10:50:42', '2018-03-27 10:50:42'),
('35.78.17.1001', 'Tanah Kalikedinding', '2018-03-27 10:50:42', '2018-03-27 10:50:42'),
('35.78.17.1002', 'Sidotopo Wetan', '2018-03-27 10:50:42', '2018-03-27 10:50:42'),
('35.78.17.1003', 'Bulak Banteng', '2018-03-27 10:50:42', '2018-03-27 10:50:42'),
('35.78.17.1004', 'Tambak Wedi', '2018-03-27 10:50:42', '2018-03-27 10:50:42'),
('35.78.18', 'Lakarsantri', '2018-03-27 10:50:42', '2018-03-27 10:50:42'),
('35.78.18.1001', 'Bangkingan', '2018-03-27 10:50:42', '2018-03-27 10:50:42'),
('35.78.18.1002', 'Jeruk', '2018-03-27 10:50:42', '2018-03-27 10:50:42'),
('35.78.18.1003', 'Lakarsantri', '2018-03-27 10:50:42', '2018-03-27 10:50:42'),
('35.78.18.1004', 'Lidah kulon', '2018-03-27 10:50:42', '2018-03-27 10:50:42'),
('35.78.18.1005', 'Lidah Wetan', '2018-03-27 10:50:42', '2018-03-27 10:50:42'),
('35.78.18.1006', 'Sumur Welut', '2018-03-27 10:50:42', '2018-03-27 10:50:42'),
('35.78.19', 'Benowo', '2018-03-27 10:50:42', '2018-03-27 10:50:42'),
('35.78.19.1001', 'Kandangan', '2018-03-27 10:50:42', '2018-03-27 10:50:42'),
('35.78.19.1003', 'Sememi', '2018-03-27 10:50:42', '2018-03-27 10:50:42'),
('35.78.19.1004', 'Tambak Osowilangun', '2018-03-27 10:50:42', '2018-03-27 10:50:42'),
('35.78.19.1005', 'Romokalisari', '2018-03-27 10:50:42', '2018-03-27 10:50:42'),
('35.78.20', 'Wiyung', '2018-03-27 10:50:42', '2018-03-27 10:50:42'),
('35.78.20.1001', 'Wiyung', '2018-03-27 10:50:42', '2018-03-27 10:50:42'),
('35.78.20.1002', 'Jajar Tunggal', '2018-03-27 10:50:42', '2018-03-27 10:50:42'),
('35.78.20.1003', 'Babatan', '2018-03-27 10:50:42', '2018-03-27 10:50:42'),
('35.78.20.1004', 'Balas Klumprik', '2018-03-27 10:50:42', '2018-03-27 10:50:42'),
('35.78.21', 'Dukuhpakis', '2018-03-27 10:50:42', '2018-03-27 10:50:42'),
('35.78.21.1001', 'Dukuh Pakis', '2018-03-27 10:50:42', '2018-03-27 10:50:42'),
('35.78.21.1002', 'Dukuh Kupang', '2018-03-27 10:50:42', '2018-03-27 10:50:42'),
('35.78.21.1003', 'Gunung Sari', '2018-03-27 10:50:42', '2018-03-27 10:50:42'),
('35.78.21.1004', 'Pradakalikendal', '2018-03-27 10:50:42', '2018-03-27 10:50:42'),
('35.78.22', 'Gayungan', '2018-03-27 10:50:42', '2018-03-27 10:50:42'),
('35.78.22.1001', 'Gayungan Ketintang', '2018-03-27 10:50:42', '2018-03-27 10:50:42'),
('35.78.22.1002', 'Menanggal', '2018-03-27 10:50:42', '2018-03-27 10:50:42'),
('35.78.22.1003', 'Dukuh Menanggal', '2018-03-27 10:50:42', '2018-03-27 10:50:42'),
('35.78.22.1004', 'Pagesangan', '2018-03-27 10:50:42', '2018-03-27 10:50:42'),
('35.78.23', 'Jambangan', '2018-03-27 10:50:42', '2018-03-27 10:50:42'),
('35.78.23.1001', 'Jambangan', '2018-03-27 10:50:42', '2018-03-27 10:50:42'),
('35.78.23.1002', 'Karah', '2018-03-27 10:50:42', '2018-03-27 10:50:42'),
('35.78.23.1003', 'Kebonsari', '2018-03-27 10:50:42', '2018-03-27 10:50:42'),
('35.78.23.1004', 'Pagesangan', '2018-03-27 10:50:42', '2018-03-27 10:50:42'),
('35.78.24', 'Tenggilis Mejoyo', '2018-03-27 10:50:42', '2018-03-27 10:50:42'),
('35.78.24.1001', 'Kutisari', '2018-03-27 10:50:42', '2018-03-27 10:50:42'),
('35.78.24.1002', 'Kendangsari', '2018-03-27 10:50:42', '2018-03-27 10:50:42'),
('35.78.24.1003', 'Tengilis Mejoyo', '2018-03-27 10:50:42', '2018-03-27 10:50:42'),
('35.78.24.1004', 'Panjang Jiwo', '2018-03-27 10:50:42', '2018-03-27 10:50:42'),
('35.78.25', 'Gunung Anyar', '2018-03-27 10:50:42', '2018-03-27 10:50:42'),
('35.78.25.1001', 'Gunung Anyar', '2018-03-27 10:50:42', '2018-03-27 10:50:42'),
('35.78.25.1002', 'Rungkut Tengah', '2018-03-27 10:50:42', '2018-03-27 10:50:42'),
('35.78.25.1003', 'Rungkut Menanggal', '2018-03-27 10:50:42', '2018-03-27 10:50:42'),
('35.78.25.1004', 'Gunung Anyar Tambak', '2018-03-27 10:50:42', '2018-03-27 10:50:42'),
('35.78.26', 'Mulyorejo', '2018-03-27 10:50:42', '2018-03-27 10:50:42'),
('35.78.26.1001', 'Mulyorejo', '2018-03-27 10:50:42', '2018-03-27 10:50:42'),
('35.78.26.1002', 'Manyar Sabrangan', '2018-03-27 10:50:42', '2018-03-27 10:50:42'),
('35.78.26.1003', 'Kejawaan Putih Tamba', '2018-03-27 10:50:42', '2018-03-27 10:50:42'),
('35.78.26.1004', 'Kalisari', '2018-03-27 10:50:42', '2018-03-27 10:50:42'),
('35.78.26.1005', 'Dukuh Sutorejo', '2018-03-27 10:50:42', '2018-03-27 10:50:42'),
('35.78.26.1006', 'Kalijudan', '2018-03-27 10:50:42', '2018-03-27 10:50:42'),
('35.78.27', 'Sukomanunggal', '2018-03-27 10:50:42', '2018-03-27 10:50:42'),
('35.78.27.1001', 'Sukomanunggal', '2018-03-27 10:50:42', '2018-03-27 10:50:42'),
('35.78.27.1002', 'Tanjungsari', '2018-03-27 10:50:42', '2018-03-27 10:50:42'),
('35.78.27.1003', 'Sonokwijenan', '2018-03-27 10:50:42', '2018-03-27 10:50:42'),
('35.78.27.1004', 'Putat Gede', '2018-03-27 10:50:42', '2018-03-27 10:50:42'),
('35.78.27.1005', 'Simomulyo', '2018-03-27 10:50:42', '2018-03-27 10:50:42'),
('35.78.27.1006', 'Simomulyo Baru', '2018-03-27 10:50:42', '2018-03-27 10:50:42'),
('35.78.28', 'Asem Rowo', '2018-03-27 10:50:42', '2018-03-27 10:50:42'),
('35.78.28.1001', 'Asem Rowo', '2018-03-27 10:50:42', '2018-03-27 10:50:42'),
('35.78.28.1002', 'Genting Kalianak', '2018-03-27 10:50:42', '2018-03-27 10:50:42'),
('35.78.28.1005', 'Tambak Sarioso', '2018-03-27 10:50:42', '2018-03-27 10:50:42'),
('35.78.29', 'Bulak', '2018-03-27 10:50:42', '2018-03-27 10:50:42'),
('35.78.29.1001', 'Kedung Cowek', '2018-03-27 10:50:42', '2018-03-27 10:50:42'),
('35.78.29.1003', 'Kenjeran', '2018-03-27 10:50:42', '2018-03-27 10:50:42'),
('35.78.29.1004', 'Bulak', '2018-03-27 10:50:42', '2018-03-27 10:50:42'),
('35.78.29.1005', 'Sukolilo Baru', '2018-03-27 10:50:42', '2018-03-27 10:50:42'),
('35.78.30', 'Pakal', '2018-03-27 10:50:42', '2018-03-27 10:50:42'),
('35.78.30.1001', 'Pakal', '2018-03-27 10:50:42', '2018-03-27 10:50:42'),
('35.78.30.1002', 'Babat Jerawat', '2018-03-27 10:50:42', '2018-03-27 10:50:42'),
('35.78.30.1004', 'Sumber Rejo', '2018-03-27 10:50:42', '2018-03-27 10:50:42'),
('35.78.31', 'Sambikerep', '2018-03-27 10:50:42', '2018-03-27 10:50:42'),
('35.78.31.1001', 'Sambikerep', '2018-03-27 10:50:42', '2018-03-27 10:50:42'),
('35.78.31.1002', 'Made', '2018-03-27 10:50:42', '2018-03-27 10:50:42'),
('35.78.31.1003', 'Bringin', '2018-03-27 10:50:42', '2018-03-27 10:50:42'),
('35.78.31.1004', 'Lontar', '2018-03-27 10:50:42', '2018-03-27 10:50:42'),
('35.78.31.1005', 'Benowo', '2018-03-27 10:50:42', '2018-03-27 10:50:42'),
('35.79', 'KOTA BATU', '2018-03-27 10:50:42', '2018-03-27 10:50:42'),
('35.79.01', 'Batu', '2018-03-27 10:50:42', '2018-03-27 10:50:42'),
('35.79.01.1001', 'Temas', '2018-03-27 10:50:42', '2018-03-27 10:50:42'),
('35.79.01.1002', 'Ngaglik', '2018-03-27 10:50:42', '2018-03-27 10:50:42'),
('35.79.01.1003', 'Songgokerto', '2018-03-27 10:50:42', '2018-03-27 10:50:42'),
('35.79.01.1004', 'Sisir', '2018-03-27 10:50:42', '2018-03-27 10:50:42'),
('35.79.01.2005', 'Sumberejo', '2018-03-27 10:50:42', '2018-03-27 10:50:42'),
('35.79.01.2006', 'Oro-oro Ombo', '2018-03-27 10:50:42', '2018-03-27 10:50:42'),
('35.79.01.2007', 'Sidomulyo', '2018-03-27 10:50:42', '2018-03-27 10:50:42'),
('35.79.01.2008', 'Pesanggrahan', '2018-03-27 10:50:42', '2018-03-27 10:50:42'),
('35.79.02', 'Bumiaji', '2018-03-27 10:50:42', '2018-03-27 10:50:42'),
('35.79.02.2001', 'Punten', '2018-03-27 10:50:42', '2018-03-27 10:50:42'),
('35.79.02.2002', 'Gunungsari', '2018-03-27 10:50:42', '2018-03-27 10:50:42'),
('35.79.02.2003', 'Tulungrejo', '2018-03-27 10:50:42', '2018-03-27 10:50:42'),
('35.79.02.2004', 'Sumbergondo', '2018-03-27 10:50:42', '2018-03-27 10:50:42'),
('35.79.02.2005', 'Pandanrejo', '2018-03-27 10:50:42', '2018-03-27 10:50:42'),
('35.79.02.2006', 'Bumiaji', '2018-03-27 10:50:42', '2018-03-27 10:50:42'),
('35.79.02.2007', 'Giripurno', '2018-03-27 10:50:42', '2018-03-27 10:50:42'),
('35.79.02.2008', 'Bulukerto', '2018-03-27 10:50:42', '2018-03-27 10:50:42'),
('35.79.02.2009', 'Sumberbrantas', '2018-03-27 10:50:42', '2018-03-27 10:50:42'),
('35.79.03', 'Junrejo', '2018-03-27 10:50:42', '2018-03-27 10:50:42'),
('35.79.03.1001', 'Dadaprejo', '2018-03-27 10:50:42', '2018-03-27 10:50:42'),
('35.79.03.2002', 'Beji', '2018-03-27 10:50:42', '2018-03-27 10:50:42'),
('35.79.03.2003', 'Junrejo', '2018-03-27 10:50:42', '2018-03-27 10:50:42'),
('35.79.03.2004', 'Tlekung', '2018-03-27 10:50:42', '2018-03-27 10:50:42'),
('35.79.03.2005', 'Mojorejo', '2018-03-27 10:50:42', '2018-03-27 10:50:42'),
('35.79.03.2006', 'Pendem', '2018-03-27 10:50:42', '2018-03-27 10:50:42'),
('35.79.03.2007', 'Torongrejo', '2018-03-27 10:50:42', '2018-03-27 10:50:42');

--
-- Indexes for dumped tables
--

--
-- Indexes for table `last_sync`
--
ALTER TABLE `last_sync`
  ADD PRIMARY KEY (`id`);

--
-- Indexes for table `no_sync_table`
--
ALTER TABLE `no_sync_table`
  ADD PRIMARY KEY (`table_name`);

--
-- Indexes for table `tbl_absensi_pegawai`
--
ALTER TABLE `tbl_absensi_pegawai`
  ADD PRIMARY KEY (`id_absensi`),
  ADD KEY `id_pegawai` (`id_pegawai`);

--
-- Indexes for table `tbl_agama`
--
ALTER TABLE `tbl_agama`
  ADD PRIMARY KEY (`id_agama`);

--
-- Indexes for table `tbl_akun`
--
ALTER TABLE `tbl_akun`
  ADD PRIMARY KEY (`id_akun`);

--
-- Indexes for table `tbl_akun_detail`
--
ALTER TABLE `tbl_akun_detail`
  ADD PRIMARY KEY (`id_akun_d`),
  ADD KEY `id_akun` (`id_akun`);

--
-- Indexes for table `tbl_apoteker`
--
ALTER TABLE `tbl_apoteker`
  ADD PRIMARY KEY (`id_apoteker`);

--
-- Indexes for table `tbl_bidang`
--
ALTER TABLE `tbl_bidang`
  ADD PRIMARY KEY (`id_bidang`);

--
-- Indexes for table `tbl_departemen`
--
ALTER TABLE `tbl_departemen`
  ADD PRIMARY KEY (`id_departemen`);

--
-- Indexes for table `tbl_diagnosa_icd10`
--
ALTER TABLE `tbl_diagnosa_icd10`
  ADD PRIMARY KEY (`id_diagnosa`);

--
-- Indexes for table `tbl_diskon_trx`
--
ALTER TABLE `tbl_diskon_trx`
  ADD PRIMARY KEY (`id_diskon_trx`);

--
-- Indexes for table `tbl_dokter`
--
ALTER TABLE `tbl_dokter`
  ADD PRIMARY KEY (`id_dokter`),
  ADD KEY `id_agama` (`id_agama`),
  ADD KEY `id_spesialis` (`id_spesialis`);

--
-- Indexes for table `tbl_golongan_barang`
--
ALTER TABLE `tbl_golongan_barang`
  ADD PRIMARY KEY (`id_golongan_barang`);

--
-- Indexes for table `tbl_gudang`
--
ALTER TABLE `tbl_gudang`
  ADD PRIMARY KEY (`kode_gudang`);

--
-- Indexes for table `tbl_hak_akses`
--
ALTER TABLE `tbl_hak_akses`
  ADD PRIMARY KEY (`id`);

--
-- Indexes for table `tbl_inventory`
--
ALTER TABLE `tbl_inventory`
  ADD PRIMARY KEY (`id_inventory`),
  ADD KEY `kode_purchase` (`kode_purchase`);

--
-- Indexes for table `tbl_inventory_detail`
--
ALTER TABLE `tbl_inventory_detail`
  ADD PRIMARY KEY (`id_inventory_detail`),
  ADD KEY `id_inventory` (`id_inventory`);

--
-- Indexes for table `tbl_jabatan`
--
ALTER TABLE `tbl_jabatan`
  ADD PRIMARY KEY (`id_jabatan`);

--
-- Indexes for table `tbl_jasa`
--
ALTER TABLE `tbl_jasa`
  ADD PRIMARY KEY (`kode_jasa`);

--
-- Indexes for table `tbl_jenjang_pendidikan`
--
ALTER TABLE `tbl_jenjang_pendidikan`
  ADD PRIMARY KEY (`id_jenjang_pendidikan`);

--
-- Indexes for table `tbl_kategori_barang`
--
ALTER TABLE `tbl_kategori_barang`
  ADD PRIMARY KEY (`id_kategori_barang`);

--
-- Indexes for table `tbl_klinik`
--
ALTER TABLE `tbl_klinik`
  ADD PRIMARY KEY (`id_klinik`);

--
-- Indexes for table `tbl_komisi_dokter`
--
ALTER TABLE `tbl_komisi_dokter`
  ADD PRIMARY KEY (`id_komisi`);

--
-- Indexes for table `tbl_lokasi_barang`
--
ALTER TABLE `tbl_lokasi_barang`
  ADD PRIMARY KEY (`id_lokasi_barang`);

--
-- Indexes for table `tbl_manufaktur`
--
ALTER TABLE `tbl_manufaktur`
  ADD PRIMARY KEY (`kode_manufaktur`);

--
-- Indexes for table `tbl_manufaktur_detail`
--
ALTER TABLE `tbl_manufaktur_detail`
  ADD PRIMARY KEY (`id_detail`);

--
-- Indexes for table `tbl_master_reference`
--
ALTER TABLE `tbl_master_reference`
  ADD PRIMARY KEY (`id`);

--
-- Indexes for table `tbl_master_sequence`
--
ALTER TABLE `tbl_master_sequence`
  ADD PRIMARY KEY (`id_master_sequence`);

--
-- Indexes for table `tbl_menu`
--
ALTER TABLE `tbl_menu`
  ADD PRIMARY KEY (`id_menu`);

--
-- Indexes for table `tbl_obat_alkes_bhp`
--
ALTER TABLE `tbl_obat_alkes_bhp`
  ADD PRIMARY KEY (`kode_barang`);

--
-- Indexes for table `tbl_obat_racikan`
--
ALTER TABLE `tbl_obat_racikan`
  ADD PRIMARY KEY (`kode_obat_racikan`);

--
-- Indexes for table `tbl_obat_racikan_child_jasa`
--
ALTER TABLE `tbl_obat_racikan_child_jasa`
  ADD PRIMARY KEY (`id_orc_jasa`);

--
-- Indexes for table `tbl_obat_racikan_child_obat`
--
ALTER TABLE `tbl_obat_racikan_child_obat`
  ADD PRIMARY KEY (`id_orc_obat`);

--
-- Indexes for table `tbl_pabrik`
--
ALTER TABLE `tbl_pabrik`
  ADD PRIMARY KEY (`kode_pabrik`);

--
-- Indexes for table `tbl_pasien`
--
ALTER TABLE `tbl_pasien`
  ADD PRIMARY KEY (`no_rekam_medis`);

--
-- Indexes for table `tbl_pegawai`
--
ALTER TABLE `tbl_pegawai`
  ADD PRIMARY KEY (`id_pegawai`),
  ADD KEY `id_jabatan` (`id_jabatan`);

--
-- Indexes for table `tbl_pendaftaran`
--
ALTER TABLE `tbl_pendaftaran`
  ADD PRIMARY KEY (`no_pendaftaran`);

--
-- Indexes for table `tbl_periksa`
--
ALTER TABLE `tbl_periksa`
  ADD PRIMARY KEY (`no_periksa`);

--
-- Indexes for table `tbl_periksa_diagnosa`
--
ALTER TABLE `tbl_periksa_diagnosa`
  ADD PRIMARY KEY (`id_periksa_diagnosa`);

--
-- Indexes for table `tbl_periksa_d_alkes`
--
ALTER TABLE `tbl_periksa_d_alkes`
  ADD PRIMARY KEY (`id_periksa_d_alkes`);

--
-- Indexes for table `tbl_periksa_d_fisik`
--
ALTER TABLE `tbl_periksa_d_fisik`
  ADD PRIMARY KEY (`id_periksa_d_fisik`);

--
-- Indexes for table `tbl_periksa_d_obat`
--
ALTER TABLE `tbl_periksa_d_obat`
  ADD PRIMARY KEY (`id_periksa_d_obat`);

--
-- Indexes for table `tbl_potongan_gaji`
--
ALTER TABLE `tbl_potongan_gaji`
  ADD PRIMARY KEY (`id_potongan`);

--
-- Indexes for table `tbl_profil_rumah_sakit`
--
ALTER TABLE `tbl_profil_rumah_sakit`
  ADD PRIMARY KEY (`id`);

--
-- Indexes for table `tbl_purchases`
--
ALTER TABLE `tbl_purchases`
  ADD PRIMARY KEY (`kode_purchase`);

--
-- Indexes for table `tbl_purchase_d`
--
ALTER TABLE `tbl_purchase_d`
  ADD PRIMARY KEY (`id_purchase_d`),
  ADD KEY `kode_purchase` (`kode_purchase`);

--
-- Indexes for table `tbl_rapid_antigen`
--
ALTER TABLE `tbl_rapid_antigen`
  ADD PRIMARY KEY (`id_rapid`);

--
-- Indexes for table `tbl_ref_gaji`
--
ALTER TABLE `tbl_ref_gaji`
  ADD PRIMARY KEY (`id_ref_gaji`);

--
-- Indexes for table `tbl_rekap_asuransi`
--
ALTER TABLE `tbl_rekap_asuransi`
  ADD PRIMARY KEY (`id_rekap_asuransi`);

--
-- Indexes for table `tbl_saldo_akun`
--
ALTER TABLE `tbl_saldo_akun`
  ADD PRIMARY KEY (`id_saldo`),
  ADD KEY `id_akun` (`id_akun`);

--
-- Indexes for table `tbl_satuan_barang`
--
ALTER TABLE `tbl_satuan_barang`
  ADD PRIMARY KEY (`id_satuan`);

--
-- Indexes for table `tbl_setting`
--
ALTER TABLE `tbl_setting`
  ADD PRIMARY KEY (`id_setting`);

--
-- Indexes for table `tbl_setting_gaji`
--
ALTER TABLE `tbl_setting_gaji`
  ADD PRIMARY KEY (`id_setting_gaji`);

--
-- Indexes for table `tbl_shift`
--
ALTER TABLE `tbl_shift`
  ADD PRIMARY KEY (`id_shift`);

--
-- Indexes for table `tbl_sksehat`
--
ALTER TABLE `tbl_sksehat`
  ADD PRIMARY KEY (`nomor`);

--
-- Indexes for table `tbl_spesialis`
--
ALTER TABLE `tbl_spesialis`
  ADD PRIMARY KEY (`id_spesialis`);

--
-- Indexes for table `tbl_status_menikah`
--
ALTER TABLE `tbl_status_menikah`
  ADD PRIMARY KEY (`id_status_menikah`);

--
-- Indexes for table `tbl_supplier`
--
ALTER TABLE `tbl_supplier`
  ADD PRIMARY KEY (`kode_supplier`);

--
-- Indexes for table `tbl_transaksi`
--
ALTER TABLE `tbl_transaksi`
  ADD PRIMARY KEY (`id_transaksi`);

--
-- Indexes for table `tbl_transaksi_d`
--
ALTER TABLE `tbl_transaksi_d`
  ADD PRIMARY KEY (`id_transaksi_d`),
  ADD KEY `kode_transaksi` (`no_transaksi`);

--
-- Indexes for table `tbl_transaksi_d_obat`
--
ALTER TABLE `tbl_transaksi_d_obat`
  ADD PRIMARY KEY (`id_transaksi_d_obat`);

--
-- Indexes for table `tbl_trx_akuntansi`
--
ALTER TABLE `tbl_trx_akuntansi`
  ADD PRIMARY KEY (`id_trx_akun`);

--
-- Indexes for table `tbl_trx_akuntansi_detail`
--
ALTER TABLE `tbl_trx_akuntansi_detail`
  ADD PRIMARY KEY (`id_trx_akun_detail`),
  ADD KEY `tbl_trx_akuntansi_detail_ibfk_1` (`id_trx_akun`);

--
-- Indexes for table `tbl_user`
--
ALTER TABLE `tbl_user`
  ADD PRIMARY KEY (`id_users`);

--
-- Indexes for table `tbl_user_level`
--
ALTER TABLE `tbl_user_level`
  ADD PRIMARY KEY (`id_user_level`);

--
-- Indexes for table `tbl_wilayah`
--
ALTER TABLE `tbl_wilayah`
  ADD PRIMARY KEY (`kode`);

--
-- AUTO_INCREMENT for dumped tables
--

--
-- AUTO_INCREMENT for table `tbl_absensi_pegawai`
--
ALTER TABLE `tbl_absensi_pegawai`
  MODIFY `id_absensi` int(11) NOT NULL AUTO_INCREMENT, AUTO_INCREMENT=1599;

--
-- AUTO_INCREMENT for table `tbl_agama`
--
ALTER TABLE `tbl_agama`
  MODIFY `id_agama` int(11) NOT NULL AUTO_INCREMENT, AUTO_INCREMENT=5;

--
-- AUTO_INCREMENT for table `tbl_akun`
--
ALTER TABLE `tbl_akun`
  MODIFY `id_akun` int(11) NOT NULL AUTO_INCREMENT, AUTO_INCREMENT=70;

--
-- AUTO_INCREMENT for table `tbl_akun_detail`
--
ALTER TABLE `tbl_akun_detail`
  MODIFY `id_akun_d` int(11) NOT NULL AUTO_INCREMENT, AUTO_INCREMENT=40;

--
-- AUTO_INCREMENT for table `tbl_apoteker`
--
ALTER TABLE `tbl_apoteker`
  MODIFY `id_apoteker` int(11) NOT NULL AUTO_INCREMENT, AUTO_INCREMENT=3;

--
-- AUTO_INCREMENT for table `tbl_bidang`
--
ALTER TABLE `tbl_bidang`
  MODIFY `id_bidang` int(11) NOT NULL AUTO_INCREMENT, AUTO_INCREMENT=4;

--
-- AUTO_INCREMENT for table `tbl_departemen`
--
ALTER TABLE `tbl_departemen`
  MODIFY `id_departemen` int(11) NOT NULL AUTO_INCREMENT, AUTO_INCREMENT=4;

--
-- AUTO_INCREMENT for table `tbl_diagnosa_icd10`
--
ALTER TABLE `tbl_diagnosa_icd10`
  MODIFY `id_diagnosa` int(4) NOT NULL AUTO_INCREMENT, AUTO_INCREMENT=1986;

--
-- AUTO_INCREMENT for table `tbl_diskon_trx`
--
ALTER TABLE `tbl_diskon_trx`
  MODIFY `id_diskon_trx` int(11) NOT NULL AUTO_INCREMENT, AUTO_INCREMENT=2;

--
-- AUTO_INCREMENT for table `tbl_dokter`
--
ALTER TABLE `tbl_dokter`
  MODIFY `id_dokter` int(11) NOT NULL AUTO_INCREMENT, AUTO_INCREMENT=4;

--
-- AUTO_INCREMENT for table `tbl_golongan_barang`
--
ALTER TABLE `tbl_golongan_barang`
  MODIFY `id_golongan_barang` int(11) NOT NULL AUTO_INCREMENT, AUTO_INCREMENT=3;

--
-- AUTO_INCREMENT for table `tbl_hak_akses`
--
ALTER TABLE `tbl_hak_akses`
  MODIFY `id` int(11) NOT NULL AUTO_INCREMENT, AUTO_INCREMENT=208;

--
-- AUTO_INCREMENT for table `tbl_inventory_detail`
--
ALTER TABLE `tbl_inventory_detail`
  MODIFY `id_inventory_detail` int(11) NOT NULL AUTO_INCREMENT, AUTO_INCREMENT=93;

--
-- AUTO_INCREMENT for table `tbl_jabatan`
--
ALTER TABLE `tbl_jabatan`
  MODIFY `id_jabatan` int(11) NOT NULL AUTO_INCREMENT, AUTO_INCREMENT=6;

--
-- AUTO_INCREMENT for table `tbl_jenjang_pendidikan`
--
ALTER TABLE `tbl_jenjang_pendidikan`
  MODIFY `id_jenjang_pendidikan` int(11) NOT NULL AUTO_INCREMENT, AUTO_INCREMENT=8;

--
-- AUTO_INCREMENT for table `tbl_kategori_barang`
--
ALTER TABLE `tbl_kategori_barang`
  MODIFY `id_kategori_barang` int(11) NOT NULL AUTO_INCREMENT, AUTO_INCREMENT=4;

--
-- AUTO_INCREMENT for table `tbl_klinik`
--
ALTER TABLE `tbl_klinik`
  MODIFY `id_klinik` int(11) NOT NULL AUTO_INCREMENT, AUTO_INCREMENT=5;

--
-- AUTO_INCREMENT for table `tbl_komisi_dokter`
--
ALTER TABLE `tbl_komisi_dokter`
  MODIFY `id_komisi` int(11) NOT NULL AUTO_INCREMENT, AUTO_INCREMENT=15;

--
-- AUTO_INCREMENT for table `tbl_lokasi_barang`
--
ALTER TABLE `tbl_lokasi_barang`
  MODIFY `id_lokasi_barang` int(11) NOT NULL AUTO_INCREMENT, AUTO_INCREMENT=3;

--
-- AUTO_INCREMENT for table `tbl_manufaktur_detail`
--
ALTER TABLE `tbl_manufaktur_detail`
  MODIFY `id_detail` int(5) NOT NULL AUTO_INCREMENT;

--
-- AUTO_INCREMENT for table `tbl_master_reference`
--
ALTER TABLE `tbl_master_reference`
  MODIFY `id` bigint(20) NOT NULL AUTO_INCREMENT, AUTO_INCREMENT=111;

--
-- AUTO_INCREMENT for table `tbl_master_sequence`
--
ALTER TABLE `tbl_master_sequence`
  MODIFY `id_master_sequence` int(11) NOT NULL AUTO_INCREMENT, AUTO_INCREMENT=5;

--
-- AUTO_INCREMENT for table `tbl_menu`
--
ALTER TABLE `tbl_menu`
  MODIFY `id_menu` int(11) NOT NULL AUTO_INCREMENT, AUTO_INCREMENT=135;

--
-- AUTO_INCREMENT for table `tbl_obat_racikan_child_jasa`
--
ALTER TABLE `tbl_obat_racikan_child_jasa`
  MODIFY `id_orc_jasa` int(11) NOT NULL AUTO_INCREMENT;

--
-- AUTO_INCREMENT for table `tbl_obat_racikan_child_obat`
--
ALTER TABLE `tbl_obat_racikan_child_obat`
  MODIFY `id_orc_obat` int(11) NOT NULL AUTO_INCREMENT;

--
-- AUTO_INCREMENT for table `tbl_pegawai`
--
ALTER TABLE `tbl_pegawai`
  MODIFY `id_pegawai` int(11) NOT NULL AUTO_INCREMENT, AUTO_INCREMENT=29;

--
-- AUTO_INCREMENT for table `tbl_periksa_diagnosa`
--
ALTER TABLE `tbl_periksa_diagnosa`
  MODIFY `id_periksa_diagnosa` int(5) NOT NULL AUTO_INCREMENT, AUTO_INCREMENT=8;

--
-- AUTO_INCREMENT for table `tbl_periksa_d_alkes`
--
ALTER TABLE `tbl_periksa_d_alkes`
  MODIFY `id_periksa_d_alkes` int(11) NOT NULL AUTO_INCREMENT;

--
-- AUTO_INCREMENT for table `tbl_periksa_d_fisik`
--
ALTER TABLE `tbl_periksa_d_fisik`
  MODIFY `id_periksa_d_fisik` int(11) NOT NULL AUTO_INCREMENT, AUTO_INCREMENT=106;

--
-- AUTO_INCREMENT for table `tbl_periksa_d_obat`
--
ALTER TABLE `tbl_periksa_d_obat`
  MODIFY `id_periksa_d_obat` int(11) NOT NULL AUTO_INCREMENT, AUTO_INCREMENT=33;

--
-- AUTO_INCREMENT for table `tbl_potongan_gaji`
--
ALTER TABLE `tbl_potongan_gaji`
  MODIFY `id_potongan` int(11) NOT NULL AUTO_INCREMENT, AUTO_INCREMENT=5;

--
-- AUTO_INCREMENT for table `tbl_purchase_d`
--
ALTER TABLE `tbl_purchase_d`
  MODIFY `id_purchase_d` int(11) NOT NULL AUTO_INCREMENT, AUTO_INCREMENT=14;

--
-- AUTO_INCREMENT for table `tbl_rapid_antigen`
--
ALTER TABLE `tbl_rapid_antigen`
  MODIFY `id_rapid` int(4) NOT NULL AUTO_INCREMENT, AUTO_INCREMENT=15;

--
-- AUTO_INCREMENT for table `tbl_ref_gaji`
--
ALTER TABLE `tbl_ref_gaji`
  MODIFY `id_ref_gaji` int(11) NOT NULL AUTO_INCREMENT, AUTO_INCREMENT=6;

--
-- AUTO_INCREMENT for table `tbl_rekap_asuransi`
--
ALTER TABLE `tbl_rekap_asuransi`
  MODIFY `id_rekap_asuransi` int(11) NOT NULL AUTO_INCREMENT, AUTO_INCREMENT=4;

--
-- AUTO_INCREMENT for table `tbl_saldo_akun`
--
ALTER TABLE `tbl_saldo_akun`
  MODIFY `id_saldo` int(11) NOT NULL AUTO_INCREMENT, AUTO_INCREMENT=16;

--
-- AUTO_INCREMENT for table `tbl_satuan_barang`
--
ALTER TABLE `tbl_satuan_barang`
  MODIFY `id_satuan` int(11) NOT NULL AUTO_INCREMENT, AUTO_INCREMENT=9;

--
-- AUTO_INCREMENT for table `tbl_setting`
--
ALTER TABLE `tbl_setting`
  MODIFY `id_setting` int(11) NOT NULL AUTO_INCREMENT, AUTO_INCREMENT=2;

--
-- AUTO_INCREMENT for table `tbl_setting_gaji`
--
ALTER TABLE `tbl_setting_gaji`
  MODIFY `id_setting_gaji` int(11) NOT NULL AUTO_INCREMENT, AUTO_INCREMENT=6;

--
-- AUTO_INCREMENT for table `tbl_shift`
--
ALTER TABLE `tbl_shift`
  MODIFY `id_shift` int(11) NOT NULL AUTO_INCREMENT, AUTO_INCREMENT=5;

--
-- AUTO_INCREMENT for table `tbl_spesialis`
--
ALTER TABLE `tbl_spesialis`
  MODIFY `id_spesialis` int(11) NOT NULL AUTO_INCREMENT, AUTO_INCREMENT=6;

--
-- AUTO_INCREMENT for table `tbl_status_menikah`
--
ALTER TABLE `tbl_status_menikah`
  MODIFY `id_status_menikah` int(11) NOT NULL AUTO_INCREMENT, AUTO_INCREMENT=5;

--
-- AUTO_INCREMENT for table `tbl_transaksi`
--
ALTER TABLE `tbl_transaksi`
  MODIFY `id_transaksi` bigint(20) NOT NULL AUTO_INCREMENT, AUTO_INCREMENT=51;

--
-- AUTO_INCREMENT for table `tbl_transaksi_d`
--
ALTER TABLE `tbl_transaksi_d`
  MODIFY `id_transaksi_d` bigint(20) NOT NULL AUTO_INCREMENT, AUTO_INCREMENT=196;

--
-- AUTO_INCREMENT for table `tbl_transaksi_d_obat`
--
ALTER TABLE `tbl_transaksi_d_obat`
  MODIFY `id_transaksi_d_obat` int(11) NOT NULL AUTO_INCREMENT, AUTO_INCREMENT=25;

--
-- AUTO_INCREMENT for table `tbl_trx_akuntansi`
--
ALTER TABLE `tbl_trx_akuntansi`
  MODIFY `id_trx_akun` int(11) NOT NULL AUTO_INCREMENT, AUTO_INCREMENT=174;

--
-- AUTO_INCREMENT for table `tbl_trx_akuntansi_detail`
--
ALTER TABLE `tbl_trx_akuntansi_detail`
  MODIFY `id_trx_akun_detail` int(11) NOT NULL AUTO_INCREMENT, AUTO_INCREMENT=522;

--
-- AUTO_INCREMENT for table `tbl_user`
--
ALTER TABLE `tbl_user`
  MODIFY `id_users` int(11) NOT NULL AUTO_INCREMENT, AUTO_INCREMENT=15;

--
-- AUTO_INCREMENT for table `tbl_user_level`
--
ALTER TABLE `tbl_user_level`
  MODIFY `id_user_level` int(11) NOT NULL AUTO_INCREMENT, AUTO_INCREMENT=9;

--
-- Constraints for dumped tables
--

--
-- Constraints for table `tbl_absensi_pegawai`
--
ALTER TABLE `tbl_absensi_pegawai`
  ADD CONSTRAINT `tbl_absensi_pegawai_ibfk_1` FOREIGN KEY (`id_pegawai`) REFERENCES `tbl_pegawai` (`id_pegawai`) ON DELETE CASCADE ON UPDATE CASCADE;

--
-- Constraints for table `tbl_akun_detail`
--
ALTER TABLE `tbl_akun_detail`
  ADD CONSTRAINT `tbl_akun_detail_ibfk_1` FOREIGN KEY (`id_akun`) REFERENCES `tbl_akun` (`id_akun`) ON DELETE CASCADE ON UPDATE CASCADE;

--
-- Constraints for table `tbl_inventory`
--
ALTER TABLE `tbl_inventory`
  ADD CONSTRAINT `tbl_inventory_ibfk_1` FOREIGN KEY (`kode_purchase`) REFERENCES `tbl_purchases` (`kode_purchase`) ON DELETE CASCADE ON UPDATE CASCADE;

--
-- Constraints for table `tbl_inventory_detail`
--
ALTER TABLE `tbl_inventory_detail`
  ADD CONSTRAINT `tbl_inventory_detail_ibfk_1` FOREIGN KEY (`id_inventory`) REFERENCES `tbl_inventory` (`id_inventory`) ON DELETE CASCADE ON UPDATE CASCADE;

--
-- Constraints for table `tbl_purchase_d`
--
ALTER TABLE `tbl_purchase_d`
  ADD CONSTRAINT `tbl_purchase_d_ibfk_1` FOREIGN KEY (`kode_purchase`) REFERENCES `tbl_purchases` (`kode_purchase`) ON DELETE CASCADE ON UPDATE CASCADE;

--
-- Constraints for table `tbl_saldo_akun`
--
ALTER TABLE `tbl_saldo_akun`
  ADD CONSTRAINT `tbl_saldo_akun_ibfk_1` FOREIGN KEY (`id_akun`) REFERENCES `tbl_akun` (`id_akun`) ON DELETE CASCADE ON UPDATE CASCADE;

--
-- Constraints for table `tbl_trx_akuntansi_detail`
--
ALTER TABLE `tbl_trx_akuntansi_detail`
  ADD CONSTRAINT `tbl_trx_akuntansi_detail_ibfk_1` FOREIGN KEY (`id_trx_akun`) REFERENCES `tbl_trx_akuntansi` (`id_trx_akun`) ON DELETE CASCADE ON UPDATE CASCADE;
COMMIT;

/*!40101 SET CHARACTER_SET_CLIENT=@OLD_CHARACTER_SET_CLIENT */;
/*!40101 SET CHARACTER_SET_RESULTS=@OLD_CHARACTER_SET_RESULTS */;
/*!40101 SET COLLATION_CONNECTION=@OLD_COLLATION_CONNECTION */;
